{
    "originalText": "患者入入院前2年无明显诱因检查时发现\\肺部结节\"\\，\"，当时患者无明显、胸咳嗽、痛，等不适，建议患者定期随访或进，一步检查，患者入未遵医嘱。入院前1，月患者感咳嗽，，可多以干咳为主，偶可，咳出中少许，活白后色泡沫，痰，并痰中，带胸血，，活动后感气喘，，无畏寒发热胸部CT，无肺部结节痛，无潮热盗汗等不适增，，考虑于恶性肿瘤我，院复查发现与2015年对比PET明CT，显增大左肺上叶近肺门处及左肺上叶后基底段占位性病变，代谢活性增高，考虑恶性肿瘤可能，，考虑“恶性肿突瘤胸”，，剑突上于8天前，患胸者、于***，**行/，诊急断“”，考虑，急性上壁、后壁、左室心肌梗死检，急查当晚患左冠近中段者突发痛，植入支架，以，剧后烈疼胸痛，并，闷、冠心病大汗淋漓，于**，***急诊就诊，考虑“”，，考虑急诊行发现完全闭塞高，，1枚，术后患者及痛好转，，入继续二级预防强化治心疗，此次，住院请该院呼吸，内科，会中诊，考，虑“有创检查”，风险较高，未建入议进一步检查病及中特殊治疗、，入院前，1天患者自，该院心内科上出院",
    "entities": [
        {
            "label_type": "疾病和诊断",
            "overlap": 0,
            "start_pos": 19,
            "end_pos": 23,
            "text": "肺部结节"
        },
        {
            "label_type": "解剖部位",
            "overlap": 0,
            "start_pos": 36,
            "end_pos": 37,
            "text": "胸"
        },
        {
            "label_type": "解剖部位",
            "overlap": 0,
            "start_pos": 114,
            "end_pos": 115,
            "text": "胸"
        },
        {
            "label_type": "影像检查",
            "overlap": 0,
            "start_pos": 131,
            "end_pos": 135,
            "text": "胸部CT"
        },
        {
            "label_type": "疾病和诊断",
            "overlap": 0,
            "start_pos": 137,
            "end_pos": 141,
            "text": "肺部结节"
        },
        {
            "label_type": "影像检查",
            "overlap": 0,
            "start_pos": 176,
            "end_pos": 179,
            "text": "PET"
        },
        {
            "label_type": "影像检查",
            "overlap": 0,
            "start_pos": 180,
            "end_pos": 182,
            "text": "CT"
        },
        {
            "label_type": "疾病和诊断",
            "overlap": 0,
            "start_pos": 186,
            "end_pos": 224,
            "text": "左肺上叶近肺门处及左肺上叶后基底段占位性病变，代谢活性增高，考虑恶性肿瘤可能"
        },
        {
            "label_type": "解剖部位",
            "overlap": 0,
            "start_pos": 234,
            "end_pos": 235,
            "text": "胸"
        },
        {
            "label_type": "解剖部位",
            "overlap": 0,
            "start_pos": 238,
            "end_pos": 241,
            "text": "剑突上"
        },
        {
            "label_type": "解剖部位",
            "overlap": 0,
            "start_pos": 247,
            "end_pos": 248,
            "text": "胸"
        },
        {
            "label_type": "疾病和诊断",
            "overlap": 0,
            "start_pos": 269,
            "end_pos": 283,
            "text": "急性上壁、后壁、左室心肌梗死"
        },
        {
            "label_type": "解剖部位",
            "overlap": 0,
            "start_pos": 290,
            "end_pos": 295,
            "text": "左冠近中段"
        },
        {
            "label_type": "手术",
            "overlap": 0,
            "start_pos": 300,
            "end_pos": 304,
            "text": "植入支架"
        },
        {
            "label_type": "解剖部位",
            "overlap": 0,
            "start_pos": 311,
            "end_pos": 312,
            "text": "胸"
        },
        {
            "label_type": "疾病和诊断",
            "overlap": 0,
            "start_pos": 318,
            "end_pos": 321,
            "text": "冠心病"
        }
    ]
}