{
    "originalText": "患者入院前2年无明显诱因检查时发现\\\"肺部结节\\\"，当时患者无明显咳嗽、胸痛等不适，建议患者定期随访或进一步检查，患者未遵医嘱。入院前1月患者感咳嗽，多以干咳为主，偶可咳出少许白色泡沫痰，并痰中带血，活动后感气喘，无畏寒发热，无胸痛，无潮热盗汗等不适，于我院复查胸部CT发现肺部结节与2015年对比明显增大，考虑“恶性肿瘤”，于8天前患者于*****行PET/CT，诊断“左肺上叶近肺门处及左肺上叶后基底段占位性病变，代谢活性增高，考虑恶性肿瘤可能”，检查当晚患者突发胸痛，以剑突上剧烈疼痛，并胸闷、大汗淋漓，于*****急诊就诊，考虑“急性上壁、后壁、左室心肌梗死”，急诊行发现左冠近中段完全闭塞，植入支架1枚，术后患者胸痛好转，继续冠心病二级预防强化治疗，此次住院请该院呼吸内科会诊，考虑“有创检查”风险较高，未建议进一步检查及特殊治疗，入院前1天患者自该院心内科出院，但患者仍觉咳嗽，咯痰，痰中无出血，今日到我院就诊，为进一步治疗收入我科住院。。病程中患者精神、饮食一般，大小便正常，体重无明显上降。",
    "entities": [
        {
            "label_type": "疾病和诊断",
            "overlap": 0,
            "start_pos": 19,
            "end_pos": 23,
            "text": "肺部结节"
        },
        {
            "label_type": "解剖部位",
            "overlap": 0,
            "start_pos": 36,
            "end_pos": 37,
            "text": "胸"
        },
        {
            "label_type": "解剖部位",
            "overlap": 0,
            "start_pos": 114,
            "end_pos": 115,
            "text": "胸"
        },
        {
            "label_type": "影像检查",
            "overlap": 0,
            "start_pos": 131,
            "end_pos": 135,
            "text": "胸部CT"
        },
        {
            "label_type": "疾病和诊断",
            "overlap": 0,
            "start_pos": 137,
            "end_pos": 141,
            "text": "肺部结节"
        },
        {
            "label_type": "影像检查",
            "overlap": 0,
            "start_pos": 176,
            "end_pos": 179,
            "text": "PET"
        },
        {
            "label_type": "影像检查",
            "overlap": 0,
            "start_pos": 180,
            "end_pos": 182,
            "text": "CT"
        },
        {
            "label_type": "疾病和诊断",
            "overlap": 0,
            "start_pos": 186,
            "end_pos": 224,
            "text": "左肺上叶近肺门处及左肺上叶后基底段占位性病变，代谢活性增高，考虑恶性肿瘤可能"
        },
        {
            "label_type": "解剖部位",
            "overlap": 0,
            "start_pos": 234,
            "end_pos": 235,
            "text": "胸"
        },
        {
            "label_type": "解剖部位",
            "overlap": 0,
            "start_pos": 238,
            "end_pos": 241,
            "text": "剑突上"
        },
        {
            "label_type": "解剖部位",
            "overlap": 0,
            "start_pos": 247,
            "end_pos": 248,
            "text": "胸"
        },
        {
            "label_type": "疾病和诊断",
            "overlap": 0,
            "start_pos": 269,
            "end_pos": 283,
            "text": "急性上壁、后壁、左室心肌梗死"
        },
        {
            "label_type": "解剖部位",
            "overlap": 0,
            "start_pos": 290,
            "end_pos": 295,
            "text": "左冠近中段"
        },
        {
            "label_type": "手术",
            "overlap": 0,
            "start_pos": 300,
            "end_pos": 304,
            "text": "植入支架"
        },
        {
            "label_type": "解剖部位",
            "overlap": 0,
            "start_pos": 311,
            "end_pos": 312,
            "text": "胸"
        },
        {
            "label_type": "疾病和诊断",
            "overlap": 0,
            "start_pos": 318,
            "end_pos": 321,
            "text": "冠心病"
        }
    ]
}