{
    "originalText": "，，患者3月前因直肠癌“”于在我院于全麻上直肠癌根治术（DIXON术），行术，手术利，术后过程顺利，术后近期抗治感，染及营养支，持治疗，患者恢，术后复好，切直肠腺癌（中低度分化），浸润溃疡型，口愈合良好。，术后，病理示：，面积3.5*2CM，、侵达外膜。双端切线另送“近端”癌、肠壁一站（10个）、中间组（8个）淋巴结“远端癌”，及环组化周底部切除面未查1见癌（。）、未查见癌分。（，）、免疫N（组）、化染色（示）：术后ER化CC1后弥漫（+）化、，，TS少部奥沙利铂1分0弱（+D1，亚叶酸钙0）、SY替加氟1N0（-D）、DC，GA（-）。术后、查肝、无化、疗禁忌后治给，予3周期化疗，，方案间为：一150M，G D，1腹，腹0.3G，+1.0G D2-化D6，同时给与，升白细胞直肠癌术后、护、止吐、免疫增强治疗，患者，副反应，轻。院外，期间患者，一般情况好，无恶化心",
    "entities": [
        {
            "label_type": "疾病和诊断",
            "overlap": 0,
            "start_pos": 8,
            "end_pos": 11,
            "text": "直肠癌"
        },
        {
            "label_type": "手术",
            "overlap": 0,
            "start_pos": 21,
            "end_pos": 35,
            "text": "直肠癌根治术（DIXON术）"
        },
        {
            "label_type": "疾病和诊断",
            "overlap": 0,
            "start_pos": 78,
            "end_pos": 95,
            "text": "直肠腺癌（中低度分化），浸润溃疡型"
        },
        {
            "label_type": "解剖部位",
            "overlap": 0,
            "start_pos": 139,
            "end_pos": 159,
            "text": "肠壁一站（10个）、中间组（8个）淋巴结"
        },
        {
            "end_pos": 234,
            "label_type": "药物",
            "overlap": 0,
            "start_pos": 230,
            "text": "奥沙利铂"
        },
        {
            "end_pos": 247,
            "label_type": "药物",
            "overlap": 0,
            "start_pos": 243,
            "text": "亚叶酸钙"
        },
        {
            "end_pos": 255,
            "label_type": "药物",
            "overlap": 0,
            "start_pos": 252,
            "text": "替加氟"
        },
        {
            "label_type": "解剖部位",
            "overlap": 0,
            "start_pos": 276,
            "end_pos": 277,
            "text": "肝"
        },
        {
            "label_type": "解剖部位",
            "overlap": 0,
            "start_pos": 312,
            "end_pos": 313,
            "text": "腹"
        },
        {
            "label_type": "解剖部位",
            "overlap": 0,
            "start_pos": 314,
            "end_pos": 315,
            "text": "腹"
        },
        {
            "label_type": "疾病和诊断",
            "overlap": 0,
            "start_pos": 342,
            "end_pos": 347,
            "text": "直肠癌术后"
        }
    ]
}