{
    "originalText": "，患者于2011年9月29日在我院因“子宫内膜癌II期”在全麻上行“广泛全子宫切除+两侧附件切除+盆腔淋巴结清扫+腹主动脉旁淋巴结活检术”，术中探查见盆腹腔未见腹水，子宫增大，约10*8*7CM，饱满，两侧附件未见异常，盆腔及腹主动脉旁淋巴结未及肿大。术程顺利，，术后病理回报：腹水未见癌；（全子宫+两附件）送检子宫大小为10*6*4CM，宫腔内见菜花样肿物大小为5*4*3CM，灰黄质硬，浸润浅肌层；镜上中至低分化子宫内膜样腺癌，部分呈鳞状分化，浸润子宫浅肌层，未累及宫颈管；右输卵管系膜内见子宫内膜异位；两附件、阴道残端、淋巴结未见癌；，免疫组化：ER（+），PR（-）。，术后诊断：子宫内膜样腺癌IA1期。因肿瘤为中至低分化且大小为5*4*3CM，术后有化疗指征。于2011年10月11日、11月16日行TP（泰素+伯尔定）方案化疗2程，化疗后出现轻度恶心、呕吐，伴脱发，无骨痛及四肢麻木等不适，白细胞最低降至2.7×109/L，未处理可自行升至正常。自发病以来，精神、食欲、睡眠良好，无腹痛及腹胀，无腰酸，大小便正常。体重较下次化疗增加3KG。，既往化疗及肿瘤标志物情况：，化疗药物毒副反应：。",
    "entities": [
        {
            "label_type": "疾病和诊断",
            "start_pos": 19,
            "end_pos": 27,
            "text": "子宫内膜癌II期"
        },
        {
            "label_type": "手术",
            "start_pos": 34,
            "end_pos": 68,
            "text": "广泛全子宫切除+两侧附件切除+盆腔淋巴结清扫+腹主动脉旁淋巴结活检术"
        },
        {
            "label_type": "解剖部位",
            "start_pos": 76,
            "end_pos": 77,
            "text": "腹"
        },
        {
            "end_pos": 81,
            "label_type": "解剖部位",
            "start_pos": 80,
            "text": "腹"
        },
        {
            "end_pos": 85,
            "label_type": "解剖部位",
            "start_pos": 83,
            "text": "子宫"
        },
        {
            "end_pos": 105,
            "label_type": "解剖部位",
            "start_pos": 101,
            "text": "两侧附件"
        },
        {
            "label_type": "解剖部位",
            "start_pos": 110,
            "end_pos": 121,
            "text": "盆腔及腹主动脉旁淋巴结"
        },
        {
            "end_pos": 140,
            "label_type": "解剖部位",
            "start_pos": 139,
            "text": "腹"
        },
        {
            "end_pos": 149,
            "label_type": "解剖部位",
            "start_pos": 146,
            "text": "全子宫"
        },
        {
            "end_pos": 153,
            "label_type": "解剖部位",
            "start_pos": 150,
            "text": "两附件"
        },
        {
            "end_pos": 158,
            "label_type": "解剖部位",
            "start_pos": 156,
            "text": "子宫"
        },
        {
            "label_type": "疾病和诊断",
            "start_pos": 208,
            "end_pos": 215,
            "text": "子宫内膜样腺癌"
        },
        {
            "label_type": "解剖部位",
            "start_pos": 226,
            "end_pos": 228,
            "text": "子宫"
        },
        {
            "end_pos": 238,
            "label_type": "解剖部位",
            "start_pos": 235,
            "text": "宫颈管"
        },
        {
            "label_type": "解剖部位",
            "start_pos": 239,
            "end_pos": 243,
            "text": "右输卵管"
        },
        {
            "end_pos": 251,
            "label_type": "解剖部位",
            "start_pos": 247,
            "text": "子宫内膜"
        },
        {
            "end_pos": 257,
            "label_type": "解剖部位",
            "start_pos": 254,
            "text": "两附件"
        },
        {
            "end_pos": 260,
            "label_type": "解剖部位",
            "start_pos": 258,
            "text": "阴道"
        },
        {
            "label_type": "疾病和诊断",
            "start_pos": 294,
            "end_pos": 305,
            "text": "子宫内膜样腺癌IA1期"
        },
        {
            "end_pos": 360,
            "label_type": "药物",
            "start_pos": 358,
            "text": "泰素"
        },
        {
            "end_pos": 364,
            "label_type": "药物",
            "start_pos": 361,
            "text": "伯尔定"
        },
        {
            "end_pos": 391,
            "label_type": "解剖部位",
            "start_pos": 390,
            "text": "骨"
        },
        {
            "end_pos": 395,
            "label_type": "解剖部位",
            "start_pos": 393,
            "text": "四肢"
        },
        {
            "label_type": "实验室检验",
            "start_pos": 401,
            "end_pos": 404,
            "text": "白细胞"
        },
        {
            "end_pos": 448,
            "label_type": "解剖部位",
            "start_pos": 447,
            "text": "腹"
        },
        {
            "end_pos": 451,
            "label_type": "解剖部位",
            "start_pos": 450,
            "text": "腹"
        },
        {
            "end_pos": 455,
            "label_type": "解剖部位",
            "start_pos": 454,
            "text": "腰"
        }
    ]
}