{
    "originalText": "，，患者因罹患胃癌“”于2130113-10-29在全我院胃癌根治术，，术术后全腹腔麻腹上，腹，，术中，肝脏见：腔内水，膜性无，肿瘤转移胃体、胃底部，小弯侧，后未，触5及4明显转移性小，肿瘤灶，肿瘤位于，、1、3组淋巴结肿，，肿瘤偏后壁，，约5*4*2全胃切除，空肠J字代胃术CM术大小，术后，肿瘤已侵达浆膜外治，第，后1、3组胃底、体小弯侧低分化腺癌，部分为印戒细胞癌图像，蕈伞型，淋巴5结肿大3，5肿瘤，尚部能活动，经探，查决定行腺。手术顺癌利，予行切积极予相关对症切支持治疗；癌，后三组（5/13个）淋巴结癌病理示一组（7个）、四组（13个）、五组（1个）、六组（4个）淋巴结：胃底癌、，癌组体低分组化化腺癌，部分为印1（戒）、细胞癌图像，蕈伞型，面积5（.）、2*（3）、.5C1（M）、，局部侵达粘膜性细胞上层，并于、少数腺管内查见（癌栓）。双端切线及另送“肿瘤近端切分线”未术后查见性化癌。呈癌转，移。未查见癌。化，癌组术后织免疫组，化染一色示：ERCC1（+），、β恶-，TUB，ULI、N-，III（+）、，TS（-后）、腹R，R腹M1（-）为、T一OPOII阳性细胞数约20%、CER，BB-2（2胃恶性肿瘤术后+） 。依据患者病情及肿瘤病理与分期，继续术术后辅助性化，疗指征，存在，患后者及家个属体拒绝化1疗。自术",
    "entities": [
        {
            "label_type": "疾病和诊断",
            "overlap": 0,
            "start_pos": 7,
            "end_pos": 9,
            "text": "胃癌"
        },
        {
            "end_pos": 34,
            "label_type": "手术",
            "overlap": 0,
            "start_pos": 29,
            "text": "胃癌根治术"
        },
        {
            "end_pos": 42,
            "label_type": "解剖部位",
            "overlap": 0,
            "start_pos": 40,
            "text": "腹腔"
        },
        {
            "end_pos": 44,
            "label_type": "解剖部位",
            "overlap": 0,
            "start_pos": 43,
            "text": "腹"
        },
        {
            "label_type": "解剖部位",
            "overlap": 0,
            "start_pos": 46,
            "end_pos": 47,
            "text": "腹"
        },
        {
            "end_pos": 54,
            "label_type": "解剖部位",
            "overlap": 0,
            "start_pos": 52,
            "text": "肝脏"
        },
        {
            "end_pos": 70,
            "label_type": "解剖部位",
            "overlap": 0,
            "start_pos": 68,
            "text": "胃体"
        },
        {
            "end_pos": 74,
            "label_type": "解剖部位",
            "overlap": 0,
            "start_pos": 71,
            "text": "胃底部"
        },
        {
            "label_type": "解剖部位",
            "overlap": 0,
            "start_pos": 75,
            "end_pos": 78,
            "text": "小弯侧"
        },
        {
            "end_pos": 138,
            "label_type": "手术",
            "overlap": 0,
            "start_pos": 126,
            "text": "全胃切除，空肠J字代胃术"
        },
        {
            "label_type": "疾病和诊断",
            "overlap": 0,
            "start_pos": 164,
            "end_pos": 191,
            "text": "胃底、体小弯侧低分化腺癌，部分为印戒细胞癌图像，蕈伞型"
        },
        {
            "label_type": "解剖部位",
            "overlap": 0,
            "start_pos": 244,
            "end_pos": 256,
            "text": "三组（5/13个）淋巴结"
        },
        {
            "label_type": "解剖部位",
            "overlap": 0,
            "start_pos": 260,
            "end_pos": 291,
            "text": "一组（7个）、四组（13个）、五组（1个）、六组（4个）淋巴结"
        },
        {
            "end_pos": 470,
            "label_type": "解剖部位",
            "overlap": 0,
            "start_pos": 469,
            "text": "腹"
        },
        {
            "end_pos": 474,
            "label_type": "解剖部位",
            "overlap": 0,
            "start_pos": 473,
            "text": "腹"
        },
        {
            "label_type": "疾病和诊断",
            "overlap": 0,
            "start_pos": 508,
            "end_pos": 515,
            "text": "胃恶性肿瘤术后"
        }
    ]
}