{
    "originalText": "，，患3者3月余正常我院诊断直肠癌为，“”，于2015-160-26在腹腔镜直肠癌根治术，，术后全麻上行，腹腔镜根治术，，术后（直肠）腺癌（中度分化），浸润溃疡型，病理示：，20151850，2：，体积2.7*2*0.8CM，侵、达浆膜。 双端切癌线及肠壁一站（6个）、中间组（3个）、中央组（3个）淋巴结另送“癌近低级别腺管状腺瘤切，线”组化、“远切线”未分（查）、见癌。（ ）未，术后查见分癌。。，3免疫组化，染色示，：TS部分（+）、SYN（-）。，术后病理分期：PT3N0M0，I奥沙利铂I期，DUKES 亚叶酸钙B。3依情20165-替加氟11-08.6201，5-12-0、9给、予200MG D1治+0化.3G D2利-6 +1化G D2，-6 静直肠癌术后滴，同时辅以镇吐、升血、，免疫调节等对，症间支持治疗，。化疗过，程总体顺利。现为，复查化疗来我院，门诊以“术后化”",
    "entities": [
        {
            "label_type": "疾病和诊断",
            "overlap": 0,
            "start_pos": 14,
            "end_pos": 17,
            "text": "直肠癌"
        },
        {
            "end_pos": 44,
            "label_type": "手术",
            "overlap": 0,
            "start_pos": 35,
            "text": "腹腔镜直肠癌根治术"
        },
        {
            "label_type": "疾病和诊断",
            "overlap": 0,
            "start_pos": 63,
            "end_pos": 81,
            "text": "（直肠）腺癌（中度分化），浸润溃疡型"
        },
        {
            "label_type": "解剖部位",
            "overlap": 0,
            "start_pos": 126,
            "end_pos": 153,
            "text": "肠壁一站（6个）、中间组（3个）、中央组（3个）淋巴结"
        },
        {
            "label_type": "疾病和诊断",
            "overlap": 0,
            "start_pos": 158,
            "end_pos": 166,
            "text": "低级别腺管状腺瘤"
        },
        {
            "end_pos": 248,
            "label_type": "药物",
            "overlap": 0,
            "start_pos": 244,
            "text": "奥沙利铂"
        },
        {
            "end_pos": 261,
            "label_type": "药物",
            "overlap": 0,
            "start_pos": 257,
            "text": "亚叶酸钙"
        },
        {
            "end_pos": 275,
            "label_type": "药物",
            "overlap": 0,
            "start_pos": 272,
            "text": "替加氟"
        },
        {
            "label_type": "疾病和诊断",
            "overlap": 0,
            "start_pos": 331,
            "end_pos": 336,
            "text": "直肠癌术后"
        }
    ]
}