{
    "originalText": "，患者于2010年10月因\\\"上腹痛伴大便习惯改变\\\"外院行肠镜，活检病理示中分化腺癌；，外院B超示：盆腔内2个巨大团块，考虑卵巢来源可能性大；盆腔大量积液。来我院就诊，考虑乙状结肠癌伴不完全梗阻、盆腔肿物，2010-10-25我院行\\\"子宫切除+两附件切除+DIXON术+大网膜切除术开腹恶性肿瘤特殊治疗术\\\"，术中5-FU1000MG肠腔化疗，门静脉5-FU250MG化疗，中人氟安800MG腹腔化疗，，病理回报：乙状结肠中分化腺癌，两侧卵巢转移瘤，中央组淋巴结转移4/15，PT4BN2M1。2010-11-10我院复查CT提示肝S5、6段肝转移。遂于2010-11-16至2011-3-11行FORFIRI方案化疗7程，4程、6程复查CT疗效评价为SD，后于2011-4-6转外科行\\\"肝转移瘤切除术\\\"，，术后病理：符合肠癌肝转移。后于2011-05-20至2011-08-05继续FORFIRI方案化疗4程。后定期复查至2012-02-21我院CT提示右下肺及右上肺结节、左前胸壁结节，考虑转移瘤，两肺多发结节结节状小空洞影未排除转移。考虑肿瘤复发，于2012-03-01始行FOLFOX方案6程，3，程后复查CT疗效评价：SD。，6程后2012-7-10我院CT：肝S6、8、2病灶，可疑转移瘤，建议MR检查。脾内低密度影，可疑转移瘤。，疗效评价：SD。现为进一步诊治入院，患者自觉无不适，胃纳、睡眠可，二便如常。",
    "entities": [
        {
            "end_pos": 17,
            "label_type": "解剖部位",
            "start_pos": 15,
            "text": "上腹"
        },
        {
            "label_type": "疾病和诊断",
            "start_pos": 38,
            "end_pos": 43,
            "text": "中分化腺癌"
        },
        {
            "label_type": "解剖部位",
            "start_pos": 51,
            "end_pos": 53,
            "text": "盆腔"
        },
        {
            "end_pos": 65,
            "label_type": "解剖部位",
            "start_pos": 63,
            "text": "卵巢"
        },
        {
            "label_type": "疾病和诊断",
            "start_pos": 72,
            "end_pos": 78,
            "text": "盆腔大量积液"
        },
        {
            "label_type": "疾病和诊断",
            "start_pos": 87,
            "end_pos": 98,
            "text": "乙状结肠癌伴不完全梗阻"
        },
        {
            "label_type": "解剖部位",
            "start_pos": 99,
            "end_pos": 101,
            "text": "盆腔"
        },
        {
            "label_type": "手术",
            "start_pos": 119,
            "end_pos": 154,
            "text": "子宫切除+两附件切除+DIXON术+大网膜切除术开腹恶性肿瘤特殊治疗术"
        },
        {
            "end_pos": 163,
            "label_type": "药物",
            "start_pos": 159,
            "text": "5-FU"
        },
        {
            "label_type": "解剖部位",
            "start_pos": 169,
            "end_pos": 170,
            "text": "肠"
        },
        {
            "end_pos": 177,
            "label_type": "解剖部位",
            "start_pos": 174,
            "text": "门静脉"
        },
        {
            "end_pos": 181,
            "label_type": "药物",
            "start_pos": 177,
            "text": "5-FU"
        },
        {
            "end_pos": 193,
            "label_type": "药物",
            "start_pos": 189,
            "text": "中人氟安"
        },
        {
            "label_type": "解剖部位",
            "start_pos": 198,
            "end_pos": 199,
            "text": "腹"
        },
        {
            "label_type": "疾病和诊断",
            "start_pos": 209,
            "end_pos": 218,
            "text": "乙状结肠中分化腺癌"
        },
        {
            "label_type": "疾病和诊断",
            "start_pos": 219,
            "end_pos": 226,
            "text": "两侧卵巢转移瘤"
        },
        {
            "label_type": "影像检查",
            "start_pos": 263,
            "end_pos": 265,
            "text": "CT"
        },
        {
            "end_pos": 273,
            "label_type": "解剖部位",
            "start_pos": 267,
            "text": "肝S5、6段"
        },
        {
            "label_type": "疾病和诊断",
            "start_pos": 273,
            "end_pos": 276,
            "text": "肝转移"
        },
        {
            "label_type": "影像检查",
            "start_pos": 321,
            "end_pos": 323,
            "text": "CT"
        },
        {
            "end_pos": 354,
            "label_type": "手术",
            "start_pos": 347,
            "text": "肝转移瘤切除术"
        },
        {
            "label_type": "疾病和诊断",
            "start_pos": 365,
            "end_pos": 370,
            "text": "肠癌肝转移"
        },
        {
            "label_type": "影像检查",
            "start_pos": 428,
            "end_pos": 430,
            "text": "CT"
        },
        {
            "end_pos": 435,
            "label_type": "解剖部位",
            "start_pos": 432,
            "text": "右下肺"
        },
        {
            "end_pos": 439,
            "label_type": "解剖部位",
            "start_pos": 436,
            "text": "右上肺"
        },
        {
            "label_type": "解剖部位",
            "start_pos": 444,
            "end_pos": 445,
            "text": "胸"
        },
        {
            "end_pos": 457,
            "label_type": "解剖部位",
            "start_pos": 455,
            "text": "两肺"
        },
        {
            "label_type": "影像检查",
            "start_pos": 511,
            "end_pos": 513,
            "text": "CT"
        },
        {
            "label_type": "影像检查",
            "start_pos": 536,
            "end_pos": 538,
            "text": "CT"
        },
        {
            "end_pos": 546,
            "label_type": "解剖部位",
            "start_pos": 539,
            "text": "肝S6、8、2"
        },
        {
            "label_type": "影像检查",
            "start_pos": 557,
            "end_pos": 559,
            "text": "MR"
        },
        {
            "end_pos": 563,
            "label_type": "解剖部位",
            "start_pos": 562,
            "text": "脾"
        },
        {
            "end_pos": 603,
            "label_type": "解剖部位",
            "start_pos": 602,
            "text": "胃"
        }
    ]
}