{
    "originalText": "，患者因\\\"体检发现子宫肌瘤\\\"于2008年5月就诊我院， 2008年5月4日于我院行全宫两附件切除附件切除术，，术后病理为:子宫平滑肌肉瘤,术后于2008.5.9～2008.8.7行EPI+IFO+DTIC方案化疗四程(均为静脉用药），化疗过程顺利。出院后定期复查，2011-6-2胸片检查提示左肺结节影，考虑转移瘤可能性大，遂进一步CT检查，，提示：子宫肉瘤术后改变，未见明确复发征。两肺多发结节，考虑肺转移瘤。于2011-6-27、2011-7-22、2011-8-19、2011-9-23、2011-10-25及2011-11-22予“IA+DTIC”化疗六程，第一次化疗过程顺利，第二次化疗的最后一天，患者诉胸闷，予暂停化疗药物。化疗后出现轻度胃肠道反应。第六次化疗后白细胞最低降至2.5×109/L，升白细胞治疗后好转，，患者于第六次化疗前复查CT提示：两肺转移瘤较前无明显改变；2012-2-28入院予“里葆多40MG D1+匹服平3.0 D1-2+安维汀300MGD1”化疗一程，WBC最低至2.3×109/L，升白治疗后好转。现患者再次入院化疗，精神、睡眠好，食欲欠佳，大小便正常。近期体重无明显改变。，既往化疗及肿瘤标志物情况：，化疗药物毒副反应：。",
    "entities": [
        {
            "label_type": "疾病和诊断",
            "start_pos": 10,
            "end_pos": 14,
            "text": "子宫肌瘤"
        },
        {
            "label_type": "手术",
            "start_pos": 43,
            "end_pos": 55,
            "text": "全宫两附件切除附件切除术"
        },
        {
            "label_type": "疾病和诊断",
            "start_pos": 63,
            "end_pos": 70,
            "text": "子宫平滑肌肉瘤"
        },
        {
            "end_pos": 95,
            "label_type": "药物",
            "start_pos": 92,
            "text": "EPI"
        },
        {
            "end_pos": 99,
            "label_type": "药物",
            "start_pos": 96,
            "text": "IFO"
        },
        {
            "end_pos": 104,
            "label_type": "药物",
            "start_pos": 100,
            "text": "DTIC"
        },
        {
            "label_type": "影像检查",
            "start_pos": 142,
            "end_pos": 144,
            "text": "胸片"
        },
        {
            "end_pos": 150,
            "label_type": "解剖部位",
            "start_pos": 148,
            "text": "左肺"
        },
        {
            "label_type": "影像检查",
            "start_pos": 168,
            "end_pos": 170,
            "text": "CT"
        },
        {
            "label_type": "疾病和诊断",
            "start_pos": 177,
            "end_pos": 183,
            "text": "子宫肉瘤术后"
        },
        {
            "end_pos": 196,
            "label_type": "解剖部位",
            "start_pos": 194,
            "text": "两肺"
        },
        {
            "label_type": "疾病和诊断",
            "start_pos": 203,
            "end_pos": 207,
            "text": "肺转移瘤"
        },
        {
            "end_pos": 274,
            "label_type": "药物",
            "start_pos": 272,
            "text": "IA"
        },
        {
            "end_pos": 279,
            "label_type": "药物",
            "start_pos": 275,
            "text": "DTIC"
        },
        {
            "end_pos": 310,
            "label_type": "解剖部位",
            "start_pos": 309,
            "text": "胸"
        },
        {
            "label_type": "实验室检验",
            "start_pos": 339,
            "end_pos": 342,
            "text": "白细胞"
        },
        {
            "label_type": "影像检查",
            "start_pos": 378,
            "end_pos": 380,
            "text": "CT"
        },
        {
            "label_type": "疾病和诊断",
            "start_pos": 383,
            "end_pos": 388,
            "text": "两肺转移瘤"
        },
        {
            "end_pos": 412,
            "label_type": "药物",
            "start_pos": 409,
            "text": "里葆多"
        },
        {
            "end_pos": 423,
            "label_type": "药物",
            "start_pos": 420,
            "text": "匹服平"
        },
        {
            "end_pos": 435,
            "label_type": "药物",
            "start_pos": 432,
            "text": "安维汀"
        },
        {
            "label_type": "实验室检验",
            "start_pos": 448,
            "end_pos": 451,
            "text": "WBC"
        }
    ]
}