{
    "originalText": "，，患者因结肠癌“”于210112-1312-13在我院右半结肠切15除术，于术全麻上行，术后，手术过程顺利，术后给予，抗感染及营，切养支持治疗，，术后，患者13恢复好，切口1愈结肠腺癌（中度分化），溃疡型，合良好，5，3术5，后病理：13862.2切012，癌面结肠腺管状腺瘤积6肠壁一站（1/5个）淋巴结癌.5*肠壁二站（3个）淋巴结3.5癌，，侵达浆化膜脂肪癌组织。双端切线1未查见癌。。呈癌转移（。）未（查见癌。，1免疫，组化染色，示癌组织：ER）C后C1(+)、T，术后S少化数细胞（+）。（PT4AN1一M0，I，IIA，，腹D腹UCKS， C）。后患者恢化复好出院，术后，给予化疗结肠癌术后2周期。   院外期间患者一般，情况好，，无恶心，，无痛胀胀，不适，现患者为行化复",
    "entities": [
        {
            "label_type": "疾病和诊断",
            "overlap": 0,
            "start_pos": 5,
            "end_pos": 8,
            "text": "结肠癌"
        },
        {
            "end_pos": 37,
            "label_type": "手术",
            "overlap": 0,
            "start_pos": 28,
            "text": "右半结肠切15除术"
        },
        {
            "label_type": "疾病和诊断",
            "overlap": 0,
            "start_pos": 89,
            "end_pos": 103,
            "text": "结肠腺癌（中度分化），溃疡型"
        },
        {
            "label_type": "疾病和诊断",
            "overlap": 0,
            "start_pos": 132,
            "end_pos": 139,
            "text": "结肠腺管状腺瘤"
        },
        {
            "label_type": "解剖部位",
            "overlap": 0,
            "start_pos": 141,
            "end_pos": 154,
            "text": "肠壁一站（1/5个）淋巴结"
        },
        {
            "label_type": "解剖部位",
            "overlap": 0,
            "start_pos": 158,
            "end_pos": 169,
            "text": "肠壁二站（3个）淋巴结"
        },
        {
            "end_pos": 269,
            "label_type": "解剖部位",
            "overlap": 0,
            "start_pos": 268,
            "text": "腹"
        },
        {
            "end_pos": 271,
            "label_type": "解剖部位",
            "overlap": 0,
            "start_pos": 270,
            "text": "腹"
        },
        {
            "label_type": "疾病和诊断",
            "overlap": 0,
            "start_pos": 297,
            "end_pos": 302,
            "text": "结肠癌术后"
        }
    ]
}