{
    "originalText": "，，缘于入院前4月余因下腹部中闷痛不适伴排黑便于我院就，诊，为诊胃癌断，为2“”，于2014年06月0上6日腹腔镜辅助上根治性远端胃大部切除术（ROUX-Y吻合术D2）在全术麻利上术行“（（2）”手术病理。术），后顺（远端胃）胃体小弯早期（IIC型）低分化腺癌，部分为印戒细胞癌，利（20上1，4术17下7上切端71）（下切端），：“癌，侵及粘膜小弯淋巴结上层，大弯淋巴结，手，幽门下淋巴结术8标，幽门上淋巴结本下，、上切（第8P组）淋巴结2端，及另送癌（下切端）（胃右动脉根部淋巴结）为均未见脉癌浸润。组找到，5个组化结，5C个，18（个，3），CD个8（组，细胞及），另I送2（个，均未）见，术癌转移。另送（）为治脂，肪、脉管及神经组合织。，分免疫2组化结果：CK(L)2（+++）8，CD628（组织细胞+），K2I67（50%2+）”奥沙利铂（齐沙），术后给予I对症、抗D感染替吉奥胶囊（艾奕）治疗，恢PO复IDD2-良好,伤口愈术合第良好2。分别于2期化0，化14.0利7.为第16期化、2014.0下8.13、2014.，0腹9.腹17、2，体014.10.化2",
    "entities": [
        {
            "end_pos": 14,
            "label_type": "解剖部位",
            "overlap": 0,
            "start_pos": 11,
            "text": "下腹部"
        },
        {
            "label_type": "疾病和诊断",
            "overlap": 0,
            "start_pos": 32,
            "end_pos": 34,
            "text": "胃癌"
        },
        {
            "end_pos": 71,
            "label_type": "手术",
            "overlap": 0,
            "start_pos": 54,
            "text": "腹腔镜辅助上根治性远端胃大部切除术"
        },
        {
            "end_pos": 83,
            "label_type": "手术",
            "overlap": 0,
            "start_pos": 72,
            "text": "ROUX-Y吻合术D2"
        },
        {
            "label_type": "疾病和诊断",
            "overlap": 0,
            "start_pos": 108,
            "end_pos": 139,
            "text": "（远端胃）胃体小弯早期（IIC型）低分化腺癌，部分为印戒细胞癌"
        },
        {
            "end_pos": 178,
            "label_type": "解剖部位",
            "overlap": 0,
            "start_pos": 173,
            "text": "小弯淋巴结"
        },
        {
            "end_pos": 186,
            "label_type": "解剖部位",
            "overlap": 0,
            "start_pos": 181,
            "text": "大弯淋巴结"
        },
        {
            "end_pos": 195,
            "label_type": "解剖部位",
            "overlap": 0,
            "start_pos": 189,
            "text": "幽门下淋巴结"
        },
        {
            "end_pos": 205,
            "label_type": "解剖部位",
            "overlap": 0,
            "start_pos": 199,
            "text": "幽门上淋巴结"
        },
        {
            "end_pos": 220,
            "label_type": "解剖部位",
            "overlap": 0,
            "start_pos": 211,
            "text": "（第8P组）淋巴结"
        },
        {
            "end_pos": 242,
            "label_type": "解剖部位",
            "overlap": 0,
            "start_pos": 233,
            "text": "胃右动脉根部淋巴结"
        },
        {
            "end_pos": 375,
            "label_type": "药物",
            "overlap": 0,
            "start_pos": 371,
            "text": "奥沙利铂"
        },
        {
            "end_pos": 378,
            "label_type": "药物",
            "overlap": 0,
            "start_pos": 376,
            "text": "齐沙"
        },
        {
            "end_pos": 397,
            "label_type": "药物",
            "overlap": 0,
            "start_pos": 392,
            "text": "替吉奥胶囊"
        },
        {
            "end_pos": 400,
            "label_type": "药物",
            "overlap": 0,
            "start_pos": 398,
            "text": "艾奕"
        },
        {
            "end_pos": 469,
            "label_type": "解剖部位",
            "overlap": 0,
            "start_pos": 468,
            "text": "腹"
        },
        {
            "end_pos": 472,
            "label_type": "解剖部位",
            "overlap": 0,
            "start_pos": 471,
            "text": "腹"
        }
    ]
}