{
    "originalText": "，2009年4月行乙状结肠癌根治术，，术后病理：中分化腺癌（PT3N0M0），术后未行放化疗。2010年4月复查发现左下肺及肝转移，行草酸铂+希罗达化疗2周期，2010年7月行肝转移灶切除术。术后原方案继续化疗3周期。继续口服3周期希罗达单药。每3月复查。2011-6-28复查肿标正常，胸腹CT所见均与前相仿。B，超：右颈根部及右锁骨下多发淋巴结，大者1.2X0.5CM。近期进食可、术后至今体重增加7KG。2011.10复查较前(2011.7)无明显变化,肿瘤标志物(-) 。此次，取2012.1.12复查腹部CT、肺CT结果，提示肺部小病灶同前，肝脏未见异常包块。肿标（-）。",
    "entities": [
        {
            "end_pos": 17,
            "label_type": "手术",
            "start_pos": 9,
            "text": "乙状结肠癌根治术"
        },
        {
            "label_type": "疾病和诊断",
            "start_pos": 24,
            "end_pos": 38,
            "text": "中分化腺癌（PT3N0M0）"
        },
        {
            "label_type": "疾病和诊断",
            "start_pos": 58,
            "end_pos": 65,
            "text": "左下肺及肝转移"
        },
        {
            "end_pos": 70,
            "label_type": "药物",
            "start_pos": 67,
            "text": "草酸铂"
        },
        {
            "end_pos": 74,
            "label_type": "药物",
            "start_pos": 71,
            "text": "希罗达"
        },
        {
            "end_pos": 95,
            "label_type": "手术",
            "start_pos": 88,
            "text": "肝转移灶切除术"
        },
        {
            "end_pos": 119,
            "label_type": "药物",
            "start_pos": 116,
            "text": "希罗达"
        },
        {
            "label_type": "影像检查",
            "start_pos": 144,
            "end_pos": 148,
            "text": "胸腹CT"
        },
        {
            "label_type": "解剖部位",
            "start_pos": 161,
            "end_pos": 162,
            "text": "颈"
        },
        {
            "label_type": "解剖部位",
            "start_pos": 165,
            "end_pos": 169,
            "text": "右锁骨下"
        },
        {
            "label_type": "影像检查",
            "start_pos": 255,
            "end_pos": 259,
            "text": "腹部CT"
        },
        {
            "label_type": "解剖部位",
            "start_pos": 260,
            "end_pos": 261,
            "text": "肺"
        },
        {
            "label_type": "影像检查",
            "start_pos": 261,
            "end_pos": 263,
            "text": "CT"
        },
        {
            "end_pos": 270,
            "label_type": "解剖部位",
            "start_pos": 268,
            "text": "肺部"
        },
        {
            "end_pos": 278,
            "label_type": "解剖部位",
            "start_pos": 276,
            "text": "肝脏"
        }
    ]
}