{
    "originalText": "，，缘于入院前5月余因“反复返酸、嗳气7年”就诊我，，院胃镜，，行镜检查示胃窦癌：“慢性萎缩性胃炎1，，.2.”，胃管状腺癌II-III级，，下腹部平扫病，理示：“”胃肿瘤，，腹腔+腹膜后多发淋巴结肿大，，增强肿瘤示部：“期，，伴、0肿大”0，考虑肿瘤局0部较晚0期，遂于20015.0040.转移0、20015.05.011、020015.安素泰060.0I2、2015.奥沙利铂（艾恒）060.2I9、2015.希罗达00008.0I2予“21-0MGIVGTT化疗，D1+（）制150胃MG肝IVGTTD治疗2化疗后未+10骨髓抑制，00MGBIDPOD1-14”（方0案新辅0助化0疗），辅上以止腹腔镜上根治性远端胃大部切除术吐、术制，术后酸、保，，术后、保、(远端胃)，营胃体及胃窦小弯侧早期隆起型（0-I型）低黏附性癌，印戒细胞癌为主，部分为低分化腺癌及未分化癌，养支脉管及持等治疗，脉管。化癌疗，后及黏膜上未见明显下切端，上切端及一般(下切端)，情未况癌尚可。并于小弯侧淋巴结0入院前1，大弯侧淋巴结月余（02，幽门下淋巴结015.，幽门上淋巴结09.0，1）(胃右动脉根部）淋巴结全麻上行，(胃壁)淋巴结0“镜上，根癌治性远，端大部化切除结术”。术(顺，术)（后恢复），可-，，术后病理I：（(远端），)，：-，（浸润脉），管及神（经），组织，脉（-），管内（-），见癌栓-，（-）侵门及黏膜胃窦术后化疗上层。标本下发切端、，上切端及另送，(下切端，大小)，均，体未见癌浸润化。",
    "entities": [
        {
            "label_type": "疾病和诊断",
            "overlap": 0,
            "start_pos": 37,
            "end_pos": 40,
            "text": "胃窦癌"
        },
        {
            "label_type": "疾病和诊断",
            "overlap": 0,
            "start_pos": 42,
            "end_pos": 49,
            "text": "慢性萎缩性胃炎"
        },
        {
            "label_type": "疾病和诊断",
            "overlap": 0,
            "start_pos": 57,
            "end_pos": 69,
            "text": "胃管状腺癌II-III级"
        },
        {
            "label_type": "影像检查",
            "overlap": 0,
            "start_pos": 71,
            "end_pos": 76,
            "text": "下腹部平扫"
        },
        {
            "label_type": "疾病和诊断",
            "overlap": 0,
            "start_pos": 83,
            "end_pos": 86,
            "text": "胃肿瘤"
        },
        {
            "end_pos": 90,
            "label_type": "解剖部位",
            "overlap": 0,
            "start_pos": 88,
            "text": "腹腔"
        },
        {
            "label_type": "解剖部位",
            "overlap": 0,
            "start_pos": 91,
            "end_pos": 99,
            "text": "腹膜后多发淋巴结"
        },
        {
            "end_pos": 174,
            "label_type": "药物",
            "overlap": 0,
            "start_pos": 171,
            "text": "安素泰"
        },
        {
            "end_pos": 191,
            "label_type": "药物",
            "overlap": 0,
            "start_pos": 187,
            "text": "奥沙利铂"
        },
        {
            "end_pos": 194,
            "label_type": "药物",
            "overlap": 0,
            "start_pos": 192,
            "text": "艾恒"
        },
        {
            "end_pos": 211,
            "label_type": "药物",
            "overlap": 0,
            "start_pos": 208,
            "text": "希罗达"
        },
        {
            "end_pos": 246,
            "label_type": "解剖部位",
            "overlap": 0,
            "start_pos": 245,
            "text": "胃"
        },
        {
            "end_pos": 249,
            "label_type": "解剖部位",
            "overlap": 0,
            "start_pos": 248,
            "text": "肝"
        },
        {
            "label_type": "疾病和诊断",
            "overlap": 0,
            "start_pos": 265,
            "end_pos": 269,
            "text": "骨髓抑制"
        },
        {
            "end_pos": 317,
            "label_type": "手术",
            "overlap": 0,
            "start_pos": 302,
            "text": "腹腔镜上根治性远端胃大部切除术"
        },
        {
            "end_pos": 338,
            "label_type": "解剖部位",
            "overlap": 0,
            "start_pos": 337,
            "text": "胃"
        },
        {
            "label_type": "疾病和诊断",
            "overlap": 0,
            "start_pos": 341,
            "end_pos": 387,
            "text": "胃体及胃窦小弯侧早期隆起型（0-I型）低黏附性癌，印戒细胞癌为主，部分为低分化腺癌及未分化癌"
        },
        {
            "end_pos": 445,
            "label_type": "解剖部位",
            "overlap": 0,
            "start_pos": 439,
            "text": "小弯侧淋巴结"
        },
        {
            "end_pos": 457,
            "label_type": "解剖部位",
            "overlap": 0,
            "start_pos": 451,
            "text": "大弯侧淋巴结"
        },
        {
            "end_pos": 469,
            "label_type": "解剖部位",
            "overlap": 0,
            "start_pos": 463,
            "text": "幽门下淋巴结"
        },
        {
            "end_pos": 480,
            "label_type": "解剖部位",
            "overlap": 0,
            "start_pos": 474,
            "text": "幽门上淋巴结"
        },
        {
            "end_pos": 498,
            "label_type": "解剖部位",
            "overlap": 0,
            "start_pos": 487,
            "text": "(胃右动脉根部）淋巴结"
        },
        {
            "end_pos": 510,
            "label_type": "解剖部位",
            "overlap": 0,
            "start_pos": 503,
            "text": "(胃壁)淋巴结"
        },
        {
            "label_type": "疾病和诊断",
            "overlap": 0,
            "start_pos": 604,
            "end_pos": 610,
            "text": "胃窦术后化疗"
        }
    ]
}