{
    "originalText": "，患者因无明显诱因出现血便，鲜红色，量少，大便次数稍增多，无里急后重及排便不尽感，无恶心呕吐，无腹胀腹痛等不适。，在外院行肠镜检查示：距肛30CM环肠周肿物，肠镜勉强通过，，病理结果为：乙状结肠高分化腺癌。为进一步诊治来我院门诊就诊，门诊以“乙状结肠腺癌”收入结直肠科，2013-01-30，行CT提示：乙状结肠肿物，考虑乙状结肠癌可能性大；右侧髂总动脉淋巴结肿大，考虑为淋巴结转移；乙状结肠系膜及腹主动脉旁多发小淋巴结，考虑淋巴结转移可能性大；肝S5 稍低密度结节，考虑转移瘤可能性大；肝S8 低密度灶，考虑为肝囊肿。于2013-02-04在全麻上行乙状结肠癌切除术。术中探查见肿瘤位于降结肠上段，侵及浆膜、肠系膜血管根部血管根部淋巴结肿大侵润，大小约1.5厘米，小肠系膜见淋巴结，冰冻2枚，未见转移。术后分期PT3N2AM1X,IV期。术后于2013-03-04给予XELOX方案化疗1程顺利,胃肠道反应I°，神经毒性I°。现返院行上一程治疗。起病以来，无发热、咳嗽、身目黄染，无骶部痛等，精神可，胃纳、睡眠可，小便无异常，近期体重上降约5KG。",
    "entities": [
        {
            "end_pos": 49,
            "label_type": "解剖部位",
            "start_pos": 48,
            "text": "腹"
        },
        {
            "end_pos": 51,
            "label_type": "解剖部位",
            "start_pos": 50,
            "text": "腹"
        },
        {
            "label_type": "解剖部位",
            "start_pos": 74,
            "end_pos": 75,
            "text": "肠"
        },
        {
            "label_type": "疾病和诊断",
            "start_pos": 93,
            "end_pos": 102,
            "text": "乙状结肠高分化腺癌"
        },
        {
            "label_type": "疾病和诊断",
            "start_pos": 121,
            "end_pos": 127,
            "text": "乙状结肠腺癌"
        },
        {
            "label_type": "影像检查",
            "start_pos": 147,
            "end_pos": 149,
            "text": "CT"
        },
        {
            "end_pos": 156,
            "label_type": "解剖部位",
            "start_pos": 152,
            "text": "乙状结肠"
        },
        {
            "label_type": "疾病和诊断",
            "start_pos": 161,
            "end_pos": 166,
            "text": "乙状结肠癌"
        },
        {
            "end_pos": 180,
            "label_type": "解剖部位",
            "start_pos": 171,
            "text": "右侧髂总动脉淋巴结"
        },
        {
            "label_type": "解剖部位",
            "start_pos": 192,
            "end_pos": 196,
            "text": "乙状结肠"
        },
        {
            "end_pos": 203,
            "label_type": "解剖部位",
            "start_pos": 199,
            "text": "腹主动脉"
        },
        {
            "end_pos": 226,
            "label_type": "解剖部位",
            "start_pos": 223,
            "text": "肝S5"
        },
        {
            "end_pos": 248,
            "label_type": "解剖部位",
            "start_pos": 244,
            "text": "肝S8 "
        },
        {
            "label_type": "疾病和诊断",
            "start_pos": 256,
            "end_pos": 259,
            "text": "肝囊肿"
        },
        {
            "end_pos": 284,
            "label_type": "手术",
            "start_pos": 276,
            "text": "乙状结肠癌切除术"
        },
        {
            "label_type": "解剖部位",
            "start_pos": 294,
            "end_pos": 297,
            "text": "降结肠"
        },
        {
            "label_type": "解剖部位",
            "start_pos": 305,
            "end_pos": 310,
            "text": "肠系膜血管"
        },
        {
            "label_type": "解剖部位",
            "start_pos": 333,
            "end_pos": 335,
            "text": "小肠"
        },
        {
            "end_pos": 444,
            "label_type": "解剖部位",
            "start_pos": 442,
            "text": "骶部"
        },
        {
            "end_pos": 452,
            "label_type": "解剖部位",
            "start_pos": 451,
            "text": "胃"
        }
    ]
}