{
    "originalText": "，患者9月余前因反复黑便伴腹部不适于我院消化内科住院，，查血常规示：WBC 3.55*10^9/L，RBC 3.05*10^12/L，HB 66G/L，PLT 290*10^9/L；，电子胃镜示：贲门炎症；，电子小肠镜示：空回肠交界处黏膜病变性质待查；，小肠病变病理示：（空回肠交界）粘膜内可见小片异型细胞，符合低分化腺癌；，免疫组化示：CK7(-),CK20(+),CK5/6(-)。于2015-06-13转入普外科，排除手术禁忌后行全麻上小肠部分切除术，，术后病理示：（小肠）T细胞淋巴瘤，结合免疫组化，符合肠病相关性T细胞淋巴瘤（I型），术后转入我科，于2015-8-13、2015-9-4给予CHOP-E方案化疗2周期，患者未再黑便，腹部不适明显好转。于2015-10-11、2015-11-9给予2周期CHOP-E方案化疗，，复查CT示：两侧颈部小淋巴结；肝脏钙化灶；胆囊底部壁局限性增厚，较2015-10-09CT片变化不明显；右侧肾下腺饱满；右肾局限性略低强化，建议随访复查；左侧肾盂及左侧输尿管中下段扩张，右侧输尿管局部可见，请结合超声；腹腔及腹膜后多发小淋巴结；结合病史，小肠术后，局部肠壁厚，请结合临床及其它检查；子宫强化欠均匀，两侧附件区饱满，请结合超声；盆腔钙化结节，较前片变化不明显。效果欠佳。后结合患者及其家属意愿于2015-12-4、2016-01-01、2016-1-28给予GDP方案化疗3周期,耐受可。现为行进一步治疗再次收入我科。患者自下次出院以来，饮食睡眠可，大小便正常，体重无明显变化。",
    "entities": [
        {
            "label_type": "解剖部位",
            "start_pos": 13,
            "end_pos": 14,
            "text": "腹"
        },
        {
            "label_type": "实验室检验",
            "start_pos": 34,
            "end_pos": 37,
            "text": "WBC"
        },
        {
            "label_type": "实验室检验",
            "start_pos": 50,
            "end_pos": 53,
            "text": "RBC"
        },
        {
            "label_type": "实验室检验",
            "start_pos": 67,
            "end_pos": 69,
            "text": "HB"
        },
        {
            "label_type": "实验室检验",
            "start_pos": 76,
            "end_pos": 80,
            "text": "PLT "
        },
        {
            "end_pos": 100,
            "label_type": "解剖部位",
            "start_pos": 98,
            "text": "贲门"
        },
        {
            "end_pos": 117,
            "label_type": "解剖部位",
            "start_pos": 111,
            "text": "空回肠交界处"
        },
        {
            "end_pos": 129,
            "label_type": "解剖部位",
            "start_pos": 127,
            "text": "小肠"
        },
        {
            "end_pos": 141,
            "label_type": "解剖部位",
            "start_pos": 136,
            "text": "空回肠交界"
        },
        {
            "label_type": "疾病和诊断",
            "start_pos": 156,
            "end_pos": 161,
            "text": "低分化腺癌"
        },
        {
            "end_pos": 228,
            "label_type": "手术",
            "start_pos": 221,
            "text": "小肠部分切除术"
        },
        {
            "label_type": "疾病和诊断",
            "start_pos": 236,
            "end_pos": 246,
            "text": "（小肠）T细胞淋巴瘤"
        },
        {
            "label_type": "疾病和诊断",
            "start_pos": 256,
            "end_pos": 271,
            "text": "肠病相关性T细胞淋巴瘤（I型）"
        },
        {
            "label_type": "解剖部位",
            "start_pos": 321,
            "end_pos": 322,
            "text": "腹"
        },
        {
            "label_type": "影像检查",
            "start_pos": 370,
            "end_pos": 372,
            "text": "CT"
        },
        {
            "label_type": "解剖部位",
            "start_pos": 374,
            "end_pos": 382,
            "text": "两侧颈部小淋巴结"
        },
        {
            "end_pos": 385,
            "label_type": "解剖部位",
            "start_pos": 383,
            "text": "肝脏"
        },
        {
            "label_type": "解剖部位",
            "start_pos": 389,
            "end_pos": 391,
            "text": "胆囊"
        },
        {
            "label_type": "影像检查",
            "start_pos": 411,
            "end_pos": 413,
            "text": "CT"
        },
        {
            "end_pos": 425,
            "label_type": "解剖部位",
            "start_pos": 420,
            "text": "右侧肾下腺"
        },
        {
            "end_pos": 430,
            "label_type": "解剖部位",
            "start_pos": 428,
            "text": "右肾"
        },
        {
            "end_pos": 449,
            "label_type": "解剖部位",
            "start_pos": 445,
            "text": "左侧肾盂"
        },
        {
            "label_type": "解剖部位",
            "start_pos": 450,
            "end_pos": 455,
            "text": "左侧输尿管"
        },
        {
            "end_pos": 466,
            "label_type": "解剖部位",
            "start_pos": 461,
            "text": "右侧输尿管"
        },
        {
            "label_type": "解剖部位",
            "start_pos": 477,
            "end_pos": 478,
            "text": "腹"
        },
        {
            "label_type": "解剖部位",
            "start_pos": 480,
            "end_pos": 481,
            "text": "腹"
        },
        {
            "label_type": "疾病和诊断",
            "start_pos": 495,
            "end_pos": 499,
            "text": "小肠术后"
        },
        {
            "label_type": "解剖部位",
            "start_pos": 502,
            "end_pos": 503,
            "text": "肠"
        },
        {
            "end_pos": 519,
            "label_type": "解剖部位",
            "start_pos": 517,
            "text": "子宫"
        },
        {
            "end_pos": 529,
            "label_type": "解剖部位",
            "start_pos": 525,
            "text": "两侧附件"
        },
        {
            "end_pos": 541,
            "label_type": "解剖部位",
            "start_pos": 539,
            "text": "盆腔"
        }
    ]
}