{
    "originalText": "，，入院前1月余因“进行性吞咽困难1年”就诊我，，院，，查胃，食管镜示伴：，占癌位伴狭窄，，：癌不能排除，鳞状下皮呈乳头状增生，部分鳞状下皮呈低级别下皮内瘤变，，活检颈胸腹部，CT病食管下段部分管理示：“增”，，完善食管癌，伴右侧锁骨下窝、食管旁沟及纵膈内多发淋巴结转移：下段变下部分食管憩室管壁不食管癌伴纵隔淋巴结转移，规则增厚，考虑为，癌，伴右侧锁骨下窝、，旁沟及纵膈内，多发淋巴结，转移；另病变下缘一憩室。、考虑癌伴纵隔淋巴结转移氟尿嘧啶，为提高手术切除率，建议洛铂行术前新辅助化TT疗，告多西他赛知泰索帝患者家属，其表示理TT解，遂于2、016.1，2.2肝、6、、20、17.01.1，6按3000，MG微量泵泵入+50MGIVGTTD，2+（）120，MGIV食管癌GTTD2”第1、2周期化疗，，辅以、保、止吐，、制酸、营，养支持等治增疗，",
    "entities": [
        {
            "end_pos": 33,
            "label_type": "解剖部位",
            "overlap": 0,
            "start_pos": 31,
            "text": "食管"
        },
        {
            "label_type": "疾病和诊断",
            "overlap": 0,
            "start_pos": 53,
            "end_pos": 79,
            "text": "鳞状下皮呈乳头状增生，部分鳞状下皮呈低级别下皮内瘤变"
        },
        {
            "label_type": "影像检查",
            "overlap": 0,
            "start_pos": 83,
            "end_pos": 90,
            "text": "颈胸腹部，CT"
        },
        {
            "end_pos": 95,
            "label_type": "解剖部位",
            "overlap": 0,
            "start_pos": 91,
            "text": "食管下段"
        },
        {
            "label_type": "疾病和诊断",
            "overlap": 0,
            "start_pos": 108,
            "end_pos": 135,
            "text": "食管癌，伴右侧锁骨下窝、食管旁沟及纵膈内多发淋巴结转移"
        },
        {
            "label_type": "疾病和诊断",
            "overlap": 0,
            "start_pos": 142,
            "end_pos": 146,
            "text": "食管憩室"
        },
        {
            "label_type": "疾病和诊断",
            "overlap": 0,
            "start_pos": 149,
            "end_pos": 160,
            "text": "食管癌伴纵隔淋巴结转移"
        },
        {
            "end_pos": 222,
            "label_type": "药物",
            "overlap": 0,
            "start_pos": 218,
            "text": "氟尿嘧啶"
        },
        {
            "end_pos": 236,
            "label_type": "药物",
            "overlap": 0,
            "start_pos": 234,
            "text": "洛铂"
        },
        {
            "end_pos": 252,
            "label_type": "药物",
            "overlap": 0,
            "start_pos": 248,
            "text": "多西他赛"
        },
        {
            "end_pos": 256,
            "label_type": "药物",
            "overlap": 0,
            "start_pos": 253,
            "text": "泰索帝"
        },
        {
            "end_pos": 283,
            "label_type": "解剖部位",
            "overlap": 0,
            "start_pos": 282,
            "text": "肝"
        },
        {
            "label_type": "疾病和诊断",
            "overlap": 0,
            "start_pos": 336,
            "end_pos": 339,
            "text": "食管癌"
        }
    ]
}