{
    "originalText": "，患者于4月余前无明显诱因出现腹胀不适，与饮食无明显相关，伴泛酸、嗳气，伴恶心、呕吐，为胃内容物，无呕血，无腹泻、腹胀，无黑便、便血、粘液便，，于外院行胃镜检查示：胃窦5×5㎝肿物。，病理：低分化腺癌。，CT：符合胃窦癌。胃小弯侧、幽门上方淋巴结肿大。左肺中叶少许炎症。脾稍大。肝、胆、胰、两肾和盆腔未见病变。2015-08-25手术室全麻上行胃癌根治术，2015-09-11、2015-10-22、2015-11-13及2015-12-07行SOX方案化疗4程，现按主诊教授意见入院行上次治疗。",
    "entities": [
        {
            "end_pos": 16,
            "label_type": "解剖部位",
            "start_pos": 15,
            "text": "腹"
        },
        {
            "end_pos": 45,
            "label_type": "解剖部位",
            "start_pos": 44,
            "text": "胃"
        },
        {
            "end_pos": 55,
            "label_type": "解剖部位",
            "start_pos": 54,
            "text": "腹"
        },
        {
            "end_pos": 58,
            "label_type": "解剖部位",
            "start_pos": 57,
            "text": "腹"
        },
        {
            "end_pos": 84,
            "label_type": "解剖部位",
            "start_pos": 82,
            "text": "胃窦"
        },
        {
            "label_type": "疾病和诊断",
            "start_pos": 95,
            "end_pos": 100,
            "text": "低分化腺癌"
        },
        {
            "label_type": "影像检查",
            "start_pos": 102,
            "end_pos": 104,
            "text": "CT"
        },
        {
            "label_type": "疾病和诊断",
            "start_pos": 107,
            "end_pos": 110,
            "text": "胃窦癌"
        },
        {
            "label_type": "解剖部位",
            "start_pos": 111,
            "end_pos": 123,
            "text": "胃小弯侧、幽门上方淋巴结"
        },
        {
            "end_pos": 130,
            "label_type": "解剖部位",
            "start_pos": 126,
            "text": "左肺中叶"
        },
        {
            "end_pos": 136,
            "label_type": "解剖部位",
            "start_pos": 135,
            "text": "脾"
        },
        {
            "end_pos": 140,
            "label_type": "解剖部位",
            "start_pos": 139,
            "text": "肝"
        },
        {
            "end_pos": 142,
            "label_type": "解剖部位",
            "start_pos": 141,
            "text": "胆"
        },
        {
            "end_pos": 144,
            "label_type": "解剖部位",
            "start_pos": 143,
            "text": "胰"
        },
        {
            "end_pos": 147,
            "label_type": "解剖部位",
            "start_pos": 145,
            "text": "两肾"
        },
        {
            "end_pos": 150,
            "label_type": "解剖部位",
            "start_pos": 148,
            "text": "盆腔"
        },
        {
            "end_pos": 177,
            "label_type": "手术",
            "start_pos": 172,
            "text": "胃癌根治术"
        }
    ]
}