{
    "originalText": "患者44月余前因下腹“疼痛不适，伴反酸、嗳气”在我院完善相关检后查后确胃体胃窦癌诊“”，0于20105-010-10在胃癌根治术（远端胃大部分切除）全麻术上行利“术后”，术程精神，术后预防感染支持对切症等处理合，术后恢复好，切胃体胃窦癌 PT4AN3AM0 IIIC期口甲级愈0合。术后病理0示：“0。”于20105-101-005、240105-102-07、2001603-01-14、2016（奥沙利铂 -00M0 I2-1IP5替吉奥 、0M2 0N1替吉奥 40M6 -M）03-疗18疗期日在我院行SOX（ 100MG IVDRIP+ 治疗60MG QN+ 4胃癌综合治疗后0MG QM术后）方案化疗，化疗期间患者未诉特殊不适，大未见明显副体反应。现在为上一",
    "entities": [
        {
            "end_pos": 10,
            "label_type": "解剖部位",
            "overlap": 0,
            "start_pos": 8,
            "text": "下腹"
        },
        {
            "label_type": "疾病和诊断",
            "overlap": 0,
            "start_pos": 35,
            "end_pos": 40,
            "text": "胃体胃窦癌"
        },
        {
            "label_type": "手术",
            "overlap": 0,
            "start_pos": 59,
            "end_pos": 74,
            "text": "胃癌根治术（远端胃大部分切除）"
        },
        {
            "label_type": "疾病和诊断",
            "overlap": 0,
            "start_pos": 113,
            "end_pos": 134,
            "text": "胃体胃窦癌 PT4AN3AM0 IIIC期"
        },
        {
            "end_pos": 204,
            "label_type": "药物",
            "overlap": 0,
            "start_pos": 200,
            "text": "奥沙利铂"
        },
        {
            "end_pos": 221,
            "label_type": "药物",
            "overlap": 0,
            "start_pos": 218,
            "text": "替吉奥"
        },
        {
            "end_pos": 233,
            "label_type": "药物",
            "overlap": 0,
            "start_pos": 230,
            "text": "替吉奥"
        },
        {
            "label_type": "疾病和诊断",
            "overlap": 0,
            "start_pos": 286,
            "end_pos": 293,
            "text": "胃癌综合治疗后"
        }
    ]
}