{
    "originalText": "，患者2012年2月2日因“子宫内膜癌”行筋膜外子宫全切、两侧卵巢输卵管切除及盆腔淋巴结清扫术。，手术评价：手术范围充分，无残留肉眼病灶。，腹水查瘤细胞：少量异型增生细胞考虑肿瘤细胞。，术后病理：子宫内膜样腺癌I级，侵及肌层大于1/2,余未见异常。，术后诊断：子宫内膜癌IB期（高分化），术后行表阿霉素+顺铂化疗4个疗程，末次化疗时间2012-5-30，过程顺利。现为求补充治疗收入我科。患者出院至今，无头晕心慌，无发热，无腹胀腹痛，饮食睡眠良，患者于第3次化疗时复查盆腔彩超，提示盆腔囊性回声4厘米，而后规律复查，囊肿持续存在，CA125持续正常。3个月前门诊复查超声时提示囊肿转为低回声，边界欠清晰，边缘见彩色血流，口服西黄丸及红金消结胶囊后复查超声无明显变化。现患者为求进一步诊治入院。术后化疗至今一般状态良好，偶有左上腹隐痛，程度轻，可自行缓解，大小便正常，体重未见明显改变。",
    "entities": [
        {
            "label_type": "疾病和诊断",
            "start_pos": 14,
            "end_pos": 19,
            "text": "子宫内膜癌"
        },
        {
            "label_type": "手术",
            "start_pos": 21,
            "end_pos": 47,
            "text": "筋膜外子宫全切、两侧卵巢输卵管切除及盆腔淋巴结清扫术"
        },
        {
            "end_pos": 71,
            "label_type": "解剖部位",
            "start_pos": 70,
            "text": "腹"
        },
        {
            "label_type": "疾病和诊断",
            "start_pos": 98,
            "end_pos": 107,
            "text": "子宫内膜样腺癌I级"
        },
        {
            "label_type": "疾病和诊断",
            "start_pos": 130,
            "end_pos": 143,
            "text": "子宫内膜癌IB期（高分化）"
        },
        {
            "end_pos": 151,
            "label_type": "药物",
            "start_pos": 147,
            "text": "表阿霉素"
        },
        {
            "end_pos": 154,
            "label_type": "药物",
            "start_pos": 152,
            "text": "顺铂"
        },
        {
            "end_pos": 203,
            "label_type": "解剖部位",
            "start_pos": 202,
            "text": "头"
        },
        {
            "end_pos": 205,
            "label_type": "解剖部位",
            "start_pos": 204,
            "text": "心"
        },
        {
            "end_pos": 213,
            "label_type": "解剖部位",
            "start_pos": 212,
            "text": "腹"
        },
        {
            "end_pos": 215,
            "label_type": "解剖部位",
            "start_pos": 214,
            "text": "腹"
        },
        {
            "label_type": "影像检查",
            "start_pos": 234,
            "end_pos": 238,
            "text": "盆腔彩超"
        },
        {
            "end_pos": 243,
            "label_type": "解剖部位",
            "start_pos": 241,
            "text": "盆腔"
        },
        {
            "label_type": "实验室检验",
            "start_pos": 265,
            "end_pos": 270,
            "text": "CA125"
        },
        {
            "end_pos": 315,
            "label_type": "药物",
            "start_pos": 312,
            "text": "西黄丸"
        },
        {
            "end_pos": 322,
            "label_type": "药物",
            "start_pos": 316,
            "text": "红金消结胶囊"
        },
        {
            "label_type": "影像检查",
            "start_pos": 325,
            "end_pos": 327,
            "text": "超声"
        },
        {
            "end_pos": 364,
            "label_type": "解剖部位",
            "start_pos": 361,
            "text": "左上腹"
        }
    ]
}