{
    "originalText": "，患者因壶腹部占位于22016-0722-22日在胰十二指肠切除术我肝囊肿开窗引流科肝活检术行+术后+活检术壶腹部鳞状细胞癌（低度分化），，术后病2理示：2鳞状细胞癌（低十二指肠粘膜度分化）胰腺，体积4*2.管8*2癌.5胆总管C胃M十二指肠切，侵胰腺切除达层，侵癌及胆总管组织切，于较多脉管管内查癌见癌栓胰腺周围淋巴结（。、2个）癌、切线胃周围（2个）淋巴结及切除癌面慢性胆囊炎未（肝囊肿查见癌）；残性囊端切结线于慢性少炎数脉部管内查见癌栓。呈（（肝活检）肝1/2个）部分肝细胞癌胆转肝移膜。周管围（2炎细胞个）淋巴结未查化见癌。。（右、左）（纤）维性囊壁（样）结构，慢（性）发炎，2局（部）衬覆单层（立）方下皮术后。（活检）组织一块，部2分细胞淤胆，被膜及汇管区较化多炎细胞2浸润。，免2疫组化染色示：CK5化/62（+）、2P63（+）、C化K7（-结）后、CK20（-后）、SYN（-）。患者腹术后腹恢复良好心，无特殊不心适，胸2016.10.6术后入院行静脉化疗治疗，2016.胰十二指肠术后12.5入院行介入及静术后脉化疗，2017.2.16入院行静脉化疗，治疗体重后出院。患者出",
    "entities": [
        {
            "end_pos": 7,
            "label_type": "解剖部位",
            "overlap": 0,
            "start_pos": 4,
            "text": "壶腹部"
        },
        {
            "end_pos": 33,
            "label_type": "手术",
            "overlap": 0,
            "start_pos": 25,
            "text": "胰十二指肠切除术"
        },
        {
            "end_pos": 41,
            "label_type": "手术",
            "overlap": 0,
            "start_pos": 34,
            "text": "肝囊肿开窗引流"
        },
        {
            "end_pos": 46,
            "label_type": "手术",
            "overlap": 0,
            "start_pos": 42,
            "text": "肝活检术"
        },
        {
            "label_type": "疾病和诊断",
            "overlap": 0,
            "start_pos": 54,
            "end_pos": 68,
            "text": "壶腹部鳞状细胞癌（低度分化）"
        },
        {
            "end_pos": 91,
            "label_type": "解剖部位",
            "overlap": 0,
            "start_pos": 85,
            "text": "十二指肠粘膜"
        },
        {
            "end_pos": 97,
            "label_type": "解剖部位",
            "overlap": 0,
            "start_pos": 95,
            "text": "胰腺"
        },
        {
            "end_pos": 114,
            "label_type": "解剖部位",
            "overlap": 0,
            "start_pos": 111,
            "text": "胆总管"
        },
        {
            "end_pos": 116,
            "label_type": "解剖部位",
            "overlap": 0,
            "start_pos": 115,
            "text": "胃"
        },
        {
            "end_pos": 121,
            "label_type": "解剖部位",
            "overlap": 0,
            "start_pos": 117,
            "text": "十二指肠"
        },
        {
            "end_pos": 126,
            "label_type": "解剖部位",
            "overlap": 0,
            "start_pos": 124,
            "text": "胰腺"
        },
        {
            "end_pos": 137,
            "label_type": "解剖部位",
            "overlap": 0,
            "start_pos": 134,
            "text": "胆总管"
        },
        {
            "end_pos": 160,
            "label_type": "解剖部位",
            "overlap": 0,
            "start_pos": 153,
            "text": "胰腺周围淋巴结"
        },
        {
            "end_pos": 180,
            "label_type": "解剖部位",
            "overlap": 0,
            "start_pos": 170,
            "text": "胃周围（2个）淋巴结"
        },
        {
            "label_type": "疾病和诊断",
            "overlap": 0,
            "start_pos": 185,
            "end_pos": 190,
            "text": "慢性胆囊炎"
        },
        {
            "label_type": "疾病和诊断",
            "overlap": 0,
            "start_pos": 192,
            "end_pos": 195,
            "text": "肝囊肿"
        },
        {
            "label_type": "手术",
            "overlap": 0,
            "start_pos": 225,
            "end_pos": 228,
            "text": "肝活检"
        },
        {
            "end_pos": 230,
            "label_type": "解剖部位",
            "overlap": 0,
            "start_pos": 229,
            "text": "肝"
        },
        {
            "end_pos": 238,
            "label_type": "解剖部位",
            "overlap": 0,
            "start_pos": 237,
            "text": "肝"
        },
        {
            "label_type": "解剖部位",
            "overlap": 0,
            "start_pos": 243,
            "end_pos": 244,
            "text": "肝"
        },
        {
            "end_pos": 401,
            "label_type": "解剖部位",
            "overlap": 0,
            "start_pos": 400,
            "text": "腹"
        },
        {
            "end_pos": 404,
            "label_type": "解剖部位",
            "overlap": 0,
            "start_pos": 403,
            "text": "腹"
        },
        {
            "label_type": "解剖部位",
            "overlap": 0,
            "start_pos": 414,
            "end_pos": 415,
            "text": "心"
        },
        {
            "end_pos": 418,
            "label_type": "解剖部位",
            "overlap": 0,
            "start_pos": 417,
            "text": "胸"
        },
        {
            "label_type": "疾病和诊断",
            "overlap": 0,
            "start_pos": 444,
            "end_pos": 451,
            "text": "胰十二指肠术后"
        }
    ]
}