{
    "originalText": "患者于2+月前因“间断腹胀、呕血40年，腹胀加重2月。”于我院门诊胃镜示胃体溃疡（A2，性质？），浅表性胃窦炎。行剖腹探查术+远端胃癌根治术（ROUX-EN-Y吻合），术后恢复好，病理类型（（胃）溃疡型中分化腺癌，浸及胃壁全层，脉管内见癌栓）。分期T3N0M0 II期。1月前行1次FOLFOX方案全身静脉化疗,化疗后一般状况可，本次为行第2次化疗收住入院。\\U0004   患者本次发病以来，食欲上降， 神志清醒，精神尚可，睡眠欠佳，大便如下，小便正常，体重无明显变化。",
    "entities": [
        {
            "end_pos": 12,
            "label_type": "解剖部位",
            "start_pos": 11,
            "text": "腹"
        },
        {
            "end_pos": 21,
            "label_type": "解剖部位",
            "start_pos": 20,
            "text": "腹"
        },
        {
            "label_type": "疾病和诊断",
            "start_pos": 36,
            "end_pos": 48,
            "text": "胃体溃疡（A2，性质？）"
        },
        {
            "label_type": "疾病和诊断",
            "start_pos": 49,
            "end_pos": 55,
            "text": "浅表性胃窦炎"
        },
        {
            "label_type": "手术",
            "start_pos": 57,
            "end_pos": 83,
            "text": "剖腹探查术+远端胃癌根治术（ROUX-EN-Y吻合）"
        },
        {
            "label_type": "疾病和诊断",
            "start_pos": 95,
            "end_pos": 106,
            "text": "（胃）溃疡型中分化腺癌"
        },
        {
            "label_type": "解剖部位",
            "start_pos": 109,
            "end_pos": 110,
            "text": "胃"
        }
    ]
}