{
    "originalText": "，缘于入院前3年余于我院诊断为胃癌，于2012-04-11在全全上麻腹腔镜上根治性全胃切除术上术行腔镜上根治性全胃切除术，术后病理食管胃交界溃疡型管状腺癌II－III级示(201210术10下3上切)，：，（下切侵）出浆膜癌层，手术标贲门左淋巴结本下、上切端小弯淋巴结及另送（下大弯淋巴结切端）均未幽门下淋巴结见癌浸润。幽门上淋巴结找到1/15个，（第8组）淋巴结0/2个，癌0/1个，0组/5个I，0（/5个，）及另送0（/）4个见癌转（移）。，免（疫）组化：K（I）67（38（0%+））术，P53（-），CD5治6（-），SY（-），IICGA术（-），C洛铂K18（+表柔比星++）。术后加重希罗达对症、营养支持I等治疗，恢复良好,伤口愈合II/甲。术后再入院行50MG+1腹痛0脐0MGD1+1性500MGBID肛门D1-D14方案化疗状6周期，未见明显化疗反应，2天前,治自诉痛,周门明显腹痛待查,呈阵发下性,可自行缓解,伴停止排食气排便腹痛.腹现感症状给大小予,无明显缓解方式,为求进一",
    "entities": [
        {
            "label_type": "疾病和诊断",
            "overlap": 0,
            "start_pos": 15,
            "end_pos": 17,
            "text": "胃癌"
        },
        {
            "end_pos": 46,
            "label_type": "手术",
            "overlap": 0,
            "start_pos": 34,
            "text": "腹腔镜上根治性全胃切除术"
        },
        {
            "label_type": "疾病和诊断",
            "overlap": 0,
            "start_pos": 65,
            "end_pos": 84,
            "text": "食管胃交界溃疡型管状腺癌II－III级"
        },
        {
            "end_pos": 123,
            "label_type": "解剖部位",
            "overlap": 0,
            "start_pos": 117,
            "text": "贲门左淋巴结"
        },
        {
            "end_pos": 134,
            "label_type": "解剖部位",
            "overlap": 0,
            "start_pos": 129,
            "text": "小弯淋巴结"
        },
        {
            "end_pos": 144,
            "label_type": "解剖部位",
            "overlap": 0,
            "start_pos": 139,
            "text": "大弯淋巴结"
        },
        {
            "end_pos": 155,
            "label_type": "解剖部位",
            "overlap": 0,
            "start_pos": 149,
            "text": "幽门下淋巴结"
        },
        {
            "end_pos": 166,
            "label_type": "解剖部位",
            "overlap": 0,
            "start_pos": 160,
            "text": "幽门上淋巴结"
        },
        {
            "end_pos": 182,
            "label_type": "解剖部位",
            "overlap": 0,
            "start_pos": 174,
            "text": "（第8组）淋巴结"
        },
        {
            "end_pos": 283,
            "label_type": "药物",
            "overlap": 0,
            "start_pos": 281,
            "text": "洛铂"
        },
        {
            "end_pos": 292,
            "label_type": "药物",
            "overlap": 0,
            "start_pos": 288,
            "text": "表柔比星"
        },
        {
            "end_pos": 303,
            "label_type": "药物",
            "overlap": 0,
            "start_pos": 300,
            "text": "希罗达"
        },
        {
            "end_pos": 342,
            "label_type": "解剖部位",
            "overlap": 0,
            "start_pos": 341,
            "text": "腹"
        },
        {
            "label_type": "解剖部位",
            "overlap": 0,
            "start_pos": 344,
            "end_pos": 345,
            "text": "脐"
        },
        {
            "label_type": "解剖部位",
            "overlap": 0,
            "start_pos": 361,
            "end_pos": 363,
            "text": "肛门"
        },
        {
            "label_type": "疾病和诊断",
            "overlap": 0,
            "start_pos": 400,
            "end_pos": 404,
            "text": "腹痛待查"
        },
        {
            "end_pos": 426,
            "label_type": "解剖部位",
            "overlap": 0,
            "start_pos": 425,
            "text": "腹"
        },
        {
            "end_pos": 429,
            "label_type": "解剖部位",
            "overlap": 0,
            "start_pos": 428,
            "text": "腹"
        }
    ]
}