{
    "originalText": "，患者8月余前始无明显诱因出现进食后下腹胀痛，以进食硬物时明显，持续10余分钟后可自行缓解，伴返流，偶伴嗳气，无放射性痛，无心悸、胸闷、心前区疼痛，无呕吐、返酸、呕血，无吞咽困难、呛咳，无厌油、身目黄染，无解黑便、血便，未予特殊治疗。后症状加重，为进一步诊治到我院就诊， 2012-03-02，我院电子胃镜示：胃癌（皮革胃）侵犯贲门；，病理活检示：低分化腺癌。2012-03-05，我院下腹部CT示：贲门、胃底胃壁明显增厚，符合贲门胃底癌。肝S6低密度灶，考虑小囊肿可能性大。于2012-03-08、2012-04-05、2012-04-27三次在我院内科予“草酸铂+替吉奥”联合化疗。于2012－5－30我院行“根治性全胃切除术”，术后病理（493573）示低分化腺癌浸润至浆膜上及食管浅肌层，近端（＋），淋巴结（＋）4/16。术后恢复可，于2012－07－19,2012-9-20、2012-10-18、2012-11-15给予\\\" 替吉奥+多西他赛\\\"方案化疗4程,2012－12－13改为替吉奥单药维持.今日遵教授医嘱，继续替吉奥单药维持，现为进一步治疗入院。起病以来，患者无畏寒发热，无咳嗽、咳痰，胃纳精神尚可，二便正常，体重近4个月上降15KG。",
    "entities": [
        {
            "end_pos": 20,
            "label_type": "解剖部位",
            "start_pos": 18,
            "text": "下腹"
        },
        {
            "end_pos": 63,
            "label_type": "解剖部位",
            "start_pos": 62,
            "text": "心"
        },
        {
            "end_pos": 66,
            "label_type": "解剖部位",
            "start_pos": 65,
            "text": "胸"
        },
        {
            "label_type": "解剖部位",
            "start_pos": 68,
            "end_pos": 69,
            "text": "心"
        },
        {
            "label_type": "疾病和诊断",
            "start_pos": 155,
            "end_pos": 162,
            "text": "胃癌（皮革胃）"
        },
        {
            "end_pos": 166,
            "label_type": "解剖部位",
            "start_pos": 164,
            "text": "贲门"
        },
        {
            "label_type": "疾病和诊断",
            "start_pos": 174,
            "end_pos": 179,
            "text": "低分化腺癌"
        },
        {
            "label_type": "影像检查",
            "start_pos": 193,
            "end_pos": 198,
            "text": "下腹部CT"
        },
        {
            "end_pos": 202,
            "label_type": "解剖部位",
            "start_pos": 200,
            "text": "贲门"
        },
        {
            "end_pos": 205,
            "label_type": "解剖部位",
            "start_pos": 203,
            "text": "胃底"
        },
        {
            "end_pos": 207,
            "label_type": "解剖部位",
            "start_pos": 205,
            "text": "胃壁"
        },
        {
            "label_type": "疾病和诊断",
            "start_pos": 214,
            "end_pos": 219,
            "text": "贲门胃底癌"
        },
        {
            "end_pos": 223,
            "label_type": "解剖部位",
            "start_pos": 220,
            "text": "肝S6"
        },
        {
            "end_pos": 283,
            "label_type": "药物",
            "start_pos": 280,
            "text": "草酸铂"
        },
        {
            "end_pos": 287,
            "label_type": "药物",
            "start_pos": 284,
            "text": "替吉奥"
        },
        {
            "end_pos": 315,
            "label_type": "手术",
            "start_pos": 307,
            "text": "根治性全胃切除术"
        },
        {
            "label_type": "疾病和诊断",
            "start_pos": 330,
            "end_pos": 335,
            "text": "低分化腺癌"
        },
        {
            "label_type": "解剖部位",
            "start_pos": 342,
            "end_pos": 344,
            "text": "食管"
        },
        {
            "end_pos": 422,
            "label_type": "药物",
            "start_pos": 419,
            "text": "替吉奥"
        },
        {
            "end_pos": 427,
            "label_type": "药物",
            "start_pos": 423,
            "text": "多西他赛"
        },
        {
            "end_pos": 451,
            "label_type": "药物",
            "start_pos": 448,
            "text": "替吉奥"
        },
        {
            "end_pos": 469,
            "label_type": "药物",
            "start_pos": 466,
            "text": "替吉奥"
        },
        {
            "end_pos": 505,
            "label_type": "解剖部位",
            "start_pos": 504,
            "text": "胃"
        }
    ]
}