{
    "originalText": "，，缘于入院前3月因直肠癌“”就诊我，院，于2016年11月10日在上全腹腔镜上直肠根治术（DIXON手术）麻上行腹腔腔镜上直根治，术（DIXO，N手术腹），,探查腔腹膜内无明显出血，系膜没，有明显膜粘，连，无肠明显，水，肿瘤位，周于膜返折下5C淋巴结M术对系术后膜侧，侵及浆膜层，未液形成梗阻，近端无扩张，周围未，术后见明显肿术后大淋（巴结。术顺,术后予），预（直肠），防直肠隆起型中分化管状腺癌，小灶区为黏液腺癌，感染肠、制酸，脉管、癌补液，、营养支持、增强，手术免疫力等上处理，术后（恢复可）。（上术后）病理癌（2016肠周淋巴结41027），：（肠系膜上动脉根部）淋巴结（直），，（中间组）淋巴结：直隆起，型癌中分化，管状组化腺癌，小灶区为黏液（腺），癌，侵犯（壁全层），，I脉管（见癌侵犯），未见明确神（经侵），犯，手术标（本下、），上切端及另（送（下），切端）、（（上）切端）未见癌浸润。提示3/14枚及，另结送0/4枚，1/9枚，见癌转移。，免D疫组化：肿瘤细N胞示CK7（-），CK20（+++），KI67（60%+）。MLH-1（++），M奥沙利铂SH-2（I+++）D，M卡培他滨SH-6（++IDD+）D，PMS-化2，（+为化）找到该病例肿，瘤微卫直肠癌术后化星稳定(MSS)，请结合临床。检测到KRA，S腹基因腹存在G1，3小D突变，。未检测到NRA化S",
    "entities": [
        {
            "label_type": "疾病和诊断",
            "overlap": 0,
            "start_pos": 10,
            "end_pos": 13,
            "text": "直肠癌"
        },
        {
            "label_type": "手术",
            "overlap": 0,
            "start_pos": 36,
            "end_pos": 54,
            "text": "腹腔镜上直肠根治术（DIXON手术）"
        },
        {
            "end_pos": 59,
            "label_type": "解剖部位",
            "overlap": 0,
            "start_pos": 57,
            "text": "腹腔"
        },
        {
            "end_pos": 77,
            "label_type": "解剖部位",
            "overlap": 0,
            "start_pos": 76,
            "text": "腹"
        },
        {
            "label_type": "解剖部位",
            "overlap": 0,
            "start_pos": 83,
            "end_pos": 84,
            "text": "腹"
        },
        {
            "end_pos": 106,
            "label_type": "解剖部位",
            "overlap": 0,
            "start_pos": 105,
            "text": "肠"
        },
        {
            "end_pos": 184,
            "label_type": "解剖部位",
            "overlap": 0,
            "start_pos": 182,
            "text": "直肠"
        },
        {
            "label_type": "疾病和诊断",
            "overlap": 0,
            "start_pos": 187,
            "end_pos": 208,
            "text": "直肠隆起型中分化管状腺癌，小灶区为黏液腺癌"
        },
        {
            "label_type": "解剖部位",
            "overlap": 0,
            "start_pos": 211,
            "end_pos": 212,
            "text": "肠"
        },
        {
            "end_pos": 268,
            "label_type": "解剖部位",
            "overlap": 0,
            "start_pos": 263,
            "text": "肠周淋巴结"
        },
        {
            "end_pos": 289,
            "label_type": "解剖部位",
            "overlap": 0,
            "start_pos": 276,
            "text": "（肠系膜上动脉根部）淋巴结"
        },
        {
            "label_type": "解剖部位",
            "overlap": 0,
            "start_pos": 294,
            "end_pos": 302,
            "text": "（中间组）淋巴结"
        },
        {
            "end_pos": 483,
            "label_type": "药物",
            "overlap": 0,
            "start_pos": 479,
            "text": "奥沙利铂"
        },
        {
            "end_pos": 500,
            "label_type": "药物",
            "overlap": 0,
            "start_pos": 496,
            "text": "卡培他滨"
        },
        {
            "label_type": "疾病和诊断",
            "overlap": 0,
            "start_pos": 536,
            "end_pos": 541,
            "text": "直肠癌术后"
        },
        {
            "end_pos": 566,
            "label_type": "解剖部位",
            "overlap": 0,
            "start_pos": 565,
            "text": "腹"
        },
        {
            "end_pos": 569,
            "label_type": "解剖部位",
            "overlap": 0,
            "start_pos": 568,
            "text": "腹"
        }
    ]
}