{
    "originalText": "，患者2011.4.18于**一院行十二指肠切除＋胆总管引流、空肠造瘘术，术后发生吻合口瘘及吻合口狭窄，对症处理后好转。，术后病理：十二指肠中分化腺癌，侵犯肠壁全层，未突破浆膜层，淋巴结3/12见转移癌，远近切缘未见癌，分期PT3N1BM0 IIIB期。2011.7.25我院PET/，CT：吻合口局部代谢较活跃，SUV 5.3，疑术后改变，左下腹腔结节代谢活跃，SUV 9.8，大小0.7*0.9CM，考虑转移，肠系膜下动脉旁数个小淋巴结代谢活跃，疑转移。TM（－）。2011.8.，1CT：十二指肠降段内侧壁增厚，最后处19MM，考虑术后改变与肿瘤复发待鉴别。于2011.8.1开始化疗，，方案：L－OHP 250MG，CPB 2.0G BID*14D。现为第2程化疗入院。患者近期精神食欲可，大小便正常，体重稍增加。",
    "entities": [
        {
            "label_type": "手术",
            "start_pos": 18,
            "end_pos": 36,
            "text": "十二指肠切除＋胆总管引流、空肠造瘘术"
        },
        {
            "label_type": "疾病和诊断",
            "start_pos": 41,
            "end_pos": 45,
            "text": "吻合口瘘"
        },
        {
            "label_type": "疾病和诊断",
            "start_pos": 46,
            "end_pos": 51,
            "text": "吻合口狭窄"
        },
        {
            "label_type": "疾病和诊断",
            "start_pos": 66,
            "end_pos": 75,
            "text": "十二指肠中分化腺癌"
        },
        {
            "label_type": "解剖部位",
            "start_pos": 78,
            "end_pos": 79,
            "text": "肠"
        },
        {
            "label_type": "影像检查",
            "start_pos": 138,
            "end_pos": 145,
            "text": "PET/，CT"
        },
        {
            "label_type": "解剖部位",
            "start_pos": 171,
            "end_pos": 174,
            "text": "左下腹"
        },
        {
            "end_pos": 213,
            "label_type": "解剖部位",
            "start_pos": 207,
            "text": "肠系膜下动脉"
        },
        {
            "label_type": "影像检查",
            "start_pos": 244,
            "end_pos": 246,
            "text": "CT"
        },
        {
            "label_type": "解剖部位",
            "start_pos": 247,
            "end_pos": 253,
            "text": "十二指肠降段"
        },
        {
            "label_type": "药物",
            "start_pos": 300,
            "end_pos": 305,
            "text": "L－OHP"
        },
        {
            "label_type": "药物",
            "start_pos": 312,
            "end_pos": 315,
            "text": "CPB"
        }
    ]
}