{
    "originalText": "，，患者12前天前子宫内膜复杂性增生因“”在我全子宫切除术+两侧输卵管切除术+盆腔粘连松解术院，术行全切除术部分+切膜粘连除左前腹术，分+粘连后盆肝脏腔粘连松，解术膜。肠管，术中探查: 部分盆腹腔内大网膜性粘连于子宫前左，前壁，分离粘连后，见表面光，滑部，大，呈腺网病样膜变，子宫后及表面未部分肠见膜粘连，右侧卵巢粘连内子宫右后瘤，左侧卵巢异常，粘连。子宫左后盆内侧腹膜少两侧输卵管外量血性积，术液腹腔。前位，约2病个月妊娠大小，表（腹腔面光滑），局部质硬，呈腺肌皮病样改变，后壁上段与部性分系膜粘子宫内膜呈连，粘连于右后壁后，变，萎缩切，粘部连于左后复杂性增生壁内膜和侧膜。子宫颈外口切外观正术常。，，术后，术病中冲洗液子宫内膜复杂性增生，部分腺体呈高级别下皮内瘤变，部分区域为高分化子宫内膜样腺癌，送快粘膜内，速病理子宫颈颈管内口，检查结果部切除提示外口：（切冲洗慢性子宫颈炎液（两侧）输卵管）离心，涂片查化见大量间皮细（+）胞及少（+）量淋巴细胞、（+）中性粒细胞。呈孕激素类药物腹治疗阴道后改，变，冰冻切片局部查见为少许复杂性增生的内膜，。未累及子宫内膜病变术后颈外口切线。手术顺利，，病术后，常规病理回，示：，部分腺体，呈高级别，下皮明显变，，体部分区域为变高",
    "entities": [
        {
            "label_type": "疾病和诊断",
            "overlap": 0,
            "start_pos": 9,
            "end_pos": 18,
            "text": "子宫内膜复杂性增生"
        },
        {
            "label_type": "手术",
            "overlap": 0,
            "start_pos": 23,
            "end_pos": 46,
            "text": "全子宫切除术+两侧输卵管切除术+盆腔粘连松解术"
        },
        {
            "label_type": "解剖部位",
            "overlap": 0,
            "start_pos": 62,
            "end_pos": 65,
            "text": "左前腹"
        },
        {
            "end_pos": 75,
            "label_type": "解剖部位",
            "overlap": 0,
            "start_pos": 73,
            "text": "肝脏"
        },
        {
            "end_pos": 86,
            "label_type": "解剖部位",
            "overlap": 0,
            "start_pos": 84,
            "text": "肠管"
        },
        {
            "end_pos": 98,
            "label_type": "解剖部位",
            "overlap": 0,
            "start_pos": 95,
            "text": "盆腹腔"
        },
        {
            "end_pos": 108,
            "label_type": "解剖部位",
            "overlap": 0,
            "start_pos": 106,
            "text": "子宫"
        },
        {
            "label_type": "解剖部位",
            "overlap": 0,
            "start_pos": 138,
            "end_pos": 140,
            "text": "子宫"
        },
        {
            "label_type": "解剖部位",
            "overlap": 0,
            "start_pos": 147,
            "end_pos": 148,
            "text": "肠"
        },
        {
            "end_pos": 157,
            "label_type": "解剖部位",
            "overlap": 0,
            "start_pos": 153,
            "text": "右侧卵巢"
        },
        {
            "label_type": "解剖部位",
            "overlap": 0,
            "start_pos": 160,
            "end_pos": 162,
            "text": "子宫"
        },
        {
            "end_pos": 170,
            "label_type": "解剖部位",
            "overlap": 0,
            "start_pos": 166,
            "text": "左侧卵巢"
        },
        {
            "label_type": "解剖部位",
            "overlap": 0,
            "start_pos": 176,
            "end_pos": 178,
            "text": "子宫"
        },
        {
            "label_type": "解剖部位",
            "overlap": 0,
            "start_pos": 183,
            "end_pos": 184,
            "text": "腹"
        },
        {
            "end_pos": 191,
            "label_type": "解剖部位",
            "overlap": 0,
            "start_pos": 186,
            "text": "两侧输卵管"
        },
        {
            "end_pos": 201,
            "label_type": "解剖部位",
            "overlap": 0,
            "start_pos": 199,
            "text": "腹腔"
        },
        {
            "end_pos": 219,
            "label_type": "解剖部位",
            "overlap": 0,
            "start_pos": 217,
            "text": "腹腔"
        },
        {
            "end_pos": 253,
            "label_type": "解剖部位",
            "overlap": 0,
            "start_pos": 249,
            "text": "子宫内膜"
        },
        {
            "end_pos": 293,
            "label_type": "解剖部位",
            "overlap": 0,
            "start_pos": 288,
            "text": "子宫颈外口"
        },
        {
            "label_type": "疾病和诊断",
            "overlap": 0,
            "start_pos": 311,
            "end_pos": 350,
            "text": "子宫内膜复杂性增生，部分腺体呈高级别下皮内瘤变，部分区域为高分化子宫内膜样腺癌"
        },
        {
            "end_pos": 367,
            "label_type": "解剖部位",
            "overlap": 0,
            "start_pos": 360,
            "text": "子宫颈颈管内口"
        },
        {
            "label_type": "疾病和诊断",
            "overlap": 0,
            "start_pos": 384,
            "end_pos": 390,
            "text": "慢性子宫颈炎"
        },
        {
            "end_pos": 398,
            "label_type": "解剖部位",
            "overlap": 0,
            "start_pos": 391,
            "text": "（两侧）输卵管"
        },
        {
            "end_pos": 444,
            "label_type": "解剖部位",
            "overlap": 0,
            "start_pos": 443,
            "text": "腹"
        },
        {
            "end_pos": 448,
            "label_type": "解剖部位",
            "overlap": 0,
            "start_pos": 446,
            "text": "阴道"
        },
        {
            "label_type": "疾病和诊断",
            "overlap": 0,
            "start_pos": 477,
            "end_pos": 485,
            "text": "子宫内膜病变术后"
        }
    ]
}