{
    "originalText": "，患者2012-10查体超声发现肝占位，无明显左下腹疼痛不适，体温正常,无恶心、呕吐，无腹痛、腹泻，大小便正常。2012-10-5，行CT检查：肝左后叶占位，考虑为肝癌，化验AFP(-),入我院后积极完善相关检查，并于2012.10.17在全麻上行肝左后上叶肿瘤切除术，术后给予保肝、抗感染、静脉营养等对症支持治疗，患者恢复顺利。于2012.11.2在局麻上行TACE治疗，患者好转后出院。，术后病理：（左肝）肝细胞性肝癌（中度分化），侵达被膜，未累及切除面。于2012.12.4在局麻上行TACE治疗（氟脲苷0.75G，艾达生30MG，泽菲1.4G，金普素10ML），于2013-1-22日及2013-5-9给予吉西他滨、替加氟、亚叶酸钙化疗,患者好转后出院，术后患者多次来院就诊复查，1月前因查体发现肿瘤复发于2015-11-06在全麻上行接受肝癌切除+胆囊切除+术中无水乙醇注射治疗术,病理结果回示（201519352），：左肝、右肝肝细胞性肝癌、慢性腺性胆囊炎。于2016-01-04 在介入科行肝肿瘤TACE治疗，后继化疗，泽菲+替加氟+亚叶酸方案化疗，并给予保肝、抑酸、抗炎治疗，恢复良好。现患者为进一步治疗再次来我院就诊，门诊以\\\"肝癌术后\\\"收入院。   患者自发病以来，神志清，精神好，睡眠、饮食可，体重无明显减轻。",
    "entities": [
        {
            "label_type": "影像检查",
            "start_pos": 12,
            "end_pos": 14,
            "text": "超声"
        },
        {
            "label_type": "解剖部位",
            "start_pos": 16,
            "end_pos": 17,
            "text": "肝"
        },
        {
            "end_pos": 26,
            "label_type": "解剖部位",
            "start_pos": 23,
            "text": "左下腹"
        },
        {
            "end_pos": 45,
            "label_type": "解剖部位",
            "start_pos": 44,
            "text": "腹"
        },
        {
            "end_pos": 48,
            "label_type": "解剖部位",
            "start_pos": 47,
            "text": "腹"
        },
        {
            "label_type": "影像检查",
            "start_pos": 67,
            "end_pos": 69,
            "text": "CT"
        },
        {
            "label_type": "解剖部位",
            "start_pos": 72,
            "end_pos": 76,
            "text": "肝左后叶"
        },
        {
            "label_type": "疾病和诊断",
            "start_pos": 82,
            "end_pos": 84,
            "text": "肝癌"
        },
        {
            "end_pos": 134,
            "label_type": "手术",
            "start_pos": 124,
            "text": "肝左后上叶肿瘤切除术"
        },
        {
            "end_pos": 141,
            "label_type": "解剖部位",
            "start_pos": 140,
            "text": "肝"
        },
        {
            "end_pos": 148,
            "label_type": "解剖部位",
            "start_pos": 146,
            "text": "静脉"
        },
        {
            "end_pos": 184,
            "label_type": "手术",
            "start_pos": 180,
            "text": "TACE"
        },
        {
            "label_type": "疾病和诊断",
            "start_pos": 201,
            "end_pos": 217,
            "text": "（左肝）肝细胞性肝癌（中度分化）"
        },
        {
            "end_pos": 249,
            "label_type": "手术",
            "start_pos": 245,
            "text": "TACE"
        },
        {
            "end_pos": 255,
            "label_type": "药物",
            "start_pos": 252,
            "text": "氟脲苷"
        },
        {
            "end_pos": 264,
            "label_type": "药物",
            "start_pos": 261,
            "text": "艾达生"
        },
        {
            "end_pos": 271,
            "label_type": "药物",
            "start_pos": 269,
            "text": "泽菲"
        },
        {
            "end_pos": 279,
            "label_type": "药物",
            "start_pos": 276,
            "text": "金普素"
        },
        {
            "end_pos": 311,
            "label_type": "药物",
            "start_pos": 307,
            "text": "吉西他滨"
        },
        {
            "end_pos": 315,
            "label_type": "药物",
            "start_pos": 312,
            "text": "替加氟"
        },
        {
            "end_pos": 320,
            "label_type": "药物",
            "start_pos": 316,
            "text": "亚叶酸钙"
        },
        {
            "label_type": "手术",
            "start_pos": 374,
            "end_pos": 395,
            "text": "肝癌切除+胆囊切除+术中无水乙醇注射治疗术"
        },
        {
            "label_type": "疾病和诊断",
            "start_pos": 415,
            "end_pos": 426,
            "text": "左肝、右肝肝细胞性肝癌"
        },
        {
            "label_type": "疾病和诊断",
            "start_pos": 427,
            "end_pos": 434,
            "text": "慢性腺性胆囊炎"
        },
        {
            "end_pos": 459,
            "label_type": "手术",
            "start_pos": 452,
            "text": "肝肿瘤TACE"
        },
        {
            "end_pos": 469,
            "label_type": "药物",
            "start_pos": 467,
            "text": "泽菲"
        },
        {
            "end_pos": 473,
            "label_type": "药物",
            "start_pos": 470,
            "text": "替加氟"
        },
        {
            "end_pos": 477,
            "label_type": "药物",
            "start_pos": 474,
            "text": "亚叶酸"
        },
        {
            "end_pos": 487,
            "label_type": "解剖部位",
            "start_pos": 486,
            "text": "肝"
        },
        {
            "label_type": "疾病和诊断",
            "start_pos": 523,
            "end_pos": 527,
            "text": "肝癌术后"
        }
    ]
}