{
    "originalText": "，缘于入院前20余日于我院诊为乙状结肠癌乙状结癌，于2015-10-2上1乙状结肠癌根治术在全术麻上行腹腔，，术中腹见：腹腔内盆腔无明显水，、、大网结膜无肝脏明显转移结节，质地大小正常胆囊，未触结及肿物，未触乙状结肠上段及结石。肿瘤位于，约肠6×5㎝，肠管未形成梗周阻，近端管无扩淋巴结张，周围乙状结肠癌可见少许肿大。乙状结肠癌根治术诊术后断“乙状结乙状结肠癌”，肠溃疡型管状腺癌II级遂决定肠壁行“。肠周术后病理示.(乙状结)，：溃疡型管管状腺癌I术I级，侵上犯壁全层及周脂肪组织，上侵犯神经组织癌，未见肯定肠周淋巴结脉管侵犯，癌手术12下、上切端及另送（下切端）（上切端）均未见癌浸润；找到9个，未见癌转移。2.该病例检测到KRAS基因标本号密术后码子GLY12ASP治突变。3.该病例未检测II到BRAF基因V600E突变。，周术后给予对症、营养支沙利铂持等治疗，恢复I良好,伤口氟尿嘧啶愈合II/甲。I2015-氟尿嘧啶11-21行第1周期化疗，具体方案亚叶酸为“140MGD1IIVGTT+700M术后GD1IVGTT+4200MG乙状结肠癌术后D1-D2微量泵泵人+650MGD1-D2IV腹GT腹T”，此次为术后第2次化疗再次就诊我院，门",
    "entities": [
        {
            "label_type": "疾病和诊断",
            "overlap": 0,
            "start_pos": 15,
            "end_pos": 20,
            "text": "乙状结肠癌"
        },
        {
            "end_pos": 45,
            "label_type": "手术",
            "overlap": 0,
            "start_pos": 37,
            "text": "乙状结肠癌根治术"
        },
        {
            "end_pos": 53,
            "label_type": "解剖部位",
            "overlap": 0,
            "start_pos": 51,
            "text": "腹腔"
        },
        {
            "end_pos": 58,
            "label_type": "解剖部位",
            "overlap": 0,
            "start_pos": 57,
            "text": "腹"
        },
        {
            "end_pos": 62,
            "label_type": "解剖部位",
            "overlap": 0,
            "start_pos": 60,
            "text": "腹腔"
        },
        {
            "end_pos": 65,
            "label_type": "解剖部位",
            "overlap": 0,
            "start_pos": 63,
            "text": "盆腔"
        },
        {
            "end_pos": 79,
            "label_type": "解剖部位",
            "overlap": 0,
            "start_pos": 77,
            "text": "肝脏"
        },
        {
            "end_pos": 94,
            "label_type": "解剖部位",
            "overlap": 0,
            "start_pos": 92,
            "text": "胆囊"
        },
        {
            "end_pos": 110,
            "label_type": "解剖部位",
            "overlap": 0,
            "start_pos": 104,
            "text": "乙状结肠上段"
        },
        {
            "end_pos": 121,
            "label_type": "解剖部位",
            "overlap": 0,
            "start_pos": 120,
            "text": "肠"
        },
        {
            "end_pos": 128,
            "label_type": "解剖部位",
            "overlap": 0,
            "start_pos": 126,
            "text": "肠管"
        },
        {
            "end_pos": 143,
            "label_type": "解剖部位",
            "overlap": 0,
            "start_pos": 140,
            "text": "淋巴结"
        },
        {
            "label_type": "疾病和诊断",
            "overlap": 0,
            "start_pos": 147,
            "end_pos": 152,
            "text": "乙状结肠癌"
        },
        {
            "end_pos": 167,
            "label_type": "手术",
            "overlap": 0,
            "start_pos": 159,
            "text": "乙状结肠癌根治术"
        },
        {
            "end_pos": 179,
            "label_type": "解剖部位",
            "overlap": 0,
            "start_pos": 175,
            "text": "乙状结肠"
        },
        {
            "label_type": "疾病和诊断",
            "overlap": 0,
            "start_pos": 182,
            "end_pos": 193,
            "text": "肠溃疡型管状腺癌II级"
        },
        {
            "end_pos": 198,
            "label_type": "解剖部位",
            "overlap": 0,
            "start_pos": 196,
            "text": "肠壁"
        },
        {
            "label_type": "解剖部位",
            "overlap": 0,
            "start_pos": 201,
            "end_pos": 202,
            "text": "肠"
        },
        {
            "end_pos": 260,
            "label_type": "解剖部位",
            "overlap": 0,
            "start_pos": 255,
            "text": "肠周淋巴结"
        },
        {
            "end_pos": 380,
            "label_type": "药物",
            "overlap": 0,
            "start_pos": 377,
            "text": "沙利铂"
        },
        {
            "end_pos": 397,
            "label_type": "药物",
            "overlap": 0,
            "start_pos": 393,
            "text": "氟尿嘧啶"
        },
        {
            "end_pos": 414,
            "label_type": "药物",
            "overlap": 0,
            "start_pos": 410,
            "text": "氟尿嘧啶"
        },
        {
            "end_pos": 434,
            "label_type": "药物",
            "overlap": 0,
            "start_pos": 431,
            "text": "亚叶酸"
        },
        {
            "label_type": "疾病和诊断",
            "overlap": 0,
            "start_pos": 471,
            "end_pos": 478,
            "text": "乙状结肠癌术后"
        },
        {
            "end_pos": 502,
            "label_type": "解剖部位",
            "overlap": 0,
            "start_pos": 501,
            "text": "腹"
        },
        {
            "end_pos": 505,
            "label_type": "解剖部位",
            "overlap": 0,
            "start_pos": 504,
            "text": "腹"
        }
    ]
}