{
    "originalText": "，，缘于入院2前2个月因为诊胃癌断，为20“4”，2于092014年1上5月根治性远端胃大部切除术，ROUX-Y吻合，02，R09，术日，术后在我院全麻上肝行“根治性大部切除术，，D2，R0”，液分术顺，术后予治以制术后酸、（20保44、增29），强(远端胃)，免胃角溃疡型粘液腺癌，部分为印戒细胞癌，疫力、抗肿，瘤术、抗感染上切端、抑制癌消化，液分小弯淋巴结2泌及4对，大弯淋巴结0症7支，幽门上淋巴结2持治疗。，术癌后病理（20（442019），443(第7组)淋巴结0329）(第8组)淋巴结2，2：((第9组)淋巴结0)，：，，癌侵出浆20膜外，0手术09标本奥沙利铂下、0M上切端多柔比星脂质体（里葆多）40M均未2希罗达见000M癌浸润-，4找到第2/期术后14个，，0/7胃，个肝，，2/12个，见癌转移。（201443发热，369，），体：找，到0/1个、，门2/2胃角溃疡型粘液腺癌（PT4AN2M0IIIB期）术后个、，发热待查0/1个，见癌发转移。，2015.01.09按“，大小150，体MGD1（）40",
    "entities": [
        {
            "label_type": "疾病和诊断",
            "overlap": 0,
            "start_pos": 14,
            "end_pos": 16,
            "text": "胃癌"
        },
        {
            "end_pos": 49,
            "label_type": "手术",
            "overlap": 0,
            "start_pos": 38,
            "text": "根治性远端胃大部切除术"
        },
        {
            "end_pos": 58,
            "label_type": "手术",
            "overlap": 0,
            "start_pos": 50,
            "text": "ROUX-Y吻合"
        },
        {
            "end_pos": 78,
            "label_type": "解剖部位",
            "overlap": 0,
            "start_pos": 77,
            "text": "肝"
        },
        {
            "end_pos": 129,
            "label_type": "解剖部位",
            "overlap": 0,
            "start_pos": 126,
            "text": "远端胃"
        },
        {
            "label_type": "疾病和诊断",
            "overlap": 0,
            "start_pos": 132,
            "end_pos": 150,
            "text": "胃角溃疡型粘液腺癌，部分为印戒细胞癌"
        },
        {
            "end_pos": 180,
            "label_type": "解剖部位",
            "overlap": 0,
            "start_pos": 175,
            "text": "小弯淋巴结"
        },
        {
            "end_pos": 191,
            "label_type": "解剖部位",
            "overlap": 0,
            "start_pos": 186,
            "text": "大弯淋巴结"
        },
        {
            "end_pos": 202,
            "label_type": "解剖部位",
            "overlap": 0,
            "start_pos": 196,
            "text": "幽门上淋巴结"
        },
        {
            "label_type": "解剖部位",
            "overlap": 0,
            "start_pos": 228,
            "end_pos": 236,
            "text": "(第7组)淋巴结"
        },
        {
            "label_type": "解剖部位",
            "overlap": 0,
            "start_pos": 241,
            "end_pos": 249,
            "text": "(第8组)淋巴结"
        },
        {
            "label_type": "解剖部位",
            "overlap": 0,
            "start_pos": 254,
            "end_pos": 262,
            "text": "(第9组)淋巴结"
        },
        {
            "end_pos": 288,
            "label_type": "药物",
            "overlap": 0,
            "start_pos": 284,
            "text": "奥沙利铂"
        },
        {
            "end_pos": 302,
            "label_type": "药物",
            "overlap": 0,
            "start_pos": 295,
            "text": "多柔比星脂质体"
        },
        {
            "end_pos": 306,
            "label_type": "药物",
            "overlap": 0,
            "start_pos": 303,
            "text": "里葆多"
        },
        {
            "end_pos": 316,
            "label_type": "药物",
            "overlap": 0,
            "start_pos": 313,
            "text": "希罗达"
        },
        {
            "end_pos": 344,
            "label_type": "解剖部位",
            "overlap": 0,
            "start_pos": 343,
            "text": "胃"
        },
        {
            "end_pos": 347,
            "label_type": "解剖部位",
            "overlap": 0,
            "start_pos": 346,
            "text": "肝"
        },
        {
            "label_type": "疾病和诊断",
            "overlap": 0,
            "start_pos": 391,
            "end_pos": 417,
            "text": "胃角溃疡型粘液腺癌（PT4AN2M0IIIB期）术后"
        },
        {
            "label_type": "疾病和诊断",
            "overlap": 0,
            "start_pos": 420,
            "end_pos": 424,
            "text": "发热待查"
        }
    ]
}