{
    "originalText": "，病人4个月前突然发现大便带血，便条变细，行肠镜检查示距肛缘1CM可见息肉样隆起，大小约3.0*3.0CM表面凹凸不平，分叶状，表面可见溃疡，无腹痛，无恶心呕吐。取病理，病理诊断为直肠腺癌(中分化)，来我院肿瘤外科，于2011-11-24全麻上行直肠癌MILES术，，术中探查见：肿瘤位于直肠上段腹膜返折以上，侵及精囊腺，盆腔未触及包块，肝脏、腹膜及DOUGLAS腔未触及可疑转移结节，盆腔无腹水，根据探查结果，行直肠癌经腹、会阴联合切除术（MILES术），右侧腹壁永久造瘘，术后行抗炎对症治疗，，术后病理：直肠癌。淋巴结未见转移，DUKES分期“A3”，术后恢复可，行口服希罗达化疗，同时来我科行盆腔放疗。今放疗16次，入院行上一周期希罗达化疗，病人目前无发热，无尿频尿急，血尿。饮食可，睡眠可，大便不规律，小便正常，体重无明显减轻。",
    "entities": [
        {
            "end_pos": 73,
            "label_type": "解剖部位",
            "start_pos": 72,
            "text": "腹"
        },
        {
            "label_type": "疾病和诊断",
            "start_pos": 90,
            "end_pos": 99,
            "text": "直肠腺癌(中分化)"
        },
        {
            "end_pos": 132,
            "label_type": "手术",
            "start_pos": 123,
            "text": "直肠癌MILES术"
        },
        {
            "label_type": "解剖部位",
            "start_pos": 144,
            "end_pos": 146,
            "text": "直肠"
        },
        {
            "label_type": "解剖部位",
            "start_pos": 148,
            "end_pos": 149,
            "text": "腹"
        },
        {
            "end_pos": 160,
            "label_type": "解剖部位",
            "start_pos": 157,
            "text": "精囊腺"
        },
        {
            "end_pos": 163,
            "label_type": "解剖部位",
            "start_pos": 161,
            "text": "盆腔"
        },
        {
            "end_pos": 171,
            "label_type": "解剖部位",
            "start_pos": 169,
            "text": "肝脏"
        },
        {
            "label_type": "解剖部位",
            "start_pos": 172,
            "end_pos": 173,
            "text": "腹"
        },
        {
            "end_pos": 183,
            "label_type": "解剖部位",
            "start_pos": 175,
            "text": "DOUGLAS腔"
        },
        {
            "end_pos": 195,
            "label_type": "解剖部位",
            "start_pos": 193,
            "text": "盆腔"
        },
        {
            "end_pos": 197,
            "label_type": "解剖部位",
            "start_pos": 196,
            "text": "腹"
        },
        {
            "label_type": "手术",
            "start_pos": 207,
            "end_pos": 237,
            "text": "直肠癌经腹、会阴联合切除术（MILES术），右侧腹壁永久造瘘"
        },
        {
            "label_type": "疾病和诊断",
            "start_pos": 254,
            "end_pos": 257,
            "text": "直肠癌"
        },
        {
            "end_pos": 290,
            "label_type": "药物",
            "start_pos": 287,
            "text": "希罗达"
        },
        {
            "end_pos": 301,
            "label_type": "解剖部位",
            "start_pos": 299,
            "text": "盆腔"
        },
        {
            "end_pos": 323,
            "label_type": "手术",
            "start_pos": 318,
            "text": "希罗达化疗"
        }
    ]
}