{
    "originalText": "，，入院前8（2天1（212013）.1宫颈鳞癌IB1期2.06）全因“”就腹腔粘连松解术+部分大网膜切除术+广泛全子宫+两侧卵巢移位术+盆腔淋巴结清扫术，术诊我，CA125院1全麻上2行行腔粘，术后连松解术（2+1部分大网2膜），切1除（全子宫），术宫颈浸润型鳞状细胞癌II级，+广肌泛（浸润全+盆1腔2宫颈全卵），巢移内位癌术，+术两侧阴道切淋巴两侧宫旁结清扫术，癌浸润术宫体肌间平滑肌瘤，宫内膜前查，状：128.4（右髂总）淋巴结2U/M，（右盆腔）淋巴结2L，术后，（右侧腹股沟）淋巴结病理2回，（左髂总）淋巴结报（20，（左盆腔）淋巴结111338癌6移27）（大网膜），，：1网膜、（全）癌细胞，：，移侵，及肌层（浸润I深度（＜1/+），C25宫颈（+++），C全层），（+++），脉管内（++++），C见A（++），C癌1栓（，），术后手术标本切端及组织均未，见癌浸润，。，呈增II生状态。2、找1到0/，6个，2/4，0个，（宫颈鳞癌（IB1期，II级）术后右侧股沟）淋巴结0/2，个，0/9个，1/，1腹6个腹见癌转移，大。3、（，体大网膜），：送检网",
    "entities": [
        {
            "label_type": "疾病和诊断",
            "overlap": 0,
            "start_pos": 20,
            "end_pos": 28,
            "text": "宫颈鳞癌IB1期"
        },
        {
            "label_type": "手术",
            "overlap": 0,
            "start_pos": 38,
            "end_pos": 77,
            "text": "腹腔粘连松解术+部分大网膜切除术+广泛全子宫+两侧卵巢移位术+盆腔淋巴结清扫术"
        },
        {
            "label_type": "实验室检验",
            "overlap": 0,
            "start_pos": 82,
            "end_pos": 87,
            "text": "CA125"
        },
        {
            "end_pos": 123,
            "label_type": "解剖部位",
            "overlap": 0,
            "start_pos": 121,
            "text": "子宫"
        },
        {
            "label_type": "疾病和诊断",
            "overlap": 0,
            "start_pos": 126,
            "end_pos": 139,
            "text": "宫颈浸润型鳞状细胞癌II级"
        },
        {
            "end_pos": 172,
            "label_type": "解剖部位",
            "overlap": 0,
            "start_pos": 170,
            "text": "阴道"
        },
        {
            "label_type": "解剖部位",
            "overlap": 0,
            "start_pos": 175,
            "end_pos": 179,
            "text": "两侧宫旁"
        },
        {
            "label_type": "疾病和诊断",
            "overlap": 0,
            "start_pos": 188,
            "end_pos": 196,
            "text": "宫体肌间平滑肌瘤"
        },
        {
            "end_pos": 200,
            "label_type": "解剖部位",
            "overlap": 0,
            "start_pos": 197,
            "text": "宫内膜"
        },
        {
            "end_pos": 218,
            "label_type": "解剖部位",
            "overlap": 0,
            "start_pos": 210,
            "text": "（右髂总）淋巴结"
        },
        {
            "end_pos": 231,
            "label_type": "解剖部位",
            "overlap": 0,
            "start_pos": 223,
            "text": "（右盆腔）淋巴结"
        },
        {
            "end_pos": 247,
            "label_type": "解剖部位",
            "overlap": 0,
            "start_pos": 237,
            "text": "（右侧腹股沟）淋巴结"
        },
        {
            "end_pos": 260,
            "label_type": "解剖部位",
            "overlap": 0,
            "start_pos": 252,
            "text": "（左髂总）淋巴结"
        },
        {
            "end_pos": 273,
            "label_type": "解剖部位",
            "overlap": 0,
            "start_pos": 265,
            "text": "（左盆腔）淋巴结"
        },
        {
            "label_type": "疾病和诊断",
            "overlap": 0,
            "start_pos": 421,
            "end_pos": 437,
            "text": "宫颈鳞癌（IB1期，II级）术后"
        },
        {
            "end_pos": 461,
            "label_type": "解剖部位",
            "overlap": 0,
            "start_pos": 460,
            "text": "腹"
        },
        {
            "end_pos": 464,
            "label_type": "解剖部位",
            "overlap": 0,
            "start_pos": 463,
            "text": "腹"
        }
    ]
}