{
    "originalText": "，患者于2012年12月无明显诱因出现右上腹隐痛，不剧可忍，伴粘液便，大便干结。无伴有乏力、头晕。无黑便，无里急后重，无恶心呕吐，无腹胀腹泻等不适。，在外院行肠镜检查示：乙状结肠肿物，考虑为印戒细胞癌。CT，示：肝内多发转移，腹膜后淋巴结肿大。予2013年1月29日住入我院结直肠科，，入院后行胸腹部CT检查提示：右侧腋窝、两侧锁骨下、右下气管旁、血管前、右肾动脉旁、右侧膈脚后数个肿大淋巴结，结合病史，考虑转移；肝内弥漫分布多发结节灶，考虑转移；左上气管旁、左侧肺门小淋巴结；两肺内未见明显异常。，彩超提示：右颈IV、V区见多发淋巴结肿大，考虑恶性淋巴结。于2013-02-04全麻上行乙状结肠姑息性切除术，术后顺利，，术后病理示：乙状结肠印戒细胞癌，浸润浆膜层；淋巴结转移（21/21），术后恢复良好，2013-03-01，复查CT示乙状结肠癌姑息术后：吻合口处未见明显肿物。右侧腋窝、右侧锁下、纵隔、左肺门淋巴结较前（2013-1-29）增大、增多。腹主动脉旁、膈脚后及右侧髂血管旁多发淋巴结，考虑转移。肝内多发转移瘤，较前稍增大、增多。左肾下腺结节，考虑转移瘤，较前增大。左肾小囊肿。前列腺钙化。今为进一步治疗入院，起病以来，无发热、咳嗽、身目黄染，无骶部痛等，精神可，纳眠可，小便无异常，体重无明显上降。",
    "entities": [
        {
            "end_pos": 22,
            "label_type": "解剖部位",
            "start_pos": 19,
            "text": "右上腹"
        },
        {
            "end_pos": 47,
            "label_type": "解剖部位",
            "start_pos": 46,
            "text": "头"
        },
        {
            "end_pos": 67,
            "label_type": "解剖部位",
            "start_pos": 66,
            "text": "腹"
        },
        {
            "end_pos": 69,
            "label_type": "解剖部位",
            "start_pos": 68,
            "text": "腹"
        },
        {
            "end_pos": 89,
            "label_type": "解剖部位",
            "start_pos": 85,
            "text": "乙状结肠"
        },
        {
            "label_type": "疾病和诊断",
            "start_pos": 95,
            "end_pos": 100,
            "text": "印戒细胞癌"
        },
        {
            "label_type": "影像检查",
            "start_pos": 101,
            "end_pos": 103,
            "text": "CT"
        },
        {
            "label_type": "疾病和诊断",
            "start_pos": 106,
            "end_pos": 112,
            "text": "肝内多发转移"
        },
        {
            "end_pos": 119,
            "label_type": "解剖部位",
            "start_pos": 113,
            "text": "腹膜后淋巴结"
        },
        {
            "label_type": "影像检查",
            "start_pos": 147,
            "end_pos": 152,
            "text": "胸腹部CT"
        },
        {
            "end_pos": 161,
            "label_type": "解剖部位",
            "start_pos": 157,
            "text": "右侧腋窝"
        },
        {
            "end_pos": 166,
            "label_type": "解剖部位",
            "start_pos": 162,
            "text": "两侧锁骨"
        },
        {
            "label_type": "解剖部位",
            "start_pos": 170,
            "end_pos": 172,
            "text": "气管"
        },
        {
            "end_pos": 182,
            "label_type": "解剖部位",
            "start_pos": 178,
            "text": "右肾动脉"
        },
        {
            "end_pos": 188,
            "label_type": "解剖部位",
            "start_pos": 184,
            "text": "右侧膈脚"
        },
        {
            "end_pos": 208,
            "label_type": "解剖部位",
            "start_pos": 207,
            "text": "肝"
        },
        {
            "label_type": "解剖部位",
            "start_pos": 226,
            "end_pos": 228,
            "text": "气管"
        },
        {
            "end_pos": 238,
            "label_type": "解剖部位",
            "start_pos": 230,
            "text": "左侧肺门小淋巴结"
        },
        {
            "end_pos": 241,
            "label_type": "解剖部位",
            "start_pos": 239,
            "text": "两肺"
        },
        {
            "label_type": "影像检查",
            "start_pos": 250,
            "end_pos": 252,
            "text": "彩超"
        },
        {
            "label_type": "解剖部位",
            "start_pos": 256,
            "end_pos": 257,
            "text": "颈"
        },
        {
            "end_pos": 304,
            "label_type": "手术",
            "start_pos": 294,
            "text": "乙状结肠姑息性切除术"
        },
        {
            "label_type": "疾病和诊断",
            "start_pos": 317,
            "end_pos": 326,
            "text": "乙状结肠印戒细胞癌"
        },
        {
            "label_type": "影像检查",
            "start_pos": 366,
            "end_pos": 368,
            "text": "CT"
        },
        {
            "label_type": "疾病和诊断",
            "start_pos": 369,
            "end_pos": 378,
            "text": "乙状结肠癌姑息术后"
        },
        {
            "label_type": "解剖部位",
            "start_pos": 390,
            "end_pos": 409,
            "text": "右侧腋窝、右侧锁下、纵隔、左肺门淋巴结"
        },
        {
            "end_pos": 432,
            "label_type": "解剖部位",
            "start_pos": 428,
            "text": "腹主动脉"
        },
        {
            "end_pos": 436,
            "label_type": "解剖部位",
            "start_pos": 434,
            "text": "膈脚"
        },
        {
            "end_pos": 443,
            "label_type": "解剖部位",
            "start_pos": 438,
            "text": "右侧髂血管"
        },
        {
            "label_type": "疾病和诊断",
            "start_pos": 455,
            "end_pos": 462,
            "text": "肝内多发转移瘤"
        },
        {
            "end_pos": 476,
            "label_type": "解剖部位",
            "start_pos": 472,
            "text": "左肾下腺"
        },
        {
            "label_type": "疾病和诊断",
            "start_pos": 490,
            "end_pos": 495,
            "text": "左肾小囊肿"
        },
        {
            "label_type": "疾病和诊断",
            "start_pos": 496,
            "end_pos": 501,
            "text": "前列腺钙化"
        },
        {
            "end_pos": 532,
            "label_type": "解剖部位",
            "start_pos": 530,
            "text": "骶部"
        }
    ]
}