{
    "originalText": "，，患者7月前因下腹腹“下胀伴反至酸”至我，院就诊，完善，相关检胃体胃窦癌(CT4N2M0,IIIB期)查，，诊断行化疗，“”，建议先行消退，患，者及20家属表示理2解同20意，遂0于201520-5-026、2分015EL-0(希罗达6-210M9、BI2015-07-143奥沙利铂分别0M予XIELRIOX( 1)化疗25,0MG利， BID P，后O20 D10-1244+15行胃癌根治术（远端胃大切），术0M利，术后G IVDRIP Q3W，术后)化疗：胃中至低分化管状腺癌（LAUREN，分型：肠型），三程至胃,过程顺利，，无明显副反应，，后于20管1癌5-08-2分4（MAN在AR全），：TR麻4上，术程顺利，癌术LN（后）预防感T染N0M0，IIA期支术后持对症，等20处理。，0术后0病理示：，浸EL润至化疗壁浆化疗（奥沙利铂膜上0M层，可见神经I束侵RI犯，卡培他滨未2见0M明BI确脉管4内）癌栓，；肿瘤利化疗分行级（化疗MANDA，RD胃癌综合治疗后），：TRG4下；网膜组织，未见癌；L，N（-），大；YPT，体3N0M0，I",
    "entities": [
        {
            "end_pos": 10,
            "label_type": "解剖部位",
            "overlap": 0,
            "start_pos": 8,
            "text": "下腹"
        },
        {
            "end_pos": 11,
            "label_type": "解剖部位",
            "overlap": 0,
            "start_pos": 10,
            "text": "腹"
        },
        {
            "label_type": "疾病和诊断",
            "overlap": 0,
            "start_pos": 32,
            "end_pos": 52,
            "text": "胃体胃窦癌(CT4N2M0,IIIB期)"
        },
        {
            "end_pos": 118,
            "label_type": "药物",
            "overlap": 0,
            "start_pos": 115,
            "text": "希罗达"
        },
        {
            "end_pos": 143,
            "label_type": "药物",
            "overlap": 0,
            "start_pos": 139,
            "text": "奥沙利铂"
        },
        {
            "label_type": "手术",
            "overlap": 0,
            "start_pos": 193,
            "end_pos": 206,
            "text": "行胃癌根治术（远端胃大切）"
        },
        {
            "label_type": "疾病和诊断",
            "overlap": 0,
            "start_pos": 233,
            "end_pos": 257,
            "text": "胃中至低分化管状腺癌（LAUREN，分型：肠型）"
        },
        {
            "label_type": "解剖部位",
            "overlap": 0,
            "start_pos": 261,
            "end_pos": 262,
            "text": "胃"
        },
        {
            "end_pos": 374,
            "label_type": "药物",
            "overlap": 0,
            "start_pos": 370,
            "text": "奥沙利铂"
        },
        {
            "end_pos": 395,
            "label_type": "药物",
            "overlap": 0,
            "start_pos": 391,
            "text": "卡培他滨"
        },
        {
            "label_type": "疾病和诊断",
            "overlap": 0,
            "start_pos": 432,
            "end_pos": 439,
            "text": "胃癌综合治疗后"
        }
    ]
}