{
    "originalText": "患者2007年9月因中下腹痛入我院普外科治疗，入院后完善相关检查，胃镜示：胃底、胃体可见弥漫粘膜隆起，表面高低不平。于2007-09-24日行根治性全胃切除术，术后病理（S2007-40203）胃淋巴组织增生性病变，结合酶标及病理形态考虑非霍奇金淋巴瘤，粘膜相关淋巴瘤（MALT型），肿瘤组织累及粘膜上层，双切缘未见肿瘤累及，检出小弯侧淋巴结10枚，大弯淋巴结8枚及送检8A组淋巴结3枚，均未见肿瘤组织累及，酶标CK广，CK８示淋巴下皮病变，LCA（＋），CD20(+),CD 。患者出院后于外院行CHOP方案化疗5次（CTX 0.8D1,表阿霉素100MGD1,长春新碱 2MG ,DXM 15MG),患者化疗后恶心呕吐等胃肠道反应较剧，予以对症治疗后好转。于08.04.04来我院开始第6次化疗，CHOP方案化疗，IFO 2.0G×D1－5+米乐松80MG×D1－5＋VDS40MG×D1＋THP 60MG×D1，化疗过程顺利，未见明显毒副反应，无骨髓抑制。本次为评价疗效收住入院。患者病程中精神可，饮食睡眠可，2便正常，体重无明星减轻。",
    "entities": [
        {
            "end_pos": 13,
            "label_type": "解剖部位",
            "start_pos": 10,
            "text": "中下腹"
        },
        {
            "end_pos": 39,
            "label_type": "解剖部位",
            "start_pos": 37,
            "text": "胃底"
        },
        {
            "end_pos": 42,
            "label_type": "解剖部位",
            "start_pos": 40,
            "text": "胃体"
        },
        {
            "end_pos": 79,
            "label_type": "手术",
            "start_pos": 71,
            "text": "根治性全胃切除术"
        },
        {
            "end_pos": 98,
            "label_type": "解剖部位",
            "start_pos": 97,
            "text": "胃"
        },
        {
            "label_type": "疾病和诊断",
            "start_pos": 119,
            "end_pos": 141,
            "text": "非霍奇金淋巴瘤，粘膜相关淋巴瘤（MALT型）"
        },
        {
            "end_pos": 263,
            "label_type": "药物",
            "start_pos": 260,
            "text": "CTX"
        },
        {
            "end_pos": 274,
            "label_type": "药物",
            "start_pos": 270,
            "text": "表阿霉素"
        },
        {
            "end_pos": 286,
            "label_type": "药物",
            "start_pos": 282,
            "text": "长春新碱"
        },
        {
            "end_pos": 295,
            "label_type": "药物",
            "start_pos": 292,
            "text": "DXM"
        },
        {
            "end_pos": 362,
            "label_type": "药物",
            "start_pos": 359,
            "text": "IFO"
        },
        {
            "end_pos": 376,
            "label_type": "药物",
            "start_pos": 373,
            "text": "米乐松"
        },
        {
            "end_pos": 389,
            "label_type": "药物",
            "start_pos": 386,
            "text": "VDS"
        },
        {
            "end_pos": 400,
            "label_type": "药物",
            "start_pos": 397,
            "text": "THP"
        },
        {
            "label_type": "疾病和诊断",
            "start_pos": 426,
            "end_pos": 430,
            "text": "骨髓抑制"
        }
    ]
}