{
    "originalText": "，2009212009年12月底出现地黑胃便，，于当地行镜检查并 胃体中下部溃疡行 病理检中分化腺癌查 示腹:、中下、部溃、疡心、， 、 病头理、 心示、， 无胀、 2010泛1酸13、嗳气、胃胰恶、胃癌根治术呕 2010吐1、18 无晕、 悸、乏力等症癌， 胃体 23X2X10M3溃疡10年1 月上1中分化腺癌3日胃于我院科行， 2010年癌1 肝总动脉旁（0/1)、 胃大弯（0/1)淋巴结月1癌8 贲门左(3/3)、 胃小弯(8/9)、幽门上（2/2)淋巴结日，腺癌转移我院病理：化切缘未见(癌)、 ，可3(见)、 3R(X)、 2RX1(C)、 MR(3溃疡)、 型肿物，N  13/1镜转移上 术后为2010侵2及壁2010全8层至术后化浆膜层， 网体膜未见艾素100M癌 ，未见 希罗达1癌00M，  I贲 门左(2013/3)、 小右侧下上肢弯动(8/ 9)、幽门上（2/2 )淋10巴结可见转移，，免疫 组化MRI：CEA(胃癌术后多发脑转移+ )甘露醇、地塞米松、 洛赛克治 后P53(+)、 PR(-201)、8 ER奥沙利铂1-0MB (1+ 替吉奥 )0M、  IE R1(1+化++)、201 共08计18，LN: 13/脑16转移，30 0/109于20120091190年替吉奥 20M月 -I2 01110年8化月行术后化疗6程上， 化具体用药为1 00MG胃癌术后脑转移 RTXNXM1 IV期 静点+  1500 MG BID  PO心、 ，2014年6月体初出现活动受限",
    "entities": [
        {
            "label_type": "疾病和诊断",
            "overlap": 0,
            "start_pos": 33,
            "end_pos": 40,
            "text": "胃体中下部溃疡"
        },
        {
            "label_type": "疾病和诊断",
            "overlap": 0,
            "start_pos": 45,
            "end_pos": 50,
            "text": "中分化腺癌"
        },
        {
            "end_pos": 54,
            "label_type": "解剖部位",
            "overlap": 0,
            "start_pos": 53,
            "text": "腹"
        },
        {
            "end_pos": 71,
            "label_type": "解剖部位",
            "overlap": 0,
            "start_pos": 70,
            "text": "头"
        },
        {
            "end_pos": 75,
            "label_type": "解剖部位",
            "overlap": 0,
            "start_pos": 74,
            "text": "心"
        },
        {
            "label_type": "解剖部位",
            "overlap": 0,
            "start_pos": 96,
            "end_pos": 97,
            "text": "胃"
        },
        {
            "label_type": "解剖部位",
            "overlap": 0,
            "start_pos": 97,
            "end_pos": 98,
            "text": "胰"
        },
        {
            "end_pos": 105,
            "label_type": "手术",
            "overlap": 0,
            "start_pos": 100,
            "text": "胃癌根治术"
        },
        {
            "end_pos": 132,
            "label_type": "解剖部位",
            "overlap": 0,
            "start_pos": 129,
            "text": " 胃体"
        },
        {
            "label_type": "疾病和诊断",
            "overlap": 0,
            "start_pos": 152,
            "end_pos": 157,
            "text": "中分化腺癌"
        },
        {
            "label_type": "解剖部位",
            "overlap": 0,
            "start_pos": 159,
            "end_pos": 160,
            "text": "胃"
        },
        {
            "label_type": "解剖部位",
            "overlap": 0,
            "start_pos": 174,
            "end_pos": 198,
            "text": " 肝总动脉旁（0/1)、 胃大弯（0/1)淋巴结"
        },
        {
            "label_type": "解剖部位",
            "overlap": 0,
            "start_pos": 203,
            "end_pos": 233,
            "text": "贲门左(3/3)、 胃小弯(8/9)、幽门上（2/2)淋巴结"
        },
        {
            "label_type": "疾病和诊断",
            "overlap": 0,
            "start_pos": 235,
            "end_pos": 237,
            "text": "腺癌"
        },
        {
            "end_pos": 337,
            "label_type": "药物",
            "overlap": 0,
            "start_pos": 335,
            "text": "艾素"
        },
        {
            "end_pos": 350,
            "label_type": "药物",
            "overlap": 0,
            "start_pos": 347,
            "text": "希罗达"
        },
        {
            "end_pos": 379,
            "label_type": "解剖部位",
            "overlap": 0,
            "start_pos": 374,
            "text": "右侧下上肢"
        },
        {
            "label_type": "疾病和诊断",
            "overlap": 0,
            "start_pos": 421,
            "end_pos": 430,
            "text": "胃癌术后多发脑转移"
        },
        {
            "end_pos": 436,
            "label_type": "药物",
            "overlap": 0,
            "start_pos": 433,
            "text": "甘露醇"
        },
        {
            "end_pos": 441,
            "label_type": "药物",
            "overlap": 0,
            "start_pos": 437,
            "text": "地塞米松"
        },
        {
            "end_pos": 446,
            "label_type": "药物",
            "overlap": 0,
            "start_pos": 443,
            "text": "洛赛克"
        },
        {
            "end_pos": 474,
            "label_type": "药物",
            "overlap": 0,
            "start_pos": 470,
            "text": "奥沙利铂"
        },
        {
            "end_pos": 487,
            "label_type": "药物",
            "overlap": 0,
            "start_pos": 484,
            "text": "替吉奥"
        },
        {
            "end_pos": 526,
            "label_type": "解剖部位",
            "overlap": 0,
            "start_pos": 525,
            "text": "脑"
        },
        {
            "end_pos": 555,
            "label_type": "药物",
            "overlap": 0,
            "start_pos": 552,
            "text": "替吉奥"
        },
        {
            "label_type": "疾病和诊断",
            "overlap": 0,
            "start_pos": 596,
            "end_pos": 615,
            "text": "胃癌术后脑转移 RTXNXM1 IV期"
        }
    ]
}