{
    "originalText": "，患者于2012-7体检时发现胆囊肿物，行B超、CT检查提示胆囊肿物，肝左前叶、右内叶肿物，，CA199:3922U/ML，考虑胆囊癌。于2012-7-26在**一院行胆囊癌扩大根治术，术后见大网膜一枚癌结节，切除全部肝转移及肉眼所见转移病灶。，术后病理：胆囊中分化腺癌，突破浆膜并侵犯肝实质，肝脏转移瘤，胰头后方淋巴结转移（1/1）。术后恢复可，后于2012-9-19行GEMOX方案化疗1程，今按主诊教授意见再化疗一程。患者发病以来,精神佳,饮食睡眠佳,大小便正常，体重有减轻3KG。",
    "entities": [
        {
            "end_pos": 17,
            "label_type": "解剖部位",
            "start_pos": 15,
            "text": "胆囊"
        },
        {
            "label_type": "影像检查",
            "start_pos": 21,
            "end_pos": 23,
            "text": "B超"
        },
        {
            "label_type": "影像检查",
            "start_pos": 24,
            "end_pos": 26,
            "text": "CT"
        },
        {
            "end_pos": 32,
            "label_type": "解剖部位",
            "start_pos": 30,
            "text": "胆囊"
        },
        {
            "end_pos": 43,
            "label_type": "解剖部位",
            "start_pos": 35,
            "text": "肝左前叶、右内叶"
        },
        {
            "label_type": "实验室检验",
            "start_pos": 47,
            "end_pos": 52,
            "text": "CA199"
        },
        {
            "label_type": "疾病和诊断",
            "start_pos": 64,
            "end_pos": 67,
            "text": "胆囊癌"
        },
        {
            "end_pos": 92,
            "label_type": "手术",
            "start_pos": 84,
            "text": "胆囊癌扩大根治术"
        },
        {
            "label_type": "疾病和诊断",
            "start_pos": 109,
            "end_pos": 112,
            "text": "肝转移"
        },
        {
            "label_type": "疾病和诊断",
            "start_pos": 128,
            "end_pos": 135,
            "text": "胆囊中分化腺癌"
        },
        {
            "label_type": "解剖部位",
            "start_pos": 143,
            "end_pos": 144,
            "text": "肝"
        },
        {
            "label_type": "疾病和诊断",
            "start_pos": 147,
            "end_pos": 152,
            "text": "肝脏转移瘤"
        },
        {
            "label_type": "疾病和诊断",
            "start_pos": 153,
            "end_pos": 162,
            "text": "胰头后方淋巴结转移"
        }
    ]
}