{
    "originalText": "，腹胀2月，腹痛。，CT：大网膜絮状及结节状高密度，子宫局部高密度，左侧旁囊性病变。胃镜、肠镜未见明显异常。，CA125:2198IU/ML。有排气、有排便，少量进食。，ALT：74.6U/L，AST90.7U/L。发热3天，T39摄氏度，抗炎治疗，目前无发热。感体重上降，具体不详。2017.2.28予紫杉醇化疗,3.1DDP腹腔热灌注化疗.诉腹痛,胃部不适.，术中活检：苗勒氏下皮来源浆液性乳头状癌。2017-3-22行TC方案化疗1程.2017-4-7尿常规+尿沉渣镜检（定量），:镜检白细胞 137个/μXXXL，镜检红细胞 1037个/μXXXL，尿潜血 3+，尿蛋白 +-，尿白细胞 1+.2017-4-7 ，9:43 (紫)血细胞分析（五分类），:★白细胞总数 2.70*10^9/L，中性粒细胞百分数 29.70%，中性粒细胞绝对值 0.80*10^9/L，★血红蛋白 102.00G/L。自诉排尿疼痛，两眼水肿。2017-4-13行第2程TC化疗，影像学评估提示大网膜结节,左附件区软组织密度灶。2017.6.6行卵巢癌肿瘤细胞减灭术及热灌注化疗.于2017-7-4行TC化疗1程，过程顺利。今行化疗前检查，下周查白细胞II度减少，当地升白后，今要求复查血常规。",
    "entities": [
        {
            "end_pos": 2,
            "label_type": "解剖部位",
            "start_pos": 1,
            "text": "腹"
        },
        {
            "end_pos": 7,
            "label_type": "解剖部位",
            "start_pos": 6,
            "text": "腹"
        },
        {
            "label_type": "影像检查",
            "start_pos": 10,
            "end_pos": 12,
            "text": "CT"
        },
        {
            "end_pos": 28,
            "label_type": "解剖部位",
            "start_pos": 26,
            "text": "子宫"
        },
        {
            "label_type": "实验室检验",
            "start_pos": 55,
            "end_pos": 60,
            "text": "CA125"
        },
        {
            "label_type": "实验室检验",
            "start_pos": 85,
            "end_pos": 88,
            "text": "ALT"
        },
        {
            "label_type": "实验室检验",
            "start_pos": 97,
            "end_pos": 100,
            "text": "AST"
        },
        {
            "end_pos": 155,
            "label_type": "药物",
            "start_pos": 152,
            "text": "紫杉醇"
        },
        {
            "end_pos": 164,
            "label_type": "药物",
            "start_pos": 161,
            "text": "DDP"
        },
        {
            "label_type": "解剖部位",
            "start_pos": 164,
            "end_pos": 165,
            "text": "腹"
        },
        {
            "end_pos": 174,
            "label_type": "解剖部位",
            "start_pos": 173,
            "text": "腹"
        },
        {
            "label_type": "解剖部位",
            "start_pos": 176,
            "end_pos": 177,
            "text": "胃"
        },
        {
            "label_type": "疾病和诊断",
            "start_pos": 187,
            "end_pos": 201,
            "text": "苗勒氏下皮来源浆液性乳头状癌"
        },
        {
            "label_type": "实验室检验",
            "start_pos": 246,
            "end_pos": 249,
            "text": "白细胞"
        },
        {
            "label_type": "实验室检验",
            "start_pos": 263,
            "end_pos": 266,
            "text": "红细胞"
        },
        {
            "label_type": "实验室检验",
            "start_pos": 279,
            "end_pos": 282,
            "text": "尿潜血"
        },
        {
            "label_type": "实验室检验",
            "start_pos": 286,
            "end_pos": 289,
            "text": "尿蛋白"
        },
        {
            "label_type": "实验室检验",
            "start_pos": 293,
            "end_pos": 297,
            "text": "尿白细胞"
        },
        {
            "label_type": "实验室检验",
            "start_pos": 332,
            "end_pos": 337,
            "text": "白细胞总数"
        },
        {
            "label_type": "实验室检验",
            "start_pos": 350,
            "end_pos": 358,
            "text": "中性粒细胞百分数"
        },
        {
            "label_type": "实验室检验",
            "start_pos": 366,
            "end_pos": 374,
            "text": "中性粒细胞绝对值"
        },
        {
            "label_type": "实验室检验",
            "start_pos": 388,
            "end_pos": 392,
            "text": "血红蛋白"
        },
        {
            "end_pos": 412,
            "label_type": "解剖部位",
            "start_pos": 410,
            "text": "两眼"
        },
        {
            "label_type": "解剖部位",
            "start_pos": 446,
            "end_pos": 449,
            "text": "左附件"
        },
        {
            "label_type": "手术",
            "start_pos": 466,
            "end_pos": 482,
            "text": "卵巢癌肿瘤细胞减灭术及热灌注化疗"
        },
        {
            "label_type": "实验室检验",
            "start_pos": 516,
            "end_pos": 519,
            "text": "白细胞"
        }
    ]
}