{
    "originalText": "，患者因低位直肠癌于2010104-078-27在直肠癌根治术（DIXON）全麻术中上行。，腹腔术中腹探查腹见：腔内无肝脏水，膜无转结移，脏未触及腹转移结节，肿术瘤利位术后于膜返酸折处，手术顺利，术后治给予术后抑酸（、01抗1感染、1）营养（直肠）腺癌(中度分化),浸润溃疡型,支持7等治疗。术后病理（2,0分1413291）组，：,见癌7.5*4.5*2CM,部分侵穿纤维膜癌达脂肪组织，距底部切除面甚近，局部侵达浆膜，浆癌膜面未一站（6/10个）淋巴结癌查体积。中央组（7个）淋巴结 双端癌切线及癌组另送“组化近切线”、“（远）切线”N（未）查术后见癌。 呈化转移。 未查见奥沙利铂癌00。 ，D1癌亚叶酸钙0组织免疫替加氟1组0化染D色示D6：TS（-）、SYN（肝-）。术后给予3治周期化疗，利，方案为：200MG 一D1，0.3G+1.0G D2-D6，同时酸给与升白细胞、护、止吐、免疫增强腹治疗腹，过程顺利，自下次出院以化来，患者一般情况保持良好；直肠癌术后无发热，无恶心、呕吐，无反酸、嗳气，无明显进食不适；未现明显痛、胀。现患者为化行",
    "entities": [
        {
            "label_type": "疾病和诊断",
            "overlap": 0,
            "start_pos": 6,
            "end_pos": 9,
            "text": "直肠癌"
        },
        {
            "label_type": "手术",
            "overlap": 0,
            "start_pos": 25,
            "end_pos": 38,
            "text": "直肠癌根治术（DIXON）"
        },
        {
            "end_pos": 48,
            "label_type": "解剖部位",
            "overlap": 0,
            "start_pos": 46,
            "text": "腹腔"
        },
        {
            "end_pos": 51,
            "label_type": "解剖部位",
            "overlap": 0,
            "start_pos": 50,
            "text": "腹"
        },
        {
            "label_type": "解剖部位",
            "overlap": 0,
            "start_pos": 53,
            "end_pos": 54,
            "text": "腹"
        },
        {
            "end_pos": 61,
            "label_type": "解剖部位",
            "overlap": 0,
            "start_pos": 59,
            "text": "肝脏"
        },
        {
            "label_type": "解剖部位",
            "overlap": 0,
            "start_pos": 73,
            "end_pos": 74,
            "text": "腹"
        },
        {
            "label_type": "疾病和诊断",
            "overlap": 0,
            "start_pos": 120,
            "end_pos": 138,
            "text": "（直肠）腺癌(中度分化),浸润溃疡型"
        },
        {
            "label_type": "解剖部位",
            "overlap": 0,
            "start_pos": 216,
            "end_pos": 229,
            "text": "一站（6/10个）淋巴结癌"
        },
        {
            "label_type": "解剖部位",
            "overlap": 0,
            "start_pos": 233,
            "end_pos": 243,
            "text": "中央组（7个）淋巴结"
        },
        {
            "end_pos": 293,
            "label_type": "药物",
            "overlap": 0,
            "start_pos": 289,
            "text": "奥沙利铂"
        },
        {
            "end_pos": 306,
            "label_type": "药物",
            "overlap": 0,
            "start_pos": 302,
            "text": "亚叶酸钙"
        },
        {
            "end_pos": 314,
            "label_type": "药物",
            "overlap": 0,
            "start_pos": 311,
            "text": "替加氟"
        },
        {
            "end_pos": 336,
            "label_type": "解剖部位",
            "overlap": 0,
            "start_pos": 335,
            "text": "肝"
        },
        {
            "end_pos": 402,
            "label_type": "解剖部位",
            "overlap": 0,
            "start_pos": 401,
            "text": "腹"
        },
        {
            "end_pos": 405,
            "label_type": "解剖部位",
            "overlap": 0,
            "start_pos": 404,
            "text": "腹"
        },
        {
            "label_type": "疾病和诊断",
            "overlap": 0,
            "start_pos": 431,
            "end_pos": 436,
            "text": "直肠癌术后"
        }
    ]
}