{
    "originalText": "，，缘于入院前6月余于我院为胃窦癌，诊2为1，于220216年02上月腹腔镜上根治性远端胃切除术，术2，，6日在（远端胃），全胃窦溃疡型低黏附性癌（印戒细胞癌为主，部分为未分化癌及黏液腺癌），麻上行腔及镜上组根，治性切除癌术，，术顺，，病理术：（下切端）上切端及，：（下切端），未侵癌犯脉管及神小弯侧淋巴结经组8织，幽门下淋巴结，脉1管，幽门上淋巴结内见9癌，栓，（第1组）淋巴结侵出1浆膜（第7组）淋巴结层。1手，（第8组）淋巴结术标本下，（第9组）淋巴结切端1、，上癌切端及另送（第12组淋巴结）镜上为（下切端）及均未组见癌（小肠），浸润。小肠组找，未到癌0/8，个，组化0/结1个，4/7（79个，性），另送0（/），117个（,0/），1个，0（/），6个，0（/1个），，见癌转（移），。另送（2（））镜术后上为脂肪、纤维及脉治管组织后。（）术后，2：1睡眠组织，12未2见1癌浸润。，免2疫1组化染色结果：2K1I67（2702%1阳性8）9，P洛铂513（-），P170（卡培他滨+2+1+1），GSTπ（-），E化GFR，（++肝+）胃，5-FU（治+），HER-22（-）。术后予制中下腹酸痛，、营养，支持等，治疗好转后出，院腹。术腹痛后予他20，16-0，门4-胃窦癌术后化1后，腹痛待查2、20下16.5.6、2016.5.，3腹痛0腹、201，6小.6.，23、2016.化8",
    "entities": [
        {
            "label_type": "疾病和诊断",
            "overlap": 0,
            "start_pos": 14,
            "end_pos": 17,
            "text": "胃窦癌"
        },
        {
            "end_pos": 48,
            "label_type": "手术",
            "overlap": 0,
            "start_pos": 35,
            "text": "腹腔镜上根治性远端胃切除术"
        },
        {
            "end_pos": 60,
            "label_type": "解剖部位",
            "overlap": 0,
            "start_pos": 57,
            "text": "远端胃"
        },
        {
            "label_type": "疾病和诊断",
            "overlap": 0,
            "start_pos": 63,
            "end_pos": 95,
            "text": "胃窦溃疡型低黏附性癌（印戒细胞癌为主，部分为未分化癌及黏液腺癌）"
        },
        {
            "end_pos": 153,
            "label_type": "解剖部位",
            "overlap": 0,
            "start_pos": 147,
            "text": "小弯侧淋巴结"
        },
        {
            "end_pos": 164,
            "label_type": "解剖部位",
            "overlap": 0,
            "start_pos": 158,
            "text": "幽门下淋巴结"
        },
        {
            "end_pos": 175,
            "label_type": "解剖部位",
            "overlap": 0,
            "start_pos": 169,
            "text": "幽门上淋巴结"
        },
        {
            "label_type": "解剖部位",
            "overlap": 0,
            "start_pos": 182,
            "end_pos": 190,
            "text": "（第1组）淋巴结"
        },
        {
            "label_type": "解剖部位",
            "overlap": 0,
            "start_pos": 195,
            "end_pos": 203,
            "text": "（第7组）淋巴结"
        },
        {
            "label_type": "解剖部位",
            "overlap": 0,
            "start_pos": 208,
            "end_pos": 216,
            "text": "（第8组）淋巴结"
        },
        {
            "label_type": "解剖部位",
            "overlap": 0,
            "start_pos": 221,
            "end_pos": 229,
            "text": "（第9组）淋巴结"
        },
        {
            "label_type": "解剖部位",
            "overlap": 0,
            "start_pos": 242,
            "end_pos": 249,
            "text": "第12组淋巴结"
        },
        {
            "end_pos": 267,
            "label_type": "解剖部位",
            "overlap": 0,
            "start_pos": 265,
            "text": "小肠"
        },
        {
            "end_pos": 274,
            "label_type": "解剖部位",
            "overlap": 0,
            "start_pos": 272,
            "text": "小肠"
        },
        {
            "end_pos": 431,
            "label_type": "药物",
            "overlap": 0,
            "start_pos": 429,
            "text": "洛铂"
        },
        {
            "end_pos": 447,
            "label_type": "药物",
            "overlap": 0,
            "start_pos": 443,
            "text": "卡培他滨"
        },
        {
            "end_pos": 473,
            "label_type": "解剖部位",
            "overlap": 0,
            "start_pos": 472,
            "text": "肝"
        },
        {
            "end_pos": 476,
            "label_type": "解剖部位",
            "overlap": 0,
            "start_pos": 475,
            "text": "胃"
        },
        {
            "end_pos": 503,
            "label_type": "解剖部位",
            "overlap": 0,
            "start_pos": 500,
            "text": "中下腹"
        },
        {
            "end_pos": 523,
            "label_type": "解剖部位",
            "overlap": 0,
            "start_pos": 522,
            "text": "腹"
        },
        {
            "end_pos": 526,
            "label_type": "解剖部位",
            "overlap": 0,
            "start_pos": 525,
            "text": "腹"
        },
        {
            "label_type": "疾病和诊断",
            "overlap": 0,
            "start_pos": 541,
            "end_pos": 546,
            "text": "胃窦癌术后"
        },
        {
            "label_type": "疾病和诊断",
            "overlap": 0,
            "start_pos": 550,
            "end_pos": 554,
            "text": "腹痛待查"
        },
        {
            "end_pos": 576,
            "label_type": "解剖部位",
            "overlap": 0,
            "start_pos": 575,
            "text": "腹"
        },
        {
            "end_pos": 579,
            "label_type": "解剖部位",
            "overlap": 0,
            "start_pos": 578,
            "text": "腹"
        }
    ]
}