{
    "originalText": "，患者2014-07体检B超发现肝左叶占位，考虑血管瘤可能。在当地再行MR检查仍不能排除肝癌可能。2014-7-23在本院行PET检查提示肝脏VIII段病灶代谢活跃，考虑恶性病变。降结肠局部代谢活跃，疑腺瘤。2014-07-25，行电子肠镜检查：降结肠溃疡型肿物。，活检病理：（降结肠肿物）镜检为肠中分化腺癌。后于2014-08-04行肝癌切除+右半结肠切除+大网膜切除术，术中未见肿瘤侵犯周围器官，无腹腔播散。肝S8段见肿物，大小约4*4*3CM。，术后病理示：（肝肿瘤大体），镜上：肝组织中见中分化腺癌浸润伴大片坏死，形态与降结肠肿物相似，结合免疫组化结果，符合肠腺癌肝转移。（降结肠大体）肿物镜检为结肠中分化腺癌，癌组织浸润至肠壁浅肌层，可见脉管内癌栓，未见明确神经束侵犯。淋巴结1/11见腺癌转移。，免疫组化：ERCC1（+），MLH1（+），MSH2（+），PMS2（+），MSH6（+），KI67（40%+）。KRAS，基因：野生型。术后患者恢复可，于2014-09-04起在我院内科开始XELOX（奥沙利铂130MG/M2 D1, 希罗达1500MG BID D1-D14, Q3W)方案化疗6程，过程顺利。并于2015-1起配合XELOX化疗行CIK细胞免疫治疗2程，过程顺利，末次化疗结束时间为2015-2-12。化疗结束后继续细胞免疫治疗维持至今。现患者为进一步治疗再次入院。下次治疗以来，患者精神尚可，食欲如常，大小便正常，体重无明显上降。",
    "entities": [
        {
            "label_type": "解剖部位",
            "start_pos": 16,
            "end_pos": 17,
            "text": "肝"
        },
        {
            "label_type": "影像检查",
            "start_pos": 35,
            "end_pos": 37,
            "text": "MR"
        },
        {
            "label_type": "疾病和诊断",
            "start_pos": 44,
            "end_pos": 46,
            "text": "肝癌"
        },
        {
            "label_type": "影像检查",
            "start_pos": 62,
            "end_pos": 65,
            "text": "PET"
        },
        {
            "end_pos": 76,
            "label_type": "解剖部位",
            "start_pos": 69,
            "text": "肝脏VIII段"
        },
        {
            "end_pos": 93,
            "label_type": "解剖部位",
            "start_pos": 90,
            "text": "降结肠"
        },
        {
            "label_type": "疾病和诊断",
            "start_pos": 101,
            "end_pos": 103,
            "text": "腺瘤"
        },
        {
            "end_pos": 126,
            "label_type": "解剖部位",
            "start_pos": 123,
            "text": "降结肠"
        },
        {
            "end_pos": 142,
            "label_type": "解剖部位",
            "start_pos": 139,
            "text": "降结肠"
        },
        {
            "label_type": "疾病和诊断",
            "start_pos": 148,
            "end_pos": 154,
            "text": "肠中分化腺癌"
        },
        {
            "label_type": "手术",
            "start_pos": 168,
            "end_pos": 186,
            "text": "肝癌切除+右半结肠切除+大网膜切除术"
        },
        {
            "label_type": "解剖部位",
            "start_pos": 201,
            "end_pos": 202,
            "text": "腹"
        },
        {
            "end_pos": 209,
            "label_type": "解剖部位",
            "start_pos": 206,
            "text": "肝S8"
        },
        {
            "end_pos": 234,
            "label_type": "解剖部位",
            "start_pos": 233,
            "text": "肝"
        },
        {
            "end_pos": 244,
            "label_type": "解剖部位",
            "start_pos": 243,
            "text": "肝"
        },
        {
            "label_type": "疾病和诊断",
            "start_pos": 248,
            "end_pos": 253,
            "text": "中分化腺癌"
        },
        {
            "end_pos": 267,
            "label_type": "解剖部位",
            "start_pos": 264,
            "text": "降结肠"
        },
        {
            "label_type": "疾病和诊断",
            "start_pos": 283,
            "end_pos": 289,
            "text": "肠腺癌肝转移"
        },
        {
            "end_pos": 294,
            "label_type": "解剖部位",
            "start_pos": 291,
            "text": "降结肠"
        },
        {
            "label_type": "疾病和诊断",
            "start_pos": 302,
            "end_pos": 309,
            "text": "结肠中分化腺癌"
        },
        {
            "label_type": "解剖部位",
            "start_pos": 316,
            "end_pos": 317,
            "text": "肠"
        },
        {
            "label_type": "疾病和诊断",
            "start_pos": 348,
            "end_pos": 350,
            "text": "腺癌"
        },
        {
            "end_pos": 460,
            "label_type": "药物",
            "start_pos": 456,
            "text": "奥沙利铂"
        },
        {
            "end_pos": 476,
            "label_type": "药物",
            "start_pos": 473,
            "text": "希罗达"
        }
    ]
}