{
    "originalText": "，患者于2015年5月26日在我院行腹腔镜检查+卵巢肿瘤活检术行镜术检查+肿检查瘤活检术左卵巢。，术卵巢后病理部分学检性腺查报分化告低：片巢状(左)破碎组织状见部化分异型性恶性肿瘤腺体和分腺癌化较低的片巢状细胞，局灶伴化鳞（紫杉醇（特素）状下皮化生，符合，考顺铂虑为。于腹腔5月）30日给予TP全方案经腹行全子宫切除术+两侧附件切除术+大网膜部分切除术+阑尾切除术化疗术（（检）240（左卵巢）中-低分化浆液性乳头状腺癌MG侧输卵管静脉癌滴注，右卵巢9癌0MG右输卵管灌子宫注）癌。于７阑尾月３癌日在全大网膜麻癌上经行全切子宫平滑肌瘤除术+两侧附件行紫杉醇（泰素）切除术+大网膜部分切顺铂除术+切除腹术。，术后病行紫杉醇（泰素）检示：1、+顺铂，过程未见癌累及。化右见癌转移，右、未见癌转移。未见癌转移。大网膜见癌转移。行紫杉醇（泰素）2、平滑肌+奥沙利铂瘤。于７月化１３化日行（中）240恶MG静脉滴注＋90状M化G灌，8月14日行（）240MG+100MG查静脉滴注化疗华蟾素片，9月19日、10月21腹日、腹11月19日、1腹2月恶19日行（）2腹40MG+200MG化疗。化疗同侧中，患化者有恶卵巢浆液性乳头状腺癌IIIC期心、呕吐、脱发等症状，化疗结束后缓解。入院前20天，患者于我科门诊复查，门诊给予“”治疗，大自诉用药后患者感痛、胀，尚能忍化受",
    "entities": [
        {
            "end_pos": 31,
            "label_type": "手术",
            "overlap": 0,
            "start_pos": 18,
            "text": "腹腔镜检查+卵巢肿瘤活检术"
        },
        {
            "end_pos": 47,
            "label_type": "解剖部位",
            "overlap": 0,
            "start_pos": 44,
            "text": "左卵巢"
        },
        {
            "end_pos": 52,
            "label_type": "解剖部位",
            "overlap": 0,
            "start_pos": 50,
            "text": "卵巢"
        },
        {
            "label_type": "疾病和诊断",
            "overlap": 0,
            "start_pos": 86,
            "end_pos": 90,
            "text": "恶性肿瘤"
        },
        {
            "label_type": "疾病和诊断",
            "overlap": 0,
            "start_pos": 94,
            "end_pos": 96,
            "text": "腺癌"
        },
        {
            "end_pos": 115,
            "label_type": "药物",
            "overlap": 0,
            "start_pos": 112,
            "text": "紫杉醇"
        },
        {
            "end_pos": 118,
            "label_type": "药物",
            "overlap": 0,
            "start_pos": 116,
            "text": "特素"
        },
        {
            "end_pos": 131,
            "label_type": "药物",
            "overlap": 0,
            "start_pos": 129,
            "text": "顺铂"
        },
        {
            "end_pos": 137,
            "label_type": "解剖部位",
            "overlap": 0,
            "start_pos": 135,
            "text": "腹腔"
        },
        {
            "label_type": "手术",
            "overlap": 0,
            "start_pos": 150,
            "end_pos": 182,
            "text": "经腹行全子宫切除术+两侧附件切除术+大网膜部分切除术+阑尾切除术"
        },
        {
            "label_type": "疾病和诊断",
            "overlap": 0,
            "start_pos": 192,
            "end_pos": 210,
            "text": "（左卵巢）中-低分化浆液性乳头状腺癌"
        },
        {
            "end_pos": 216,
            "label_type": "解剖部位",
            "overlap": 0,
            "start_pos": 213,
            "text": "输卵管"
        },
        {
            "end_pos": 225,
            "label_type": "解剖部位",
            "overlap": 0,
            "start_pos": 222,
            "text": "右卵巢"
        },
        {
            "end_pos": 234,
            "label_type": "解剖部位",
            "overlap": 0,
            "start_pos": 230,
            "text": "右输卵管"
        },
        {
            "end_pos": 237,
            "label_type": "解剖部位",
            "overlap": 0,
            "start_pos": 235,
            "text": "子宫"
        },
        {
            "end_pos": 245,
            "label_type": "解剖部位",
            "overlap": 0,
            "start_pos": 243,
            "text": "阑尾"
        },
        {
            "label_type": "疾病和诊断",
            "overlap": 0,
            "start_pos": 261,
            "end_pos": 267,
            "text": "子宫平滑肌瘤"
        },
        {
            "end_pos": 278,
            "label_type": "药物",
            "overlap": 0,
            "start_pos": 275,
            "text": "紫杉醇"
        },
        {
            "end_pos": 281,
            "label_type": "药物",
            "overlap": 0,
            "start_pos": 279,
            "text": "泰素"
        },
        {
            "end_pos": 294,
            "label_type": "药物",
            "overlap": 0,
            "start_pos": 292,
            "text": "顺铂"
        },
        {
            "end_pos": 300,
            "label_type": "解剖部位",
            "overlap": 0,
            "start_pos": 299,
            "text": "腹"
        },
        {
            "end_pos": 310,
            "label_type": "药物",
            "overlap": 0,
            "start_pos": 307,
            "text": "紫杉醇"
        },
        {
            "end_pos": 313,
            "label_type": "药物",
            "overlap": 0,
            "start_pos": 311,
            "text": "泰素"
        },
        {
            "end_pos": 322,
            "label_type": "药物",
            "overlap": 0,
            "start_pos": 320,
            "text": "顺铂"
        },
        {
            "end_pos": 364,
            "label_type": "药物",
            "overlap": 0,
            "start_pos": 361,
            "text": "紫杉醇"
        },
        {
            "end_pos": 367,
            "label_type": "药物",
            "overlap": 0,
            "start_pos": 365,
            "text": "泰素"
        },
        {
            "end_pos": 378,
            "label_type": "药物",
            "overlap": 0,
            "start_pos": 374,
            "text": "奥沙利铂"
        },
        {
            "end_pos": 441,
            "label_type": "药物",
            "overlap": 0,
            "start_pos": 437,
            "text": "华蟾素片"
        },
        {
            "end_pos": 454,
            "label_type": "解剖部位",
            "overlap": 0,
            "start_pos": 453,
            "text": "腹"
        },
        {
            "end_pos": 457,
            "label_type": "解剖部位",
            "overlap": 0,
            "start_pos": 456,
            "text": "腹"
        },
        {
            "end_pos": 466,
            "label_type": "解剖部位",
            "overlap": 0,
            "start_pos": 465,
            "text": "腹"
        },
        {
            "end_pos": 477,
            "label_type": "解剖部位",
            "overlap": 0,
            "start_pos": 476,
            "text": "腹"
        },
        {
            "label_type": "疾病和诊断",
            "overlap": 0,
            "start_pos": 501,
            "end_pos": 516,
            "text": "卵巢浆液性乳头状腺癌IIIC期"
        }
    ]
}