{
    "originalText": "，直肠癌手术后，复查2015.5.20 手术直肠（切除），：- 溃疡型中分化腺癌，最大径4CM；- 侵至肠周脂肪组织；- 未见脉管内癌栓及神经侵犯；-（近端）切缘及环周切缘未见癌，（远端）切缘可见高级别下皮内瘤变残留；- 淋巴结可见癌转移（肠周1/10，肠系膜根部血管0/0）；- ，肿瘤病理分期：PT3N1A。2015.6.23 开始口服卡培他滨化疗，自述腹泻严重，不能忍受；分度为III度2015.10.27 CA72.4 数值11.46；其他检查未见异常。2016.3.8 肠镜检查提示结肠多发息肉，较大者分别位于横结肠肝曲、距离肛门25CM、距离肛门6CM.，活检报良性现症：直肠癌，淋巴结转移大便干燥。2016-3-25行ESD术，吻合口病变中分化腺癌，切缘阳性。外科建议术前放化疗，评估后手术。2016-4-27开始放疗，GTV50.6GY/CTV41.8GY/22次，同步口服卡培他滨。目前完成14次放疗。2016-05-27放射治疗结束，2016-06-06复查白细胞低上2.53*109/L。",
    "entities": [
        {
            "label_type": "疾病和诊断",
            "start_pos": 1,
            "end_pos": 7,
            "text": "直肠癌手术后"
        },
        {
            "end_pos": 24,
            "label_type": "解剖部位",
            "start_pos": 22,
            "text": "直肠"
        },
        {
            "label_type": "疾病和诊断",
            "start_pos": 32,
            "end_pos": 40,
            "text": "溃疡型中分化腺癌"
        },
        {
            "label_type": "解剖部位",
            "start_pos": 52,
            "end_pos": 53,
            "text": "肠"
        },
        {
            "label_type": "疾病和诊断",
            "start_pos": 98,
            "end_pos": 106,
            "text": "高级别下皮内瘤变"
        },
        {
            "label_type": "解剖部位",
            "start_pos": 120,
            "end_pos": 121,
            "text": "肠"
        },
        {
            "end_pos": 134,
            "label_type": "解剖部位",
            "start_pos": 127,
            "text": "肠系膜根部血管"
        },
        {
            "end_pos": 174,
            "label_type": "药物",
            "start_pos": 170,
            "text": "卡培他滨"
        },
        {
            "end_pos": 180,
            "label_type": "解剖部位",
            "start_pos": 179,
            "text": "腹"
        },
        {
            "label_type": "实验室检验",
            "start_pos": 207,
            "end_pos": 214,
            "text": "CA72.4 "
        },
        {
            "label_type": "疾病和诊断",
            "start_pos": 246,
            "end_pos": 252,
            "text": "结肠多发息肉"
        },
        {
            "end_pos": 265,
            "label_type": "解剖部位",
            "start_pos": 260,
            "text": "横结肠肝曲"
        },
        {
            "end_pos": 270,
            "label_type": "解剖部位",
            "start_pos": 268,
            "text": "肛门"
        },
        {
            "end_pos": 279,
            "label_type": "解剖部位",
            "start_pos": 277,
            "text": "肛门"
        },
        {
            "label_type": "疾病和诊断",
            "start_pos": 292,
            "end_pos": 301,
            "text": "直肠癌，淋巴结转移"
        },
        {
            "end_pos": 320,
            "label_type": "手术",
            "start_pos": 316,
            "text": "ESD术"
        },
        {
            "label_type": "疾病和诊断",
            "start_pos": 326,
            "end_pos": 331,
            "text": "中分化腺癌"
        },
        {
            "end_pos": 399,
            "label_type": "药物",
            "start_pos": 395,
            "text": "卡培他滨"
        },
        {
            "label_type": "实验室检验",
            "start_pos": 439,
            "end_pos": 442,
            "text": "白细胞"
        }
    ]
}