{
    "originalText": "，患者2014-09-23因“便血4天”就诊**二院，09-25，行胃镜示：胃窦低分化腺癌，HER-2（0）。 09-26，全腹CT示：胃窦富血供肿瘤。 09-25胸片（-）。 予抑酸、护胃、输血等支持对症，HB自55G/L升至95G/L.于2014-09-30行腹腔镜胃癌根治术，，术后病理：胃低分化腺癌，浸润至浆膜层，胃小弯、胃大弯、贲门、幽门、胃右动脉旁周围淋巴结(2/19)(+),大网膜（-），切缘（-），HER-2（0）.分期PT4AN1M0.患者术后恢复可，2014-11-06、2014-11-27行SOX方案化疗2程，过程顺利，化疗后出现少许皮疹，无恶心、呕吐、腹泻等不良反应。 2程化疗后出现泪频，胃纳差，腹胀、饮食后腹部隐痛，以夜间为甚，无黑便，偶有稀便，夜间小便频（3次右左），睡眠精神一般，体重无明显变化。",
    "entities": [
        {
            "label_type": "疾病和诊断",
            "start_pos": 38,
            "end_pos": 45,
            "text": "胃窦低分化腺癌"
        },
        {
            "label_type": "影像检查",
            "start_pos": 62,
            "end_pos": 66,
            "text": "全腹CT"
        },
        {
            "label_type": "解剖部位",
            "start_pos": 68,
            "end_pos": 70,
            "text": "胃窦"
        },
        {
            "label_type": "影像检查",
            "start_pos": 82,
            "end_pos": 84,
            "text": "胸片"
        },
        {
            "end_pos": 95,
            "label_type": "解剖部位",
            "start_pos": 94,
            "text": "胃"
        },
        {
            "label_type": "实验室检验",
            "start_pos": 104,
            "end_pos": 106,
            "text": "HB"
        },
        {
            "end_pos": 140,
            "label_type": "手术",
            "start_pos": 132,
            "text": "腹腔镜胃癌根治术"
        },
        {
            "label_type": "疾病和诊断",
            "start_pos": 147,
            "end_pos": 153,
            "text": "胃低分化腺癌"
        },
        {
            "label_type": "解剖部位",
            "start_pos": 161,
            "end_pos": 185,
            "text": "胃小弯、胃大弯、贲门、幽门、胃右动脉旁周围淋巴结"
        },
        {
            "end_pos": 291,
            "label_type": "解剖部位",
            "start_pos": 290,
            "text": "腹"
        },
        {
            "end_pos": 310,
            "label_type": "解剖部位",
            "start_pos": 309,
            "text": "胃"
        },
        {
            "end_pos": 314,
            "label_type": "解剖部位",
            "start_pos": 313,
            "text": "腹"
        },
        {
            "label_type": "解剖部位",
            "start_pos": 319,
            "end_pos": 320,
            "text": "腹"
        }
    ]
}