{
    "originalText": "，2016.1.29患者以“阴道不规则出血半年”为主主诉首次入院，我院病理科会诊浸润性低分化鳞状细胞癌为，诊宫颈鳞癌IIB期断，术，术前予化TP化期疗紫杉醇2周期：48顺铂0MG、22检0MG术，检查无手术禁忌症，2016-全术上后III型全子宫及及两附件两附件切除及盆腔淋巴结清扫术及腹主动脉旁淋巴结活检术-术顺18术在全麻上行，盆腔及腹主动脉淋巴结术顺，，癌0宫旁及子宫动脉3病癌理全子宫及两附件回宫颈及宫体上段肌层报：及未见转移肌层癌。及未型细胞见癌。全状及示及（均大于1低分化癌/2肌腺鳞癌层）中脉见癌异型阴道穹窿细胞呈小巢团状癌细胞排检列，病术变诊断为，符合，可见脉管癌栓，穹窿可见个别散在的癌细胞，检查现为体术后上放疗",
    "entities": [
        {
            "end_pos": 16,
            "label_type": "解剖部位",
            "overlap": 0,
            "start_pos": 14,
            "text": "阴道"
        },
        {
            "label_type": "疾病和诊断",
            "overlap": 0,
            "start_pos": 40,
            "end_pos": 51,
            "text": "浸润性低分化鳞状细胞癌"
        },
        {
            "label_type": "疾病和诊断",
            "overlap": 0,
            "start_pos": 54,
            "end_pos": 62,
            "text": "宫颈鳞癌IIB期"
        },
        {
            "end_pos": 78,
            "label_type": "药物",
            "overlap": 0,
            "start_pos": 75,
            "text": "紫杉醇"
        },
        {
            "end_pos": 86,
            "label_type": "药物",
            "overlap": 0,
            "start_pos": 84,
            "text": "顺铂"
        },
        {
            "label_type": "手术",
            "overlap": 0,
            "start_pos": 116,
            "end_pos": 154,
            "text": "III型全子宫及及两附件两附件切除及盆腔淋巴结清扫术及腹主动脉旁淋巴结活检术"
        },
        {
            "end_pos": 168,
            "label_type": "解剖部位",
            "overlap": 0,
            "start_pos": 166,
            "text": "盆腔"
        },
        {
            "end_pos": 176,
            "label_type": "解剖部位",
            "overlap": 0,
            "start_pos": 169,
            "text": "腹主动脉淋巴结"
        },
        {
            "end_pos": 184,
            "label_type": "解剖部位",
            "overlap": 0,
            "start_pos": 182,
            "text": "宫旁"
        },
        {
            "end_pos": 189,
            "label_type": "解剖部位",
            "overlap": 0,
            "start_pos": 185,
            "text": "子宫动脉"
        },
        {
            "end_pos": 196,
            "label_type": "解剖部位",
            "overlap": 0,
            "start_pos": 194,
            "text": "子宫"
        },
        {
            "end_pos": 200,
            "label_type": "解剖部位",
            "overlap": 0,
            "start_pos": 197,
            "text": "两附件"
        },
        {
            "end_pos": 203,
            "label_type": "解剖部位",
            "overlap": 0,
            "start_pos": 201,
            "text": "宫颈"
        },
        {
            "end_pos": 210,
            "label_type": "解剖部位",
            "overlap": 0,
            "start_pos": 204,
            "text": "宫体上段肌层"
        },
        {
            "label_type": "疾病和诊断",
            "overlap": 0,
            "start_pos": 239,
            "end_pos": 243,
            "text": "低分化癌"
        },
        {
            "label_type": "疾病和诊断",
            "overlap": 0,
            "start_pos": 246,
            "end_pos": 249,
            "text": "腺鳞癌"
        },
        {
            "end_pos": 261,
            "label_type": "解剖部位",
            "overlap": 0,
            "start_pos": 257,
            "text": "阴道穹窿"
        }
    ]
}