{
    "originalText": "，患者2014.5.7外院行\\\"腹腔镜辅助左半结肠切除术\\\"，，术后病理：分期T3N1M0 IIIB期。术后予XELOX方案化疗6周期。2016.8，复查CT示：左下下腹软组织团块影，转移瘤可能性大。2016.9.20，复查CT示：胃窦大弯侧上方结节，考虑大网膜转移与淋巴结转移相鉴别。，我院病理会诊：（左半结肠）镜检为中分化腺癌，浸润至浆膜上层，可见神经组织侵犯及脉管内癌栓；送检阑尾粘膜慢性炎；送检淋巴结（约34枚）3/34枚见腺癌转移，并可见1枚癌结节。ONCOCARTA19基因检测未发现突变位点。确定无化疗禁忌症，于2016-09-29、2016-10-15、2016-10-28、2016-11-15开始予FOLFOX+爱必妥方案化疗4程顺利，3程化疗后复查CT疗效评价SD。2016.11.，9CT：升结肠癌术后化疗后腹腔淋巴结转移复查，，对比2016-09-20片：结肠吻合口未见明确肿物。胃窦上方结节，考虑转移，较前缩小。两侧髂血管旁增大淋巴结，较前相仿，建议观察。于2016.12.14全麻上行“腹腔肿物切除术”，，病理示：（胃大弯侧结节），镜上：纤维结缔组织中见中分化腺癌浸润，结合病史及免疫组化结果，符合肠癌浸润转移。，免疫组化结果：C#，：CDX-2（+），CK20（+），VILLIN（+）。术程顺利，术后恢复可，今入院进一步治疗。患病以来，患者食欲、精神、睡眠尚可，大小便正常，术后体重上降1公斤。",
    "entities": [
        {
            "end_pos": 28,
            "label_type": "手术",
            "start_pos": 16,
            "text": "腹腔镜辅助左半结肠切除术"
        },
        {
            "label_type": "影像检查",
            "start_pos": 77,
            "end_pos": 79,
            "text": "CT"
        },
        {
            "label_type": "解剖部位",
            "start_pos": 81,
            "end_pos": 85,
            "text": "左下下腹"
        },
        {
            "label_type": "疾病和诊断",
            "start_pos": 92,
            "end_pos": 95,
            "text": "转移瘤"
        },
        {
            "label_type": "影像检查",
            "start_pos": 112,
            "end_pos": 114,
            "text": "CT"
        },
        {
            "label_type": "解剖部位",
            "start_pos": 116,
            "end_pos": 118,
            "text": "胃窦"
        },
        {
            "label_type": "疾病和诊断",
            "start_pos": 151,
            "end_pos": 165,
            "text": "（左半结肠）镜检为中分化腺癌"
        },
        {
            "label_type": "解剖部位",
            "start_pos": 191,
            "end_pos": 193,
            "text": "阑尾"
        },
        {
            "label_type": "疾病和诊断",
            "start_pos": 216,
            "end_pos": 218,
            "text": "腺癌"
        },
        {
            "end_pos": 319,
            "label_type": "药物",
            "start_pos": 316,
            "text": "爱必妥"
        },
        {
            "label_type": "影像检查",
            "start_pos": 335,
            "end_pos": 337,
            "text": "CT"
        },
        {
            "label_type": "影像检查",
            "start_pos": 354,
            "end_pos": 356,
            "text": "CT"
        },
        {
            "label_type": "疾病和诊断",
            "start_pos": 357,
            "end_pos": 373,
            "text": "升结肠癌术后化疗后腹腔淋巴结转移"
        },
        {
            "label_type": "解剖部位",
            "start_pos": 391,
            "end_pos": 396,
            "text": "结肠吻合口"
        },
        {
            "end_pos": 405,
            "label_type": "解剖部位",
            "start_pos": 403,
            "text": "胃窦"
        },
        {
            "label_type": "解剖部位",
            "start_pos": 420,
            "end_pos": 425,
            "text": "两侧髂血管"
        },
        {
            "end_pos": 465,
            "label_type": "手术",
            "start_pos": 458,
            "text": "腹腔肿物切除术"
        },
        {
            "label_type": "解剖部位",
            "start_pos": 473,
            "end_pos": 474,
            "text": "胃"
        },
        {
            "label_type": "疾病和诊断",
            "start_pos": 492,
            "end_pos": 497,
            "text": "中分化腺癌"
        },
        {
            "label_type": "疾病和诊断",
            "start_pos": 514,
            "end_pos": 520,
            "text": "肠癌浸润转移"
        }
    ]
}