{
    "originalText": "2014-08因食纳差，检查查发下腹现包块，2014-09-CK在全麻上剖腹探查术行术，术肿瘤中见十二指肠肿瘤位于，约10*11*10CM，质硬，与周围组织粘连致密无法胃空肠吻合术（切除，术行（）未术见手术记（十二指肠肿物）梭形细胞肿瘤录瘤细胞细胞）。术后病理：，瘤细胞细胞增生活跃，核分裂多见，大于10/10HPF，CD117(3+),CD34(-),DOG-1(3+),03(-),S-100(-),SMA(-术),K伊马替尼（I67）(+25%)。术后口服（**产）治疗至今。患者目前乏力",
    "entities": [
        {
            "end_pos": 18,
            "label_type": "解剖部位",
            "overlap": 0,
            "start_pos": 16,
            "text": "下腹"
        },
        {
            "end_pos": 41,
            "label_type": "手术",
            "overlap": 0,
            "start_pos": 36,
            "text": "剖腹探查术"
        },
        {
            "end_pos": 53,
            "label_type": "解剖部位",
            "overlap": 0,
            "start_pos": 49,
            "text": "十二指肠"
        },
        {
            "end_pos": 90,
            "label_type": "手术",
            "overlap": 0,
            "start_pos": 84,
            "text": "胃空肠吻合术"
        },
        {
            "label_type": "疾病和诊断",
            "overlap": 0,
            "start_pos": 104,
            "end_pos": 118,
            "text": "（十二指肠肿物）梭形细胞肿瘤"
        },
        {
            "end_pos": 215,
            "label_type": "药物",
            "overlap": 0,
            "start_pos": 211,
            "text": "伊马替尼"
        }
    ]
}