{
    "originalText": "，，者约于个1个月前结肠恶性肿瘤因“2”于201432-04-28日左半结肠切除术在全术麻上行利，术后左半结切除术。手术过程顺，利，术后给予，术后抗感染4及营养支2持治疗 结肠腺癌（中低分化），浸润溃疡型，，患者恢复好。，术后病，理：粘液腺癌49，76.201组3 结腺切癌（中低癌，分肠壁化站（2），个）淋巴癌浸润溃肠壁二站（2个）、中间组（4个）淋巴结疡型，癌面，积5组化.5*癌组5.5CM，局部图像，侵达（浆）膜术后分脂 肪组4织。双端 切线未查，术后见癌化，呈壁，，一站（2奥沙利铂2/8个） 淋巴癌右亚叶酸钙转移 。壁二2站（ 2氟尿苷个）、中间组 （24个 ）淋巴    结未查间，见癌。，免，疫腹组腹化染色，示癌组织：ERCC1(+化),TS（-，）。结肠癌术后术后分期     PT4N1M0 I，II期，，术后，给予化，疗、治疗，，，小便为：200化M",
    "entities": [
        {
            "label_type": "疾病和诊断",
            "overlap": 0,
            "start_pos": 10,
            "end_pos": 16,
            "text": "结肠恶性肿瘤"
        },
        {
            "end_pos": 41,
            "label_type": "手术",
            "overlap": 0,
            "start_pos": 34,
            "text": "左半结肠切除术"
        },
        {
            "label_type": "疾病和诊断",
            "overlap": 0,
            "start_pos": 85,
            "end_pos": 102,
            "text": " 结肠腺癌（中低分化），浸润溃疡型"
        },
        {
            "label_type": "疾病和诊断",
            "overlap": 0,
            "start_pos": 117,
            "end_pos": 121,
            "text": "粘液腺癌"
        },
        {
            "label_type": "解剖部位",
            "overlap": 0,
            "start_pos": 143,
            "end_pos": 144,
            "text": "肠"
        },
        {
            "label_type": "解剖部位",
            "overlap": 0,
            "start_pos": 159,
            "end_pos": 178,
            "text": "肠壁二站（2个）、中间组（4个）淋巴结"
        },
        {
            "end_pos": 246,
            "label_type": "药物",
            "overlap": 0,
            "start_pos": 242,
            "text": "奥沙利铂"
        },
        {
            "end_pos": 260,
            "label_type": "药物",
            "overlap": 0,
            "start_pos": 255,
            "text": "右亚叶酸钙"
        },
        {
            "end_pos": 274,
            "label_type": "药物",
            "overlap": 0,
            "start_pos": 271,
            "text": "氟尿苷"
        },
        {
            "end_pos": 306,
            "label_type": "解剖部位",
            "overlap": 0,
            "start_pos": 305,
            "text": "腹"
        },
        {
            "end_pos": 308,
            "label_type": "解剖部位",
            "overlap": 0,
            "start_pos": 307,
            "text": "腹"
        },
        {
            "label_type": "疾病和诊断",
            "overlap": 0,
            "start_pos": 334,
            "end_pos": 339,
            "text": "结肠癌术后"
        }
    ]
}