{
    "originalText": "患者1月前体检发现CEA升高，平素无乏力，无发热，无呕血黑便，无腹痛腹胀，无大便习惯性状改变，无腹泻，并行至我院复查CT（2012-04-20）示肝及两肾多发囊肿，子宫饱满伴小钙化灶；右肺上叶条絮影伴钙化，建议胸部CT检查，肠镜（2012-05-31）示结肠镜检查至盲肠，距肛缘70CM可见一肿块，占肠腔一圈，肠腔狭窄，无法继续进镜。活检4块，质地硬，易出血，余大肠未见异常。肛指检查无异常。病理未出。发病以来，患者精神夜眠可，胃纳可，小便正常。",
    "entities": [
        {
            "label_type": "实验室检验",
            "start_pos": 9,
            "end_pos": 12,
            "text": "CEA"
        },
        {
            "end_pos": 33,
            "label_type": "解剖部位",
            "start_pos": 32,
            "text": "腹"
        },
        {
            "end_pos": 35,
            "label_type": "解剖部位",
            "start_pos": 34,
            "text": "腹"
        },
        {
            "end_pos": 49,
            "label_type": "解剖部位",
            "start_pos": 48,
            "text": "腹"
        },
        {
            "label_type": "影像检查",
            "start_pos": 58,
            "end_pos": 60,
            "text": "CT"
        },
        {
            "label_type": "疾病和诊断",
            "start_pos": 73,
            "end_pos": 81,
            "text": "肝及两肾多发囊肿"
        },
        {
            "end_pos": 84,
            "label_type": "解剖部位",
            "start_pos": 82,
            "text": "子宫"
        },
        {
            "end_pos": 96,
            "label_type": "解剖部位",
            "start_pos": 92,
            "text": "右肺上叶"
        },
        {
            "label_type": "影像检查",
            "start_pos": 105,
            "end_pos": 109,
            "text": "胸部CT"
        },
        {
            "end_pos": 135,
            "label_type": "解剖部位",
            "start_pos": 133,
            "text": "盲肠"
        },
        {
            "label_type": "解剖部位",
            "start_pos": 150,
            "end_pos": 151,
            "text": "肠"
        },
        {
            "label_type": "解剖部位",
            "start_pos": 155,
            "end_pos": 156,
            "text": "肠"
        },
        {
            "end_pos": 183,
            "label_type": "解剖部位",
            "start_pos": 181,
            "text": "大肠"
        },
        {
            "end_pos": 215,
            "label_type": "解剖部位",
            "start_pos": 214,
            "text": "胃"
        }
    ]
}