{
    "originalText": "，患者平素月经规律，呈5-6/30日型，量中等，无经期腹痛，末次月经2013年10月12日。患者2013年11月中旬因“阴道流血”就诊于我院，行阴道镜上宫颈活检病理回报中分化鳞癌，临床诊为宫颈鳞癌IIB期，于2013-11-19、2013-12-11在我院妇科行BEP（博来霉素+依托铂苷+顺铂）方案化疗2次，化疗过程顺利，化疗反应轻微，化疗后病变无明显缩小，于2014-1-6行两侧卵巢移位、淋巴结活检术（术中一个髂外淋巴结增大极化与周边组织致密粘连，锐性切除后为肿大淋巴结有坏死。），术后病理（Z0469056），：(淋巴结)见鳞癌癌巢,，A:CK(PAN)(+) KI-67(+40%) P63(+)。术后患者恢复良好，复查血尿常规正常。于2014年1月21日开始行盆腔体外放疗1.8GY*28次，盆腔淋巴结补量2GY*5次，强内后装放疗4次，同步顺铂30MG连4天化疗。放化疗结束7个月后患者无意中发现右颈部肿物，行超声检查两颈部II区淋巴结肿大，超声结构正常右颈部III区、IV区淋巴结肿大，类圆形，网格样低回声伴钙化，结构异常，临床诊断为宫颈癌放疗后颈部淋巴结转移癌，于我科门诊行颈部淋巴结放疗，放疗期间行顺铂方案化疗1周期，现末次化疗后21天，放疗17次，来诊行第二周期同步顺铂化疗，病来无发热，无恶心呕吐，无乏力，无腹胀腹痛，饮食睡眠可，二便正常。",
    "entities": [
        {
            "end_pos": 28,
            "label_type": "解剖部位",
            "start_pos": 27,
            "text": "腹"
        },
        {
            "end_pos": 62,
            "label_type": "解剖部位",
            "start_pos": 60,
            "text": "阴道"
        },
        {
            "label_type": "手术",
            "start_pos": 72,
            "end_pos": 80,
            "text": "阴道镜上宫颈活检"
        },
        {
            "label_type": "疾病和诊断",
            "start_pos": 84,
            "end_pos": 89,
            "text": "中分化鳞癌"
        },
        {
            "label_type": "疾病和诊断",
            "start_pos": 94,
            "end_pos": 102,
            "text": "宫颈鳞癌IIB期"
        },
        {
            "end_pos": 139,
            "label_type": "药物",
            "start_pos": 135,
            "text": "博来霉素"
        },
        {
            "end_pos": 144,
            "label_type": "药物",
            "start_pos": 140,
            "text": "依托铂苷"
        },
        {
            "end_pos": 147,
            "label_type": "药物",
            "start_pos": 145,
            "text": "顺铂"
        },
        {
            "label_type": "手术",
            "start_pos": 190,
            "end_pos": 203,
            "text": "两侧卵巢移位、淋巴结活检术"
        },
        {
            "end_pos": 213,
            "label_type": "解剖部位",
            "start_pos": 208,
            "text": "髂外淋巴结"
        },
        {
            "label_type": "疾病和诊断",
            "start_pos": 266,
            "end_pos": 268,
            "text": "鳞癌"
        },
        {
            "end_pos": 338,
            "label_type": "解剖部位",
            "start_pos": 336,
            "text": "盆腔"
        },
        {
            "end_pos": 357,
            "label_type": "解剖部位",
            "start_pos": 352,
            "text": "盆腔淋巴结"
        },
        {
            "end_pos": 379,
            "label_type": "药物",
            "start_pos": 377,
            "text": "顺铂"
        },
        {
            "end_pos": 408,
            "label_type": "解剖部位",
            "start_pos": 405,
            "text": "右颈部"
        },
        {
            "end_pos": 425,
            "label_type": "解剖部位",
            "start_pos": 416,
            "text": "两颈部II区淋巴结"
        },
        {
            "label_type": "解剖部位",
            "start_pos": 434,
            "end_pos": 448,
            "text": "右颈部III区、IV区淋巴结"
        },
        {
            "label_type": "疾病和诊断",
            "start_pos": 475,
            "end_pos": 489,
            "text": "宫颈癌放疗后颈部淋巴结转移癌"
        },
        {
            "end_pos": 501,
            "label_type": "解剖部位",
            "start_pos": 496,
            "text": "颈部淋巴结"
        },
        {
            "end_pos": 511,
            "label_type": "药物",
            "start_pos": 509,
            "text": "顺铂"
        },
        {
            "end_pos": 546,
            "label_type": "药物",
            "start_pos": 544,
            "text": "顺铂"
        },
        {
            "end_pos": 567,
            "label_type": "解剖部位",
            "start_pos": 566,
            "text": "腹"
        },
        {
            "end_pos": 569,
            "label_type": "解剖部位",
            "start_pos": 568,
            "text": "腹"
        }
    ]
}