{
    "originalText": "，患者2015-09-15因“腹病理大便性状习惯改变1月”就诊于我院结直肠结直科，肠外院镜检查结肠肝曲提示结肝曲肠环周肿物，镜不能通过，活腺癌检痛伴提示，遂2015-09-18左半结肠切除术行全麻上“左半结术切除术”，过程顺中分化腺癌利癌，，术后病肠理示：镜检为中分化，癌组织癌浸润至壁浆膜上层；切未见明癌确脉管结内癌栓及神腺癌经束侵犯；各切化缘未见癌；淋巴结2/10见转移，，免疫组化：ER（-），ERCC1（+），MSH2（+），MSH6（+），MLH1（+）分，PMS2（+），KI67（40%术+），，分期为：PT3N1BM0IIIB期，术后恢复可。2术015化-10-15于我科行第1程XELOX方案术后辅助化疗，过程顺利胃，现患者为行进一步治疗入我科。患者3周来，无",
    "entities": [
        {
            "end_pos": 16,
            "label_type": "解剖部位",
            "overlap": 0,
            "start_pos": 15,
            "text": "腹"
        },
        {
            "end_pos": 37,
            "label_type": "解剖部位",
            "overlap": 0,
            "start_pos": 34,
            "text": "结直肠"
        },
        {
            "label_type": "解剖部位",
            "overlap": 0,
            "start_pos": 47,
            "end_pos": 51,
            "text": "结肠肝曲"
        },
        {
            "label_type": "疾病和诊断",
            "overlap": 0,
            "start_pos": 69,
            "end_pos": 71,
            "text": "腺癌"
        },
        {
            "end_pos": 95,
            "label_type": "手术",
            "overlap": 0,
            "start_pos": 88,
            "text": "左半结肠切除术"
        },
        {
            "label_type": "疾病和诊断",
            "overlap": 0,
            "start_pos": 112,
            "end_pos": 117,
            "text": "中分化腺癌"
        },
        {
            "label_type": "解剖部位",
            "overlap": 0,
            "start_pos": 124,
            "end_pos": 125,
            "text": "肠"
        },
        {
            "label_type": "疾病和诊断",
            "overlap": 0,
            "start_pos": 162,
            "end_pos": 164,
            "text": "腺癌"
        },
        {
            "end_pos": 317,
            "label_type": "解剖部位",
            "overlap": 0,
            "start_pos": 316,
            "text": "胃"
        }
    ]
}