{
    "originalText": "，缘于入院前半个月前炎症行胃镜检查提示：食管炎（A级），贲门息肉息肉样隆起，共双枚，大别小分别为1.0CM、1.5慢性萎缩性胃炎C十二指肠球部溃疡（S2期）M十二指肠球部炎症，，胃，。，镜（十二指肠降部）病理中：慢性炎症（）间质中量性炎症慢性我院细胞性腺及少腺瘤量增生急（贲门）腺下皮性度肠炎症细胞浸胃润，腺灶性腺体呈腺瘤慢性炎症样增生。（）肠腺下皮轻度结肠肠化息肉，其上见固有腺，间质大量急、内慢性炎症部细胞息肉浸润。，肠（肝曲）肠管状腺瘤镜检腺下皮低级别下皮内瘤变查（横结肠）肠管状腺瘤示：腺下皮低级别下皮内瘤变（中度不典型增生）多发腹息肉腹，直腹径0.6CM-1CM。予内镜上后切除部分小息肉。，病理：，伴，（胸骨后横）肠管状腺瘤，食伴（中度不典型增生）。无痛、胀、泻、门呕血、胃肠息肉排黑便、排血便、里急后重，无恶心、呕食吐，无反酸、嗳气、烧灼感，无消变瘦、",
    "entities": [
        {
            "label_type": "疾病和诊断",
            "overlap": 0,
            "start_pos": 20,
            "end_pos": 27,
            "text": "食管炎（A级）"
        },
        {
            "end_pos": 30,
            "label_type": "解剖部位",
            "overlap": 0,
            "start_pos": 28,
            "text": "贲门"
        },
        {
            "label_type": "疾病和诊断",
            "overlap": 0,
            "start_pos": 57,
            "end_pos": 64,
            "text": "慢性萎缩性胃炎"
        },
        {
            "label_type": "疾病和诊断",
            "overlap": 0,
            "start_pos": 65,
            "end_pos": 78,
            "text": "十二指肠球部溃疡（S2期）"
        },
        {
            "label_type": "疾病和诊断",
            "overlap": 0,
            "start_pos": 79,
            "end_pos": 87,
            "text": "十二指肠球部炎症"
        },
        {
            "end_pos": 101,
            "label_type": "解剖部位",
            "overlap": 0,
            "start_pos": 95,
            "text": "十二指肠降部"
        },
        {
            "end_pos": 138,
            "label_type": "解剖部位",
            "overlap": 0,
            "start_pos": 136,
            "text": "贲门"
        },
        {
            "end_pos": 151,
            "label_type": "解剖部位",
            "overlap": 0,
            "start_pos": 150,
            "text": "胃"
        },
        {
            "end_pos": 179,
            "label_type": "解剖部位",
            "overlap": 0,
            "start_pos": 177,
            "text": "结肠"
        },
        {
            "label_type": "疾病和诊断",
            "overlap": 0,
            "start_pos": 212,
            "end_pos": 221,
            "text": "（肝曲）肠管状腺瘤"
        },
        {
            "label_type": "疾病和诊断",
            "overlap": 0,
            "start_pos": 223,
            "end_pos": 234,
            "text": "腺下皮低级别下皮内瘤变"
        },
        {
            "label_type": "疾病和诊断",
            "overlap": 0,
            "start_pos": 235,
            "end_pos": 245,
            "text": "（横结肠）肠管状腺瘤"
        },
        {
            "label_type": "疾病和诊断",
            "overlap": 0,
            "start_pos": 247,
            "end_pos": 267,
            "text": "腺下皮低级别下皮内瘤变（中度不典型增生）"
        },
        {
            "end_pos": 270,
            "label_type": "解剖部位",
            "overlap": 0,
            "start_pos": 269,
            "text": "腹"
        },
        {
            "end_pos": 273,
            "label_type": "解剖部位",
            "overlap": 0,
            "start_pos": 272,
            "text": "腹"
        },
        {
            "end_pos": 276,
            "label_type": "解剖部位",
            "overlap": 0,
            "start_pos": 275,
            "text": "腹"
        },
        {
            "end_pos": 311,
            "label_type": "解剖部位",
            "overlap": 0,
            "start_pos": 308,
            "text": "胸骨后"
        },
        {
            "label_type": "疾病和诊断",
            "overlap": 0,
            "start_pos": 342,
            "end_pos": 346,
            "text": "胃肠息肉"
        }
    ]
}