{
    "originalText": "27年前患者因“葡萄胎”就诊于我院行子宫全切术，术后常规复查时发现丙肝抗体阳性，并因肝功异常予保肝治疗及肿瘤化疗治疗（达2年），其后未定期复查肝功及丙肝病毒载量，未行系统诊治。1年余前患者无明显诱因自觉乏力，伴腹胀，纳差及厌油，无腹痛，无恶心及呕吐。查丙型肝炎基因分型I型。丙型肝炎病毒载量大于5.00X107国际单位/毫升。开始“佩乐能”联合“利巴韦林”抗病毒治疗。患者22周时丙肝病毒载量转阴。目前抗病毒治疗59周。患者近1周无明显诱因出现乏力，恶心及腹胀。现患者为求进一步诊治入我科，病来精神状态可，无发热及寒战，无咳嗽及咳痰，偶有牙龈出血，无腹痛及腹泻，睡眠可，饮食欠佳，二便如常，近1年体重上降约15公斤。",
    "entities": [
        {
            "label_type": "疾病和诊断",
            "start_pos": 8,
            "end_pos": 11,
            "text": "葡萄胎"
        },
        {
            "end_pos": 23,
            "label_type": "手术",
            "start_pos": 18,
            "text": "子宫全切术"
        },
        {
            "label_type": "实验室检验",
            "start_pos": 33,
            "end_pos": 37,
            "text": "丙肝抗体"
        },
        {
            "end_pos": 43,
            "label_type": "解剖部位",
            "start_pos": 42,
            "text": "肝"
        },
        {
            "end_pos": 49,
            "label_type": "解剖部位",
            "start_pos": 48,
            "text": "肝"
        },
        {
            "label_type": "实验室检验",
            "start_pos": 74,
            "end_pos": 80,
            "text": "丙肝病毒载量"
        },
        {
            "end_pos": 106,
            "label_type": "解剖部位",
            "start_pos": 105,
            "text": "腹"
        },
        {
            "end_pos": 116,
            "label_type": "解剖部位",
            "start_pos": 115,
            "text": "腹"
        },
        {
            "label_type": "实验室检验",
            "start_pos": 137,
            "end_pos": 145,
            "text": "丙型肝炎病毒载量"
        },
        {
            "end_pos": 169,
            "label_type": "药物",
            "start_pos": 166,
            "text": "佩乐能"
        },
        {
            "end_pos": 177,
            "label_type": "药物",
            "start_pos": 173,
            "text": "利巴韦林"
        },
        {
            "label_type": "实验室检验",
            "start_pos": 190,
            "end_pos": 196,
            "text": "丙肝病毒载量"
        },
        {
            "end_pos": 229,
            "label_type": "解剖部位",
            "start_pos": 228,
            "text": "腹"
        },
        {
            "end_pos": 276,
            "label_type": "解剖部位",
            "start_pos": 275,
            "text": "腹"
        },
        {
            "end_pos": 279,
            "label_type": "解剖部位",
            "start_pos": 278,
            "text": "腹"
        }
    ]
}