{
    "originalText": "，缘缘于入院前39个月因反左上腹复痛于我院腹部B超行部回盲部B超示：壁增厚,癌可能。并于2010.11.1瘤外于我全院上肿左半结肠切除术瘤盲肠部外科在大全麻CM上行CM,可及一大约膜3C术后M*4CM肿物，侵及浆膜层。术后(左半结肠)大肠回盲部结外粘膜相关淋巴组织边缘区B细胞淋巴瘤(MALT)病理（2膜010术265切73），瘤示：,肠周淋巴结侵犯浆膜层，淋巴瘤细胞手术标本双切组端未C见肿瘤。找到C1/19个见C淋巴瘤细胞浸润C。，免疫+++组化C：CD3（-）C，CD5（-）C，CD10（-C）CL，CD20（+++），CD21（-）BCL，CD+++23C（-），CD3术后0（-）切，CYCLIND术后1（-）胸部+全腹CT，KI67（10%），术后B后CCL-2（环磷酰胺+++）M，CD56（+表柔比星-）M。术后恢复可+长春新碱，M切口II/甲愈+泼尼松合。M术T后进一步查胸部+全CT周未见全明显复发周转移征象，肝术后先后予CHOP（1100MGIV，D1+后90MGIV，D1+2MG，IV后，D1+10MGT胸部+全腹CTID，D1-D14）3周方案全身化疗4周期，辅以腹保、腹止吐腹、调节免疫力等发病，化疗过程较顺利。最后一次化疗201回盲部淋巴瘤术后1年1月27日。此后定期（3个月）复查胸部大+全CT增强未见复发转",
    "entities": [
        {
            "end_pos": 16,
            "label_type": "解剖部位",
            "overlap": 0,
            "start_pos": 13,
            "text": "左上腹"
        },
        {
            "label_type": "影像检查",
            "overlap": 0,
            "start_pos": 21,
            "end_pos": 25,
            "text": "腹部B超"
        },
        {
            "label_type": "解剖部位",
            "overlap": 0,
            "start_pos": 27,
            "end_pos": 30,
            "text": "回盲部"
        },
        {
            "end_pos": 68,
            "label_type": "手术",
            "overlap": 0,
            "start_pos": 61,
            "text": "左半结肠切除术"
        },
        {
            "end_pos": 72,
            "label_type": "解剖部位",
            "overlap": 0,
            "start_pos": 69,
            "text": "盲肠部"
        },
        {
            "label_type": "疾病和诊断",
            "overlap": 0,
            "start_pos": 111,
            "end_pos": 147,
            "text": "(左半结肠)大肠回盲部结外粘膜相关淋巴组织边缘区B细胞淋巴瘤(MALT)"
        },
        {
            "end_pos": 173,
            "label_type": "解剖部位",
            "overlap": 0,
            "start_pos": 168,
            "text": "肠周淋巴结"
        },
        {
            "label_type": "影像检查",
            "overlap": 0,
            "start_pos": 311,
            "end_pos": 318,
            "text": "胸部+全腹CT"
        },
        {
            "end_pos": 343,
            "label_type": "药物",
            "overlap": 0,
            "start_pos": 339,
            "text": "环磷酰胺"
        },
        {
            "end_pos": 359,
            "label_type": "药物",
            "overlap": 0,
            "start_pos": 355,
            "text": "表柔比星"
        },
        {
            "end_pos": 373,
            "label_type": "药物",
            "overlap": 0,
            "start_pos": 369,
            "text": "长春新碱"
        },
        {
            "end_pos": 386,
            "label_type": "药物",
            "overlap": 0,
            "start_pos": 383,
            "text": "泼尼松"
        },
        {
            "end_pos": 417,
            "label_type": "解剖部位",
            "overlap": 0,
            "start_pos": 416,
            "text": "肝"
        },
        {
            "label_type": "影像检查",
            "overlap": 0,
            "start_pos": 466,
            "end_pos": 473,
            "text": "胸部+全腹CT"
        },
        {
            "end_pos": 498,
            "label_type": "解剖部位",
            "overlap": 0,
            "start_pos": 497,
            "text": "腹"
        },
        {
            "end_pos": 501,
            "label_type": "解剖部位",
            "overlap": 0,
            "start_pos": 500,
            "text": "腹"
        },
        {
            "end_pos": 504,
            "label_type": "解剖部位",
            "overlap": 0,
            "start_pos": 503,
            "text": "腹"
        },
        {
            "label_type": "疾病和诊断",
            "overlap": 0,
            "start_pos": 531,
            "end_pos": 539,
            "text": "回盲部淋巴瘤术后"
        }
    ]
}