{
    "originalText": "，因腹胀及间断发热伴黑便。检查提示腹腔占位。2014-5-8全麻上行空肠肿瘤切除，胃肠吻合，小肠吻合，横结肠部分切除，回肠末端两腔造口。术后病理示胃肠道间质瘤，肿瘤14*7*5CM，核分裂像>5/50HPF，累及肠系膜，固有肌层及粘膜层，未见脉管瘤栓，LN 0/9。，免疫组化：CD117+,CD34-,DOG1+.术后患者出现进食后腹胀，进食后明显。2014-5-23，行腹部CT示：腹腔术后改变，腹部CT未见明确占位征象。2014-5-27开始口服伊马替尼 4粒 QD，服药后呕吐明显，自行调整为2粒 BID后恶心等症状较前稍好转，仍有间断腹痛。患者目前4-5次/日排便。肛门排出少许粘液。术前后体重上降约2KG。2014.5.26开始口服伊马替尼治疗，400MG/D，呕吐II度，无水肿、皮疹，止吐治疗后好转。，6-11C-KIT：第11外显子突变。6-22WBC 2.1。6-24血常规WBC 2.69，HGB 107，NEU 1.05。，6-30血RT：WBC4.86， NEUT2.44。暂停伊马替尼后恢复.昨日受凉后腹胀，进食差，无发热。",
    "entities": [
        {
            "end_pos": 3,
            "label_type": "解剖部位",
            "start_pos": 2,
            "text": "腹"
        },
        {
            "label_type": "解剖部位",
            "start_pos": 17,
            "end_pos": 18,
            "text": "腹"
        },
        {
            "label_type": "手术",
            "start_pos": 34,
            "end_pos": 67,
            "text": "空肠肿瘤切除，胃肠吻合，小肠吻合，横结肠部分切除，回肠末端两腔造口"
        },
        {
            "label_type": "疾病和诊断",
            "start_pos": 73,
            "end_pos": 79,
            "text": "胃肠道间质瘤"
        },
        {
            "label_type": "解剖部位",
            "start_pos": 106,
            "end_pos": 107,
            "text": "肠"
        },
        {
            "end_pos": 128,
            "label_type": "解剖部位",
            "start_pos": 126,
            "text": "LN"
        },
        {
            "end_pos": 168,
            "label_type": "解剖部位",
            "start_pos": 167,
            "text": "腹"
        },
        {
            "label_type": "影像检查",
            "start_pos": 187,
            "end_pos": 191,
            "text": "腹部CT"
        },
        {
            "label_type": "疾病和诊断",
            "start_pos": 193,
            "end_pos": 197,
            "text": "腹腔术后"
        },
        {
            "label_type": "影像检查",
            "start_pos": 200,
            "end_pos": 204,
            "text": "腹部CT"
        },
        {
            "end_pos": 230,
            "label_type": "药物",
            "start_pos": 226,
            "text": "伊马替尼"
        },
        {
            "end_pos": 273,
            "label_type": "解剖部位",
            "start_pos": 272,
            "text": "腹"
        },
        {
            "end_pos": 326,
            "label_type": "药物",
            "start_pos": 322,
            "text": "伊马替尼"
        },
        {
            "label_type": "实验室检验",
            "start_pos": 382,
            "end_pos": 385,
            "text": "WBC"
        },
        {
            "label_type": "实验室检验",
            "start_pos": 397,
            "end_pos": 400,
            "text": "WBC"
        },
        {
            "label_type": "实验室检验",
            "start_pos": 406,
            "end_pos": 409,
            "text": "HGB"
        },
        {
            "label_type": "实验室检验",
            "start_pos": 414,
            "end_pos": 417,
            "text": "NEU"
        },
        {
            "label_type": "实验室检验",
            "start_pos": 432,
            "end_pos": 435,
            "text": "WBC"
        },
        {
            "label_type": "实验室检验",
            "start_pos": 440,
            "end_pos": 445,
            "text": " NEUT"
        },
        {
            "end_pos": 456,
            "label_type": "药物",
            "start_pos": 452,
            "text": "伊马替尼"
        },
        {
            "end_pos": 466,
            "label_type": "解剖部位",
            "start_pos": 465,
            "text": "腹"
        }
    ]
}