{
    "originalText": "，绝经2年，近半年少量阴道出血，量少，外院行诊刮术，，病理：内膜样腺癌。现阴道有出血。CT示右侧锁骨下淋巴结转移？要求拆除腹腔引流口接引流袋。2017-6-20我院行腹腔镜子宫内膜癌分期术，，术后病理：（全子宫+两附件），切除： - 子宫内膜样癌，FIGOII级，伴鳞状分化，大小5×XXX4×XXX3CM； - 可见脉管癌栓； - 癌组织浸润肌壁＜1/2壁厚（浸润最深处约0.6CM，此处肌壁厚2.8CM）； - 癌组织累及宫体上段； - 两侧宫旁及两侧圆、主、骶韧带断端未见癌； - 肌壁间多发平滑肌瘤； - 慢性宫颈炎及颈管内膜炎，伴纳氏囊肿； - 两侧卵巢及两侧输卵管组织； - 淋巴结未见癌转移（腹主动脉左旁0/7，腹主动脉右旁0/4，左侧髂总髂外0/5，左侧腹股沟深0/3，左侧髂内闭孔0/4，右侧髂总髂外0/6，右侧腹股沟深0/1，右侧髂内闭孔0/3）； - ，肿瘤病理分期：PT1AN0。建议术后辅助化疗。2017-7-11行砝码新+卡铂化疗。诉近日有阴道出血。末次化疗2017-8-3.腹部超声未见异常。2017-8-24我院行法码新+卡铂方案化疗，共三次，2017.10复查盆腹CT，可见盆腹腔淋巴淋巴结观察。",
    "entities": [
        {
            "end_pos": 13,
            "label_type": "解剖部位",
            "start_pos": 11,
            "text": "阴道"
        },
        {
            "end_pos": 25,
            "label_type": "手术",
            "start_pos": 22,
            "text": "诊刮术"
        },
        {
            "label_type": "疾病和诊断",
            "start_pos": 30,
            "end_pos": 35,
            "text": "内膜样腺癌"
        },
        {
            "end_pos": 39,
            "label_type": "解剖部位",
            "start_pos": 37,
            "text": "阴道"
        },
        {
            "label_type": "影像检查",
            "start_pos": 43,
            "end_pos": 45,
            "text": "CT"
        },
        {
            "label_type": "疾病和诊断",
            "start_pos": 46,
            "end_pos": 56,
            "text": "右侧锁骨下淋巴结转移"
        },
        {
            "end_pos": 63,
            "label_type": "解剖部位",
            "start_pos": 61,
            "text": "腹腔"
        },
        {
            "end_pos": 94,
            "label_type": "手术",
            "start_pos": 83,
            "text": "腹腔镜子宫内膜癌分期术"
        },
        {
            "end_pos": 105,
            "label_type": "解剖部位",
            "start_pos": 102,
            "text": "全子宫"
        },
        {
            "end_pos": 109,
            "label_type": "解剖部位",
            "start_pos": 106,
            "text": "两附件"
        },
        {
            "label_type": "疾病和诊断",
            "start_pos": 117,
            "end_pos": 123,
            "text": "子宫内膜样癌"
        },
        {
            "label_type": "解剖部位",
            "start_pos": 213,
            "end_pos": 215,
            "text": "宫体"
        },
        {
            "end_pos": 235,
            "label_type": "解剖部位",
            "start_pos": 226,
            "text": "两侧圆、主、骶韧带"
        },
        {
            "label_type": "疾病和诊断",
            "start_pos": 249,
            "end_pos": 253,
            "text": "平滑肌瘤"
        },
        {
            "label_type": "疾病和诊断",
            "start_pos": 257,
            "end_pos": 268,
            "text": "慢性宫颈炎及颈管内膜炎"
        },
        {
            "label_type": "疾病和诊断",
            "start_pos": 270,
            "end_pos": 274,
            "text": "纳氏囊肿"
        },
        {
            "end_pos": 282,
            "label_type": "解剖部位",
            "start_pos": 278,
            "text": "两侧卵巢"
        },
        {
            "end_pos": 288,
            "label_type": "解剖部位",
            "start_pos": 283,
            "text": "两侧输卵管"
        },
        {
            "end_pos": 307,
            "label_type": "解剖部位",
            "start_pos": 303,
            "text": "腹主动脉"
        },
        {
            "end_pos": 317,
            "label_type": "解剖部位",
            "start_pos": 313,
            "text": "腹主动脉"
        },
        {
            "end_pos": 329,
            "label_type": "解剖部位",
            "start_pos": 323,
            "text": "左侧髂总髂外"
        },
        {
            "end_pos": 338,
            "label_type": "解剖部位",
            "start_pos": 333,
            "text": "左侧腹股沟"
        },
        {
            "end_pos": 349,
            "label_type": "解剖部位",
            "start_pos": 343,
            "text": "左侧髂内闭孔"
        },
        {
            "end_pos": 359,
            "label_type": "解剖部位",
            "start_pos": 353,
            "text": "右侧髂总髂外"
        },
        {
            "end_pos": 368,
            "label_type": "解剖部位",
            "start_pos": 363,
            "text": "右侧腹股沟"
        },
        {
            "end_pos": 379,
            "label_type": "解剖部位",
            "start_pos": 373,
            "text": "右侧髂内闭孔"
        },
        {
            "end_pos": 424,
            "label_type": "药物",
            "start_pos": 421,
            "text": "砝码新"
        },
        {
            "end_pos": 427,
            "label_type": "药物",
            "start_pos": 425,
            "text": "卡铂"
        },
        {
            "end_pos": 436,
            "label_type": "解剖部位",
            "start_pos": 434,
            "text": "阴道"
        },
        {
            "end_pos": 476,
            "label_type": "药物",
            "start_pos": 473,
            "text": "法码新"
        },
        {
            "end_pos": 479,
            "label_type": "药物",
            "start_pos": 477,
            "text": "卡铂"
        },
        {
            "label_type": "影像检查",
            "start_pos": 497,
            "end_pos": 501,
            "text": "盆腹CT"
        },
        {
            "end_pos": 512,
            "label_type": "解剖部位",
            "start_pos": 504,
            "text": "盆腹腔淋巴淋巴结"
        }
    ]
}