{
    "originalText": "，缘于入院前3月余前于我院诊为胃癌，于2014-12-12在全麻上上腹腔镜上根治性远端胃大部切除术行术腔镜术后上根治（胃大部）性远胃体大弯侧溃疡型低分化腺癌端大部切除术，术顺。术后病术理示下（上大切端部），（下切端）：（上切端），侵及癌浆膜层，侵小弯淋巴结犯神经，手术大弯淋巴结标本下、上幽门下淋巴结双切端及另幽门上淋巴结送（下切端）、（上（第一组）淋巴结切端）均未（第七组）淋巴结见癌浸润。（第八组）淋巴结找到0/1（第十二组）淋巴结0个，2/8癌个，0（第/组）2个，0/2个，及另送的组0/术后1个，0/5个，0/治1个，0/3个，见癌转移。（第九组），：送检脂肪、纤维及神经组奥沙利铂（齐沙）织。术后给予对症、营养替吉奥支持等治疗，恢复良好,伤口化愈合I治I/甲。患者于2015酸-0肝1-05行治“（）200替吉奥MGI皮VGTT皮疹+60MGPOD1-14。”化疗替加氟方案治疗1周期奥沙利铂，辅以止吐、制酸、精神亚叶酸钙对症支持治疗，患者口服时出化现皮肤瘙痒、等不适，2015-01-24行“3.6替加氟G泵入+130奥沙利铂MGIVGTT+300亚叶酸钙MGIVGTT”方案化疗，化2015-02肝-1酸1，2015-第02-化2治8予“3.6G泵入门+1胃癌术后30MG下IVGTT+300MGIVGTT腹”方腹案化疗辅以大小止吐、保体、制酸等处理。化今",
    "entities": [
        {
            "label_type": "疾病和诊断",
            "overlap": 0,
            "start_pos": 15,
            "end_pos": 17,
            "text": "胃癌"
        },
        {
            "end_pos": 49,
            "label_type": "手术",
            "overlap": 0,
            "start_pos": 34,
            "text": "腹腔镜上根治性远端胃大部切除术"
        },
        {
            "end_pos": 60,
            "label_type": "解剖部位",
            "overlap": 0,
            "start_pos": 59,
            "text": "胃"
        },
        {
            "label_type": "疾病和诊断",
            "overlap": 0,
            "start_pos": 65,
            "end_pos": 78,
            "text": "胃体大弯侧溃疡型低分化腺癌"
        },
        {
            "end_pos": 128,
            "label_type": "解剖部位",
            "overlap": 0,
            "start_pos": 123,
            "text": "小弯淋巴结"
        },
        {
            "end_pos": 139,
            "label_type": "解剖部位",
            "overlap": 0,
            "start_pos": 134,
            "text": "大弯淋巴结"
        },
        {
            "end_pos": 150,
            "label_type": "解剖部位",
            "overlap": 0,
            "start_pos": 144,
            "text": "幽门下淋巴结"
        },
        {
            "end_pos": 161,
            "label_type": "解剖部位",
            "overlap": 0,
            "start_pos": 155,
            "text": "幽门上淋巴结"
        },
        {
            "label_type": "解剖部位",
            "overlap": 0,
            "start_pos": 170,
            "end_pos": 178,
            "text": "（第一组）淋巴结"
        },
        {
            "label_type": "解剖部位",
            "overlap": 0,
            "start_pos": 183,
            "end_pos": 191,
            "text": "（第七组）淋巴结"
        },
        {
            "label_type": "解剖部位",
            "overlap": 0,
            "start_pos": 196,
            "end_pos": 204,
            "text": "（第八组）淋巴结"
        },
        {
            "label_type": "解剖部位",
            "overlap": 0,
            "start_pos": 209,
            "end_pos": 218,
            "text": "（第十二组）淋巴结"
        },
        {
            "end_pos": 296,
            "label_type": "药物",
            "overlap": 0,
            "start_pos": 292,
            "text": "奥沙利铂"
        },
        {
            "end_pos": 299,
            "label_type": "药物",
            "overlap": 0,
            "start_pos": 297,
            "text": "齐沙"
        },
        {
            "end_pos": 314,
            "label_type": "药物",
            "overlap": 0,
            "start_pos": 311,
            "text": "替吉奥"
        },
        {
            "end_pos": 362,
            "label_type": "药物",
            "overlap": 0,
            "start_pos": 359,
            "text": "替吉奥"
        },
        {
            "label_type": "疾病和诊断",
            "overlap": 0,
            "start_pos": 370,
            "end_pos": 372,
            "text": "皮疹"
        },
        {
            "end_pos": 391,
            "label_type": "药物",
            "overlap": 0,
            "start_pos": 388,
            "text": "替加氟"
        },
        {
            "end_pos": 402,
            "label_type": "药物",
            "overlap": 0,
            "start_pos": 398,
            "text": "奥沙利铂"
        },
        {
            "end_pos": 417,
            "label_type": "药物",
            "overlap": 0,
            "start_pos": 413,
            "text": "亚叶酸钙"
        },
        {
            "end_pos": 459,
            "label_type": "药物",
            "overlap": 0,
            "start_pos": 456,
            "text": "替加氟"
        },
        {
            "end_pos": 470,
            "label_type": "药物",
            "overlap": 0,
            "start_pos": 466,
            "text": "奥沙利铂"
        },
        {
            "end_pos": 485,
            "label_type": "药物",
            "overlap": 0,
            "start_pos": 481,
            "text": "亚叶酸钙"
        },
        {
            "label_type": "解剖部位",
            "overlap": 0,
            "start_pos": 506,
            "end_pos": 507,
            "text": "肝"
        },
        {
            "label_type": "疾病和诊断",
            "overlap": 0,
            "start_pos": 536,
            "end_pos": 540,
            "text": "胃癌术后"
        },
        {
            "end_pos": 562,
            "label_type": "解剖部位",
            "overlap": 0,
            "start_pos": 561,
            "text": "腹"
        },
        {
            "end_pos": 565,
            "label_type": "解剖部位",
            "overlap": 0,
            "start_pos": 564,
            "text": "腹"
        }
    ]
}