{
    "originalText": "，，患20者423014年3月上无明中下腹显诱，因上出，现中下疼2-3分痛，，伴较剧烈，，每次持续，2-3分钟，，不伴放射痛，后有反恶酸，嗳腹气腹，，患者食欲欠佳，20进4-4-食油PET-CT腻食为胃窦部MT伴胃周淋巴结转移；脂肪肝；肝左后叶上段及两肾囊肿；左肾小结石；20物4-04-02后即感恶心上，胃癌根治术，毕II式远端胃无术中胀腹腔泻腹，，肝脏无腹盆腔大呕血黑便。于胃窦部小弯侧202CM14区，-4-1行，胃周考虑为肝动脉窦3CM肿瘤结部，淋巴结MT肿大伴，淋巴结(远端胃)下皮性恶性肿瘤，部分区为神经内分泌癌(G3，约占肿瘤体积40%)；部分为肉瘤样癌(约占肿瘤体积40%)；部分为管状腺癌，分化II级(LAUREN分型肠型，约占肿瘤组织20%)转癌组织移；胃；；；2014-0癌4及-02大弯侧淋巴结在我，院全麻癌转移(0上行)；。术小弯侧淋巴结中见无，水中，、大癌转移(网膜无异)，常。癌结直径2；CM幽门上淋巴结增2厚，区中3，未癌转移(3浸润2)浆膜，组化(20围4-N34可见)，旁TP(30%C)MT肿(20%瘤)结节-TU，ULIN(30%淋)巴结I明显(肿0%大)。T，PII-A(40%病)理ERCC-：(-)(C-MET(-)远端ER-2(0))C下皮(神经内分泌癌及肠型腺癌区性恶00%性肿瘤肉瘤样癌区，约部0%分)区为(N(30%G3)，C约G(30%占肿)瘤C体积4(部分0)%)；术部分为利肉术后瘤样癌(约占肿术后分瘤PT2N3M0体IIIA积，4术后0%化)；部，分为管状术后腺癌，分部分神经内分泌癌化部分肉瘤样癌I部分管状腺癌，I级(LAUR，E20N4分型肠型2，20约4占肿瘤2组20织420%23)20。4癌组织浸润壁肌层-4。E双切缘未术后见癌化累，，及。检出8表柔比星枚，0MG均M2，奥沙利铂未见30MG癌M2，希罗达转移000MG(M20/I8)；检-出4，，19枚，其表柔比星中5枚见癌0转MG移(5，奥沙利铂/19)，另见3MG癌结节，希罗达1枚；32检出MG1M22枚I，其中3-枚4，，见癌转移(表柔比星300MG/12，奥沙利铂)。免0MG疫组化，希罗达(2000MG14I-N34-941)3，，:TP20(460%+),T腹部CTS(20%+转移),B-化TUBU，LI为N(30%+化)治,KI67(60%+，)神,，TOP，II-A，(4体0%+)",
    "entities": [
        {
            "end_pos": 21,
            "label_type": "解剖部位",
            "overlap": 0,
            "start_pos": 18,
            "text": "中下腹"
        },
        {
            "end_pos": 71,
            "label_type": "解剖部位",
            "overlap": 0,
            "start_pos": 70,
            "text": "腹"
        },
        {
            "end_pos": 73,
            "label_type": "解剖部位",
            "overlap": 0,
            "start_pos": 72,
            "text": "腹"
        },
        {
            "label_type": "影像检查",
            "overlap": 0,
            "start_pos": 91,
            "end_pos": 97,
            "text": "PET-CT"
        },
        {
            "label_type": "疾病和诊断",
            "overlap": 0,
            "start_pos": 100,
            "end_pos": 113,
            "text": "胃窦部MT伴胃周淋巴结转移"
        },
        {
            "label_type": "疾病和诊断",
            "overlap": 0,
            "start_pos": 114,
            "end_pos": 117,
            "text": "脂肪肝"
        },
        {
            "label_type": "疾病和诊断",
            "overlap": 0,
            "start_pos": 118,
            "end_pos": 129,
            "text": "肝左后叶上段及两肾囊肿"
        },
        {
            "label_type": "疾病和诊断",
            "overlap": 0,
            "start_pos": 130,
            "end_pos": 135,
            "text": "左肾小结石"
        },
        {
            "label_type": "手术",
            "overlap": 0,
            "start_pos": 153,
            "end_pos": 166,
            "text": "胃癌根治术，毕II式远端胃"
        },
        {
            "end_pos": 172,
            "label_type": "解剖部位",
            "overlap": 0,
            "start_pos": 170,
            "text": "腹腔"
        },
        {
            "end_pos": 174,
            "label_type": "解剖部位",
            "overlap": 0,
            "start_pos": 173,
            "text": "腹"
        },
        {
            "end_pos": 178,
            "label_type": "解剖部位",
            "overlap": 0,
            "start_pos": 176,
            "text": "肝脏"
        },
        {
            "label_type": "解剖部位",
            "overlap": 0,
            "start_pos": 179,
            "end_pos": 182,
            "text": "腹盆腔"
        },
        {
            "end_pos": 195,
            "label_type": "解剖部位",
            "overlap": 0,
            "start_pos": 189,
            "text": "胃窦部小弯侧"
        },
        {
            "end_pos": 212,
            "label_type": "解剖部位",
            "overlap": 0,
            "start_pos": 210,
            "text": "胃周"
        },
        {
            "end_pos": 218,
            "label_type": "解剖部位",
            "overlap": 0,
            "start_pos": 215,
            "text": "肝动脉"
        },
        {
            "label_type": "疾病和诊断",
            "overlap": 0,
            "start_pos": 239,
            "end_pos": 331,
            "text": "(远端胃)下皮性恶性肿瘤，部分区为神经内分泌癌(G3，约占肿瘤体积40%)；部分为肉瘤样癌(约占肿瘤体积40%)；部分为管状腺癌，分化II级(LAUREN分型肠型，约占肿瘤组织20%)"
        },
        {
            "label_type": "解剖部位",
            "overlap": 0,
            "start_pos": 337,
            "end_pos": 338,
            "text": "胃"
        },
        {
            "end_pos": 359,
            "label_type": "解剖部位",
            "overlap": 0,
            "start_pos": 353,
            "text": "大弯侧淋巴结"
        },
        {
            "end_pos": 382,
            "label_type": "解剖部位",
            "overlap": 0,
            "start_pos": 376,
            "text": "小弯侧淋巴结"
        },
        {
            "end_pos": 417,
            "label_type": "解剖部位",
            "overlap": 0,
            "start_pos": 411,
            "text": "幽门上淋巴结"
        },
        {
            "label_type": "疾病和诊断",
            "overlap": 0,
            "start_pos": 667,
            "end_pos": 673,
            "text": "神经内分泌癌"
        },
        {
            "label_type": "疾病和诊断",
            "overlap": 0,
            "start_pos": 674,
            "end_pos": 680,
            "text": "部分肉瘤样癌"
        },
        {
            "label_type": "疾病和诊断",
            "overlap": 0,
            "start_pos": 681,
            "end_pos": 687,
            "text": "部分管状腺癌"
        },
        {
            "end_pos": 763,
            "label_type": "药物",
            "overlap": 0,
            "start_pos": 759,
            "text": "表柔比星"
        },
        {
            "end_pos": 776,
            "label_type": "药物",
            "overlap": 0,
            "start_pos": 772,
            "text": "奥沙利铂"
        },
        {
            "end_pos": 789,
            "label_type": "药物",
            "overlap": 0,
            "start_pos": 786,
            "text": "希罗达"
        },
        {
            "end_pos": 820,
            "label_type": "药物",
            "overlap": 0,
            "start_pos": 816,
            "text": "表柔比星"
        },
        {
            "end_pos": 837,
            "label_type": "药物",
            "overlap": 0,
            "start_pos": 833,
            "text": "奥沙利铂"
        },
        {
            "end_pos": 854,
            "label_type": "药物",
            "overlap": 0,
            "start_pos": 851,
            "text": "希罗达"
        },
        {
            "end_pos": 887,
            "label_type": "药物",
            "overlap": 0,
            "start_pos": 883,
            "text": "表柔比星"
        },
        {
            "end_pos": 900,
            "label_type": "药物",
            "overlap": 0,
            "start_pos": 896,
            "text": "奥沙利铂"
        },
        {
            "end_pos": 913,
            "label_type": "药物",
            "overlap": 0,
            "start_pos": 910,
            "text": "希罗达"
        },
        {
            "label_type": "影像检查",
            "overlap": 0,
            "start_pos": 949,
            "end_pos": 953,
            "text": "腹部CT"
        }
    ]
}