{
    "originalText": "患者2015.12无明显诱因出现腹痛不适，呈阵发性，伴有恶心、呕吐，呕吐物为胃内容物，腹胀，有排气，大便减少，2015.12.20行CT示肝脏多发密度减低区，考虑转移；右肾囊肿；乙状结肠癌CT表现；肠胀气，考虑梗阻，于2015.12.24在全麻上行乙状结肠癌切除术、远端封闭，近端造瘘，术后病理示肠管中段中分化腺癌，侵达外膜，肠系膜脂肪内查见癌结节，肠系膜内查见淋巴结转移癌（5/10），术后给予抗炎、营养支持治疗。2016.2.18行肝动脉化疗栓塞治疗，术后无明显不适，后于我科行MFOLFOX6化疗2周期，具体药物为：奥沙利铂160MG D1+CF350MG D1+氟尿嘧啶0.75G D1+4.5G 微量泵维持46H，化疗后无明显不适，现为求化疗收入我科。患者自发病以来，饮食差，睡眠可，大便不规律，小便正常。患有高血压2年，未规范治疗。",
    "entities": [
        {
            "end_pos": 17,
            "label_type": "解剖部位",
            "start_pos": 16,
            "text": "腹"
        },
        {
            "end_pos": 39,
            "label_type": "解剖部位",
            "start_pos": 38,
            "text": "胃"
        },
        {
            "end_pos": 44,
            "label_type": "解剖部位",
            "start_pos": 43,
            "text": "腹"
        },
        {
            "label_type": "影像检查",
            "start_pos": 66,
            "end_pos": 68,
            "text": "CT"
        },
        {
            "end_pos": 71,
            "label_type": "解剖部位",
            "start_pos": 69,
            "text": "肝脏"
        },
        {
            "label_type": "疾病和诊断",
            "start_pos": 84,
            "end_pos": 88,
            "text": "右肾囊肿"
        },
        {
            "label_type": "疾病和诊断",
            "start_pos": 89,
            "end_pos": 94,
            "text": "乙状结肠癌"
        },
        {
            "label_type": "影像检查",
            "start_pos": 94,
            "end_pos": 96,
            "text": "CT"
        },
        {
            "end_pos": 100,
            "label_type": "解剖部位",
            "start_pos": 99,
            "text": "肠"
        },
        {
            "end_pos": 142,
            "label_type": "手术",
            "start_pos": 124,
            "text": "乙状结肠癌切除术、远端封闭，近端造瘘"
        },
        {
            "label_type": "疾病和诊断",
            "start_pos": 148,
            "end_pos": 157,
            "text": "肠管中段中分化腺癌"
        },
        {
            "label_type": "解剖部位",
            "start_pos": 163,
            "end_pos": 164,
            "text": "肠"
        },
        {
            "label_type": "解剖部位",
            "start_pos": 175,
            "end_pos": 176,
            "text": "肠"
        },
        {
            "end_pos": 225,
            "label_type": "手术",
            "start_pos": 218,
            "text": "肝动脉化疗栓塞"
        },
        {
            "end_pos": 265,
            "label_type": "药物",
            "start_pos": 261,
            "text": "奥沙利铂"
        },
        {
            "label_type": "药物",
            "start_pos": 274,
            "end_pos": 276,
            "text": "CF"
        },
        {
            "end_pos": 289,
            "label_type": "药物",
            "start_pos": 285,
            "text": "氟尿嘧啶"
        },
        {
            "label_type": "疾病和诊断",
            "start_pos": 360,
            "end_pos": 363,
            "text": "高血压"
        }
    ]
}