{
    "originalText": "，缘于入院前6月余于我院诊为胃窦癌，于2016---6-14在上行腹腔镜上根治性远端胃大部切除术全麻术上行镜腹腔镜上根治腹腔性远端大腹部切盆腔、腹除、大术。，术中见：镜结探查肝脏质见大小内无明显水，、壁、大胆囊网膜大0胃窦幽门管9明显转移侵结节，质地侵大部小肝脏正侵常部，胰腺未横结肠见明显肿物，无大肿大大淋巴结。可大见病灶，侵及浆膜层，侵及胃窦癌伴出血伴肝脏、胰腺受侵部分术后，侵及部分及系膜，周围可见大量远端胃肿大淋胃窦浸润型管状腺癌II-III级巴侵出结，最大侵约肝1.5肝实质×1术㎝，下、上切端考虑为“下切端伴出血伴癌浸润、受侵小弯淋巴结”。术后病幽门下淋巴结理（201幽门上淋巴结620266癌）示（远端），：，侵I出浆膜层，侵犯被膜至。手术标本下、上切端及-另送（下切端）均未见癌浸润。找到-0/7个，-1/-4个术后，2/8、个，见癌转治移。，免疫组化：KI6II7（5术后0%+），CK-8（-++、），CK-7（--）、，CK2-0（-++行乐沙定），CD5I6（-），HE替吉奥R-2（-），I术后给-予对症、营养支持等治行疗，恢复良好,伤口愈门合I胃窦癌术后I/甲。术后下分出别于201、6-、未见-04腹、、腹2、016大小-10-12、2016-11",
    "entities": [
        {
            "label_type": "疾病和诊断",
            "overlap": 0,
            "start_pos": 14,
            "end_pos": 17,
            "text": "胃窦癌"
        },
        {
            "end_pos": 48,
            "label_type": "手术",
            "overlap": 0,
            "start_pos": 33,
            "text": "腹腔镜上根治性远端胃大部切除术"
        },
        {
            "end_pos": 56,
            "label_type": "解剖部位",
            "overlap": 0,
            "start_pos": 54,
            "text": "腹腔"
        },
        {
            "end_pos": 62,
            "label_type": "解剖部位",
            "overlap": 0,
            "start_pos": 60,
            "text": "腹腔"
        },
        {
            "end_pos": 67,
            "label_type": "解剖部位",
            "overlap": 0,
            "start_pos": 66,
            "text": "腹"
        },
        {
            "end_pos": 71,
            "label_type": "解剖部位",
            "overlap": 0,
            "start_pos": 69,
            "text": "盆腔"
        },
        {
            "label_type": "解剖部位",
            "overlap": 0,
            "start_pos": 72,
            "end_pos": 73,
            "text": "腹"
        },
        {
            "end_pos": 89,
            "label_type": "解剖部位",
            "overlap": 0,
            "start_pos": 87,
            "text": "肝脏"
        },
        {
            "end_pos": 105,
            "label_type": "解剖部位",
            "overlap": 0,
            "start_pos": 103,
            "text": "胆囊"
        },
        {
            "end_pos": 114,
            "label_type": "解剖部位",
            "overlap": 0,
            "start_pos": 109,
            "text": "胃窦幽门管"
        },
        {
            "end_pos": 131,
            "label_type": "解剖部位",
            "overlap": 0,
            "start_pos": 129,
            "text": "肝脏"
        },
        {
            "end_pos": 138,
            "label_type": "解剖部位",
            "overlap": 0,
            "start_pos": 136,
            "text": "胰腺"
        },
        {
            "label_type": "解剖部位",
            "overlap": 0,
            "start_pos": 139,
            "end_pos": 142,
            "text": "横结肠"
        },
        {
            "label_type": "疾病和诊断",
            "overlap": 0,
            "start_pos": 171,
            "end_pos": 185,
            "text": "胃窦癌伴出血伴肝脏、胰腺受侵"
        },
        {
            "end_pos": 207,
            "label_type": "解剖部位",
            "overlap": 0,
            "start_pos": 206,
            "text": "胃"
        },
        {
            "label_type": "疾病和诊断",
            "overlap": 0,
            "start_pos": 210,
            "end_pos": 226,
            "text": "胃窦浸润型管状腺癌II-III级"
        },
        {
            "label_type": "解剖部位",
            "overlap": 0,
            "start_pos": 235,
            "end_pos": 236,
            "text": "肝"
        },
        {
            "label_type": "解剖部位",
            "overlap": 0,
            "start_pos": 239,
            "end_pos": 242,
            "text": "肝实质"
        },
        {
            "end_pos": 274,
            "label_type": "解剖部位",
            "overlap": 0,
            "start_pos": 269,
            "text": "小弯淋巴结"
        },
        {
            "end_pos": 285,
            "label_type": "解剖部位",
            "overlap": 0,
            "start_pos": 279,
            "text": "幽门下淋巴结"
        },
        {
            "end_pos": 296,
            "label_type": "解剖部位",
            "overlap": 0,
            "start_pos": 290,
            "text": "幽门上淋巴结"
        },
        {
            "end_pos": 434,
            "label_type": "药物",
            "overlap": 0,
            "start_pos": 430,
            "text": "行乐沙定"
        },
        {
            "end_pos": 450,
            "label_type": "药物",
            "overlap": 0,
            "start_pos": 447,
            "text": "替吉奥"
        },
        {
            "label_type": "疾病和诊断",
            "overlap": 0,
            "start_pos": 486,
            "end_pos": 491,
            "text": "胃窦癌术后"
        },
        {
            "end_pos": 515,
            "label_type": "解剖部位",
            "overlap": 0,
            "start_pos": 514,
            "text": "腹"
        },
        {
            "end_pos": 518,
            "label_type": "解剖部位",
            "overlap": 0,
            "start_pos": 517,
            "text": "腹"
        }
    ]
}