{
    "originalText": "2014年末开始无诱因出现中下腹疼，呈隐痛，多为空腹痛或夜间痛，进食可缓解，无恶心、呕吐，无腹泻便秘，无血便，无黑便。2015年2月末开始疼痛性质及频率加重，伴腹胀，排气增多。2015年3月末就诊于医大四院，胃镜及CT检查发现胃占位病变，2015年4月1日行根治性远端胃切除术。术中见病变位于胃L区，累及胃壁环周，以小弯前、后壁为主，明显浸透浆膜，为前壁浆膜呈多彩弥漫型，大小约2.5*2CM，后壁与横结肠系膜前叶浸润粘连。胃周淋巴结肿大。术后病理胃腺癌（中-低分化），癌组织浸润至胃浆膜层，脉管内瘤栓。淋巴结转移11/54（3组3/7，1组1/9，5组5/9，6组2/13，1组0/11，7组0/4，8组0/1）。断端未见癌。患者手术刀口愈合良好，于2015年5月5日行化疗1次（紫杉醇150MGD1+卡铂200MGD1），现化疗后2周，为行进一步治疗来诊。发病以来精神状态可，无乏力，饮食、睡眠、二便正常，体重无上降。 糖尿病4年，口服二甲两胍、格列美脲，空腹血糖控制可。",
    "entities": [
        {
            "end_pos": 16,
            "label_type": "解剖部位",
            "start_pos": 13,
            "text": "中下腹"
        },
        {
            "end_pos": 47,
            "label_type": "解剖部位",
            "start_pos": 46,
            "text": "腹"
        },
        {
            "end_pos": 81,
            "label_type": "解剖部位",
            "start_pos": 80,
            "text": "腹"
        },
        {
            "label_type": "影像检查",
            "start_pos": 107,
            "end_pos": 109,
            "text": "CT"
        },
        {
            "label_type": "解剖部位",
            "start_pos": 113,
            "end_pos": 114,
            "text": "胃"
        },
        {
            "end_pos": 138,
            "label_type": "手术",
            "start_pos": 129,
            "text": "根治性远端胃切除术"
        },
        {
            "end_pos": 149,
            "label_type": "解剖部位",
            "start_pos": 146,
            "text": "胃L区"
        },
        {
            "label_type": "解剖部位",
            "start_pos": 152,
            "end_pos": 153,
            "text": "胃"
        },
        {
            "label_type": "解剖部位",
            "start_pos": 200,
            "end_pos": 203,
            "text": "横结肠"
        },
        {
            "end_pos": 217,
            "label_type": "解剖部位",
            "start_pos": 212,
            "text": "胃周淋巴结"
        },
        {
            "label_type": "疾病和诊断",
            "start_pos": 224,
            "end_pos": 234,
            "text": "胃腺癌（中-低分化）"
        },
        {
            "label_type": "解剖部位",
            "start_pos": 241,
            "end_pos": 242,
            "text": "胃"
        },
        {
            "end_pos": 344,
            "label_type": "药物",
            "start_pos": 341,
            "text": "紫杉醇"
        },
        {
            "end_pos": 354,
            "label_type": "药物",
            "start_pos": 352,
            "text": "卡铂"
        },
        {
            "label_type": "疾病和诊断",
            "start_pos": 412,
            "end_pos": 415,
            "text": "糖尿病"
        },
        {
            "end_pos": 424,
            "label_type": "药物",
            "start_pos": 420,
            "text": "二甲两胍"
        },
        {
            "end_pos": 429,
            "label_type": "药物",
            "start_pos": 425,
            "text": "格列美脲"
        },
        {
            "label_type": "实验室检验",
            "start_pos": 430,
            "end_pos": 434,
            "text": "空腹血糖"
        }
    ]
}