{
    "originalText": "，患者于2016-10-12在全麻上行\\\"胃癌根治术\\\"（远端胃切除术远端切术除术），，术后病胃理回报:“（胃低粘附性癌大体）低分化腺癌镜检为低尚可性癌分，符合，LA癌UREN，胃分型：弥漫型，癌组织浸癌润至壁浆膜上层，可见脉管内癌癌栓及神经束侵犯；网膜组癌织未远见癌切。淋巴结癌46枚，4枚见癌。（远、近切缘）未见癌”。2016-11-11，2016-12-0化5，2016-12-术28已化行SOX方案化疗3程，现为行上一程术腹后辅腹助化疗收入我科。患者目前无恶心、呕吐，无泻、胀，精神",
    "entities": [
        {
            "end_pos": 26,
            "label_type": "手术",
            "overlap": 0,
            "start_pos": 21,
            "text": "胃癌根治术"
        },
        {
            "end_pos": 35,
            "label_type": "手术",
            "overlap": 0,
            "start_pos": 29,
            "text": "远端胃切除术"
        },
        {
            "end_pos": 48,
            "label_type": "解剖部位",
            "overlap": 0,
            "start_pos": 47,
            "text": "胃"
        },
        {
            "label_type": "疾病和诊断",
            "overlap": 0,
            "start_pos": 54,
            "end_pos": 60,
            "text": "胃低粘附性癌"
        },
        {
            "label_type": "疾病和诊断",
            "overlap": 0,
            "start_pos": 63,
            "end_pos": 68,
            "text": "低分化腺癌"
        },
        {
            "label_type": "解剖部位",
            "overlap": 0,
            "start_pos": 89,
            "end_pos": 90,
            "text": "胃"
        },
        {
            "end_pos": 216,
            "label_type": "解剖部位",
            "overlap": 0,
            "start_pos": 215,
            "text": "腹"
        },
        {
            "end_pos": 219,
            "label_type": "解剖部位",
            "overlap": 0,
            "start_pos": 218,
            "text": "腹"
        }
    ]
}