{
    "originalText": "患者11年前因子宫内膜癌行腹式全子宫+两附件切除+盆腔淋巴清扫术，术后诊断IC期，未行化疗及放疗。术后定期复查无异常。1年前开始无明显诱因出现右上腹痛，间歇性发作，为钝痛，无发热及阴道流血，无腹泻及便秘等，2012-9-24到我院门诊就诊，行盆腹腔CT子宫术后改变，盆腔未见明确肿物。两侧腹股沟区数个大小不等淋巴结，建议观察。患者右上腹痛未见好转，2013-4-24门诊复查发现血CA-199升高为50.46U/L,2013-4-26复查盆腹腔CT较前无明显改变，予定期复查血CA-199缓慢升高，2013-11-12复查胸部及盆腹腔CT发现两肺结节影，考虑肺转移瘤可能性大。2013年-11-27行PET-CT提示盆腔降结肠旁及右髂窝近前腹壁区病灶代谢活跃考虑转移，两肺数个结节代谢活跃，考虑转移。遂于今日以复发性子宫内膜癌收入院行进一步诊治，患者起病以来精神饮食好，大小便正常，体重无明显改变。",
    "entities": [
        {
            "label_type": "疾病和诊断",
            "start_pos": 7,
            "end_pos": 12,
            "text": "子宫内膜癌"
        },
        {
            "label_type": "手术",
            "start_pos": 13,
            "end_pos": 32,
            "text": "腹式全子宫+两附件切除+盆腔淋巴清扫术"
        },
        {
            "end_pos": 74,
            "label_type": "解剖部位",
            "start_pos": 71,
            "text": "右上腹"
        },
        {
            "end_pos": 92,
            "label_type": "解剖部位",
            "start_pos": 90,
            "text": "阴道"
        },
        {
            "end_pos": 97,
            "label_type": "解剖部位",
            "start_pos": 96,
            "text": "腹"
        },
        {
            "label_type": "影像检查",
            "start_pos": 121,
            "end_pos": 126,
            "text": "盆腹腔CT"
        },
        {
            "label_type": "疾病和诊断",
            "start_pos": 126,
            "end_pos": 130,
            "text": "子宫术后"
        },
        {
            "end_pos": 135,
            "label_type": "解剖部位",
            "start_pos": 133,
            "text": "盆腔"
        },
        {
            "end_pos": 148,
            "label_type": "解剖部位",
            "start_pos": 142,
            "text": "两侧腹股沟区"
        },
        {
            "end_pos": 168,
            "label_type": "解剖部位",
            "start_pos": 165,
            "text": "右上腹"
        },
        {
            "label_type": "实验室检验",
            "start_pos": 190,
            "end_pos": 196,
            "text": "CA-199"
        },
        {
            "label_type": "影像检查",
            "start_pos": 219,
            "end_pos": 224,
            "text": "盆腹腔CT"
        },
        {
            "label_type": "实验室检验",
            "start_pos": 238,
            "end_pos": 244,
            "text": "CA-199"
        },
        {
            "label_type": "影像检查",
            "start_pos": 261,
            "end_pos": 269,
            "text": "胸部及盆腹腔CT"
        },
        {
            "end_pos": 273,
            "label_type": "解剖部位",
            "start_pos": 271,
            "text": "两肺"
        },
        {
            "label_type": "疾病和诊断",
            "start_pos": 279,
            "end_pos": 283,
            "text": "肺转移瘤"
        },
        {
            "label_type": "影像检查",
            "start_pos": 300,
            "end_pos": 306,
            "text": "PET-CT"
        },
        {
            "end_pos": 310,
            "label_type": "解剖部位",
            "start_pos": 308,
            "text": "盆腔"
        },
        {
            "end_pos": 313,
            "label_type": "解剖部位",
            "start_pos": 310,
            "text": "降结肠"
        },
        {
            "end_pos": 318,
            "label_type": "解剖部位",
            "start_pos": 315,
            "text": "右髂窝"
        },
        {
            "label_type": "解剖部位",
            "start_pos": 320,
            "end_pos": 321,
            "text": "腹"
        },
        {
            "end_pos": 336,
            "label_type": "解剖部位",
            "start_pos": 334,
            "text": "两肺"
        },
        {
            "label_type": "疾病和诊断",
            "start_pos": 355,
            "end_pos": 363,
            "text": "复发性子宫内膜癌"
        }
    ]
}