{
    "originalText": "，患者于2015年初患者出现呕吐、呕吐血性胃内容物，，外院查胃镜示：胃窦癌伴胃潴留，考虑胃癌癌，于2015-02-09于外院行胃癌根治术“”，病理提低分化腺癌示，术，术后病理诊断T：PT4N1M0（饮食会诊病理切胃窦片示（）低分化腺癌镜检为胃，浸润壁全层至浆膜外脂肪组织。送检双切癌缘未见癌癌。送检癌结节一枚，淋巴结4枚癌，1/4见术癌转移。）。CT术后于我院复查示未见复发转移。于2015-03及04月、2015-5-4化给予SOX方案化疗3程顺利，无不适治。今为求进一步诊治来我院。患者发病以来,有呕吐等症状。精神不佳,我院睡眠佳,大小便",
    "entities": [
        {
            "label_type": "解剖部位",
            "overlap": 0,
            "start_pos": 21,
            "end_pos": 22,
            "text": "胃"
        },
        {
            "label_type": "疾病和诊断",
            "overlap": 0,
            "start_pos": 34,
            "end_pos": 41,
            "text": "胃窦癌伴胃潴留"
        },
        {
            "label_type": "疾病和诊断",
            "overlap": 0,
            "start_pos": 44,
            "end_pos": 46,
            "text": "胃癌"
        },
        {
            "end_pos": 68,
            "label_type": "手术",
            "overlap": 0,
            "start_pos": 63,
            "text": "胃癌根治术"
        },
        {
            "label_type": "疾病和诊断",
            "overlap": 0,
            "start_pos": 74,
            "end_pos": 79,
            "text": "低分化腺癌"
        },
        {
            "end_pos": 108,
            "label_type": "解剖部位",
            "overlap": 0,
            "start_pos": 106,
            "text": "胃窦"
        },
        {
            "label_type": "疾病和诊断",
            "overlap": 0,
            "start_pos": 112,
            "end_pos": 117,
            "text": "低分化腺癌"
        },
        {
            "label_type": "解剖部位",
            "overlap": 0,
            "start_pos": 120,
            "end_pos": 121,
            "text": "胃"
        },
        {
            "label_type": "影像检查",
            "overlap": 0,
            "start_pos": 173,
            "end_pos": 175,
            "text": "CT"
        }
    ]
}