{
    "originalText": "，缘于入院前1月余于我院诊为肝曲结肠粘液腺癌侵犯十二指肠及肝门区肝曲结粘液侵-犯十-二指及肝门区，剖腹探查+胃空肠吻合+升结肠-横结肠侧侧吻合术于2术016腹腔-08-腹水0肝脏3在全麻上盆腔、肠行剖、探查+空吻合+升结结-升结肠肠管横结侧侧结肠肝曲吻合及术，，术中见:腔内无明显水，表侵面光滑，、系膜后侵犯、网十二指肠降部、水平部膜表面侵犯肝十二指肠韧带未见明显结部节，后腹略粘扩张，结定肝曲可病理一大小术约术8*术后7C液、M肿物、，质硬，侵出疗浆膜术后层，并向左结肠动脉旁淋巴结后侵犯包绕淋巴结，向下粘液腺癌侵犯上结合方，肿化结物部分与后化膜粘连致密固定无法化结分离。遂行下-术，术顺，术后+++予补液、抗-感染-、营养支持等治+++疗。，术后触及：-(左-结动脉旁乐沙定淋巴结)，：送检淋巴结1个见+卡培他滨粘液转移，结合免疫组化结果，考虑消化系统来源。化疗，免疫组胃、化结粘果、：C及K7（-），CK20（+++化疗），PAX门-8门（-）升结肠癌术后化疗，CDX2（+++）。、并于、2016-08-24予“100M降GIVG",
    "entities": [
        {
            "label_type": "疾病和诊断",
            "overlap": 0,
            "start_pos": 14,
            "end_pos": 32,
            "text": "肝曲结肠粘液腺癌侵犯十二指肠及肝门区"
        },
        {
            "label_type": "疾病和诊断",
            "overlap": 0,
            "start_pos": 49,
            "end_pos": 72,
            "text": "剖腹探查+胃空肠吻合+升结肠-横结肠侧侧吻合术"
        },
        {
            "end_pos": 80,
            "label_type": "解剖部位",
            "overlap": 0,
            "start_pos": 78,
            "text": "腹腔"
        },
        {
            "end_pos": 89,
            "label_type": "解剖部位",
            "overlap": 0,
            "start_pos": 87,
            "text": "肝脏"
        },
        {
            "end_pos": 96,
            "label_type": "解剖部位",
            "overlap": 0,
            "start_pos": 94,
            "text": "盆腔"
        },
        {
            "label_type": "解剖部位",
            "overlap": 0,
            "start_pos": 97,
            "end_pos": 98,
            "text": "肠"
        },
        {
            "end_pos": 117,
            "label_type": "解剖部位",
            "overlap": 0,
            "start_pos": 112,
            "text": "升结肠肠管"
        },
        {
            "end_pos": 125,
            "label_type": "解剖部位",
            "overlap": 0,
            "start_pos": 121,
            "text": "结肠肝曲"
        },
        {
            "label_type": "解剖部位",
            "overlap": 0,
            "start_pos": 156,
            "end_pos": 166,
            "text": "十二指肠降部、水平部"
        },
        {
            "end_pos": 178,
            "label_type": "解剖部位",
            "overlap": 0,
            "start_pos": 171,
            "text": "肝十二指肠韧带"
        },
        {
            "label_type": "解剖部位",
            "overlap": 0,
            "start_pos": 187,
            "end_pos": 188,
            "text": "腹"
        },
        {
            "end_pos": 242,
            "label_type": "解剖部位",
            "overlap": 0,
            "start_pos": 233,
            "text": "左结肠动脉旁淋巴结"
        },
        {
            "label_type": "解剖部位",
            "overlap": 0,
            "start_pos": 255,
            "end_pos": 257,
            "text": "腺癌"
        },
        {
            "end_pos": 339,
            "label_type": "药物",
            "overlap": 0,
            "start_pos": 336,
            "text": "乐沙定"
        },
        {
            "end_pos": 358,
            "label_type": "药物",
            "overlap": 0,
            "start_pos": 354,
            "text": "卡培他滨"
        },
        {
            "end_pos": 388,
            "label_type": "解剖部位",
            "overlap": 0,
            "start_pos": 387,
            "text": "胃"
        },
        {
            "label_type": "疾病和诊断",
            "overlap": 0,
            "start_pos": 425,
            "end_pos": 433,
            "text": "升结肠癌术后化疗"
        }
    ]
}