{
    "originalText": "患者2年余前因确诊胃癌，于2010年12月28日在外院行胃大部分切除及食道上段切除术。术后病理示“胃中分化腺癌，浸润胃壁全层至浆膜上，向下侵犯食管鳞状下皮粘膜上层，淋巴结见癌转移3/18，PT3N2 IIIA期”。术后予XELOX方案化疗3个疗程，化疗后间有呕血。定期复查，未见异常。10天前复查CEA 49NG/ML；PET示“胃底及食管后见淋巴结高代谢，考虑转移瘤可能性大”，穿刺病理提示腺癌。于2013-02-05给予替吉奥（S1）+白蛋白紫杉醇化疗第1程。现为进一步治疗，收入我科。近期以来，患者精神、胃纳可，无腹痛、腹胀，无发热、寒战、恶心、呕吐，大小便无异常，体重无明显上降。",
    "entities": [
        {
            "label_type": "疾病和诊断",
            "start_pos": 9,
            "end_pos": 11,
            "text": "胃癌"
        },
        {
            "label_type": "手术",
            "start_pos": 28,
            "end_pos": 42,
            "text": "胃大部分切除及食道上段切除术"
        },
        {
            "label_type": "疾病和诊断",
            "start_pos": 49,
            "end_pos": 55,
            "text": "胃中分化腺癌"
        },
        {
            "label_type": "解剖部位",
            "start_pos": 58,
            "end_pos": 59,
            "text": "胃"
        },
        {
            "end_pos": 73,
            "label_type": "解剖部位",
            "start_pos": 71,
            "text": "食管"
        },
        {
            "label_type": "实验室检验",
            "start_pos": 148,
            "end_pos": 151,
            "text": "CEA"
        },
        {
            "label_type": "实验室检验",
            "start_pos": 160,
            "end_pos": 163,
            "text": "PET"
        },
        {
            "end_pos": 167,
            "label_type": "解剖部位",
            "start_pos": 165,
            "text": "胃底"
        },
        {
            "end_pos": 170,
            "label_type": "解剖部位",
            "start_pos": 168,
            "text": "食管"
        },
        {
            "label_type": "疾病和诊断",
            "start_pos": 196,
            "end_pos": 198,
            "text": "腺癌"
        },
        {
            "label_type": "药物",
            "start_pos": 213,
            "end_pos": 219,
            "text": "吉奥（S1）"
        },
        {
            "end_pos": 226,
            "label_type": "药物",
            "start_pos": 220,
            "text": "白蛋白紫杉醇"
        },
        {
            "end_pos": 256,
            "label_type": "解剖部位",
            "start_pos": 255,
            "text": "胃"
        },
        {
            "end_pos": 261,
            "label_type": "解剖部位",
            "start_pos": 260,
            "text": "腹"
        },
        {
            "end_pos": 264,
            "label_type": "解剖部位",
            "start_pos": 263,
            "text": "腹"
        }
    ]
}