{
    "originalText": "，孕期异常情况：患者平素月经尚规律，14 3-5/28天，经量少。2012年因右侧卵巢囊肿行卵巢囊肿剥除术，术后闭经，诊断为卵巢早衰。于2015-11-16行借卵胚胎种植。，停经7周时行产科超声检查示：单胎，胎心搏动正常。10周停服保胎药，后出现恶心等早孕反应，12周行胎心检查示正常。14+1，**超声检查示：反复扫查，未探及明显胎心搏动。胎体蜷缩，胎儿结构显像不清。患者要求药物流产入院。\"。",
    "entities": [
        {
            "label_type": "疾病和诊断",
            "start_pos": 39,
            "end_pos": 45,
            "text": "右侧卵巢囊肿"
        },
        {
            "end_pos": 53,
            "label_type": "手术",
            "start_pos": 46,
            "text": "卵巢囊肿剥除术"
        },
        {
            "label_type": "疾病和诊断",
            "start_pos": 62,
            "end_pos": 66,
            "text": "卵巢早衰"
        },
        {
            "label_type": "手术",
            "start_pos": 79,
            "end_pos": 85,
            "text": "借卵胚胎种植"
        },
        {
            "label_type": "影像检查",
            "start_pos": 93,
            "end_pos": 97,
            "text": "产科超声"
        },
        {
            "label_type": "影像检查",
            "start_pos": 150,
            "end_pos": 152,
            "text": "超声"
        },
        {
            "label_type": "解剖部位",
            "start_pos": 167,
            "end_pos": 168,
            "text": "心"
        }
    ]
}