{
    "originalText": "，，患者因“反复餐腹后胀、恶1心1月余2”15-于7-23015-，07-03入胃癌，住2我15-院7-16，外院未经胃癌姑息切除术（远端胃大切），，术中提示，：于2015-07-结，盆底1横结肠6肝脏在胰腺全脾脏麻上行姑息切除结术，（远端大胃窦，大切）6，8，术，中探查见，：小网膜结囊组可，见少胃癌姑息切除术，术量硬结，、、、、等未见种，植转移，切结节，肿合物术位于，大1（胃大小）约6为中至低分化腺癌，部分为粘液腺癌（LAUREN，分型：混合型），癌组*8C至胃M，突破浆膜，侵犯周癌围结缔组织，遂行姑息组切中除淋巴结2术，2，2术腺癌后预防2（第1组淋巴结）5感，4染5支腺癌持对症3（第3组淋巴结）4等，3处4理腺癌，恢复4（第4组淋巴结）11好，7，11切腺癌口甲级5（第5组淋巴结）3愈，3合3。腺癌术后病6（第6组淋巴结）理示为1（结大组体，）镜癌检7（第7组淋巴结）3为，3，3癌腺癌组织浸8（第8组淋巴结）2润，2至2壁腺癌浆膜层；（第12A组淋巴结）可见为脉管结内组癌，栓及癌神1经（束切侵）犯；癌网11（远切膜）组织癌中，见淋组化：巴E结2（枚），，ER-2（2）/，2见转移：E。ERS（-）2术（）2515-枚，-1742/15-15-15见2转15-11-12移。SOX（S-136（）4，枚，3/41-14见OXA1转移。4（）1）11化枚3，7/为11见转移。5（）3枚，3/3见转移腹。6（）镜上为脂肪结缔组织，未见癌。7（）3枚，大3/3见，转移。8（）",
    "entities": [
        {
            "end_pos": 10,
            "label_type": "解剖部位",
            "overlap": 0,
            "start_pos": 9,
            "text": "腹"
        },
        {
            "label_type": "疾病和诊断",
            "overlap": 0,
            "start_pos": 40,
            "end_pos": 42,
            "text": "胃癌"
        },
        {
            "label_type": "手术",
            "overlap": 0,
            "start_pos": 59,
            "end_pos": 73,
            "text": "胃癌姑息切除术（远端胃大切）"
        },
        {
            "end_pos": 94,
            "label_type": "解剖部位",
            "overlap": 0,
            "start_pos": 92,
            "text": "盆底"
        },
        {
            "end_pos": 98,
            "label_type": "解剖部位",
            "overlap": 0,
            "start_pos": 95,
            "text": "横结肠"
        },
        {
            "end_pos": 101,
            "label_type": "解剖部位",
            "overlap": 0,
            "start_pos": 99,
            "text": "肝脏"
        },
        {
            "end_pos": 104,
            "label_type": "解剖部位",
            "overlap": 0,
            "start_pos": 102,
            "text": "胰腺"
        },
        {
            "end_pos": 107,
            "label_type": "解剖部位",
            "overlap": 0,
            "start_pos": 105,
            "text": "脾脏"
        },
        {
            "end_pos": 123,
            "label_type": "解剖部位",
            "overlap": 0,
            "start_pos": 121,
            "text": "胃窦"
        },
        {
            "end_pos": 156,
            "label_type": "手术",
            "overlap": 0,
            "start_pos": 149,
            "text": "胃癌姑息切除术"
        },
        {
            "end_pos": 190,
            "label_type": "解剖部位",
            "overlap": 0,
            "start_pos": 189,
            "text": "胃"
        },
        {
            "label_type": "疾病和诊断",
            "overlap": 0,
            "start_pos": 196,
            "end_pos": 226,
            "text": "中至低分化腺癌，部分为粘液腺癌（LAUREN，分型：混合型）"
        },
        {
            "label_type": "解剖部位",
            "overlap": 0,
            "start_pos": 233,
            "end_pos": 234,
            "text": "胃"
        },
        {
            "label_type": "疾病和诊断",
            "overlap": 0,
            "start_pos": 269,
            "end_pos": 271,
            "text": "腺癌"
        },
        {
            "label_type": "解剖部位",
            "overlap": 0,
            "start_pos": 276,
            "end_pos": 282,
            "text": "第1组淋巴结"
        },
        {
            "label_type": "疾病和诊断",
            "overlap": 0,
            "start_pos": 290,
            "end_pos": 292,
            "text": "腺癌"
        },
        {
            "label_type": "解剖部位",
            "overlap": 0,
            "start_pos": 297,
            "end_pos": 303,
            "text": "第3组淋巴结"
        },
        {
            "label_type": "疾病和诊断",
            "overlap": 0,
            "start_pos": 311,
            "end_pos": 313,
            "text": "腺癌"
        },
        {
            "label_type": "解剖部位",
            "overlap": 0,
            "start_pos": 318,
            "end_pos": 324,
            "text": "第4组淋巴结"
        },
        {
            "label_type": "疾病和诊断",
            "overlap": 0,
            "start_pos": 334,
            "end_pos": 336,
            "text": "腺癌"
        },
        {
            "label_type": "解剖部位",
            "overlap": 0,
            "start_pos": 341,
            "end_pos": 347,
            "text": "第5组淋巴结"
        },
        {
            "label_type": "疾病和诊断",
            "overlap": 0,
            "start_pos": 355,
            "end_pos": 357,
            "text": "腺癌"
        },
        {
            "label_type": "解剖部位",
            "overlap": 0,
            "start_pos": 362,
            "end_pos": 368,
            "text": "第6组淋巴结"
        },
        {
            "label_type": "解剖部位",
            "overlap": 0,
            "start_pos": 385,
            "end_pos": 391,
            "text": "第7组淋巴结"
        },
        {
            "label_type": "疾病和诊断",
            "overlap": 0,
            "start_pos": 399,
            "end_pos": 401,
            "text": "腺癌"
        },
        {
            "label_type": "解剖部位",
            "overlap": 0,
            "start_pos": 406,
            "end_pos": 412,
            "text": "第8组淋巴结"
        },
        {
            "label_type": "疾病和诊断",
            "overlap": 0,
            "start_pos": 420,
            "end_pos": 422,
            "text": "腺癌"
        },
        {
            "label_type": "解剖部位",
            "overlap": 0,
            "start_pos": 427,
            "end_pos": 435,
            "text": "第12A组淋巴结"
        },
        {
            "end_pos": 554,
            "label_type": "药物",
            "overlap": 0,
            "start_pos": 551,
            "text": "S-1"
        },
        {
            "end_pos": 573,
            "label_type": "药物",
            "overlap": 0,
            "start_pos": 570,
            "text": "OXA"
        },
        {
            "end_pos": 610,
            "label_type": "解剖部位",
            "overlap": 0,
            "start_pos": 609,
            "text": "腹"
        }
    ]
}