{
    "originalText": "，，缘于入院2前20个月中下腹因“中下闷痛”体，重胃于我院胃窦溃疡，，性查镜，提胸示，恶2性12待排5，21住外科上于根治性远端胃大部切除＋毕Ｉ式吻合术，术中2012腹.，盆底0肝脏5.2转移性结1，肿瘤在全胃窦小弯侧，麻溃疡型，上行，术C中探查C未，见水，、，表面小弯侧胃无转移性结大小结节，，切除结，肿术中瘤位于，平呈溃疡小淋巴结2型，，范淋巴结围约4性增CMX术顺利，术后3CM2，121侵及浆膜，，另(胃)，见胃窦小弯侧溃疡型管状腺癌II级，壁3枚米粒，大小结节，，，脉管内切癌除结节术送术下中上切端冰冻示：下切端平滑肌和癌小淋巴结2小弯淋巴结1个1，送检大弯淋巴结1淋1巴结呈幽门下淋巴结1反2应性幽门上淋巴结1增9生。手术(贲门右)淋巴结顺利，术后(胃右动脉旁)淋巴结病理（20(脾动脉旁)淋巴结12214(肝总动脉旁)淋巴结740），癌转移，：2(121)，：溃疡，型(胃管结状)腺癌II平级，侵及浆淋巴结膜层，淋巴结，侵性增犯神术后经组5-FU织5，脉管内见癌+CF栓。手术标本下、1-5+顺铂上切端及另送（1-5下切端）化均未见癌浸润。希罗达化找2到1/14个、1，/1化8个、2112/12个术后、1/9个及肿瘤另发转移送12，0/3个腹部B超、肝左叶0/性7个性、0，大小/22个、(2总动脉，，下消化道钡餐旁吻合)淋钡巴结0顺/，两肺4个增多增见癌转移，（2，0下腹部，CT112肝右内叶14性60，62）12-，5-15：(壁结节)增送检，少量肝转移瘤，平肝内滑肌小囊肿，2组两肾多发囊肿，两肾小结石或钙化织CEA2及淋巴结二个，淋巴CA1991结9反1U应性增生。2术1后予11“272510011M1G泵2入1+31100MGF静滴FD1两-5+3奥沙利铂(艾恒)120MG静滴D1+亚叶酸钙1-5Q3W”化1疗2+替加氟3周期及口服化疗2周1期2（具体不性化详），末，次化顺利疗后时间腹部CT平扫+，增强210胃大部切除术后，1胃2.10，吻合。术后定期复查未性见肿瘤2复肝右内叶发转性移。，12肝转移瘤，，2周1前-1复-查1：实质性占位性病变小，，肝内大小小囊肿约27MM×右侧肾下腺内侧肢增2，部6MM结，状，转移，：吻除合口区两肾多发囊肿钡两肾小结石或钙化剂CER1通过9顺畅，纹理增，CA1251多增95U粗。遂就诊我科，查下R部，2C1T：1211、右内叶占位上性超声引导上右肝肿块射频消融术，术顺，术后病腹变，与2012-05-1251旧片12对21比2为1新增病1灶，考虑转移瘤，F另内F数个两小囊肿，化2、，；254.8NG/ML腹；149.1U，/ML。于2，0眼13.11.2、，2013.1治，门1.1胃癌术后肝转移6、2013术后.11.30予FOL，大小FOX，两周方案“(化)",
    "entities": [
        {
            "end_pos": 15,
            "label_type": "解剖部位",
            "overlap": 0,
            "start_pos": 12,
            "text": "中下腹"
        },
        {
            "label_type": "疾病和诊断",
            "overlap": 0,
            "start_pos": 29,
            "end_pos": 33,
            "text": "胃窦溃疡"
        },
        {
            "end_pos": 41,
            "label_type": "解剖部位",
            "overlap": 0,
            "start_pos": 40,
            "text": "胸"
        },
        {
            "label_type": "手术",
            "overlap": 0,
            "start_pos": 59,
            "end_pos": 76,
            "text": "根治性远端胃大部切除＋毕Ｉ式吻合术"
        },
        {
            "end_pos": 84,
            "label_type": "解剖部位",
            "overlap": 0,
            "start_pos": 83,
            "text": "腹"
        },
        {
            "end_pos": 88,
            "label_type": "解剖部位",
            "overlap": 0,
            "start_pos": 86,
            "text": "盆底"
        },
        {
            "end_pos": 91,
            "label_type": "解剖部位",
            "overlap": 0,
            "start_pos": 89,
            "text": "肝脏"
        },
        {
            "end_pos": 109,
            "label_type": "解剖部位",
            "overlap": 0,
            "start_pos": 104,
            "text": "胃窦小弯侧"
        },
        {
            "label_type": "解剖部位",
            "overlap": 0,
            "start_pos": 133,
            "end_pos": 137,
            "text": "小弯侧胃"
        },
        {
            "label_type": "解剖部位",
            "overlap": 0,
            "start_pos": 205,
            "end_pos": 206,
            "text": "胃"
        },
        {
            "label_type": "疾病和诊断",
            "overlap": 0,
            "start_pos": 209,
            "end_pos": 224,
            "text": "胃窦小弯侧溃疡型管状腺癌II级"
        },
        {
            "end_pos": 276,
            "label_type": "解剖部位",
            "overlap": 0,
            "start_pos": 271,
            "text": "小弯淋巴结"
        },
        {
            "end_pos": 287,
            "label_type": "解剖部位",
            "overlap": 0,
            "start_pos": 282,
            "text": "大弯淋巴结"
        },
        {
            "end_pos": 299,
            "label_type": "解剖部位",
            "overlap": 0,
            "start_pos": 293,
            "text": "幽门下淋巴结"
        },
        {
            "end_pos": 310,
            "label_type": "解剖部位",
            "overlap": 0,
            "start_pos": 304,
            "text": "幽门上淋巴结"
        },
        {
            "end_pos": 325,
            "label_type": "解剖部位",
            "overlap": 0,
            "start_pos": 317,
            "text": "(贲门右)淋巴结"
        },
        {
            "end_pos": 340,
            "label_type": "解剖部位",
            "overlap": 0,
            "start_pos": 330,
            "text": "(胃右动脉旁)淋巴结"
        },
        {
            "end_pos": 354,
            "label_type": "解剖部位",
            "overlap": 0,
            "start_pos": 345,
            "text": "(脾动脉旁)淋巴结"
        },
        {
            "end_pos": 369,
            "label_type": "解剖部位",
            "overlap": 0,
            "start_pos": 359,
            "text": "(肝总动脉旁)淋巴结"
        },
        {
            "label_type": "解剖部位",
            "overlap": 0,
            "start_pos": 392,
            "end_pos": 393,
            "text": "胃"
        },
        {
            "end_pos": 430,
            "label_type": "药物",
            "overlap": 0,
            "start_pos": 426,
            "text": "5-FU"
        },
        {
            "end_pos": 441,
            "label_type": "药物",
            "overlap": 0,
            "start_pos": 439,
            "text": "CF"
        },
        {
            "end_pos": 455,
            "label_type": "药物",
            "overlap": 0,
            "start_pos": 453,
            "text": "顺铂"
        },
        {
            "end_pos": 480,
            "label_type": "药物",
            "overlap": 0,
            "start_pos": 477,
            "text": "希罗达"
        },
        {
            "label_type": "影像检查",
            "overlap": 0,
            "start_pos": 528,
            "end_pos": 532,
            "text": "腹部B超"
        },
        {
            "end_pos": 536,
            "label_type": "解剖部位",
            "overlap": 0,
            "start_pos": 533,
            "text": "肝左叶"
        },
        {
            "label_type": "影像检查",
            "overlap": 0,
            "start_pos": 559,
            "end_pos": 565,
            "text": "下消化道钡餐"
        },
        {
            "end_pos": 579,
            "label_type": "解剖部位",
            "overlap": 0,
            "start_pos": 577,
            "text": "两肺"
        },
        {
            "label_type": "影像检查",
            "overlap": 0,
            "start_pos": 593,
            "end_pos": 599,
            "text": "下腹部，CT"
        },
        {
            "end_pos": 606,
            "label_type": "解剖部位",
            "overlap": 0,
            "start_pos": 602,
            "text": "肝右内叶"
        },
        {
            "label_type": "疾病和诊断",
            "overlap": 0,
            "start_pos": 635,
            "end_pos": 639,
            "text": "肝转移瘤"
        },
        {
            "label_type": "疾病和诊断",
            "overlap": 0,
            "start_pos": 651,
            "end_pos": 657,
            "text": "两肾多发囊肿"
        },
        {
            "label_type": "实验室检验",
            "overlap": 0,
            "start_pos": 667,
            "end_pos": 670,
            "text": "CEA"
        },
        {
            "label_type": "实验室检验",
            "overlap": 0,
            "start_pos": 680,
            "end_pos": 685,
            "text": "CA199"
        },
        {
            "end_pos": 743,
            "label_type": "药物",
            "overlap": 0,
            "start_pos": 739,
            "text": "奥沙利铂"
        },
        {
            "end_pos": 746,
            "label_type": "药物",
            "overlap": 0,
            "start_pos": 744,
            "text": "艾恒"
        },
        {
            "end_pos": 761,
            "label_type": "药物",
            "overlap": 0,
            "start_pos": 757,
            "text": "亚叶酸钙"
        },
        {
            "end_pos": 776,
            "label_type": "药物",
            "overlap": 0,
            "start_pos": 773,
            "text": "替加氟"
        },
        {
            "label_type": "影像检查",
            "overlap": 0,
            "start_pos": 808,
            "end_pos": 818,
            "text": "腹部CT平扫+，增强"
        },
        {
            "label_type": "疾病和诊断",
            "overlap": 0,
            "start_pos": 821,
            "end_pos": 828,
            "text": "胃大部切除术后"
        },
        {
            "end_pos": 831,
            "label_type": "解剖部位",
            "overlap": 0,
            "start_pos": 830,
            "text": "胃"
        },
        {
            "end_pos": 856,
            "label_type": "解剖部位",
            "overlap": 0,
            "start_pos": 852,
            "text": "肝右内叶"
        },
        {
            "label_type": "疾病和诊断",
            "overlap": 0,
            "start_pos": 864,
            "end_pos": 868,
            "text": "肝转移瘤"
        },
        {
            "end_pos": 893,
            "label_type": "解剖部位",
            "overlap": 0,
            "start_pos": 892,
            "text": "肝"
        },
        {
            "end_pos": 913,
            "label_type": "解剖部位",
            "overlap": 0,
            "start_pos": 905,
            "text": "右侧肾下腺内侧肢"
        },
        {
            "label_type": "疾病和诊断",
            "overlap": 0,
            "start_pos": 933,
            "end_pos": 939,
            "text": "两肾多发囊肿"
        },
        {
            "label_type": "疾病和诊断",
            "overlap": 0,
            "start_pos": 940,
            "end_pos": 948,
            "text": "两肾小结石或钙化"
        },
        {
            "label_type": "实验室检验",
            "overlap": 0,
            "start_pos": 949,
            "end_pos": 952,
            "text": "CER"
        },
        {
            "label_type": "实验室检验",
            "overlap": 0,
            "start_pos": 963,
            "end_pos": 968,
            "text": "CA125"
        },
        {
            "label_type": "手术",
            "overlap": 0,
            "start_pos": 1004,
            "end_pos": 1018,
            "text": "超声引导上右肝肿块射频消融术"
        },
        {
            "end_pos": 1026,
            "label_type": "解剖部位",
            "overlap": 0,
            "start_pos": 1025,
            "text": "腹"
        },
        {
            "end_pos": 1091,
            "label_type": "解剖部位",
            "overlap": 0,
            "start_pos": 1090,
            "text": "腹"
        },
        {
            "end_pos": 1108,
            "label_type": "解剖部位",
            "overlap": 0,
            "start_pos": 1107,
            "text": "眼"
        },
        {
            "label_type": "疾病和诊断",
            "overlap": 0,
            "start_pos": 1129,
            "end_pos": 1136,
            "text": "胃癌术后肝转移"
        }
    ]
}