{
    "originalText": "，患者于2007年1月出现下腹部饱胀不适，伴有嗳气、反酸，2007-6-10，行胃镜提示：1、胃溃疡，2、胃癌不排除，，病理提示：低分化腺癌。于2007-6-19行根治性远端胃大部切除术（D2)，术后病理提示：低分化腺癌侵及浆膜。，淋巴结：6+/12,术后行FOLFOX4一次，乐沙定+XELOUDA共6次，后定期复查。2011-7-27，行肝脏CT检查提示:肝脏多发转移病灶，胃底残留病灶，腹膜后淋巴结增大。2011-8-4、2011-8-25、2011-9-15、2011-10-13日、2011-11-17、2011-12-15在我科行肝动脉草酸铂+5FU灌注化疗6次，2012-2-9行胃右动脉艾恒150MG5-FU0.5G灌注化疗1次，期间行CIK回输。复查肝脏转移瘤较前有所缩小。现为进一步治疗入院。患者诉近期轻度下腹部不适，无寒战、发热，无腹胀、腹泻等不适，精神、睡眠、食欲可，大小便正常，体重无明显上降。",
    "entities": [
        {
            "label_type": "解剖部位",
            "start_pos": 13,
            "end_pos": 15,
            "text": "下腹"
        },
        {
            "label_type": "疾病和诊断",
            "start_pos": 47,
            "end_pos": 50,
            "text": "胃溃疡"
        },
        {
            "label_type": "疾病和诊断",
            "start_pos": 53,
            "end_pos": 55,
            "text": "胃癌"
        },
        {
            "label_type": "疾病和诊断",
            "start_pos": 65,
            "end_pos": 70,
            "text": "低分化腺癌"
        },
        {
            "end_pos": 93,
            "label_type": "手术",
            "start_pos": 82,
            "text": "根治性远端胃大部切除术"
        },
        {
            "label_type": "疾病和诊断",
            "start_pos": 105,
            "end_pos": 110,
            "text": "低分化腺癌"
        },
        {
            "end_pos": 142,
            "label_type": "药物",
            "start_pos": 139,
            "text": "乐沙定"
        },
        {
            "end_pos": 150,
            "label_type": "药物",
            "start_pos": 143,
            "text": "XELOUDA"
        },
        {
            "label_type": "影像检查",
            "start_pos": 171,
            "end_pos": 175,
            "text": "肝脏CT"
        },
        {
            "label_type": "疾病和诊断",
            "start_pos": 180,
            "end_pos": 186,
            "text": "肝脏多发转移"
        },
        {
            "end_pos": 191,
            "label_type": "解剖部位",
            "start_pos": 189,
            "text": "胃底"
        },
        {
            "end_pos": 202,
            "label_type": "解剖部位",
            "start_pos": 196,
            "text": "腹膜后淋巴结"
        },
        {
            "end_pos": 274,
            "label_type": "解剖部位",
            "start_pos": 271,
            "text": "肝动脉"
        },
        {
            "end_pos": 277,
            "label_type": "药物",
            "start_pos": 274,
            "text": "草酸铂"
        },
        {
            "end_pos": 281,
            "label_type": "药物",
            "start_pos": 278,
            "text": "5FU"
        },
        {
            "end_pos": 301,
            "label_type": "解剖部位",
            "start_pos": 297,
            "text": "胃右动脉"
        },
        {
            "end_pos": 303,
            "label_type": "药物",
            "start_pos": 301,
            "text": "艾恒"
        },
        {
            "end_pos": 312,
            "label_type": "药物",
            "start_pos": 308,
            "text": "5-FU"
        },
        {
            "label_type": "疾病和诊断",
            "start_pos": 334,
            "end_pos": 339,
            "text": "肝脏转移瘤"
        },
        {
            "end_pos": 366,
            "label_type": "解剖部位",
            "start_pos": 363,
            "text": "下腹部"
        },
        {
            "end_pos": 378,
            "label_type": "解剖部位",
            "start_pos": 377,
            "text": "腹"
        },
        {
            "end_pos": 381,
            "label_type": "解剖部位",
            "start_pos": 380,
            "text": "腹"
        }
    ]
}