{
    "originalText": "，9.11上腹痛，伴发热38.6度，外院检查白细胞增高，，盆腔超声提示：左侧附件区肿物，约7CM，囊实性，抗炎治疗3天后明显好转，CA125 202,侧啊16.96，CA19949.2014.9.16提示左附件肿物，考虑恶性，两附件区及子宫多发结节，转移？，分段诊刮：内膜息肉，2014.10.14行卵巢癌分期手术。术后2014.11.14开始泰素+伯尔定化疗，已6疗程，末次2015.3.11，化疗后手脚麻木，不影响生活。2015.4.10肿瘤标志物正常，复查CT正常。2015.7.30复查盆腹超声和血正常,15-10超声阴道断端下方2.2*1.3厘米结节。",
    "entities": [
        {
            "end_pos": 7,
            "label_type": "解剖部位",
            "start_pos": 5,
            "text": "上腹"
        },
        {
            "label_type": "实验室检验",
            "start_pos": 22,
            "end_pos": 25,
            "text": "白细胞"
        },
        {
            "label_type": "影像检查",
            "start_pos": 29,
            "end_pos": 33,
            "text": "盆腔超声"
        },
        {
            "end_pos": 41,
            "label_type": "解剖部位",
            "start_pos": 36,
            "text": "左侧附件区"
        },
        {
            "label_type": "实验室检验",
            "start_pos": 65,
            "end_pos": 70,
            "text": "CA125"
        },
        {
            "label_type": "实验室检验",
            "start_pos": 83,
            "end_pos": 88,
            "text": "CA199"
        },
        {
            "end_pos": 105,
            "label_type": "解剖部位",
            "start_pos": 102,
            "text": "左附件"
        },
        {
            "end_pos": 117,
            "label_type": "解剖部位",
            "start_pos": 113,
            "text": "两附件区"
        },
        {
            "end_pos": 120,
            "label_type": "解剖部位",
            "start_pos": 118,
            "text": "子宫"
        },
        {
            "end_pos": 157,
            "label_type": "手术",
            "start_pos": 150,
            "text": "卵巢癌分期手术"
        },
        {
            "end_pos": 174,
            "label_type": "药物",
            "start_pos": 172,
            "text": "泰素"
        },
        {
            "end_pos": 178,
            "label_type": "药物",
            "start_pos": 175,
            "text": "伯尔定"
        },
        {
            "end_pos": 203,
            "label_type": "解剖部位",
            "start_pos": 201,
            "text": "手脚"
        },
        {
            "label_type": "影像检查",
            "start_pos": 231,
            "end_pos": 233,
            "text": "CT"
        },
        {
            "label_type": "影像检查",
            "start_pos": 247,
            "end_pos": 251,
            "text": "盆腹超声"
        },
        {
            "label_type": "影像检查",
            "start_pos": 261,
            "end_pos": 263,
            "text": "超声"
        },
        {
            "label_type": "解剖部位",
            "start_pos": 263,
            "end_pos": 265,
            "text": "阴道"
        }
    ]
}