{
    "originalText": "，，患者“因食“进食阻挡感”1月余”于2017.310.23第1，次入住我院，入院后完善，CT相关辅“助检食管上段贲门CA查，检查，示结“考虑可能性肝多发囊肿大肝，请化结”，合内镜检、查；胃多发、囊肿化；内钙化灶治”，结，给予抑酸、胃、保护、黏膜、抗，氧化贲门腺癌等对，症支持术治染色，结合患者病史、镜检查、化活检病胸理，诊断明确，为行手术术治疗于，201术7.1，0.25由消化科转入外1科上。贲门癌根治术，术转科后（完善相关术前检查3，，排除手术禁忌后，于280），17贲门腺癌（中度分化），浸润溃疡型，.1403.27全麻上C行，根治术，术后病理（201癌7.1（0个）、.3（1个）、，病（4个）、“上段食管旁”（3个）、“贲门周围”（4个）、“胃右动脉旁”（8个）淋巴结理号2癌0，172化5281C），示：，体（3积）、4*3（.）、5*T0.6CM，侵达浆膜；双（端）、切线未查见癌；（一）、T组（1个）多、（二）组术（1个）化、化、、三组（、4个、）、、“未、查见癌。，治免，疫组术化治疗示：，CER食BB-2（3、+）、SYN（-）、β-TUBULIN-II食，I少数食（+），、胸骨 RRM，1少食数（，+）、、TO，POII多、数食（+，）。术、后给，予雾化，、胸化、胸痰，、心抗，感染心、、抑，酸腹、、腹止，疼、补液、营养支持治，等治疗，患者术，后恢复良化好，经口肿进食未治诉，门明显“贲门癌”不适、病情平稳后出院。 ，  、患者自，出院以来食，半流质饮食，，偶有进食哽噎感化，",
    "entities": [
        {
            "label_type": "影像检查",
            "overlap": 0,
            "start_pos": 45,
            "end_pos": 47,
            "text": "CT"
        },
        {
            "label_type": "疾病和诊断",
            "overlap": 0,
            "start_pos": 53,
            "end_pos": 61,
            "text": "食管上段贲门CA"
        },
        {
            "label_type": "疾病和诊断",
            "overlap": 0,
            "start_pos": 74,
            "end_pos": 79,
            "text": "肝多发囊肿"
        },
        {
            "label_type": "解剖部位",
            "overlap": 0,
            "start_pos": 80,
            "end_pos": 81,
            "text": "肝"
        },
        {
            "label_type": "解剖部位",
            "overlap": 0,
            "start_pos": 94,
            "end_pos": 95,
            "text": "胃"
        },
        {
            "label_type": "疾病和诊断",
            "overlap": 0,
            "start_pos": 128,
            "end_pos": 132,
            "text": "贲门腺癌"
        },
        {
            "label_type": "解剖部位",
            "overlap": 0,
            "start_pos": 158,
            "end_pos": 159,
            "text": "胸"
        },
        {
            "end_pos": 204,
            "label_type": "手术",
            "overlap": 0,
            "start_pos": 198,
            "text": "贲门癌根治术"
        },
        {
            "label_type": "疾病和诊断",
            "overlap": 0,
            "start_pos": 237,
            "end_pos": 253,
            "text": "贲门腺癌（中度分化），浸润溃疡型"
        },
        {
            "label_type": "解剖部位",
            "overlap": 0,
            "start_pos": 304,
            "end_pos": 340,
            "text": "上段食管旁”（3个）、“贲门周围”（4个）、“胃右动脉旁”（8个）淋巴结"
        },
        {
            "label_type": "解剖部位",
            "overlap": 0,
            "start_pos": 499,
            "end_pos": 501,
            "text": "胸骨"
        },
        {
            "end_pos": 543,
            "label_type": "解剖部位",
            "overlap": 0,
            "start_pos": 542,
            "text": "胸"
        },
        {
            "end_pos": 546,
            "label_type": "解剖部位",
            "overlap": 0,
            "start_pos": 545,
            "text": "胸"
        },
        {
            "end_pos": 550,
            "label_type": "解剖部位",
            "overlap": 0,
            "start_pos": 549,
            "text": "心"
        },
        {
            "end_pos": 561,
            "label_type": "解剖部位",
            "overlap": 0,
            "start_pos": 560,
            "text": "腹"
        },
        {
            "end_pos": 564,
            "label_type": "解剖部位",
            "overlap": 0,
            "start_pos": 563,
            "text": "腹"
        },
        {
            "label_type": "疾病和诊断",
            "overlap": 0,
            "start_pos": 605,
            "end_pos": 608,
            "text": "贲门癌"
        }
    ]
}