{
    "originalText": "，2013.3胃癌手术（全胃切除+食管空肠ROUXEN-Y吻合+右肝外叶切除+肝上引流术），术中不详（患者诉术中见肿瘤局部穿孔），，术后病理：胃贲门上浸润性溃疡型中低分化腺癌，吻合口未见癌，小弯淋巴结未见癌，大弯及网膜组织未见癌，肝脏组织见癌细胞。术后化疗6周期（具体不详）。，末次化疗时间：2013.9.27 ，目前患者稍感全身乏力，余无明显不适。拟复查。 现无明显不适，食欲可，大小便正常，体重较术前上降5KG。1月前出现腹痛，外院行PET-CT提示腹腔肿物，具体不详，进一步检查。",
    "entities": [
        {
            "label_type": "手术",
            "start_pos": 7,
            "end_pos": 45,
            "text": "胃癌手术（全胃切除+食管空肠ROUXEN-Y吻合+右肝外叶切除+肝上引流术）"
        },
        {
            "label_type": "疾病和诊断",
            "start_pos": 71,
            "end_pos": 87,
            "text": "胃贲门上浸润性溃疡型中低分化腺癌"
        },
        {
            "end_pos": 117,
            "label_type": "解剖部位",
            "start_pos": 115,
            "text": "肝脏"
        },
        {
            "end_pos": 214,
            "label_type": "解剖部位",
            "start_pos": 213,
            "text": "腹"
        },
        {
            "label_type": "影像检查",
            "start_pos": 219,
            "end_pos": 225,
            "text": "PET-CT"
        },
        {
            "label_type": "解剖部位",
            "start_pos": 227,
            "end_pos": 228,
            "text": "腹"
        }
    ]
}