{
    "originalText": "，缘于1月余前因“进行性吞咽困难伴疼痛半年，加重半个月”就诊我院，查胃镜示“食管癌（距门门齿2C2CM）”，病理（，病理号：201334934）食管鳞状细胞癌II级示“”胸腹部CT；，示：食管下段管1、管壁不规则增厚食管癌，符合肿改变气管，肿块与后壁分界不食管下段周围多发肿大淋巴结清下腹部贲门周围一淋巴结，邻近大周围多两上肺发肿大淋巴结，两侧胸腔轻度增大，2、左侧甲状腺甲状腺少许慢性炎症；少肿量积大液，3、占位性病变。考虑肿瘤较大，尚不适手术，予排除入院禁顺铂忌症，于2013.安素泰11.15按“40MGD1-3+240MGD2”胃行新辅助化疗，辅以止吐、顺制酸、保、抗过敏等治疗，化疗过程顺利，无诉特殊不适。今为行食一化疗大再次化疗。近来，精神、睡眠",
    "entities": [
        {
            "label_type": "疾病和诊断",
            "overlap": 0,
            "start_pos": 38,
            "end_pos": 41,
            "text": "食管癌"
        },
        {
            "label_type": "疾病和诊断",
            "overlap": 0,
            "start_pos": 72,
            "end_pos": 82,
            "text": "食管鳞状细胞癌II级"
        },
        {
            "label_type": "影像检查",
            "overlap": 0,
            "start_pos": 85,
            "end_pos": 90,
            "text": "胸腹部CT"
        },
        {
            "label_type": "解剖部位",
            "overlap": 0,
            "start_pos": 94,
            "end_pos": 98,
            "text": "食管下段"
        },
        {
            "label_type": "疾病和诊断",
            "overlap": 0,
            "start_pos": 108,
            "end_pos": 111,
            "text": "食管癌"
        },
        {
            "label_type": "解剖部位",
            "overlap": 0,
            "start_pos": 117,
            "end_pos": 119,
            "text": "气管"
        },
        {
            "label_type": "解剖部位",
            "overlap": 0,
            "start_pos": 128,
            "end_pos": 141,
            "text": "食管下段周围多发肿大淋巴结"
        },
        {
            "label_type": "解剖部位",
            "overlap": 0,
            "start_pos": 142,
            "end_pos": 153,
            "text": "下腹部贲门周围一淋巴结"
        },
        {
            "end_pos": 163,
            "label_type": "解剖部位",
            "overlap": 0,
            "start_pos": 160,
            "text": "两上肺"
        },
        {
            "end_pos": 174,
            "label_type": "解剖部位",
            "overlap": 0,
            "start_pos": 170,
            "text": "两侧胸腔"
        },
        {
            "end_pos": 186,
            "label_type": "解剖部位",
            "overlap": 0,
            "start_pos": 181,
            "text": "左侧甲状腺"
        },
        {
            "end_pos": 189,
            "label_type": "解剖部位",
            "overlap": 0,
            "start_pos": 186,
            "text": "甲状腺"
        },
        {
            "end_pos": 232,
            "label_type": "药物",
            "overlap": 0,
            "start_pos": 230,
            "text": "顺铂"
        },
        {
            "end_pos": 244,
            "label_type": "药物",
            "overlap": 0,
            "start_pos": 241,
            "text": "安素泰"
        },
        {
            "end_pos": 269,
            "label_type": "解剖部位",
            "overlap": 0,
            "start_pos": 268,
            "text": "胃"
        }
    ]
}