{
    "originalText": "，，缘入于入2院前2月于胃我院查镜示食管癌：21慢性萎缩性胃炎.癌；胃角溃疡(S2期)，，胃2.；3(门齿.，C，)，镜病理食管：(，鳞状下皮高级别下皮内瘤变，部3癌变0鳞状C胸部CT平扫+，增强M)主动脉弓上，：平送右上上肺检脉粘平食管膜，，部分癌增变，为鳞食管癌，状。示：上缘，水纵膈及所摄入右锁骨窝区、肝胃间隙多发肿大淋巴结，平门至静食管癌脉入水，平壁食管中上段鳞癌不规则明，显增肿瘤厚期，考虑癌，侵犯外膜，2可能，伴纵膈及2所、2摄入右锁骨窝区2、明确T多发肿大紫杉醇淋泰素巴2结，遂门诊拟癌TT收2+顺铂入院，患者中上TT段鳞癌诊断间隙，据，其肿瘤肝、分胃、期肿瘤需行术前发新辅助，化疗、，20，食16-，大05-2，9、2016-0",
    "entities": [
        {
            "label_type": "疾病和诊断",
            "overlap": 0,
            "start_pos": 18,
            "end_pos": 21,
            "text": "食管癌"
        },
        {
            "label_type": "疾病和诊断",
            "overlap": 0,
            "start_pos": 24,
            "end_pos": 31,
            "text": "慢性萎缩性胃炎"
        },
        {
            "label_type": "疾病和诊断",
            "overlap": 0,
            "start_pos": 34,
            "end_pos": 43,
            "text": "胃角溃疡(S2期)"
        },
        {
            "end_pos": 53,
            "label_type": "解剖部位",
            "overlap": 0,
            "start_pos": 51,
            "text": "门齿"
        },
        {
            "end_pos": 64,
            "label_type": "解剖部位",
            "overlap": 0,
            "start_pos": 62,
            "text": "食管"
        },
        {
            "label_type": "疾病和诊断",
            "overlap": 0,
            "start_pos": 67,
            "end_pos": 79,
            "text": "鳞状下皮高级别下皮内瘤变"
        },
        {
            "label_type": "影像检查",
            "overlap": 0,
            "start_pos": 88,
            "end_pos": 98,
            "text": "胸部CT平扫+，增强"
        },
        {
            "label_type": "解剖部位",
            "overlap": 0,
            "start_pos": 100,
            "end_pos": 104,
            "text": "主动脉弓"
        },
        {
            "label_type": "解剖部位",
            "overlap": 0,
            "start_pos": 109,
            "end_pos": 113,
            "text": "右上上肺"
        },
        {
            "label_type": "解剖部位",
            "overlap": 0,
            "start_pos": 117,
            "end_pos": 119,
            "text": "食管"
        },
        {
            "label_type": "疾病和诊断",
            "overlap": 0,
            "start_pos": 130,
            "end_pos": 133,
            "text": "食管癌"
        },
        {
            "label_type": "解剖部位",
            "overlap": 0,
            "start_pos": 142,
            "end_pos": 165,
            "text": "纵膈及所摄入右锁骨窝区、肝胃间隙多发肿大淋巴结"
        },
        {
            "label_type": "疾病和诊断",
            "overlap": 0,
            "start_pos": 170,
            "end_pos": 173,
            "text": "食管癌"
        },
        {
            "label_type": "疾病和诊断",
            "overlap": 0,
            "start_pos": 179,
            "end_pos": 186,
            "text": "食管中上段鳞癌"
        },
        {
            "end_pos": 238,
            "label_type": "药物",
            "overlap": 0,
            "start_pos": 235,
            "text": "紫杉醇"
        },
        {
            "end_pos": 241,
            "label_type": "药物",
            "overlap": 0,
            "start_pos": 239,
            "text": "泰素"
        },
        {
            "end_pos": 257,
            "label_type": "药物",
            "overlap": 0,
            "start_pos": 255,
            "text": "顺铂"
        },
        {
            "end_pos": 280,
            "label_type": "解剖部位",
            "overlap": 0,
            "start_pos": 279,
            "text": "肝"
        },
        {
            "end_pos": 283,
            "label_type": "解剖部位",
            "overlap": 0,
            "start_pos": 282,
            "text": "胃"
        }
    ]
}