{
    "originalText": "，患者因“腹痛、腹胀1年半，发现结肠息肉1月”于2011.12.5第一次入住我科，，查体：老年女性，神志清，精神可。全身皮肤粘膜无黄染、皮疹及出血点，无肝掌、蜘蛛痣。浅表淋巴结未触及肿大。两肺呼吸音清，未闻及干湿性啰音，未闻及胸膜摩擦音。心前区无隆起，心界不大，心率64次/分，律齐，各瓣膜听诊区未闻及病理性杂音，未闻及心包摩擦音。腹部饱满，无腹壁静脉曲张。腹软，脐上腹部压痛，无反跳痛，肝脾肋上未触及，未触及异常包块，MURPHY'S征（-），肝肾区无叩痛，移动性浊音（-），肠鸣音正常，两上肢无水肿。入院后完善各项辅助检查，明确病情，于2011.12.6行肠镜检查+息肉切除术，手术顺利，，内镜诊断：结直肠多发息肉内镜上切除术，，病理诊断：（直肠、乙状结肠）腺管状腺瘤，腺体呈轻度不典型增生。术后给予右氧氟沙星、替硝唑抗感染及对症支持治疗。患者未述特殊不适症状，病情好转出院。   患者自下次出院后病情稳定，偶有腹痛、腹胀，但程度较轻，今日为复查肠镜再来我院，，门诊行肠镜示：大肠多发息肉，遂行息肉切除术，并以“多发性大肠息肉，内镜上切除术”收入院。   患者自发病以来，饮食、睡眠好，大小便未见异常。体重无明显减轻。",
    "entities": [
        {
            "end_pos": 6,
            "label_type": "解剖部位",
            "start_pos": 5,
            "text": "腹"
        },
        {
            "end_pos": 9,
            "label_type": "解剖部位",
            "start_pos": 8,
            "text": "腹"
        },
        {
            "label_type": "疾病和诊断",
            "start_pos": 16,
            "end_pos": 20,
            "text": "结肠息肉"
        },
        {
            "end_pos": 96,
            "label_type": "解剖部位",
            "start_pos": 94,
            "text": "两肺"
        },
        {
            "label_type": "解剖部位",
            "start_pos": 113,
            "end_pos": 114,
            "text": "胸"
        },
        {
            "label_type": "解剖部位",
            "start_pos": 119,
            "end_pos": 120,
            "text": "心"
        },
        {
            "end_pos": 127,
            "label_type": "解剖部位",
            "start_pos": 126,
            "text": "心"
        },
        {
            "end_pos": 162,
            "label_type": "解剖部位",
            "start_pos": 160,
            "text": "心包"
        },
        {
            "end_pos": 168,
            "label_type": "解剖部位",
            "start_pos": 166,
            "text": "腹部"
        },
        {
            "end_pos": 176,
            "label_type": "解剖部位",
            "start_pos": 172,
            "text": "腹壁静脉"
        },
        {
            "end_pos": 180,
            "label_type": "解剖部位",
            "start_pos": 179,
            "text": "腹"
        },
        {
            "end_pos": 186,
            "label_type": "解剖部位",
            "start_pos": 182,
            "text": "脐上腹部"
        },
        {
            "end_pos": 195,
            "label_type": "解剖部位",
            "start_pos": 194,
            "text": "肝"
        },
        {
            "end_pos": 196,
            "label_type": "解剖部位",
            "start_pos": 195,
            "text": "脾"
        },
        {
            "label_type": "解剖部位",
            "start_pos": 223,
            "end_pos": 224,
            "text": "肝"
        },
        {
            "label_type": "解剖部位",
            "start_pos": 224,
            "end_pos": 225,
            "text": "肾"
        },
        {
            "end_pos": 240,
            "label_type": "解剖部位",
            "start_pos": 239,
            "text": "肠"
        },
        {
            "end_pos": 248,
            "label_type": "解剖部位",
            "start_pos": 245,
            "text": "两上肢"
        },
        {
            "label_type": "手术",
            "start_pos": 280,
            "end_pos": 290,
            "text": "肠镜检查+息肉切除术"
        },
        {
            "end_pos": 315,
            "label_type": "手术",
            "start_pos": 302,
            "text": "结直肠多发息肉内镜上切除术"
        },
        {
            "end_pos": 325,
            "label_type": "解剖部位",
            "start_pos": 323,
            "text": "直肠"
        },
        {
            "end_pos": 330,
            "label_type": "解剖部位",
            "start_pos": 326,
            "text": "乙状结肠"
        },
        {
            "label_type": "疾病和诊断",
            "start_pos": 331,
            "end_pos": 336,
            "text": "腺管状腺瘤"
        },
        {
            "end_pos": 357,
            "label_type": "药物",
            "start_pos": 352,
            "text": "右氧氟沙星"
        },
        {
            "end_pos": 361,
            "label_type": "药物",
            "start_pos": 358,
            "text": "替硝唑"
        },
        {
            "end_pos": 409,
            "label_type": "解剖部位",
            "start_pos": 408,
            "text": "腹"
        },
        {
            "end_pos": 412,
            "label_type": "解剖部位",
            "start_pos": 411,
            "text": "腹"
        },
        {
            "label_type": "疾病和诊断",
            "start_pos": 440,
            "end_pos": 446,
            "text": "大肠多发息肉"
        },
        {
            "end_pos": 454,
            "label_type": "手术",
            "start_pos": 449,
            "text": "息肉切除术"
        },
        {
            "label_type": "疾病和诊断",
            "start_pos": 458,
            "end_pos": 465,
            "text": "多发性大肠息肉"
        },
        {
            "label_type": "手术",
            "start_pos": 466,
            "end_pos": 472,
            "text": "内镜上切除术"
        }
    ]
}