{
    "originalText": "，缘于入院前4月余因胸因、闷、气促就诊我院，全腹部CT，查提示、胃体部大弯、小弯壁：1、部大弯伴肝胃间隙、腹膜后多、淋巴结肿大小网膜弯壁不规胃CA侵出浆膜层并网膜种植转移则增、腹腔、盆腔厚大，伴、多发、脾肿大，网膜增厚，为。2、转移瘤、见、两附件区多大量积性液。3、种植转移内类性大圆形、低密度两肺影，炎可能两侧胸腔为转移瘤。4、、多发右房、右室囊大实性病灶，为胃种植胃体癌慢性萎缩性胃炎转移可能性大。胃体5、所炎性摄入少许炎症多，少量积液。6、所摄入、增大。，我院麻醉胃癌镜：。，病理示：（）送检炎腹腔置管引流术性肉芽组织中见多灶粘液湖，、其内漂浮个别印戒样细胞，乐沙定高度可疑癌。里葆多2014.03.03行“置肝、管引、流术”，于2014利.03.05、2014.腹腔腔04.替加氟10予“10肿瘤坏死因子0MG+40MG”方案不适，辅以保、止吐奥沙利铂、艾恒补液等处理。过程顺利，里葆多无诉化疗。03.14予腔内注射1G、*3天+2、00万IU。腹腔于201肿瘤坏死因子4.05.14按“()150MG静滴D1紫杉醇+安素泰40MGD2”替吉奥方案化疗，05.19、05.22、05.2、6肝、予内注射“300万IU”。2014.肿瘤坏死因子06.23按腹腔“（）180MG+60MGBID*1胃体癌伴腹腔种植转移4D”方下案出化疗，辅予、止吐、、保、营养等治疗下腹,于2014.06大小.25予体300万IU滴注。",
    "entities": [
        {
            "end_pos": 11,
            "label_type": "解剖部位",
            "overlap": 0,
            "start_pos": 10,
            "text": "胸"
        },
        {
            "label_type": "影像检查",
            "overlap": 0,
            "start_pos": 22,
            "end_pos": 27,
            "text": "全腹部CT"
        },
        {
            "end_pos": 41,
            "label_type": "解剖部位",
            "overlap": 0,
            "start_pos": 32,
            "text": "胃体部大弯、小弯壁"
        },
        {
            "end_pos": 52,
            "label_type": "解剖部位",
            "overlap": 0,
            "start_pos": 48,
            "text": "肝胃间隙"
        },
        {
            "end_pos": 56,
            "label_type": "解剖部位",
            "overlap": 0,
            "start_pos": 53,
            "text": "腹膜后"
        },
        {
            "label_type": "解剖部位",
            "overlap": 0,
            "start_pos": 58,
            "end_pos": 61,
            "text": "淋巴结"
        },
        {
            "label_type": "疾病和诊断",
            "overlap": 0,
            "start_pos": 70,
            "end_pos": 85,
            "text": "胃CA侵出浆膜层并网膜种植转移"
        },
        {
            "end_pos": 90,
            "label_type": "解剖部位",
            "overlap": 0,
            "start_pos": 88,
            "text": "腹腔"
        },
        {
            "end_pos": 93,
            "label_type": "解剖部位",
            "overlap": 0,
            "start_pos": 91,
            "text": "盆腔"
        },
        {
            "end_pos": 102,
            "label_type": "解剖部位",
            "overlap": 0,
            "start_pos": 101,
            "text": "脾"
        },
        {
            "end_pos": 124,
            "label_type": "解剖部位",
            "overlap": 0,
            "start_pos": 120,
            "text": "两附件区"
        },
        {
            "end_pos": 149,
            "label_type": "解剖部位",
            "overlap": 0,
            "start_pos": 147,
            "text": "两肺"
        },
        {
            "end_pos": 158,
            "label_type": "解剖部位",
            "overlap": 0,
            "start_pos": 154,
            "text": "两侧胸腔"
        },
        {
            "end_pos": 170,
            "label_type": "解剖部位",
            "overlap": 0,
            "start_pos": 168,
            "text": "右房"
        },
        {
            "end_pos": 173,
            "label_type": "解剖部位",
            "overlap": 0,
            "start_pos": 171,
            "text": "右室"
        },
        {
            "label_type": "疾病和诊断",
            "overlap": 0,
            "start_pos": 184,
            "end_pos": 194,
            "text": "胃体癌慢性萎缩性胃炎"
        },
        {
            "end_pos": 203,
            "label_type": "解剖部位",
            "overlap": 0,
            "start_pos": 201,
            "text": "胃体"
        },
        {
            "end_pos": 257,
            "label_type": "手术",
            "overlap": 0,
            "start_pos": 250,
            "text": "腹腔置管引流术"
        },
        {
            "end_pos": 286,
            "label_type": "药物",
            "overlap": 0,
            "start_pos": 283,
            "text": "乐沙定"
        },
        {
            "end_pos": 295,
            "label_type": "药物",
            "overlap": 0,
            "start_pos": 292,
            "text": "里葆多"
        },
        {
            "end_pos": 309,
            "label_type": "解剖部位",
            "overlap": 0,
            "start_pos": 308,
            "text": "肝"
        },
        {
            "end_pos": 337,
            "label_type": "解剖部位",
            "overlap": 0,
            "start_pos": 335,
            "text": "腹腔"
        },
        {
            "end_pos": 344,
            "label_type": "药物",
            "overlap": 0,
            "start_pos": 341,
            "text": "替加氟"
        },
        {
            "end_pos": 356,
            "label_type": "药物",
            "overlap": 0,
            "start_pos": 350,
            "text": "肿瘤坏死因子"
        },
        {
            "end_pos": 380,
            "label_type": "药物",
            "overlap": 0,
            "start_pos": 376,
            "text": "奥沙利铂"
        },
        {
            "end_pos": 383,
            "label_type": "药物",
            "overlap": 0,
            "start_pos": 381,
            "text": "艾恒"
        },
        {
            "end_pos": 397,
            "label_type": "药物",
            "overlap": 0,
            "start_pos": 394,
            "text": "里葆多"
        },
        {
            "end_pos": 429,
            "label_type": "解剖部位",
            "overlap": 0,
            "start_pos": 427,
            "text": "腹腔"
        },
        {
            "end_pos": 439,
            "label_type": "药物",
            "overlap": 0,
            "start_pos": 433,
            "text": "肿瘤坏死因子"
        },
        {
            "end_pos": 462,
            "label_type": "药物",
            "overlap": 0,
            "start_pos": 459,
            "text": "紫杉醇"
        },
        {
            "end_pos": 466,
            "label_type": "药物",
            "overlap": 0,
            "start_pos": 463,
            "text": "安素泰"
        },
        {
            "end_pos": 476,
            "label_type": "药物",
            "overlap": 0,
            "start_pos": 473,
            "text": "替吉奥"
        },
        {
            "end_pos": 500,
            "label_type": "解剖部位",
            "overlap": 0,
            "start_pos": 499,
            "text": "肝"
        },
        {
            "end_pos": 525,
            "label_type": "药物",
            "overlap": 0,
            "start_pos": 519,
            "text": "肿瘤坏死因子"
        },
        {
            "end_pos": 533,
            "label_type": "解剖部位",
            "overlap": 0,
            "start_pos": 531,
            "text": "腹腔"
        },
        {
            "label_type": "疾病和诊断",
            "overlap": 0,
            "start_pos": 551,
            "end_pos": 561,
            "text": "胃体癌伴腹腔种植转移"
        },
        {
            "end_pos": 587,
            "label_type": "解剖部位",
            "overlap": 0,
            "start_pos": 585,
            "text": "下腹"
        }
    ]
}