{
    "originalText": "，缘于5小时前因外伤致右小腿疼痛、畸形、活动受限，伴颜面、头皮及右小腿多处软组织破损、出血，伴头痛、头晕，无畏寒、发热，无恶心、呕吐，无二便失禁。急来我院，，门诊拍X线片示：1.右胫腓骨下段粉碎性骨折，并周围软组织肿胀；2.右髌骨外侧缘可疑骨折；3.右第3掌指关节脱位。，头颅平扫：1.两侧额部头皮软组织肿胀，颅内未见明显血肿征象，建议随诊复查；2.所摄入部分副鼻窦炎；右侧前组筛窦小骨瘤。遂急诊予行“头皮撕脱伤及右胫前裂伤清创缝合术+右上肢石膏外固定术”，术后遂以右胫腓骨下段骨折收入院，入院来饮食、睡眠欠佳，二便未排。",
    "entities": [
        {
            "end_pos": 14,
            "label_type": "解剖部位",
            "start_pos": 11,
            "text": "右小腿"
        },
        {
            "label_type": "解剖部位",
            "start_pos": 29,
            "end_pos": 30,
            "text": "头"
        },
        {
            "end_pos": 35,
            "label_type": "解剖部位",
            "start_pos": 32,
            "text": "右小腿"
        },
        {
            "end_pos": 48,
            "label_type": "解剖部位",
            "start_pos": 47,
            "text": "头"
        },
        {
            "end_pos": 51,
            "label_type": "解剖部位",
            "start_pos": 50,
            "text": "头"
        },
        {
            "label_type": "影像检查",
            "start_pos": 82,
            "end_pos": 84,
            "text": "X线"
        },
        {
            "label_type": "疾病和诊断",
            "start_pos": 88,
            "end_pos": 100,
            "text": ".右胫腓骨下段粉碎性骨折"
        },
        {
            "label_type": "疾病和诊断",
            "start_pos": 112,
            "end_pos": 122,
            "text": "右髌骨外侧缘可疑骨折"
        },
        {
            "label_type": "疾病和诊断",
            "start_pos": 125,
            "end_pos": 134,
            "text": "右第3掌指关节脱位"
        },
        {
            "label_type": "解剖部位",
            "start_pos": 145,
            "end_pos": 146,
            "text": "额"
        },
        {
            "label_type": "解剖部位",
            "start_pos": 147,
            "end_pos": 148,
            "text": "头"
        },
        {
            "end_pos": 156,
            "label_type": "解剖部位",
            "start_pos": 155,
            "text": "颅"
        },
        {
            "label_type": "疾病和诊断",
            "start_pos": 180,
            "end_pos": 184,
            "text": "副鼻窦炎"
        },
        {
            "label_type": "疾病和诊断",
            "start_pos": 185,
            "end_pos": 194,
            "text": "右侧前组筛窦小骨瘤"
        },
        {
            "label_type": "手术",
            "start_pos": 201,
            "end_pos": 227,
            "text": "头皮撕脱伤及右胫前裂伤清创缝合术+右上肢石膏外固定术"
        },
        {
            "label_type": "疾病和诊断",
            "start_pos": 233,
            "end_pos": 241,
            "text": "右胫腓骨下段骨折"
        }
    ]
}