{
    "originalText": "，患者因“下腹部“隐痛不3适”32014月4”于201门4年4胃月就诊我低分化腺癌院后门诊，行胃肠镜病理2014示5，后入住我院上外科根治性远端胃大部切除、毕II式吻合术于术后20（20140144年）5月胃窦部腺癌(中、低度分化)6日在4全麻上4予5行0，3C术后病达理（上201端切4066癌46四组（2/5个）、五组（1/3个）淋巴结癌），：六组（4个）、“1、3、7组”（10个）淋巴结，体积癌4（腹.后）脂肪6*结4.5*0组化.3CM，侵CC1达粘（膜）、上层T。双端切I线未III查见（癌）、T。呈转（移）、。未查1（见）、T癌。（II膜后（））、C脂肪坏死结2（节）、。，免（疫）、C组化（染）色示术后：ERCC利1少量（+化）5、β-T化UBULI奥沙利铂200N-II1I希罗达2少0量（+I）、T1S少14量化（+）、RRM1（-）、TO化POI2014I10多量（+）、CERBB2014-122（-）、SYNCT（胃贲门癌术后CT-）、CG结合A（-左肺结） 。术后患者恢复化顺肝脏利，低并度行辅合囊肿CT助明显5周期，，化化疗方案为：200腹部彩超MG肝 D化1，肝囊肿2胆囊息肉.右上腹0上脂肪G BID D1脂肪瘤-D14；化疗期间患者无化疗副反应。末次化疗时间2014年10月8日。患者为大行复查于2014年12月入化住",
    "entities": [
        {
            "end_pos": 8,
            "label_type": "解剖部位",
            "overlap": 0,
            "start_pos": 5,
            "text": "下腹部"
        },
        {
            "label_type": "疾病和诊断",
            "overlap": 0,
            "start_pos": 36,
            "end_pos": 41,
            "text": "低分化腺癌"
        },
        {
            "label_type": "解剖部位",
            "overlap": 0,
            "start_pos": 47,
            "end_pos": 48,
            "text": "胃"
        },
        {
            "label_type": "解剖部位",
            "overlap": 0,
            "start_pos": 48,
            "end_pos": 49,
            "text": "肠"
        },
        {
            "label_type": "手术",
            "overlap": 0,
            "start_pos": 67,
            "end_pos": 85,
            "text": "根治性远端胃大部切除、毕II式吻合术"
        },
        {
            "label_type": "疾病和诊断",
            "overlap": 0,
            "start_pos": 103,
            "end_pos": 116,
            "text": "胃窦部腺癌(中、低度分化)"
        },
        {
            "label_type": "解剖部位",
            "overlap": 0,
            "start_pos": 150,
            "end_pos": 171,
            "text": "四组（2/5个）、五组（1/3个）淋巴结癌"
        },
        {
            "label_type": "解剖部位",
            "overlap": 0,
            "start_pos": 174,
            "end_pos": 197,
            "text": "六组（4个）、“1、3、7组”（10个）淋巴结"
        },
        {
            "label_type": "解剖部位",
            "overlap": 0,
            "start_pos": 203,
            "end_pos": 204,
            "text": "腹"
        },
        {
            "end_pos": 337,
            "label_type": "药物",
            "overlap": 0,
            "start_pos": 333,
            "text": "奥沙利铂"
        },
        {
            "end_pos": 349,
            "label_type": "药物",
            "overlap": 0,
            "start_pos": 346,
            "text": "希罗达"
        },
        {
            "label_type": "影像检查",
            "overlap": 0,
            "start_pos": 417,
            "end_pos": 419,
            "text": "CT"
        },
        {
            "label_type": "疾病和诊断",
            "overlap": 0,
            "start_pos": 420,
            "end_pos": 426,
            "text": "胃贲门癌术后"
        },
        {
            "end_pos": 440,
            "label_type": "解剖部位",
            "overlap": 0,
            "start_pos": 438,
            "text": "左肺"
        },
        {
            "end_pos": 454,
            "label_type": "解剖部位",
            "overlap": 0,
            "start_pos": 452,
            "text": "肝脏"
        },
        {
            "label_type": "影像检查",
            "overlap": 0,
            "start_pos": 464,
            "end_pos": 466,
            "text": "CT"
        },
        {
            "label_type": "影像检查",
            "overlap": 0,
            "start_pos": 484,
            "end_pos": 488,
            "text": "腹部彩超"
        },
        {
            "end_pos": 491,
            "label_type": "解剖部位",
            "overlap": 0,
            "start_pos": 490,
            "text": "肝"
        },
        {
            "label_type": "疾病和诊断",
            "overlap": 0,
            "start_pos": 496,
            "end_pos": 499,
            "text": "肝囊肿"
        },
        {
            "label_type": "疾病和诊断",
            "overlap": 0,
            "start_pos": 500,
            "end_pos": 504,
            "text": "胆囊息肉"
        },
        {
            "label_type": "解剖部位",
            "overlap": 0,
            "start_pos": 505,
            "end_pos": 508,
            "text": "右上腹"
        },
        {
            "label_type": "疾病和诊断",
            "overlap": 0,
            "start_pos": 520,
            "end_pos": 523,
            "text": "脂肪瘤"
        }
    ]
}