{
    "originalText": "，患者于2009-8月发现盆腔肿物，B超检查提示两侧附件区混合性包块，肝左后叶实性占位病变，考虑恶性可能，MRI提示两侧卵巢囊腺癌可能性大，不排除囊腺癌。于2009-9-2住我院行卵巢癌肿瘤细胞减灭术（全子宫+两附件+大网膜切除+盆腔淋巴结活检+残余肿瘤细胞减灭），，术后病理：卵巢低分化浆液性乳头状囊腺癌，大网膜、直肠、右左闭孔淋巴结见癌。予2010-1-6至2010-2-23号予“力扑素+卡铂”化疗8程。并于2010-1-6、2010-1-13分别在我院介入科行“肝转移瘤微波固化术”及“肝转移瘤粒子植入术”术顺。治疗后密切门诊随访。2012-7-24外院CT提示膈顶部病灶考虑恶性可能。，MRI：肝S1、8考虑转移。于2012-8-2行和美新+伯尔定方案化疗程，化疗后出现III°骨髓抑制，2012-09-13依据原主诊教授意见调整为和美新+奈达铂方案化疗1程，过程顺利。现依据原主诊教授意见入院化疗。患者一般情况可，大小便正常，体重无明显减轻。",
    "entities": [
        {
            "end_pos": 15,
            "label_type": "解剖部位",
            "start_pos": 13,
            "text": "盆腔"
        },
        {
            "end_pos": 28,
            "label_type": "解剖部位",
            "start_pos": 24,
            "text": "两侧附件"
        },
        {
            "label_type": "解剖部位",
            "start_pos": 35,
            "end_pos": 39,
            "text": "肝左后叶"
        },
        {
            "label_type": "影像检查",
            "start_pos": 53,
            "end_pos": 56,
            "text": "MRI"
        },
        {
            "label_type": "疾病和诊断",
            "start_pos": 58,
            "end_pos": 65,
            "text": "两侧卵巢囊腺癌"
        },
        {
            "label_type": "疾病和诊断",
            "start_pos": 73,
            "end_pos": 76,
            "text": "囊腺癌"
        },
        {
            "label_type": "手术",
            "start_pos": 90,
            "end_pos": 132,
            "text": "卵巢癌肿瘤细胞减灭术（全子宫+两附件+大网膜切除+盆腔淋巴结活检+残余肿瘤细胞减灭）"
        },
        {
            "label_type": "疾病和诊断",
            "start_pos": 139,
            "end_pos": 153,
            "text": "卵巢低分化浆液性乳头状囊腺癌"
        },
        {
            "end_pos": 160,
            "label_type": "解剖部位",
            "start_pos": 158,
            "text": "直肠"
        },
        {
            "end_pos": 168,
            "label_type": "解剖部位",
            "start_pos": 161,
            "text": "右左闭孔淋巴结"
        },
        {
            "end_pos": 196,
            "label_type": "药物",
            "start_pos": 193,
            "text": "力扑素"
        },
        {
            "end_pos": 199,
            "label_type": "药物",
            "start_pos": 197,
            "text": "卡铂"
        },
        {
            "label_type": "手术",
            "start_pos": 234,
            "end_pos": 257,
            "text": "“肝转移瘤微波固化术”及“肝转移瘤粒子植入术”"
        },
        {
            "label_type": "影像检查",
            "start_pos": 281,
            "end_pos": 283,
            "text": "CT"
        },
        {
            "label_type": "解剖部位",
            "start_pos": 285,
            "end_pos": 286,
            "text": "膈"
        },
        {
            "label_type": "影像检查",
            "start_pos": 298,
            "end_pos": 301,
            "text": "MRI"
        },
        {
            "end_pos": 307,
            "label_type": "解剖部位",
            "start_pos": 302,
            "text": "肝S1、8"
        },
        {
            "end_pos": 325,
            "label_type": "药物",
            "start_pos": 322,
            "text": "和美新"
        },
        {
            "end_pos": 329,
            "label_type": "药物",
            "start_pos": 326,
            "text": "伯尔定"
        },
        {
            "label_type": "疾病和诊断",
            "start_pos": 340,
            "end_pos": 348,
            "text": "III°骨髓抑制"
        },
        {
            "end_pos": 374,
            "label_type": "药物",
            "start_pos": 371,
            "text": "和美新"
        },
        {
            "end_pos": 378,
            "label_type": "药物",
            "start_pos": 375,
            "text": "奈达铂"
        }
    ]
}