{
    "originalText": "，，患者因患胃癌“”于2006-8-9于我院在全上麻上予姑息性近端胃大部切除、幽门成形术行，，术后“”，，术贲门腺癌（中度分化），浸润溃疡型，后病理回示C：，，面积6，*3CM，侵穿浆癌膜术后，周围淋化巴，化结未查见癌。术后行6，周期性化疗，化疗期后，间病人无明显不适，，适应性良好。自出近院后下腹部，患者每，年复查、腹1、腹次，，一酸、般情况保持良好,近来感隐痛不适，无，发CEA热、增高，泻、胀，无反酸、嗳气等不，适胃。３月前患食管上端近原者术再次来院复查，查变，胃食管食管明显增高，为胃体，8大3.96NG/M，，L,，行（胃体）高级别下皮内瘤变（重度异型增生及原位癌）胃镜检胃癌术后查示：上性大，端近原手术化吻合口，见菜花奥沙利铂样病变，胃吻合口以亚叶酸钙远至，见大面积的菜花样替加氟隆起，，病理示：（）高级别下皮内化瘤后CEA变（重上度异型，增近生及CEA原位癌）。考虑术后复发化可能性大，已化正常序贯重、化疗３次，，方案为200MG D后1+0.3G， 食、大D2-6 +1000MG D2-6 静滴。，门经化疗胃癌术后后指标呈上降趋势，最近１次为及50.12，食N、G食/，ML化疗期间，大患者消化，近道反应较体重变化重",
    "entities": [
        {
            "label_type": "疾病和诊断",
            "overlap": 0,
            "start_pos": 6,
            "end_pos": 8,
            "text": "胃癌"
        },
        {
            "label_type": "手术",
            "overlap": 0,
            "start_pos": 28,
            "end_pos": 44,
            "text": "姑息性近端胃大部切除、幽门成形术"
        },
        {
            "label_type": "疾病和诊断",
            "overlap": 0,
            "start_pos": 54,
            "end_pos": 70,
            "text": "贲门腺癌（中度分化），浸润溃疡型"
        },
        {
            "end_pos": 150,
            "label_type": "解剖部位",
            "overlap": 0,
            "start_pos": 147,
            "text": "下腹部"
        },
        {
            "end_pos": 160,
            "label_type": "解剖部位",
            "overlap": 0,
            "start_pos": 159,
            "text": "腹"
        },
        {
            "end_pos": 163,
            "label_type": "解剖部位",
            "overlap": 0,
            "start_pos": 162,
            "text": "腹"
        },
        {
            "label_type": "实验室检验",
            "overlap": 0,
            "start_pos": 188,
            "end_pos": 191,
            "text": "CEA"
        },
        {
            "end_pos": 220,
            "label_type": "解剖部位",
            "overlap": 0,
            "start_pos": 216,
            "text": "食管上端"
        },
        {
            "end_pos": 237,
            "label_type": "解剖部位",
            "overlap": 0,
            "start_pos": 234,
            "text": "胃食管"
        },
        {
            "end_pos": 239,
            "label_type": "解剖部位",
            "overlap": 0,
            "start_pos": 237,
            "text": "食管"
        },
        {
            "end_pos": 247,
            "label_type": "解剖部位",
            "overlap": 0,
            "start_pos": 245,
            "text": "胃体"
        },
        {
            "label_type": "疾病和诊断",
            "overlap": 0,
            "start_pos": 264,
            "end_pos": 288,
            "text": "（胃体）高级别下皮内瘤变（重度异型增生及原位癌）"
        },
        {
            "label_type": "疾病和诊断",
            "overlap": 0,
            "start_pos": 291,
            "end_pos": 295,
            "text": "胃癌术后"
        },
        {
            "end_pos": 319,
            "label_type": "药物",
            "overlap": 0,
            "start_pos": 315,
            "text": "奥沙利铂"
        },
        {
            "end_pos": 332,
            "label_type": "药物",
            "overlap": 0,
            "start_pos": 328,
            "text": "亚叶酸钙"
        },
        {
            "end_pos": 346,
            "label_type": "药物",
            "overlap": 0,
            "start_pos": 343,
            "text": "替加氟"
        },
        {
            "label_type": "实验室检验",
            "overlap": 0,
            "start_pos": 365,
            "end_pos": 368,
            "text": "CEA"
        },
        {
            "label_type": "实验室检验",
            "overlap": 0,
            "start_pos": 380,
            "end_pos": 383,
            "text": "CEA"
        },
        {
            "label_type": "疾病和诊断",
            "overlap": 0,
            "start_pos": 462,
            "end_pos": 466,
            "text": "胃癌术后"
        }
    ]
}