{
    "originalText": "，患者2015-2月因“便血6月”于外院行肠镜检查，活检病理经我院会诊确诊为“直肠中分化腺癌”。经多学科讨论，考虑患者临床分期T3N0M0，予行术前放疗加同期口服希罗达。末次放化疗时间2015-10-22。放化疗期间未见明显毒副反应。2015年12月14日在我院行直肠癌根治术（DIXONS’术式），，术后病理：（乙状结肠大体）镜检为中分化腺癌，癌组织浸润至肠壁浆膜上层；未见明确脉管内癌栓及神经束侵犯。LN 0/12（+）。，术后分期：T2N0M0 I期。术后分别于2016-01-06，01-28、2-25、3-23行XELOX方案术后辅助化疗4程。化疗后出现静脉滴注侧手臂及手足麻木。患者诉术后小便疼痛，大便次数多，8-10次/日，成形、无粘液脓血。现来院行上程化疗。患者近期精神、睡眠可，体重无明显减轻。",
    "entities": [
        {
            "label_type": "疾病和诊断",
            "start_pos": 39,
            "end_pos": 46,
            "text": "直肠中分化腺癌"
        },
        {
            "end_pos": 84,
            "label_type": "药物",
            "start_pos": 81,
            "text": "希罗达"
        },
        {
            "label_type": "手术",
            "start_pos": 132,
            "end_pos": 149,
            "text": "直肠癌根治术（DIXONS’术式）"
        },
        {
            "end_pos": 161,
            "label_type": "解剖部位",
            "start_pos": 157,
            "text": "乙状结肠"
        },
        {
            "label_type": "疾病和诊断",
            "start_pos": 167,
            "end_pos": 172,
            "text": "中分化腺癌"
        },
        {
            "label_type": "解剖部位",
            "start_pos": 179,
            "end_pos": 180,
            "text": "肠"
        },
        {
            "end_pos": 204,
            "label_type": "解剖部位",
            "start_pos": 202,
            "text": "LN"
        },
        {
            "end_pos": 289,
            "label_type": "解剖部位",
            "start_pos": 287,
            "text": "手臂"
        },
        {
            "end_pos": 292,
            "label_type": "解剖部位",
            "start_pos": 290,
            "text": "手足"
        }
    ]
}