{
    "originalText": "，术前新辅助FOLFOX 4CYS,2009-9-14远端胃癌根治术，术后FOLFOX 2CYS。，术后病理示：胃窦小弯溃疡型中分化腺癌伴印戒细胞癌，，LN:0/24,侵及胃壁粘膜上层，癌栓（—）切缘净 PY T1N0M0。2007因CT发现吻合口局部复发来我院行放疗，，计划：GTV55GY/CTV50GY/27F，放疗27次结束,同步口服替吉奥化疗5周,2011-10-8 腹部，CT:肿大淋巴结较前减小,原约26X26MM,现约21X15MM,余未见异常.2011-12-15，腹部CT示：胃癌术后吻合口上方不规则密度灶较前缩小，肝脏实质内新见多发大小不等结节，考虑转移。2011-12-13，肿标示：CA199 232.5,CA242 90.23.2012.1.12行肝脏穿刺，2012.1.13开始行PTX单药化疗，出现II度骨髓抑制，第8天化疗未进行。，肝穿结果：HER-2（2+），生血治疗至2012.2.1.2012.2.3，血常规：WBC 7.47X10^9/L，NE 5.54,HB 101G/L。2012.2.5行第2周期化疗，，今日查血：WBC 1.67，NEUT1.15， HB 93，PLT 82.。",
    "entities": [
        {
            "end_pos": 34,
            "label_type": "手术",
            "start_pos": 27,
            "text": "远端胃癌根治术"
        },
        {
            "label_type": "疾病和诊断",
            "start_pos": 56,
            "end_pos": 74,
            "text": "胃窦小弯溃疡型中分化腺癌伴印戒细胞癌"
        },
        {
            "end_pos": 78,
            "label_type": "解剖部位",
            "start_pos": 76,
            "text": "LN"
        },
        {
            "label_type": "解剖部位",
            "start_pos": 86,
            "end_pos": 87,
            "text": "胃"
        },
        {
            "label_type": "影像检查",
            "start_pos": 117,
            "end_pos": 119,
            "text": "CT"
        },
        {
            "end_pos": 174,
            "label_type": "药物",
            "start_pos": 171,
            "text": "替吉奥"
        },
        {
            "label_type": "影像检查",
            "start_pos": 189,
            "end_pos": 194,
            "text": "腹部，CT"
        },
        {
            "label_type": "影像检查",
            "start_pos": 242,
            "end_pos": 246,
            "text": "腹部CT"
        },
        {
            "label_type": "疾病和诊断",
            "start_pos": 248,
            "end_pos": 252,
            "text": "胃癌术后"
        },
        {
            "end_pos": 270,
            "label_type": "解剖部位",
            "start_pos": 268,
            "text": "肝脏"
        },
        {
            "label_type": "实验室检验",
            "start_pos": 304,
            "end_pos": 309,
            "text": "CA199"
        },
        {
            "label_type": "实验室检验",
            "start_pos": 316,
            "end_pos": 321,
            "text": "CA242"
        },
        {
            "end_pos": 340,
            "label_type": "解剖部位",
            "start_pos": 338,
            "text": "肝脏"
        },
        {
            "end_pos": 358,
            "label_type": "药物",
            "start_pos": 355,
            "text": "PTX"
        },
        {
            "label_type": "疾病和诊断",
            "start_pos": 365,
            "end_pos": 372,
            "text": "II度骨髓抑制"
        },
        {
            "end_pos": 384,
            "label_type": "解剖部位",
            "start_pos": 383,
            "text": "肝"
        },
        {
            "label_type": "实验室检验",
            "start_pos": 425,
            "end_pos": 428,
            "text": "WBC"
        },
        {
            "label_type": "实验室检验",
            "start_pos": 441,
            "end_pos": 444,
            "text": "NE "
        },
        {
            "label_type": "实验室检验",
            "start_pos": 449,
            "end_pos": 451,
            "text": "HB"
        },
        {
            "label_type": "实验室检验",
            "start_pos": 481,
            "end_pos": 484,
            "text": "WBC"
        },
        {
            "label_type": "实验室检验",
            "start_pos": 490,
            "end_pos": 494,
            "text": "NEUT"
        },
        {
            "label_type": "实验室检验",
            "start_pos": 500,
            "end_pos": 502,
            "text": "HB"
        },
        {
            "label_type": "实验室检验",
            "start_pos": 506,
            "end_pos": 509,
            "text": "PLT"
        }
    ]
}