{
    "originalText": "，，患者2010年8月无明显诱因上出下腹部现下，部疼发性，痛，，呈阵发，性，隐痛，不剧烈腹，不伴血恶心、呕吐血、，泻、便血、黑便，、呕血等，外院查肠镜检查，未见明显异常胃,于胃体2瘤0胃窦多发息肉（I型），，11年3月8日外（胃底）院镜示肿瘤？多发型细胞，部分息肉（细胞I，型瘤性），，我院会，诊病理示：（非霍奇金淋巴瘤，，弥漫大B细胞型）C粘膜（固）有C层内（见）异型CA（细胞，）部CD分呈A（印戒细胞样，肿）瘤CD性病（变不能除外，免）疫CD组（化数小淋巴细胞考）虑CD：C（部分K）广BC（-）（、）CK8C（-（部分））、LICA（（+++）、）CCDD7（9A）（CD++（+）1CD00（%））、CADB（2）0，（+腹部B超+脾+大1肝胆囊胰体肾00%）、CD腹腔3（少数小淋巴细胞+）、CD10，（部分腹部CT+）下腹部CT、BCL-2（+）、MUC-1/（/部分+）、KI，-67血（++，红细胞计数90%）、CXD30（+/+），血红蛋白、CD15（/-），血小板计数、CD56X（-）、/GR，白细胞计数ANB（-）X。，外院/：稍，中性粒细胞百分比大、未见明显异常，淋巴细胞百分比、未见明显积液。PET/，CT2淋巴瘤011胃体年胃窦3部胃月21，外院行部CT示，：下淋巴瘤部CT增强，未见明显异常。遂于2011/，3/中红25收入我，粒科。，入院后血常规，：，:比 4.65X10，^12/L（；，）: 132G，/L；，: 1，6血8X10细胞^9/L，；，细胞: 4.53X1，0^9淋巴瘤/L；，: ，66.7%；，: 22.7%；：病例；、，局部P壁增粒厚伴糖代CD谢异常增高，符合CD图像表现。细胞，骨髓CD穿刺涂片：骨CD髓增生欠数淋巴活跃，CD髓象A中红数淋巴系增生CD尚可，数淋巴粒、巨CD二系增生欠活跃I，形态、比例均无明显C异C常I。D，骨髓活检：（骨髓C）镜数上为骨BC髓滴，免疫数淋巴组化结CD果示，造血DTDT1三系细胞均可见到，各系细胞形态未见明显异常，未见到累/及骨髓证据，请结合临床。C免疫P组化(1（美罗华1-N14D36CTX)，：MDPO盖诺(粒系+)D CEADD61(巨核+D) DEXCD68(D组织D细），胞+) 中CD34(-，) CD20(血少数淋巴/+)，红细胞计数 CD79AX(少数淋巴/+)，血红蛋白 CD3(/少数，血小板计数淋巴+)X CD5/6(，白细胞计数-) KXI-67/(5，中性粒细胞百分比0%+) CY，淋巴细胞百分比CLIND1(-) V，S3血8C(少红细胞计数数+) BXCL-2(/少数，血红蛋白淋巴+) /CD，血小板计数10(-X) TD/T(，白细胞计数-) 网X染示网状/纤维，中性粒细胞百分比不增生。患者于，淋巴细胞百分比2011-3-29/2011-4-2，9行R-CHOP方案化疗（ 0发.6 ，D0，+1.，胃2 ，组织+，体40MG D1",
    "entities": [
        {
            "end_pos": 20,
            "label_type": "解剖部位",
            "overlap": 0,
            "start_pos": 18,
            "text": "下腹"
        },
        {
            "end_pos": 45,
            "label_type": "解剖部位",
            "overlap": 0,
            "start_pos": 44,
            "text": "腹"
        },
        {
            "label_type": "解剖部位",
            "overlap": 0,
            "start_pos": 87,
            "end_pos": 89,
            "text": "胃体"
        },
        {
            "label_type": "疾病和诊断",
            "overlap": 0,
            "start_pos": 92,
            "end_pos": 102,
            "text": "胃窦多发息肉（I型）"
        },
        {
            "end_pos": 115,
            "label_type": "解剖部位",
            "overlap": 0,
            "start_pos": 113,
            "text": "胃底"
        },
        {
            "label_type": "疾病和诊断",
            "overlap": 0,
            "start_pos": 153,
            "end_pos": 169,
            "text": "非霍奇金淋巴瘤，，弥漫大B细胞型"
        },
        {
            "label_type": "影像检查",
            "overlap": 0,
            "start_pos": 316,
            "end_pos": 320,
            "text": "腹部B超"
        },
        {
            "end_pos": 322,
            "label_type": "解剖部位",
            "overlap": 0,
            "start_pos": 321,
            "text": "脾"
        },
        {
            "end_pos": 326,
            "label_type": "解剖部位",
            "overlap": 0,
            "start_pos": 325,
            "text": "肝"
        },
        {
            "label_type": "解剖部位",
            "overlap": 0,
            "start_pos": 326,
            "end_pos": 328,
            "text": "胆囊"
        },
        {
            "end_pos": 330,
            "label_type": "解剖部位",
            "overlap": 0,
            "start_pos": 328,
            "text": "胰体"
        },
        {
            "end_pos": 331,
            "label_type": "解剖部位",
            "overlap": 0,
            "start_pos": 330,
            "text": "肾"
        },
        {
            "end_pos": 340,
            "label_type": "解剖部位",
            "overlap": 0,
            "start_pos": 338,
            "text": "腹腔"
        },
        {
            "label_type": "影像检查",
            "overlap": 0,
            "start_pos": 360,
            "end_pos": 364,
            "text": "腹部CT"
        },
        {
            "label_type": "影像检查",
            "overlap": 0,
            "start_pos": 366,
            "end_pos": 371,
            "text": "下腹部CT"
        },
        {
            "label_type": "实验室检验",
            "overlap": 0,
            "start_pos": 405,
            "end_pos": 410,
            "text": "红细胞计数"
        },
        {
            "label_type": "实验室检验",
            "overlap": 0,
            "start_pos": 426,
            "end_pos": 430,
            "text": "血红蛋白"
        },
        {
            "label_type": "实验室检验",
            "overlap": 0,
            "start_pos": 440,
            "end_pos": 445,
            "text": "血小板计数"
        },
        {
            "label_type": "实验室检验",
            "overlap": 0,
            "start_pos": 459,
            "end_pos": 464,
            "text": "白细胞计数"
        },
        {
            "label_type": "实验室检验",
            "overlap": 0,
            "start_pos": 479,
            "end_pos": 487,
            "text": "中性粒细胞百分比"
        },
        {
            "label_type": "实验室检验",
            "overlap": 0,
            "start_pos": 496,
            "end_pos": 503,
            "text": "淋巴细胞百分比"
        },
        {
            "label_type": "影像检查",
            "overlap": 0,
            "start_pos": 511,
            "end_pos": 518,
            "text": "PET/，CT"
        },
        {
            "label_type": "疾病和诊断",
            "overlap": 0,
            "start_pos": 519,
            "end_pos": 522,
            "text": "淋巴瘤"
        },
        {
            "end_pos": 527,
            "label_type": "解剖部位",
            "overlap": 0,
            "start_pos": 525,
            "text": "胃体"
        },
        {
            "end_pos": 530,
            "label_type": "解剖部位",
            "overlap": 0,
            "start_pos": 528,
            "text": "胃窦"
        },
        {
            "label_type": "解剖部位",
            "overlap": 0,
            "start_pos": 532,
            "end_pos": 533,
            "text": "胃"
        },
        {
            "label_type": "疾病和诊断",
            "overlap": 0,
            "start_pos": 547,
            "end_pos": 550,
            "text": "淋巴瘤"
        },
        {
            "label_type": "疾病和诊断",
            "overlap": 0,
            "start_pos": 658,
            "end_pos": 661,
            "text": "淋巴瘤"
        },
        {
            "end_pos": 884,
            "label_type": "药物",
            "overlap": 0,
            "start_pos": 881,
            "text": "美罗华"
        },
        {
            "end_pos": 895,
            "label_type": "药物",
            "overlap": 0,
            "start_pos": 892,
            "text": "CTX"
        },
        {
            "end_pos": 904,
            "label_type": "药物",
            "overlap": 0,
            "start_pos": 902,
            "text": "盖诺"
        },
        {
            "end_pos": 915,
            "label_type": "药物",
            "overlap": 0,
            "start_pos": 912,
            "text": "EAD"
        },
        {
            "end_pos": 928,
            "label_type": "药物",
            "overlap": 0,
            "start_pos": 925,
            "text": "DEX"
        },
        {
            "label_type": "实验室检验",
            "overlap": 0,
            "start_pos": 968,
            "end_pos": 973,
            "text": "红细胞计数"
        },
        {
            "label_type": "实验室检验",
            "overlap": 0,
            "start_pos": 989,
            "end_pos": 993,
            "text": "血红蛋白"
        },
        {
            "label_type": "实验室检验",
            "overlap": 0,
            "start_pos": 1002,
            "end_pos": 1007,
            "text": "血小板计数"
        },
        {
            "label_type": "实验室检验",
            "overlap": 0,
            "start_pos": 1020,
            "end_pos": 1025,
            "text": "白细胞计数"
        },
        {
            "label_type": "实验室检验",
            "overlap": 0,
            "start_pos": 1038,
            "end_pos": 1046,
            "text": "中性粒细胞百分比"
        },
        {
            "label_type": "实验室检验",
            "overlap": 0,
            "start_pos": 1054,
            "end_pos": 1061,
            "text": "淋巴细胞百分比"
        },
        {
            "label_type": "实验室检验",
            "overlap": 0,
            "start_pos": 1080,
            "end_pos": 1085,
            "text": "红细胞计数"
        },
        {
            "label_type": "实验室检验",
            "overlap": 0,
            "start_pos": 1100,
            "end_pos": 1104,
            "text": "血红蛋白"
        },
        {
            "label_type": "实验室检验",
            "overlap": 0,
            "start_pos": 1113,
            "end_pos": 1118,
            "text": "血小板计数"
        },
        {
            "label_type": "实验室检验",
            "overlap": 0,
            "start_pos": 1131,
            "end_pos": 1136,
            "text": "白细胞计数"
        },
        {
            "label_type": "实验室检验",
            "overlap": 0,
            "start_pos": 1149,
            "end_pos": 1157,
            "text": "中性粒细胞百分比"
        },
        {
            "label_type": "实验室检验",
            "overlap": 0,
            "start_pos": 1165,
            "end_pos": 1172,
            "text": "淋巴细胞百分比"
        },
        {
            "end_pos": 1219,
            "label_type": "解剖部位",
            "overlap": 0,
            "start_pos": 1218,
            "text": "胃"
        }
    ]
}