{
    "originalText": "，患者因大便带血我院完善检查诊断局部进展期直肠癌，遂于2015-12-18于我院行术前同期放化疗，，剂量：GTV 50GY/25F,CTV 45GY/25F。同期2015-12-18、2015-01-08我院行XELOX方案化疗2程（奥沙利铂150MG D1+希罗达1500MG BID D1-D14）,2016-03-10全麻上行腹腔镜DIXON术+回肠造瘘术，，术后病理：直肠中分化腺癌 YPT2N0M0。术后行XELOX方案化疗2程+卡培他滨单药化疗1程，现为进一步治疗入院。自起病以来，患者精神、睡眠可，食欲如常，小便正常，体重无明显上降。",
    "entities": [
        {
            "label_type": "疾病和诊断",
            "start_pos": 21,
            "end_pos": 24,
            "text": "直肠癌"
        },
        {
            "end_pos": 121,
            "label_type": "药物",
            "start_pos": 117,
            "text": "奥沙利铂"
        },
        {
            "end_pos": 133,
            "label_type": "药物",
            "start_pos": 130,
            "text": "希罗达"
        },
        {
            "label_type": "手术",
            "start_pos": 166,
            "end_pos": 181,
            "text": "腹腔镜DIXON术+回肠造瘘术"
        },
        {
            "label_type": "疾病和诊断",
            "start_pos": 188,
            "end_pos": 195,
            "text": "直肠中分化腺癌"
        },
        {
            "end_pos": 224,
            "label_type": "药物",
            "start_pos": 220,
            "text": "卡培他滨"
        }
    ]
}