{
    "originalText": "，，缘于入前院前1年余患者因检“体检发PSA现“血”升高1个月”为主，，诉入院，，入院T--PSA后查免疫NG/:L5F--PSA.05NGNG//LMF/TL、F--0B超引导上经直肠前列腺穿刺活检.，463，NG/ML、9.2。行“”，恢，复好，病理报告（20，1前列腺癌GLEANSON分级III级23分1203）分，：，1.（右外侧中部）C，:（评分P2＋3腺＝5分）。，免，P疫组化S腺小便：灶性CK(H)、P63示腺体基底细胞消失，P504S腺体阳性。，2前列腺增生症，伴PINI级.，（右、左外侧基C底部）、（左外侧中部），P、（右、左外侧尖部，P），:S。，免疫，全身骨ECT组化染色：CK(H)（基底细胞+），，P63（基底细胞+），P，50经4S（－，）。，示氟他安：未见，明显异常。当时予拟手术治疗，因患者暂不PSA想手术并要求出院，故未经手术治疗，予口服‘前列腺癌’治疗，并嘱其出院后定期复查。1年患，者定期复查均，无异常前。今，为进一步，诊疗求诊，我院。门，诊拟“”收入院",
    "entities": [
        {
            "label_type": "实验室检验",
            "overlap": 0,
            "start_pos": 19,
            "end_pos": 22,
            "text": "PSA"
        },
        {
            "label_type": "实验室检验",
            "overlap": 0,
            "start_pos": 43,
            "end_pos": 49,
            "text": "T--PSA"
        },
        {
            "label_type": "实验室检验",
            "overlap": 0,
            "start_pos": 59,
            "end_pos": 65,
            "text": "F--PSA"
        },
        {
            "label_type": "实验室检验",
            "overlap": 0,
            "start_pos": 76,
            "end_pos": 79,
            "text": "F/T"
        },
        {
            "end_pos": 100,
            "label_type": "手术",
            "overlap": 0,
            "start_pos": 85,
            "text": "B超引导上经直肠前列腺穿刺活检"
        },
        {
            "label_type": "疾病和诊断",
            "overlap": 0,
            "start_pos": 134,
            "end_pos": 152,
            "text": "前列腺癌GLEANSON分级III级"
        },
        {
            "label_type": "疾病和诊断",
            "overlap": 0,
            "start_pos": 234,
            "end_pos": 247,
            "text": "前列腺增生症，伴PINI级"
        },
        {
            "label_type": "影像检查",
            "overlap": 0,
            "start_pos": 290,
            "end_pos": 296,
            "text": "全身骨ECT"
        },
        {
            "end_pos": 343,
            "label_type": "药物",
            "overlap": 0,
            "start_pos": 340,
            "text": "氟他安"
        },
        {
            "label_type": "实验室检验",
            "overlap": 0,
            "start_pos": 366,
            "end_pos": 369,
            "text": "PSA"
        },
        {
            "label_type": "疾病和诊断",
            "overlap": 0,
            "start_pos": 390,
            "end_pos": 394,
            "text": "前列腺癌"
        }
    ]
}