{
    "originalText": "，患者3周前因在我院确诊“胃癌”于2015-09-25全麻上行\\\"胃癌根治术\\\"（远端胃大部切除），术程顺利，术后预防感染、抑制分泌、静脉营养等对症支持处理，恢复好，切口甲级愈合。，术后病理示：“（胃大体）镜检为低分化腺癌，LAUREN，分型：弥漫型，浸润至浆膜层，可见神经束侵犯，未见脉管内癌栓；网膜组织未见癌。LN+（0/36）；PT3N0M0,IIA期）。”，后于10-16日行术后第一程化疗，，方案为：S1单药。化疗程中，副反应可耐受，间中复查血常规、肝肾功能结果基本正常。现为行第二程化疗收入我科。起病以来，患者精神尚可，食欲欠佳，大小便正常，身体无明显消瘦。",
    "entities": [
        {
            "label_type": "疾病和诊断",
            "start_pos": 13,
            "end_pos": 15,
            "text": "胃癌"
        },
        {
            "label_type": "手术",
            "start_pos": 33,
            "end_pos": 49,
            "text": "胃癌根治术\\\"（远端胃大部切除）"
        },
        {
            "end_pos": 100,
            "label_type": "解剖部位",
            "start_pos": 99,
            "text": "胃"
        },
        {
            "label_type": "疾病和诊断",
            "start_pos": 106,
            "end_pos": 111,
            "text": "低分化腺癌"
        },
        {
            "end_pos": 207,
            "label_type": "药物",
            "start_pos": 205,
            "text": "S1"
        }
    ]
}