{
    "originalText": "病理前2+月，，因诊结肠肿瘤断于我科住治疗，院治疗，于2015年09月24上日腹腔镜上腹腔探查术、中转开腹，右半结肠癌根治术、小肠系膜结节活检、开腹肿瘤特殊治疗、肠粘连松解术在术后全检麻（上行腔镜上腔探查术、）中右半结肠粘液性腺癌（中分化），转及开膜，右半结肠癌、肠系膜及网膜癌转移、肠系膜淋巴结根治癌转移（术、小肠），系膜结节活检癌、及开术后肿瘤特殊、治疗、、液、肠粘、连化松解、术。术后病检治疗示（入院号150、80、腹3、腹1、）：，侵及，浆膜层外脂肪，组织、、未化疗，见癌转移右半结肠癌术后（0/1化疗4），两侧切缘未治疗见癌累及。术后予以止、血、、镇痛、，补小液、抑，酸、雾化祛痰、抗",
    "entities": [
        {
            "label_type": "疾病和诊断",
            "overlap": 0,
            "start_pos": 10,
            "end_pos": 14,
            "text": "结肠肿瘤"
        },
        {
            "label_type": "手术",
            "overlap": 0,
            "start_pos": 39,
            "end_pos": 87,
            "text": "腹腔镜上腹腔探查术、中转开腹，右半结肠癌根治术、小肠系膜结节活检、开腹肿瘤特殊治疗、肠粘连松解术"
        },
        {
            "label_type": "疾病和诊断",
            "overlap": 0,
            "start_pos": 106,
            "end_pos": 120,
            "text": "右半结肠粘液性腺癌（中分化）"
        },
        {
            "label_type": "疾病和诊断",
            "overlap": 0,
            "start_pos": 132,
            "end_pos": 141,
            "text": "肠系膜及网膜癌转移"
        },
        {
            "end_pos": 148,
            "label_type": "解剖部位",
            "overlap": 0,
            "start_pos": 142,
            "text": "肠系膜淋巴结"
        },
        {
            "end_pos": 212,
            "label_type": "解剖部位",
            "overlap": 0,
            "start_pos": 211,
            "text": "腹"
        },
        {
            "end_pos": 215,
            "label_type": "解剖部位",
            "overlap": 0,
            "start_pos": 214,
            "text": "腹"
        },
        {
            "label_type": "疾病和诊断",
            "overlap": 0,
            "start_pos": 242,
            "end_pos": 249,
            "text": "右半结肠癌术后"
        }
    ]
}