{
    "originalText": "，患者于2013-03开始出现便中带血，未予重视。2013-09出现排便困难，，外院查PET-CT示：乙状结肠高代谢病灶。，肠镜示：乙状结肠肿物，，病理：腺癌。于2013-10-25行结肠癌根治术，术中见肿瘤位于乙状结肠，肠系膜上动脉旁及乙状结肠系膜多个肿大淋巴结，术中未见腹腔播散。，术后病理：溃疡型肿物，高中分化腺癌，浸润肠壁全层，脂肪内见癌结节浸润，淋巴结4/7（+）。，术后分期：PT4N2M0,IIIC期。KRAS，基因突变检测：12、13密码子野生型。2013-11-13至2014-06-03行CPT-11+S-1+LV方案化疗8程，化疗评价未明。，2014-11-18复查PET-CT：上腹部大网膜局限性增厚伴多发软组织结节灶，左前上腹壁腹膜局限性增厚，代谢增高，考虑腹膜转移。后于2014-11-21行剖腹探查+腹腔肿物切除+阑尾切除+腹腔热灌注化疗，术后见大小网膜，肠系膜，壁层腹膜广泛散布结节灶新生物，部分融合成团块。术中给予5-FU腹腔热灌注治疗。术后恢复可，2014-12-31、2015-1-15、2015-2-3、2015-03-03、2015-03-20、2015-04-08、2015-04-24、2015-05-08在我院行FOLFOX+AVASTIN方案化疗8程，第一程化疗由于术后伤口未痊愈AVASTIN未使用。4程复查CT评价为SD.8程后复查CT评价为PR，化疗后出现I度乏力，I度神经毒性。今为求上阶段治疗入住我科治疗。患者精神胃纳睡眠尚可，大小便正常，体重无明显变化。",
    "entities": [
        {
            "label_type": "实验室检验",
            "start_pos": 43,
            "end_pos": 49,
            "text": "PET-CT"
        },
        {
            "end_pos": 55,
            "label_type": "解剖部位",
            "start_pos": 51,
            "text": "乙状结肠"
        },
        {
            "end_pos": 70,
            "label_type": "解剖部位",
            "start_pos": 66,
            "text": "乙状结肠"
        },
        {
            "label_type": "疾病和诊断",
            "start_pos": 77,
            "end_pos": 79,
            "text": "腺癌"
        },
        {
            "end_pos": 98,
            "label_type": "手术",
            "start_pos": 92,
            "text": "结肠癌根治术"
        },
        {
            "end_pos": 110,
            "label_type": "解剖部位",
            "start_pos": 106,
            "text": "乙状结肠"
        },
        {
            "end_pos": 117,
            "label_type": "解剖部位",
            "start_pos": 110,
            "text": "，肠系膜上动脉"
        },
        {
            "label_type": "解剖部位",
            "start_pos": 119,
            "end_pos": 123,
            "text": "乙状结肠"
        },
        {
            "label_type": "解剖部位",
            "start_pos": 137,
            "end_pos": 138,
            "text": "腹"
        },
        {
            "label_type": "疾病和诊断",
            "start_pos": 154,
            "end_pos": 160,
            "text": "高中分化腺癌"
        },
        {
            "label_type": "解剖部位",
            "start_pos": 163,
            "end_pos": 164,
            "text": "肠"
        },
        {
            "end_pos": 260,
            "label_type": "药物",
            "start_pos": 254,
            "text": "CPT-11"
        },
        {
            "end_pos": 264,
            "label_type": "药物",
            "start_pos": 261,
            "text": "S-1"
        },
        {
            "end_pos": 267,
            "label_type": "药物",
            "start_pos": 265,
            "text": "LV"
        },
        {
            "label_type": "影像检查",
            "start_pos": 294,
            "end_pos": 300,
            "text": "PET-CT"
        },
        {
            "label_type": "解剖部位",
            "start_pos": 301,
            "end_pos": 303,
            "text": "上腹"
        },
        {
            "label_type": "解剖部位",
            "start_pos": 324,
            "end_pos": 326,
            "text": "上腹"
        },
        {
            "label_type": "疾病和诊断",
            "start_pos": 342,
            "end_pos": 346,
            "text": "腹膜转移"
        },
        {
            "label_type": "手术",
            "start_pos": 360,
            "end_pos": 384,
            "text": "剖腹探查+腹腔肿物切除+阑尾切除+腹腔热灌注化疗"
        },
        {
            "label_type": "解剖部位",
            "start_pos": 399,
            "end_pos": 400,
            "text": "腹"
        },
        {
            "end_pos": 428,
            "label_type": "药物",
            "start_pos": 424,
            "text": "5-FU"
        },
        {
            "end_pos": 544,
            "label_type": "药物",
            "start_pos": 537,
            "text": "AVASTIN"
        },
        {
            "end_pos": 572,
            "label_type": "药物",
            "start_pos": 565,
            "text": "AVASTIN"
        },
        {
            "label_type": "影像检查",
            "start_pos": 580,
            "end_pos": 582,
            "text": "CT"
        },
        {
            "label_type": "影像检查",
            "start_pos": 593,
            "end_pos": 595,
            "text": "CT"
        },
        {
            "end_pos": 638,
            "label_type": "解剖部位",
            "start_pos": 637,
            "text": "胃"
        }
    ]
}