{
    "originalText": "，，21016.12.1胃癌切除术7，行“术”，具，术体术式不详，术胃后病理示（，切除：溃疡型低分化腺癌，伴印戒细胞癌，LAUREN，分型：弥漫型远癌端及大网膜），切除癌：；癌侵及浆膜；可组化见脉管癌栓及神经侵犯（免疫组十二指肠化CD胃34、D癌2-4组0证实癌）淋巴结；残癌端及残第1组端未1见，第癌组1；1，第网膜周组期未见，第癌；组淋巴1，第结组1可1，第见组癌转移，第（组1第1，第1组1组6，第/组12，，第11第组3组1，第1/A组1，第，第14S组1B1组0/第1组淋巴结0，第4D淋巴结组0/1胰腺组，第5组，1/1，分第：6组6AN/8，，第7组化结组1/1，第A8组1/3，第9E组01/3，E第ER11P组E0/R0，第12AER组0/0，第14V组1/1）；（）其中一枚L淋1巴结内见异位组织；- ，肿瘤病理分期：PT4AN3B。，免疫组化结果L显1示肿瘤:AFP(－),CMET(1ALL+),EBER(－),，淋巴结EG癌：FR(2+),组REHELRE2A组(0),ELKI-6化7(+2，5～化50%1),MLH11，化1(+＞75%)，,MSH，2(+＞75%),MS，化H6(+＞75%),",
    "entities": [
        {
            "end_pos": 17,
            "label_type": "手术",
            "overlap": 0,
            "start_pos": 12,
            "text": "胃癌切除术"
        },
        {
            "label_type": "解剖部位",
            "overlap": 0,
            "start_pos": 34,
            "end_pos": 35,
            "text": "胃"
        },
        {
            "label_type": "疾病和诊断",
            "overlap": 0,
            "start_pos": 44,
            "end_pos": 73,
            "text": "溃疡型低分化腺癌，伴印戒细胞癌，LAUREN，分型：弥漫型"
        },
        {
            "label_type": "解剖部位",
            "overlap": 0,
            "start_pos": 110,
            "end_pos": 114,
            "text": "十二指肠"
        },
        {
            "end_pos": 118,
            "label_type": "解剖部位",
            "overlap": 0,
            "start_pos": 117,
            "text": "胃"
        },
        {
            "label_type": "解剖部位",
            "overlap": 0,
            "start_pos": 237,
            "end_pos": 243,
            "text": "第1组淋巴结"
        },
        {
            "end_pos": 257,
            "label_type": "解剖部位",
            "overlap": 0,
            "start_pos": 255,
            "text": "胰腺"
        }
    ]
}