{
    "originalText": "，患者因卵巢癌于2016-04-12行“经腹筋膜外子宫+两附件切除+大网膜切除+阑尾切除+盆腔转移病灶清除+肿瘤细胞减灭术经筋膜术外+两附件术面输液积炎+大网膜切除病+切除+转（两侧附件）高级别浆液性乳头状癌移右卵巢肿病切灶清除+肿瘤细胞减灭术”左卵巢肿，切手术过程顺利，术后输两侧输卵管液抗癌炎阑尾治疗盆腔转移灶。，常癌规病理大网膜结果示：，癌肿（子宫）物切切子宫内膜除慢性宫颈炎2右宫.8*癌1左宫.5CM癌，肿物切面积6*3.5+CM，查见癌。、“转+移灶”查见癌，另送大+网膜组织中查见癌。（）萎缩的性；。旁查见癌，旁未查见癌。，免疫组化：多西他赛（多帕菲）ER(2++卡铂,20%),PR(1+,2%),WT-1(+),P53(-),KI67阳性率约50%。于2016-01-22给予（）100腹M腹G+4阴道00MG液方案化疗，患者大住院期间化疗毒副反应轻。今日",
    "entities": [
        {
            "label_type": "疾病和诊断",
            "overlap": 0,
            "start_pos": 4,
            "end_pos": 7,
            "text": "卵巢癌"
        },
        {
            "label_type": "手术",
            "overlap": 0,
            "start_pos": 20,
            "end_pos": 61,
            "text": "经腹筋膜外子宫+两附件切除+大网膜切除+阑尾切除+盆腔转移病灶清除+肿瘤细胞减灭术"
        },
        {
            "label_type": "疾病和诊断",
            "overlap": 0,
            "start_pos": 88,
            "end_pos": 104,
            "text": "（两侧附件）高级别浆液性乳头状癌"
        },
        {
            "end_pos": 108,
            "label_type": "解剖部位",
            "overlap": 0,
            "start_pos": 105,
            "text": "右卵巢"
        },
        {
            "end_pos": 126,
            "label_type": "解剖部位",
            "overlap": 0,
            "start_pos": 123,
            "text": "左卵巢"
        },
        {
            "end_pos": 144,
            "label_type": "解剖部位",
            "overlap": 0,
            "start_pos": 139,
            "text": "两侧输卵管"
        },
        {
            "end_pos": 150,
            "label_type": "解剖部位",
            "overlap": 0,
            "start_pos": 148,
            "text": "阑尾"
        },
        {
            "end_pos": 154,
            "label_type": "解剖部位",
            "overlap": 0,
            "start_pos": 152,
            "text": "盆腔"
        },
        {
            "end_pos": 177,
            "label_type": "解剖部位",
            "overlap": 0,
            "start_pos": 175,
            "text": "子宫"
        },
        {
            "end_pos": 185,
            "label_type": "解剖部位",
            "overlap": 0,
            "start_pos": 181,
            "text": "子宫内膜"
        },
        {
            "label_type": "疾病和诊断",
            "overlap": 0,
            "start_pos": 186,
            "end_pos": 191,
            "text": "慢性宫颈炎"
        },
        {
            "label_type": "解剖部位",
            "overlap": 0,
            "start_pos": 192,
            "end_pos": 194,
            "text": "右宫"
        },
        {
            "label_type": "解剖部位",
            "overlap": 0,
            "start_pos": 199,
            "end_pos": 201,
            "text": "左宫"
        },
        {
            "end_pos": 278,
            "label_type": "药物",
            "overlap": 0,
            "start_pos": 274,
            "text": "多西他赛"
        },
        {
            "end_pos": 282,
            "label_type": "药物",
            "overlap": 0,
            "start_pos": 279,
            "text": "多帕菲"
        },
        {
            "end_pos": 291,
            "label_type": "药物",
            "overlap": 0,
            "start_pos": 289,
            "text": "卡铂"
        },
        {
            "end_pos": 353,
            "label_type": "解剖部位",
            "overlap": 0,
            "start_pos": 352,
            "text": "腹"
        },
        {
            "end_pos": 355,
            "label_type": "解剖部位",
            "overlap": 0,
            "start_pos": 354,
            "text": "腹"
        },
        {
            "end_pos": 360,
            "label_type": "解剖部位",
            "overlap": 0,
            "start_pos": 358,
            "text": "阴道"
        }
    ]
}