{
    "originalText": "，患者于2011-2-22因“腹胀”在我院行腹腔镜检查+活检术，，术后诊断：卵巢低分化浆乳癌IIIC期。遂行紫杉醇+卡铂新辅助化疗3程（2011-3因右侧颈内静脉血栓形成进行下腔静脉静脉滤器）；于2011-6-7行开腹探查+全宫两附件大网膜切除+肿瘤细胞减灭术，，术后病理示：卵巢低分化浆乳癌。术后行紫杉醇+卡铂辅助化疗6程，，末次化疗日期：2011-9-29。后随诊未见明确异常。，2012-8-1外院复查CA125:140U/ML，，我院腹盆腔CT示：肠系膜密度增高，多发淋巴结较前增多、增大，左侧腹膜结节状增厚，考虑转移；肝脾内新见结节，考虑转移。遂诊为肿瘤复发，行紫杉醇（周疗）+卡铂化疗共6程，末次化疗日期2013-1-18。后随诊未见明确异常。于2013-8再次出现CA125升高，，腹盆腔CT示：肠系膜密度较前略增高，多发结节较前增大，腹膜增厚较前加重，盆腔积液较前增多；肝内结节大致同前，脾内结节较前增大。考虑复发予依托伯苷口服化疗2程，肿瘤控制欠佳，CA125持续升高，现，CA125:156.3U/ML，于2013-10-15行多柔比星脂质体60MG单药化疗，癌抗原125 250.5(U/ML)，拟进一步化疗入院。患者自发病以来精神睡眠食欲尚好，小便如常，大便如下述，体重无明显改变。",
    "entities": [
        {
            "end_pos": 16,
            "label_type": "解剖部位",
            "start_pos": 15,
            "text": "腹"
        },
        {
            "label_type": "手术",
            "start_pos": 22,
            "end_pos": 31,
            "text": "腹腔镜检查+活检术"
        },
        {
            "label_type": "疾病和诊断",
            "start_pos": 38,
            "end_pos": 51,
            "text": "卵巢低分化浆乳癌IIIC期"
        },
        {
            "end_pos": 57,
            "label_type": "药物",
            "start_pos": 54,
            "text": "紫杉醇"
        },
        {
            "end_pos": 60,
            "label_type": "药物",
            "start_pos": 58,
            "text": "卡铂"
        },
        {
            "label_type": "疾病和诊断",
            "start_pos": 75,
            "end_pos": 83,
            "text": "右侧颈内静脉血栓"
        },
        {
            "label_type": "解剖部位",
            "start_pos": 87,
            "end_pos": 91,
            "text": "下腔静脉"
        },
        {
            "label_type": "手术",
            "start_pos": 107,
            "end_pos": 130,
            "text": "开腹探查+全宫两附件大网膜切除+肿瘤细胞减灭术"
        },
        {
            "label_type": "疾病和诊断",
            "start_pos": 138,
            "end_pos": 146,
            "text": "卵巢低分化浆乳癌"
        },
        {
            "end_pos": 153,
            "label_type": "药物",
            "start_pos": 150,
            "text": "紫杉醇"
        },
        {
            "end_pos": 156,
            "label_type": "药物",
            "start_pos": 154,
            "text": "卡铂"
        },
        {
            "label_type": "实验室检验",
            "start_pos": 204,
            "end_pos": 209,
            "text": "CA125"
        },
        {
            "label_type": "影像检查",
            "start_pos": 221,
            "end_pos": 226,
            "text": "腹盆腔CT"
        },
        {
            "label_type": "解剖部位",
            "start_pos": 228,
            "end_pos": 229,
            "text": "肠"
        },
        {
            "label_type": "解剖部位",
            "start_pos": 251,
            "end_pos": 252,
            "text": "腹"
        },
        {
            "end_pos": 265,
            "label_type": "解剖部位",
            "start_pos": 264,
            "text": "肝"
        },
        {
            "end_pos": 266,
            "label_type": "解剖部位",
            "start_pos": 265,
            "text": "脾"
        },
        {
            "end_pos": 289,
            "label_type": "药物",
            "start_pos": 286,
            "text": "紫杉醇"
        },
        {
            "end_pos": 296,
            "label_type": "药物",
            "start_pos": 294,
            "text": "卡铂"
        },
        {
            "label_type": "实验室检验",
            "start_pos": 339,
            "end_pos": 344,
            "text": "CA125"
        },
        {
            "label_type": "影像检查",
            "start_pos": 348,
            "end_pos": 353,
            "text": "腹盆腔CT"
        },
        {
            "label_type": "解剖部位",
            "start_pos": 355,
            "end_pos": 356,
            "text": "肠"
        },
        {
            "label_type": "解剖部位",
            "start_pos": 375,
            "end_pos": 376,
            "text": "腹"
        },
        {
            "label_type": "疾病和诊断",
            "start_pos": 384,
            "end_pos": 388,
            "text": "盆腔积液"
        },
        {
            "end_pos": 394,
            "label_type": "解剖部位",
            "start_pos": 393,
            "text": "肝"
        },
        {
            "end_pos": 403,
            "label_type": "解剖部位",
            "start_pos": 402,
            "text": "脾"
        },
        {
            "end_pos": 420,
            "label_type": "药物",
            "start_pos": 416,
            "text": "依托伯苷"
        },
        {
            "label_type": "实验室检验",
            "start_pos": 434,
            "end_pos": 439,
            "text": "CA125"
        },
        {
            "label_type": "实验室检验",
            "start_pos": 446,
            "end_pos": 451,
            "text": "CA125"
        },
        {
            "end_pos": 481,
            "label_type": "药物",
            "start_pos": 474,
            "text": "多柔比星脂质体"
        },
        {
            "label_type": "实验室检验",
            "start_pos": 490,
            "end_pos": 496,
            "text": "癌抗原125"
        }
    ]
}