{
    "originalText": "患者因“腹痛11月余”2于112110111-11-CA1251137入我院，查为CA15311349U/ML，为NSE125815N9.7U/B超ML，左侧卵巢为性25.15大N腹G/ML。提卵巢癌示“实2性11占11位2伴中至肿瘤细胞减灭术（全子宫+两附件切除术+大网膜切除术+DIXON术+回盲部切除术）大量术水”，考减瘤虑“”，于肿瘤直2011C1-术11-24两侧卵巢见低分化浆液性腺癌浸润行“管”见癌。术子宫底程顺膜利，右输卵管减膜瘤满直肠意膜，残存肿见浆液性腺癌浸润瘤回盲部肠管肠直浆膜径小于1CM膜。术后病膜理示见低分化浆液性腺癌浸润：两管侧见癌卵巢见见2浸润，结脉腺癌管内见癌栓；壁大网膜外结肠膜层肿、外见低分化腺癌浸润膜术层、外膜卵巢浆液性腺癌IIIC期层及术肌层见肠瘘浆液性浸润；管壁浆膜层、2肌11层12、粘膜上层腹腔清创引流+回肠造瘘术及粘术膜层均见浸润，脉管内见癌栓，另见2腹枚切淋巴结有转移；2余12送检1、1大网2膜12、结2小23便2肿12物5均1见浸润。（北华素1术后诊断“波贝5卵巢浆液）性I化I3IC化期”。术后出现瘘，保守治疗效果两脚底欠佳，遂于2011-12-09行“腔清创引流+见回造化瘘术”，术后予加强营养等治疗。一般情况恢复、壁大切口愈合良好后于2012-01-",
    "entities": [
        {
            "end_pos": 5,
            "label_type": "解剖部位",
            "overlap": 0,
            "start_pos": 4,
            "text": "腹"
        },
        {
            "label_type": "实验室检验",
            "overlap": 0,
            "start_pos": 26,
            "end_pos": 31,
            "text": "CA125"
        },
        {
            "label_type": "实验室检验",
            "overlap": 0,
            "start_pos": 41,
            "end_pos": 46,
            "text": "CA153"
        },
        {
            "label_type": "实验室检验",
            "overlap": 0,
            "start_pos": 57,
            "end_pos": 60,
            "text": "NSE"
        },
        {
            "label_type": "影像检查",
            "overlap": 0,
            "start_pos": 72,
            "end_pos": 74,
            "text": "B超"
        },
        {
            "end_pos": 81,
            "label_type": "解剖部位",
            "overlap": 0,
            "start_pos": 77,
            "text": "左侧卵巢"
        },
        {
            "end_pos": 91,
            "label_type": "解剖部位",
            "overlap": 0,
            "start_pos": 90,
            "text": "腹"
        },
        {
            "label_type": "疾病和诊断",
            "overlap": 0,
            "start_pos": 97,
            "end_pos": 100,
            "text": "卵巢癌"
        },
        {
            "label_type": "手术",
            "overlap": 0,
            "start_pos": 115,
            "end_pos": 155,
            "text": "肿瘤细胞减灭术（全子宫+两附件切除术+大网膜切除术+DIXON术+回盲部切除术）"
        },
        {
            "label_type": "疾病和诊断",
            "overlap": 0,
            "start_pos": 185,
            "end_pos": 200,
            "text": "两侧卵巢见低分化浆液性腺癌浸润"
        },
        {
            "label_type": "解剖部位",
            "overlap": 0,
            "start_pos": 208,
            "end_pos": 211,
            "text": "子宫底"
        },
        {
            "label_type": "解剖部位",
            "overlap": 0,
            "start_pos": 216,
            "end_pos": 220,
            "text": "右输卵管"
        },
        {
            "label_type": "解剖部位",
            "overlap": 0,
            "start_pos": 224,
            "end_pos": 226,
            "text": "直肠"
        },
        {
            "label_type": "解剖部位",
            "overlap": 0,
            "start_pos": 241,
            "end_pos": 244,
            "text": "回盲部"
        },
        {
            "label_type": "解剖部位",
            "overlap": 0,
            "start_pos": 244,
            "end_pos": 246,
            "text": "肠管"
        },
        {
            "label_type": "解剖部位",
            "overlap": 0,
            "start_pos": 246,
            "end_pos": 247,
            "text": "肠"
        },
        {
            "label_type": "疾病和诊断",
            "overlap": 0,
            "start_pos": 265,
            "end_pos": 273,
            "text": "低分化浆液性腺癌"
        },
        {
            "label_type": "疾病和诊断",
            "overlap": 0,
            "start_pos": 291,
            "end_pos": 293,
            "text": "腺癌"
        },
        {
            "end_pos": 306,
            "label_type": "解剖部位",
            "overlap": 0,
            "start_pos": 304,
            "text": "结肠"
        },
        {
            "label_type": "疾病和诊断",
            "overlap": 0,
            "start_pos": 312,
            "end_pos": 317,
            "text": "低分化腺癌"
        },
        {
            "label_type": "疾病和诊断",
            "overlap": 0,
            "start_pos": 325,
            "end_pos": 337,
            "text": "卵巢浆液性腺癌IIIC期"
        },
        {
            "label_type": "疾病和诊断",
            "overlap": 0,
            "start_pos": 343,
            "end_pos": 345,
            "text": "肠瘘"
        },
        {
            "label_type": "手术",
            "overlap": 0,
            "start_pos": 369,
            "end_pos": 381,
            "text": "腹腔清创引流+回肠造瘘术"
        },
        {
            "label_type": "解剖部位",
            "overlap": 0,
            "start_pos": 401,
            "end_pos": 402,
            "text": "腹"
        },
        {
            "end_pos": 449,
            "label_type": "药物",
            "overlap": 0,
            "start_pos": 446,
            "text": "北华素"
        },
        {
            "end_pos": 457,
            "label_type": "药物",
            "overlap": 0,
            "start_pos": 455,
            "text": "波贝"
        },
        {
            "end_pos": 489,
            "label_type": "解剖部位",
            "overlap": 0,
            "start_pos": 486,
            "text": "两脚底"
        }
    ]
}