{
    "originalText": "，升结肠癌术后2年余，吻合口复发术后。2012年行左半结肠切除术，，术后病理：左半结肠腺癌浸润肠壁全层，淋巴结1/9，术后给予化疗6周期具体用药不详。2014-1复查PET-CT提示结肠癌术后复发伴肠系淋巴结转移。2014-1-22行左半结肠切除术，，术后病理：溃疡型管状乳头状腺癌，中-低分化伴坏死，累及全层达外膜脂肪结缔组织。2014-2-27予以伊立替康+S1化疗，2014-4-22予以泰欣生+伊立替康+S1化疗。",
    "entities": [
        {
            "label_type": "疾病和诊断",
            "start_pos": 1,
            "end_pos": 7,
            "text": "升结肠癌术后"
        },
        {
            "label_type": "疾病和诊断",
            "start_pos": 11,
            "end_pos": 18,
            "text": "吻合口复发术后"
        },
        {
            "end_pos": 32,
            "label_type": "手术",
            "start_pos": 25,
            "text": "左半结肠切除术"
        },
        {
            "label_type": "疾病和诊断",
            "start_pos": 39,
            "end_pos": 51,
            "text": "左半结肠腺癌浸润肠壁全层"
        },
        {
            "label_type": "影像检查",
            "start_pos": 83,
            "end_pos": 89,
            "text": "PET-CT"
        },
        {
            "label_type": "疾病和诊断",
            "start_pos": 91,
            "end_pos": 106,
            "text": "结肠癌术后复发伴肠系淋巴结转移"
        },
        {
            "end_pos": 124,
            "label_type": "手术",
            "start_pos": 117,
            "text": "左半结肠切除术"
        },
        {
            "label_type": "疾病和诊断",
            "start_pos": 131,
            "end_pos": 141,
            "text": "溃疡型管状乳头状腺癌"
        },
        {
            "end_pos": 180,
            "label_type": "药物",
            "start_pos": 176,
            "text": "伊立替康"
        },
        {
            "end_pos": 183,
            "label_type": "药物",
            "start_pos": 181,
            "text": "S1"
        },
        {
            "end_pos": 200,
            "label_type": "药物",
            "start_pos": 197,
            "text": "泰欣生"
        },
        {
            "end_pos": 205,
            "label_type": "药物",
            "start_pos": 201,
            "text": "伊立替康"
        },
        {
            "end_pos": 208,
            "label_type": "药物",
            "start_pos": 206,
            "text": "S1"
        }
    ]
}