{
    "originalText": "，，患3者3余月前胃癌因“”于我院在全麻上胃大部切除术行“，术中”。：，术腹中，探查：明，显水，P胃窦小弯0H浸0，肿瘤，位于未见浸透浆膜部分外，浆膜呈皱缩，术上凹状：，部分网膜：，覆盖其胃窦癌：BORRMANN3型 浸润深度（SE）　浸润溃疡型，低－中分化腺癌 下。，癌 ，术后癌病：，理　：，病癌理：诊　断：，进行期 断端3无癌  ，（，静脉癌：栓：，无　淋）巴管癌术栓：无　伴淋巴结转移(1/3，8枚) 。（，，病理号：199，大小546，）。患者术后恢复",
    "entities": [
        {
            "label_type": "疾病和诊断",
            "overlap": 0,
            "start_pos": 9,
            "end_pos": 11,
            "text": "胃癌"
        },
        {
            "end_pos": 27,
            "label_type": "手术",
            "overlap": 0,
            "start_pos": 21,
            "text": "胃大部切除术"
        },
        {
            "end_pos": 38,
            "label_type": "解剖部位",
            "overlap": 0,
            "start_pos": 37,
            "text": "腹"
        },
        {
            "end_pos": 53,
            "label_type": "解剖部位",
            "overlap": 0,
            "start_pos": 49,
            "text": "胃窦小弯"
        },
        {
            "label_type": "疾病和诊断",
            "overlap": 0,
            "start_pos": 94,
            "end_pos": 131,
            "text": "胃窦癌：BORRMANN3型 浸润深度（SE）　浸润溃疡型，低－中分化腺癌"
        }
    ]
}