{
    "originalText": "缘于入院前1余年前于20诊为胃癌，癌，于20-12--08全-上0根治术全胃切除术7术后在全麻上行。术后病理（201全胃2食管胃交界溃疡型管状腺癌，II-III级，23223，）示全管：，侵出浆术膜层下切，侵癌犯脉，管术和神上切经。手术标下切本下切端癌见癌浸润上，手贲门周淋巴结术标本上切小弯淋巴结端和另送（大弯淋巴结下切端）未幽门下淋巴结见癌浸润。幽门上淋巴结镜上找到3癌/8个术后、3/4个、0/1个治、，0/4个和0/1个II见癌，转移。术后，给予对症、营养支持等治疗伊立替康，恢复良好,替吉奥伤口愈合III/甲，并顺利出院，2周0，12.09.24行“28伊立替康0MG+60替吉奥MGBIDI×14D”方案化疗1周周期，，2012.10.23按伊立替康“280MG替吉奥+40MGIBID×14D”方案化疗1周期，2012.11安素泰.我院按“2艾奕40MG+I80MGBID×7D，”化疗1次,2012.安素泰12.22按替吉奥““210IMG+40MGBID×1，4D”化疗1次，2013.安素泰1.18予“240MG周+40MGBID×14D”方表柔比星案化疗1I次，2013.替吉奥02.23I按T“240MG”方案化，疗1周期。2014.08表柔比星.28予I“70MGIV安素泰GTTD1I+40MGBI替吉奥D×10DI”方案化疗1次，2014.09.2，门2予胃癌术后“7后0MGI下VGTTD1+210MG食I，V腹GT腹TD1+，大小40M，GBID×14D”。",
    "entities": [
        {
            "label_type": "疾病和诊断",
            "overlap": 0,
            "start_pos": 14,
            "end_pos": 16,
            "text": "胃癌"
        },
        {
            "end_pos": 41,
            "label_type": "手术",
            "overlap": 0,
            "start_pos": 33,
            "text": "根治术全胃切除术"
        },
        {
            "end_pos": 60,
            "label_type": "解剖部位",
            "overlap": 0,
            "start_pos": 59,
            "text": "胃"
        },
        {
            "label_type": "疾病和诊断",
            "overlap": 0,
            "start_pos": 61,
            "end_pos": 81,
            "text": "食管胃交界溃疡型管状腺癌，II-III级"
        },
        {
            "end_pos": 139,
            "label_type": "解剖部位",
            "overlap": 0,
            "start_pos": 133,
            "text": "贲门周淋巴结"
        },
        {
            "end_pos": 149,
            "label_type": "解剖部位",
            "overlap": 0,
            "start_pos": 144,
            "text": "小弯淋巴结"
        },
        {
            "end_pos": 159,
            "label_type": "解剖部位",
            "overlap": 0,
            "start_pos": 154,
            "text": "大弯淋巴结"
        },
        {
            "end_pos": 170,
            "label_type": "解剖部位",
            "overlap": 0,
            "start_pos": 164,
            "text": "幽门下淋巴结"
        },
        {
            "end_pos": 181,
            "label_type": "解剖部位",
            "overlap": 0,
            "start_pos": 175,
            "text": "幽门上淋巴结"
        },
        {
            "end_pos": 241,
            "label_type": "药物",
            "overlap": 0,
            "start_pos": 237,
            "text": "伊立替康"
        },
        {
            "end_pos": 250,
            "label_type": "药物",
            "overlap": 0,
            "start_pos": 247,
            "text": "替吉奥"
        },
        {
            "end_pos": 286,
            "label_type": "药物",
            "overlap": 0,
            "start_pos": 282,
            "text": "伊立替康"
        },
        {
            "end_pos": 295,
            "label_type": "药物",
            "overlap": 0,
            "start_pos": 292,
            "text": "替吉奥"
        },
        {
            "end_pos": 331,
            "label_type": "药物",
            "overlap": 0,
            "start_pos": 327,
            "text": "伊立替康"
        },
        {
            "end_pos": 340,
            "label_type": "药物",
            "overlap": 0,
            "start_pos": 337,
            "text": "替吉奥"
        },
        {
            "end_pos": 372,
            "label_type": "药物",
            "overlap": 0,
            "start_pos": 369,
            "text": "安素泰"
        },
        {
            "end_pos": 380,
            "label_type": "药物",
            "overlap": 0,
            "start_pos": 378,
            "text": "艾奕"
        },
        {
            "end_pos": 411,
            "label_type": "药物",
            "overlap": 0,
            "start_pos": 408,
            "text": "安素泰"
        },
        {
            "end_pos": 420,
            "label_type": "药物",
            "overlap": 0,
            "start_pos": 417,
            "text": "替吉奥"
        },
        {
            "end_pos": 455,
            "label_type": "药物",
            "overlap": 0,
            "start_pos": 452,
            "text": "安素泰"
        },
        {
            "end_pos": 485,
            "label_type": "药物",
            "overlap": 0,
            "start_pos": 481,
            "text": "表柔比星"
        },
        {
            "end_pos": 500,
            "label_type": "药物",
            "overlap": 0,
            "start_pos": 497,
            "text": "替吉奥"
        },
        {
            "end_pos": 535,
            "label_type": "药物",
            "overlap": 0,
            "start_pos": 531,
            "text": "表柔比星"
        },
        {
            "end_pos": 550,
            "label_type": "药物",
            "overlap": 0,
            "start_pos": 547,
            "text": "安素泰"
        },
        {
            "end_pos": 566,
            "label_type": "药物",
            "overlap": 0,
            "start_pos": 563,
            "text": "替吉奥"
        },
        {
            "label_type": "疾病和诊断",
            "overlap": 0,
            "start_pos": 593,
            "end_pos": 597,
            "text": "胃癌术后"
        },
        {
            "end_pos": 622,
            "label_type": "解剖部位",
            "overlap": 0,
            "start_pos": 621,
            "text": "腹"
        },
        {
            "end_pos": 625,
            "label_type": "解剖部位",
            "overlap": 0,
            "start_pos": 624,
            "text": "腹"
        }
    ]
}