{
    "originalText": "，患者于1991年8月初发现右舌侧缘肿物。2012.8.15在**二院行右舌侧缘肿物切除，，术后病理示：右舌非霍奇金氏淋巴瘤 IIA期。CT示全身其余部位未见异常。术后行CHOP方案化疗六程。化疗后于1992.1.24~2.28行纵隔放疗 DT40GY/20次/34天，两锁下放疗DT36GY/18次/32天。1996年2月出现声嘶，发现会厌结节，活检病理示非霍奇金氏淋巴瘤，遂于1996.3.4~4.9行两侧下颈部放疗，DT52GY/26次/37天。放疗后行“CTX+VP-16+VCR+ARAC”方案化疗四程，过程顺利。随后定期复查。2012年8月初出现吞咽不畅伴咳嗽，少痰，无发热。2012.9.13PET/，CT:胸中段食管管壁增厚代谢活跃，左肺多发结节代谢活跃，考虑恶性病变。两下肺纤维增殖灶。2012.9.14，胃镜活检病理示：食管中至低分化鳞癌。于2012.9.21~9.22行“C225+奈达铂+白蛋白紫杉醇”化疗一程，过程顺利。目前患者诉头面部、背部多发皮疹，部分有脓点。现为进一步治疗入院。自起病以来，患者精神、睡眠可，食欲如常，大小便正常，体重无上降。",
    "entities": [
        {
            "label_type": "解剖部位",
            "start_pos": 15,
            "end_pos": 16,
            "text": "舌"
        },
        {
            "end_pos": 44,
            "label_type": "手术",
            "start_pos": 36,
            "text": "右舌侧缘肿物切除"
        },
        {
            "label_type": "疾病和诊断",
            "start_pos": 52,
            "end_pos": 67,
            "text": "右舌非霍奇金氏淋巴瘤 IIA期"
        },
        {
            "label_type": "影像检查",
            "start_pos": 68,
            "end_pos": 70,
            "text": "CT"
        },
        {
            "end_pos": 117,
            "label_type": "解剖部位",
            "start_pos": 115,
            "text": "纵隔"
        },
        {
            "end_pos": 138,
            "label_type": "解剖部位",
            "start_pos": 135,
            "text": "两锁下"
        },
        {
            "end_pos": 171,
            "label_type": "解剖部位",
            "start_pos": 169,
            "text": "会厌"
        },
        {
            "label_type": "疾病和诊断",
            "start_pos": 179,
            "end_pos": 187,
            "text": "非霍奇金氏淋巴瘤"
        },
        {
            "label_type": "解剖部位",
            "start_pos": 206,
            "end_pos": 207,
            "text": "颈"
        },
        {
            "end_pos": 234,
            "label_type": "药物",
            "start_pos": 231,
            "text": "CTX"
        },
        {
            "end_pos": 240,
            "label_type": "药物",
            "start_pos": 235,
            "text": "VP-16"
        },
        {
            "end_pos": 244,
            "label_type": "药物",
            "start_pos": 241,
            "text": "VCR"
        },
        {
            "end_pos": 249,
            "label_type": "药物",
            "start_pos": 245,
            "text": "ARAC"
        },
        {
            "label_type": "影像检查",
            "start_pos": 303,
            "end_pos": 310,
            "text": "PET/，CT"
        },
        {
            "label_type": "解剖部位",
            "start_pos": 311,
            "end_pos": 316,
            "text": "胸中段食管"
        },
        {
            "end_pos": 327,
            "label_type": "解剖部位",
            "start_pos": 325,
            "text": "左肺"
        },
        {
            "end_pos": 346,
            "label_type": "解剖部位",
            "start_pos": 343,
            "text": "两下肺"
        },
        {
            "label_type": "疾病和诊断",
            "start_pos": 370,
            "end_pos": 379,
            "text": "食管中至低分化鳞癌"
        },
        {
            "end_pos": 401,
            "label_type": "药物",
            "start_pos": 397,
            "text": "C225"
        },
        {
            "end_pos": 405,
            "label_type": "药物",
            "start_pos": 402,
            "text": "奈达铂"
        },
        {
            "end_pos": 412,
            "label_type": "药物",
            "start_pos": 406,
            "text": "白蛋白紫杉醇"
        },
        {
            "label_type": "解剖部位",
            "start_pos": 428,
            "end_pos": 431,
            "text": "头面部"
        },
        {
            "end_pos": 434,
            "label_type": "解剖部位",
            "start_pos": 432,
            "text": "背部"
        }
    ]
}