{
    "originalText": "，患者4年前因\\\"胸中段段食管中-低分化鳞癌中段段中-低分经右胸食管癌根治+胃食管主动脉弓下吻合术化鳞癌术后\\\"于我院行“经右癌根治+主动脉CT弓下吻合食道癌术后术”，纵隔胃，食管术后复查：20肿15气管右侧旁淋巴结转移年2月25日，我右侧颈部VI区及IV区小淋巴结院检中VI区最大淋巴结查示：恶心，代未见明-显软-组织肿物大。转移。，超声检大查示：，其中较前次检查（2右颈肿大淋巴结014-11-04）增大，考虑恶中性高至中分化鳞状细胞癌可能性大。2食管癌转移015年02月27日，穿刺活右颈转移淋巴结检病喉理考经虑：增生的纤维治组织中见浸润，考虑为癌转移。现患者出现声胸嘶2胸0天，考虑侵犯返神胃经。今为进一步诊治大小收入我科。起病以来，化患",
    "entities": [
        {
            "label_type": "疾病和诊断",
            "overlap": 0,
            "start_pos": 9,
            "end_pos": 22,
            "text": "胸中段段食管中-低分化鳞癌"
        },
        {
            "label_type": "疾病和诊断",
            "overlap": 0,
            "start_pos": 29,
            "end_pos": 49,
            "text": "经右胸食管癌根治+胃食管主动脉弓下吻合术"
        },
        {
            "label_type": "影像检查",
            "overlap": 0,
            "start_pos": 70,
            "end_pos": 72,
            "text": "CT"
        },
        {
            "label_type": "疾病和诊断",
            "overlap": 0,
            "start_pos": 76,
            "end_pos": 81,
            "text": "食道癌术后"
        },
        {
            "end_pos": 86,
            "label_type": "解剖部位",
            "overlap": 0,
            "start_pos": 84,
            "text": "纵隔"
        },
        {
            "end_pos": 87,
            "label_type": "解剖部位",
            "overlap": 0,
            "start_pos": 86,
            "text": "胃"
        },
        {
            "end_pos": 90,
            "label_type": "解剖部位",
            "overlap": 0,
            "start_pos": 88,
            "text": "食管"
        },
        {
            "end_pos": 108,
            "label_type": "解剖部位",
            "overlap": 0,
            "start_pos": 100,
            "text": "气管右侧旁淋巴结"
        },
        {
            "end_pos": 133,
            "label_type": "解剖部位",
            "overlap": 0,
            "start_pos": 118,
            "text": "右侧颈部VI区及IV区小淋巴结"
        },
        {
            "label_type": "解剖部位",
            "overlap": 0,
            "start_pos": 136,
            "end_pos": 144,
            "text": "VI区最大淋巴结"
        },
        {
            "label_type": "解剖部位",
            "overlap": 0,
            "start_pos": 185,
            "end_pos": 192,
            "text": "右颈肿大淋巴结"
        },
        {
            "label_type": "疾病和诊断",
            "overlap": 0,
            "start_pos": 210,
            "end_pos": 220,
            "text": "高至中分化鳞状细胞癌"
        },
        {
            "label_type": "疾病和诊断",
            "overlap": 0,
            "start_pos": 226,
            "end_pos": 229,
            "text": "食管癌"
        },
        {
            "label_type": "解剖部位",
            "overlap": 0,
            "start_pos": 245,
            "end_pos": 252,
            "text": "右颈转移淋巴结"
        },
        {
            "label_type": "解剖部位",
            "overlap": 0,
            "start_pos": 254,
            "end_pos": 255,
            "text": "喉"
        },
        {
            "end_pos": 287,
            "label_type": "解剖部位",
            "overlap": 0,
            "start_pos": 286,
            "text": "胸"
        },
        {
            "end_pos": 290,
            "label_type": "解剖部位",
            "overlap": 0,
            "start_pos": 289,
            "text": "胸"
        },
        {
            "end_pos": 300,
            "label_type": "解剖部位",
            "overlap": 0,
            "start_pos": 299,
            "text": "胃"
        }
    ]
}