{
    "originalText": "，缘于入院前1月余（2015.06.25）因“右髋部疼痛”就诊我院，查髋关节，CT:1、右侧髂骨、耻骨多发骨质破坏，考虑恶性病变。，骨盆MRI示：右侧髂骨、髋臼及其周围软组织内浸润性病变，并右侧髋臼病理性骨折，为恶性肿瘤，以淋巴瘤可能性大，其它小圆细胞性肿瘤或转移瘤待除。胸部，CT:1、两肺多发结节影，考虑转移瘤。2、左颈部软组织肿块影，考虑淋巴结转移可能。3、纵隔内多发淋巴结影。，胃镜:食管中段癌，胃窦溃疡（A1期），幽门管溃疡（H2期），慢性萎缩性胃炎。胃镜病理（病理号201524440），：（距门齿25-30CM）食管低分化鳞状细胞癌。行左颈部淋巴结穿刺活检术，术后病理（2015.07.01），：(左颈）送检少量穿刺组织，镜上示间质见恶性肿瘤细胞巢，结合免疫组化结果考虑转移性低分化鳞状细胞癌。，免疫组化结果：TTF-1（-），NAPSIN-A（-），CK18（++），KI67（40%），CK5/6（+++），P63（+++），SY（-），CGA（-），CD56（-）。诊断食管癌伴全身多发转移，转入我科，完善相关检查，未见明显化疗禁忌症，于2015.07.03、2015.07.24行姑息一线第1、2周期全身化疗，，方案：顺铂40MGIVGTTD1-3+紫杉醇210MGIVGTTD1Q3W。辅予止吐、制酸保胃、保肝、碱化及水化等处理，过程顺利，现化疗间歇已足，患者无诉特殊不适，今为进一步治疗，门诊拟“食管癌”收住本科。发病以来饮食、睡眠、精神可，大小便正常，体重未见明显增减。",
    "entities": [
        {
            "end_pos": 26,
            "label_type": "解剖部位",
            "start_pos": 23,
            "text": "右髋部"
        },
        {
            "label_type": "解剖部位",
            "start_pos": 35,
            "end_pos": 38,
            "text": "髋关节"
        },
        {
            "label_type": "影像检查",
            "start_pos": 39,
            "end_pos": 41,
            "text": "CT"
        },
        {
            "end_pos": 48,
            "label_type": "解剖部位",
            "start_pos": 44,
            "text": "右侧髂骨"
        },
        {
            "end_pos": 51,
            "label_type": "解剖部位",
            "start_pos": 49,
            "text": "耻骨"
        },
        {
            "end_pos": 54,
            "label_type": "解剖部位",
            "start_pos": 53,
            "text": "骨"
        },
        {
            "label_type": "疾病和诊断",
            "start_pos": 66,
            "end_pos": 71,
            "text": "骨盆MRI"
        },
        {
            "end_pos": 80,
            "label_type": "解剖部位",
            "start_pos": 73,
            "text": "右侧髂骨、髋臼"
        },
        {
            "label_type": "疾病和诊断",
            "start_pos": 95,
            "end_pos": 104,
            "text": "右侧髋臼病理性骨折"
        },
        {
            "label_type": "疾病和诊断",
            "start_pos": 112,
            "end_pos": 115,
            "text": "淋巴瘤"
        },
        {
            "label_type": "疾病和诊断",
            "start_pos": 122,
            "end_pos": 129,
            "text": "小圆细胞性肿瘤"
        },
        {
            "label_type": "影像检查",
            "start_pos": 136,
            "end_pos": 141,
            "text": "胸部，CT"
        },
        {
            "end_pos": 146,
            "label_type": "解剖部位",
            "start_pos": 144,
            "text": "两肺"
        },
        {
            "end_pos": 163,
            "label_type": "解剖部位",
            "start_pos": 160,
            "text": "左颈部"
        },
        {
            "end_pos": 184,
            "label_type": "解剖部位",
            "start_pos": 182,
            "text": "纵隔"
        },
        {
            "label_type": "疾病和诊断",
            "start_pos": 196,
            "end_pos": 201,
            "text": "食管中段癌"
        },
        {
            "label_type": "疾病和诊断",
            "start_pos": 202,
            "end_pos": 211,
            "text": "胃窦溃疡（A1期）"
        },
        {
            "label_type": "疾病和诊断",
            "start_pos": 212,
            "end_pos": 222,
            "text": "幽门管溃疡（H2期）"
        },
        {
            "label_type": "疾病和诊断",
            "start_pos": 223,
            "end_pos": 230,
            "text": "慢性萎缩性胃炎"
        },
        {
            "end_pos": 255,
            "label_type": "解剖部位",
            "start_pos": 253,
            "text": "门齿"
        },
        {
            "label_type": "疾病和诊断",
            "start_pos": 263,
            "end_pos": 273,
            "text": "食管低分化鳞状细胞癌"
        },
        {
            "end_pos": 286,
            "label_type": "手术",
            "start_pos": 275,
            "text": "左颈部淋巴结穿刺活检术"
        },
        {
            "end_pos": 308,
            "label_type": "解剖部位",
            "start_pos": 306,
            "text": "左颈"
        },
        {
            "label_type": "疾病和诊断",
            "start_pos": 342,
            "end_pos": 353,
            "text": "转移性低分化鳞状细胞癌"
        },
        {
            "label_type": "疾病和诊断",
            "start_pos": 445,
            "end_pos": 455,
            "text": "食管癌伴全身多发转移"
        },
        {
            "end_pos": 522,
            "label_type": "药物",
            "start_pos": 520,
            "text": "顺铂"
        },
        {
            "end_pos": 539,
            "label_type": "药物",
            "start_pos": 536,
            "text": "紫杉醇"
        },
        {
            "end_pos": 564,
            "label_type": "解剖部位",
            "start_pos": 563,
            "text": "胃"
        },
        {
            "end_pos": 567,
            "label_type": "解剖部位",
            "start_pos": 566,
            "text": "肝"
        },
        {
            "label_type": "疾病和诊断",
            "start_pos": 611,
            "end_pos": 614,
            "text": "食管癌"
        }
    ]
}