{
    "originalText": "，缘于3个月前于我院诊断为“左肝原发性肝癌”，于2013-10-1在我院行“腹腔镜上左肝肿物切除+胆囊切除术”，术中见左肝叶第六、七段处见肝表面隆起，胆总管无扩张，胆囊约5.0×3.0×3.0CM大小，胆囊底部见腺瘤样隆起，与邻近组织稍粘连,切除后,组织送病理检查.术后病理(201331653)，:原发性高分化左肝癌,胆囊结石伴慢性胆囊炎。术顺，术后无明显不适。出院后无发热、寒战，无恶心、呕吐，无腹痛、腹胀。后于入院前1个月余,返院复查,，查：CA19910.94U/ML，癌胚抗原1.81NG/ML，甲胎蛋白定量1.96NG/ML，后于2013年11月20日行TACE治疗,选择行肝动脉造影+，介入治疗：1.造影所见符合原发性肝癌术后；2.第1次介入治疗术，建议随诊复查。手术过程顺利，无不良反应。术后恢复良好。今为再次复查，复诊我院，门诊拟“肝癌术后”术后至今，睡眠可，精神可，食欲可，大小便正常，体重无明显改变。",
    "entities": [
        {
            "label_type": "疾病和诊断",
            "start_pos": 14,
            "end_pos": 21,
            "text": "左肝原发性肝癌"
        },
        {
            "label_type": "手术",
            "start_pos": 38,
            "end_pos": 54,
            "text": "腹腔镜上左肝肿物切除+胆囊切除术"
        },
        {
            "end_pos": 67,
            "label_type": "解剖部位",
            "start_pos": 59,
            "text": "左肝叶第六、七段"
        },
        {
            "end_pos": 70,
            "label_type": "解剖部位",
            "start_pos": 69,
            "text": "肝"
        },
        {
            "end_pos": 78,
            "label_type": "解剖部位",
            "start_pos": 75,
            "text": "胆总管"
        },
        {
            "end_pos": 84,
            "label_type": "解剖部位",
            "start_pos": 82,
            "text": "胆囊"
        },
        {
            "end_pos": 103,
            "label_type": "解剖部位",
            "start_pos": 101,
            "text": "胆囊"
        },
        {
            "label_type": "疾病和诊断",
            "start_pos": 150,
            "end_pos": 159,
            "text": "原发性高分化左肝癌"
        },
        {
            "label_type": "疾病和诊断",
            "start_pos": 160,
            "end_pos": 170,
            "text": "胆囊结石伴慢性胆囊炎"
        },
        {
            "end_pos": 201,
            "label_type": "解剖部位",
            "start_pos": 200,
            "text": "腹"
        },
        {
            "end_pos": 204,
            "label_type": "解剖部位",
            "start_pos": 203,
            "text": "腹"
        },
        {
            "label_type": "实验室检验",
            "start_pos": 224,
            "end_pos": 229,
            "text": "CA199"
        },
        {
            "label_type": "实验室检验",
            "start_pos": 239,
            "end_pos": 243,
            "text": "癌胚抗原"
        },
        {
            "label_type": "实验室检验",
            "start_pos": 253,
            "end_pos": 257,
            "text": "甲胎蛋白"
        },
        {
            "end_pos": 287,
            "label_type": "手术",
            "start_pos": 283,
            "text": "TACE"
        },
        {
            "label_type": "疾病和诊断",
            "start_pos": 313,
            "end_pos": 320,
            "text": "原发性肝癌术后"
        },
        {
            "label_type": "疾病和诊断",
            "start_pos": 375,
            "end_pos": 379,
            "text": "肝癌术后"
        }
    ]
}