{
    "originalText": "，，缘于4个月前食管胃交界腺癌因食管交（界腺癌于我院行（20）正中开腹根治性全胃切除+食管-空肠ROUX-EN-Y吻合+空肠造瘘+脾切除术，术后15（.10.319）3），，术全胃后，病食管-胃交界处溃疡型混合型腺神经内分泌癌【腺癌为管状腺癌II-III级，神经内分泌肿瘤为G3型（神经内分泌癌）】，理（2管0神经15，3管内7癌4，13），：(全术)，：切，浸上切润，脉管及神经组切织，脉管染癌色癌栓，侵贲门周淋巴结出浆膜层，小弯侧淋巴结。手术标本，大弯侧淋巴结下切端、，幽门上淋巴结上切端，及脾脏另送(，最下切端)均结未见癌I浸润（3。找到性），1/3（++），4个，1（++），/11-个（+++），，G0（+++），/6个，（++），0Y（++）/（2个。组织。，免疫）组化内见结果：KRI67（30%阳3性），P53（++（），MLH1（++）），MSH-6（+R++），CGA（E+++术后），CD，56（食++），食，SY（+分+）。（MM2051901）该病例未检测到KRAS基因12、13号密码子3周热点突，变顺铂。（MGM201-3+紫杉醇5190G2）该病例未检，测为到术后BR周AF基因V60，门0E食管胃交界腺癌术后突变。术后恢复良好，，神目前进食半食流质，大小膳食，，无不适。分别于2",
    "entities": [
        {
            "label_type": "疾病和诊断",
            "overlap": 0,
            "start_pos": 8,
            "end_pos": 15,
            "text": "食管胃交界腺癌"
        },
        {
            "label_type": "手术",
            "overlap": 0,
            "start_pos": 31,
            "end_pos": 69,
            "text": "正中开腹根治性全胃切除+食管-空肠ROUX-EN-Y吻合+空肠造瘘+脾切除术"
        },
        {
            "end_pos": 90,
            "label_type": "解剖部位",
            "overlap": 0,
            "start_pos": 89,
            "text": "胃"
        },
        {
            "label_type": "疾病和诊断",
            "overlap": 0,
            "start_pos": 93,
            "end_pos": 149,
            "text": "食管-胃交界处溃疡型混合型腺神经内分泌癌【腺癌为管状腺癌II-III级，神经内分泌肿瘤为G3型（神经内分泌癌）】"
        },
        {
            "end_pos": 209,
            "label_type": "解剖部位",
            "overlap": 0,
            "start_pos": 203,
            "text": "贲门周淋巴结"
        },
        {
            "end_pos": 220,
            "label_type": "解剖部位",
            "overlap": 0,
            "start_pos": 214,
            "text": "小弯侧淋巴结"
        },
        {
            "end_pos": 232,
            "label_type": "解剖部位",
            "overlap": 0,
            "start_pos": 226,
            "text": "大弯侧淋巴结"
        },
        {
            "end_pos": 243,
            "label_type": "解剖部位",
            "overlap": 0,
            "start_pos": 237,
            "text": "幽门上淋巴结"
        },
        {
            "end_pos": 250,
            "label_type": "解剖部位",
            "overlap": 0,
            "start_pos": 248,
            "text": "脾脏"
        },
        {
            "end_pos": 466,
            "label_type": "药物",
            "overlap": 0,
            "start_pos": 464,
            "text": "顺铂"
        },
        {
            "end_pos": 480,
            "label_type": "药物",
            "overlap": 0,
            "start_pos": 477,
            "text": "紫杉醇"
        },
        {
            "label_type": "疾病和诊断",
            "overlap": 0,
            "start_pos": 512,
            "end_pos": 521,
            "text": "食管胃交界腺癌术后"
        }
    ]
}