{
    "originalText": "，患者5年余前因\\\"升结肠癌升癌\\\"在外术院手术术治疗，术后规律化完（成辅助化疗（X化ELO）X方案化疗8程），但未规律复查。近1年偶有大便带血，量少，大便不成形，腹1-腹3次/天，无痛、胀，无黑便、恶心等，未予重视。于2015-肠01月至肛外院复查结肠镜发现肠距40CM肿物，镜不能通腺癌过，活检病理提示。 于2015-01-22至右半结肠切除术我院全麻术上行\\\"右（乙状结肠半切）除术\\肠低分化腺癌（印戒细胞癌）\"，，术肠后病理示：（乙状大体）癌镜检为低分化（印戒细胞癌），癌浸润至壁浆结膜给予，未（见）脉管内癌栓化及神经（束）侵犯；网膜组（织）未见癌。区（域）淋巴结15（/）22（+）（，），免疫组化（：）ER（-）（，ERC）C1（（+）），术M分LH1（+），MSH2（-），MSH6（-），PMS2（+），KI67（40%+），CK（+）。，术后分期：PT3N2BM0 IIIC期。于2015-03-25、2015-04-11、2015-04-28、2化015-05化-12及2015-05-26;2015-6-胃9、2015-06-23上层 FOLFO",
    "entities": [
        {
            "label_type": "疾病和诊断",
            "overlap": 0,
            "start_pos": 10,
            "end_pos": 14,
            "text": "升结肠癌"
        },
        {
            "end_pos": 83,
            "label_type": "解剖部位",
            "overlap": 0,
            "start_pos": 82,
            "text": "腹"
        },
        {
            "end_pos": 86,
            "label_type": "解剖部位",
            "overlap": 0,
            "start_pos": 85,
            "text": "腹"
        },
        {
            "end_pos": 121,
            "label_type": "解剖部位",
            "overlap": 0,
            "start_pos": 120,
            "text": "肛"
        },
        {
            "end_pos": 127,
            "label_type": "解剖部位",
            "overlap": 0,
            "start_pos": 125,
            "text": "结肠"
        },
        {
            "label_type": "疾病和诊断",
            "overlap": 0,
            "start_pos": 143,
            "end_pos": 145,
            "text": "腺癌"
        },
        {
            "end_pos": 174,
            "label_type": "手术",
            "overlap": 0,
            "start_pos": 167,
            "text": "右半结肠切除术"
        },
        {
            "end_pos": 189,
            "label_type": "解剖部位",
            "overlap": 0,
            "start_pos": 185,
            "text": "乙状结肠"
        },
        {
            "label_type": "疾病和诊断",
            "overlap": 0,
            "start_pos": 195,
            "end_pos": 208,
            "text": "肠低分化腺癌（印戒细胞癌）"
        },
        {
            "label_type": "解剖部位",
            "overlap": 0,
            "start_pos": 212,
            "end_pos": 213,
            "text": "肠"
        },
        {
            "end_pos": 464,
            "label_type": "解剖部位",
            "overlap": 0,
            "start_pos": 463,
            "text": "胃"
        }
    ]
}