{
    "originalText": "，2010-9-21于我院行食管癌根治及食管胃右颈吻合术，，术后病理示：中低分化鳞状细胞癌，分期PT1BN1M0 IIB期。2011年10月出现声嘶，考虑局部复发，于2011-12-2在我院行放射治疗。2012-03-13，我院CT示：食管癌术后，吻合口未见明确肿物，两肺多发结节，较前增大、增多；左上肺不张并团块影，两侧少量胸腔积液，左侧明显，左侧胸膜不均匀增厚，肝S2、4、6多发结节，考虑转移。行“力朴素+DDP”及“力扑素 + 奈达铂+ 恩度”方案化疗4程，今遵主诊教授意见行上一程化疗。近1月,患者精神、饮食睡眠可,大小便正常，体重无减轻。",
    "entities": [
        {
            "label_type": "手术",
            "start_pos": 14,
            "end_pos": 28,
            "text": "食管癌根治及食管胃右颈吻合术"
        },
        {
            "label_type": "疾病和诊断",
            "start_pos": 36,
            "end_pos": 45,
            "text": "中低分化鳞状细胞癌"
        },
        {
            "label_type": "影像检查",
            "start_pos": 114,
            "end_pos": 116,
            "text": "CT"
        },
        {
            "label_type": "疾病和诊断",
            "start_pos": 118,
            "end_pos": 123,
            "text": "食管癌术后"
        },
        {
            "end_pos": 136,
            "label_type": "解剖部位",
            "start_pos": 134,
            "text": "两肺"
        },
        {
            "label_type": "疾病和诊断",
            "start_pos": 149,
            "end_pos": 154,
            "text": "左上肺不张"
        },
        {
            "label_type": "疾病和诊断",
            "start_pos": 163,
            "end_pos": 167,
            "text": "胸腔积液"
        },
        {
            "label_type": "解剖部位",
            "start_pos": 175,
            "end_pos": 176,
            "text": "胸"
        },
        {
            "end_pos": 190,
            "label_type": "解剖部位",
            "start_pos": 183,
            "text": "肝S2、4、6"
        },
        {
            "end_pos": 205,
            "label_type": "药物",
            "start_pos": 202,
            "text": "力朴素"
        },
        {
            "end_pos": 209,
            "label_type": "药物",
            "start_pos": 206,
            "text": "DDP"
        },
        {
            "end_pos": 215,
            "label_type": "药物",
            "start_pos": 212,
            "text": "力扑素"
        },
        {
            "end_pos": 221,
            "label_type": "药物",
            "start_pos": 218,
            "text": "奈达铂"
        },
        {
            "end_pos": 225,
            "label_type": "药物",
            "start_pos": 223,
            "text": "恩度"
        }
    ]
}