{
    "originalText": "，患者今年年初自觉有便秘，且持续未缓解，不伴腹痛，无里急后重，自诉有时2次/天，有时1次/2-3天，大便颜色正常，大便成形，质硬，成球状，无便血，未予重视；后逐渐发现便血，且便秘持续至今，，遂于2012-11-17至我院门诊行肠镜检查见：肠道准备差，肠腔见大量粪质，影响观察，结肠镜检查至盲肠，距肛缘15CM可见菜花样肿块，占肠腔一圈，局部肠腔狭窄，勉强进镜。距肛缘60-70CM见0.8-1.0CM息肉4枚，距肛缘60CM处较大一枚予活检1块。距肛缘35CM见一枚大小约0.7CM息肉，其旁见一枚长蒂息肉，大小约1.2CM息肉，予活检1块；距肛缘12CM处另见一枚大小约0.5CM息肉。，肛指：未及肿块。，病理回示：（距肛缘60CM、35CM）管状腺瘤伴下皮内瘤变，低级别；（距肛缘15CM）腺癌，分化II级。11-30，行腹部盆腔CT示：直肠乙状结肠交界处改变，MT可能大。查肿瘤标志物AFP、CEA、CA19-9未见异常，现为求手术治疗收入我科。患者自诉既往亦有便秘，但持续时间不长；患者自发病以来精神、胃纳可，小便无异常，体重减轻5-6斤。",
    "entities": [
        {
            "end_pos": 23,
            "label_type": "解剖部位",
            "start_pos": 22,
            "text": "腹"
        },
        {
            "label_type": "解剖部位",
            "start_pos": 119,
            "end_pos": 120,
            "text": "肠"
        },
        {
            "label_type": "解剖部位",
            "start_pos": 125,
            "end_pos": 126,
            "text": "肠"
        },
        {
            "end_pos": 146,
            "label_type": "解剖部位",
            "start_pos": 144,
            "text": "盲肠"
        },
        {
            "label_type": "解剖部位",
            "start_pos": 163,
            "end_pos": 164,
            "text": "肠"
        },
        {
            "label_type": "解剖部位",
            "start_pos": 170,
            "end_pos": 171,
            "text": "肠"
        },
        {
            "label_type": "疾病和诊断",
            "start_pos": 323,
            "end_pos": 333,
            "text": "管状腺瘤伴下皮内瘤变"
        },
        {
            "label_type": "疾病和诊断",
            "start_pos": 347,
            "end_pos": 349,
            "text": "腺癌"
        },
        {
            "label_type": "影像检查",
            "start_pos": 363,
            "end_pos": 369,
            "text": "腹部盆腔CT"
        },
        {
            "end_pos": 379,
            "label_type": "解剖部位",
            "start_pos": 371,
            "text": "直肠乙状结肠交界"
        },
        {
            "label_type": "实验室检验",
            "start_pos": 395,
            "end_pos": 398,
            "text": "AFP"
        },
        {
            "label_type": "实验室检验",
            "start_pos": 399,
            "end_pos": 402,
            "text": "CEA"
        },
        {
            "label_type": "实验室检验",
            "start_pos": 403,
            "end_pos": 409,
            "text": "CA19-9"
        },
        {
            "end_pos": 456,
            "label_type": "解剖部位",
            "start_pos": 455,
            "text": "胃"
        }
    ]
}