{
    "originalText": "支持前1月，患者因确诊“食管下段鳞癌”于2016年04月11日在全麻+两腔上行经颈胸腹下段食管癌切除术、术、术后标本送病检（1603183食管鳞状细胞癌）：侵及全层，切远近切缘癌均未见贲门上淋巴结癌癌累及，见癌转移（胃右动脉旁、隆突上淋巴结1/癌1）,术右动脉旁、隆突、上食、淋、胃肠巴结、未脉见癌转、移，术、后予、以心、电胃、监护、、禁食、水、减压、静脉高营养、抗感染、祛痰行、解痉、护、止血、降血门压等对食管癌症入院治疗后，好转出院。今患者为行第一次化疗来、食我、院就诊，门诊以“”收入我科住院上治疗",
    "entities": [
        {
            "label_type": "疾病和诊断",
            "overlap": 0,
            "start_pos": 12,
            "end_pos": 18,
            "text": "食管下段鳞癌"
        },
        {
            "end_pos": 51,
            "label_type": "手术",
            "overlap": 0,
            "start_pos": 35,
            "text": "两腔上行经颈胸腹下段食管癌切除术"
        },
        {
            "label_type": "疾病和诊断",
            "overlap": 0,
            "start_pos": 69,
            "end_pos": 76,
            "text": "食管鳞状细胞癌"
        },
        {
            "end_pos": 98,
            "label_type": "解剖部位",
            "overlap": 0,
            "start_pos": 92,
            "text": "贲门上淋巴结"
        },
        {
            "label_type": "解剖部位",
            "overlap": 0,
            "start_pos": 108,
            "end_pos": 120,
            "text": "胃右动脉旁、隆突上淋巴结"
        },
        {
            "label_type": "解剖部位",
            "overlap": 0,
            "start_pos": 140,
            "end_pos": 141,
            "text": "胃"
        },
        {
            "label_type": "解剖部位",
            "overlap": 0,
            "start_pos": 141,
            "end_pos": 142,
            "text": "肠"
        },
        {
            "end_pos": 163,
            "label_type": "解剖部位",
            "overlap": 0,
            "start_pos": 162,
            "text": "胃"
        },
        {
            "label_type": "疾病和诊断",
            "overlap": 0,
            "start_pos": 204,
            "end_pos": 207,
            "text": "食管癌"
        }
    ]
}