{
    "originalText": "，结肠癌切除术后近1年（术中，术后病理不详）术后未行化疗。2月前无诱因腹胀，就诊我院行腹部，C：左肾囊肿。胸，CT：胸上段食管癌，胃周多发淋巴结转移；纵膈7,8组淋巴结转移。左中叶微小结节，转移？，消化道造影：食道胸上段及腹段占位，考虑食管癌可能性大。，胃镜：食管上端溃疡隆起性肿物，侵及食管胃结合部。，活检病理：距门齿35-42CM肿物（活检），：中分化鳞状细胞癌。，肿标：SCC14.7 CYFRA21-1 16.2.目前饮食睡眠可，大小便正常。体重减轻5KG。2015-1-15行第3周期TP方案化疗。",
    "entities": [
        {
            "label_type": "疾病和诊断",
            "start_pos": 1,
            "end_pos": 8,
            "text": "结肠癌切除术后"
        },
        {
            "end_pos": 36,
            "label_type": "解剖部位",
            "start_pos": 35,
            "text": "腹"
        },
        {
            "label_type": "解剖部位",
            "start_pos": 43,
            "end_pos": 44,
            "text": "腹"
        },
        {
            "label_type": "疾病和诊断",
            "start_pos": 48,
            "end_pos": 52,
            "text": "左肾囊肿"
        },
        {
            "label_type": "影像检查",
            "start_pos": 53,
            "end_pos": 57,
            "text": "胸，CT"
        },
        {
            "label_type": "疾病和诊断",
            "start_pos": 58,
            "end_pos": 64,
            "text": "胸上段食管癌"
        },
        {
            "label_type": "疾病和诊断",
            "start_pos": 65,
            "end_pos": 74,
            "text": "胃周多发淋巴结转移"
        },
        {
            "label_type": "疾病和诊断",
            "start_pos": 75,
            "end_pos": 86,
            "text": "纵膈7,8组淋巴结转移"
        },
        {
            "end_pos": 90,
            "label_type": "解剖部位",
            "start_pos": 87,
            "text": "左中叶"
        },
        {
            "label_type": "影像检查",
            "start_pos": 99,
            "end_pos": 104,
            "text": "消化道造影"
        },
        {
            "label_type": "解剖部位",
            "start_pos": 105,
            "end_pos": 113,
            "text": "食道胸上段及腹段"
        },
        {
            "label_type": "疾病和诊断",
            "start_pos": 118,
            "end_pos": 121,
            "text": "食管癌"
        },
        {
            "label_type": "解剖部位",
            "start_pos": 130,
            "end_pos": 132,
            "text": "食管"
        },
        {
            "end_pos": 150,
            "label_type": "解剖部位",
            "start_pos": 144,
            "text": "食管胃结合部"
        },
        {
            "end_pos": 160,
            "label_type": "解剖部位",
            "start_pos": 158,
            "text": "门齿"
        },
        {
            "label_type": "疾病和诊断",
            "start_pos": 175,
            "end_pos": 183,
            "text": "中分化鳞状细胞癌"
        },
        {
            "label_type": "实验室检验",
            "start_pos": 188,
            "end_pos": 191,
            "text": "SCC"
        },
        {
            "label_type": "实验室检验",
            "start_pos": 195,
            "end_pos": 205,
            "text": " CYFRA21-1"
        }
    ]
}