{
    "originalText": "，患者于69天前于我院因“，盆腔包块：卵巢CACA?”腹腔镜上腹膜活检术+右侧卵巢切除术行“术中切除右侧卵巢腔镜上膜C活检术+右C侧切除腹膜术”，术中切切除右侧及2-.-0CM*1.切0CM大检小膜送冰冻病（右卵巢）卵巢理切中片腺癌，20（腹膜）13-4-2中7腺癌 检，冰活冻切片报告单检术顺查报告：1、（术中右）出血中见。2术、（膜）纤维脂肪组织-中-见。检查无活动性检组织后，手术（右卵巢）顺检利，中麻腺癌醉满意，术中出化血约50ML，术毕安（腹膜）返检病房。201中3-4-腺癌28 ，组织病-理检-查报（右卵巢）中-低分化宫内膜样腺癌伴腹膜转移告：术1、（右）送检组织中见组织，术待免疫紫杉醇组化+顺铂腹腔进一化步明确类化型。2中、（膜）送检纤维脂肪组织中可见少许组织。2013化-05-03（右）中-低分化宫内膜样伴膜转移。，术后给予：补液、抗炎对症治疗。术后给予静滴+腔灌注化疗双次，化疗过化程",
    "entities": [
        {
            "label_type": "解剖部位",
            "overlap": 0,
            "start_pos": 14,
            "end_pos": 16,
            "text": "盆腔"
        },
        {
            "label_type": "疾病和诊断",
            "overlap": 0,
            "start_pos": 19,
            "end_pos": 23,
            "text": "卵巢CA"
        },
        {
            "label_type": "手术",
            "overlap": 0,
            "start_pos": 27,
            "end_pos": 44,
            "text": "腹腔镜上腹膜活检术+右侧卵巢切除术"
        },
        {
            "end_pos": 54,
            "label_type": "解剖部位",
            "overlap": 0,
            "start_pos": 50,
            "text": "右侧卵巢"
        },
        {
            "label_type": "解剖部位",
            "overlap": 0,
            "start_pos": 68,
            "end_pos": 69,
            "text": "腹"
        },
        {
            "end_pos": 107,
            "label_type": "解剖部位",
            "overlap": 0,
            "start_pos": 104,
            "text": "右卵巢"
        },
        {
            "end_pos": 110,
            "label_type": "解剖部位",
            "overlap": 0,
            "start_pos": 108,
            "text": "卵巢"
        },
        {
            "label_type": "疾病和诊断",
            "overlap": 0,
            "start_pos": 114,
            "end_pos": 116,
            "text": "腺癌"
        },
        {
            "label_type": "解剖部位",
            "overlap": 0,
            "start_pos": 120,
            "end_pos": 121,
            "text": "腹"
        },
        {
            "label_type": "疾病和诊断",
            "overlap": 0,
            "start_pos": 131,
            "end_pos": 133,
            "text": "腺癌"
        },
        {
            "end_pos": 197,
            "label_type": "解剖部位",
            "overlap": 0,
            "start_pos": 194,
            "text": "右卵巢"
        },
        {
            "label_type": "疾病和诊断",
            "overlap": 0,
            "start_pos": 204,
            "end_pos": 206,
            "text": "腺癌"
        },
        {
            "label_type": "解剖部位",
            "overlap": 0,
            "start_pos": 225,
            "end_pos": 226,
            "text": "腹"
        },
        {
            "label_type": "疾病和诊断",
            "overlap": 0,
            "start_pos": 241,
            "end_pos": 243,
            "text": "腺癌"
        },
        {
            "label_type": "疾病和诊断",
            "overlap": 0,
            "start_pos": 256,
            "end_pos": 277,
            "text": "（右卵巢）中-低分化宫内膜样腺癌伴腹膜转移"
        },
        {
            "end_pos": 301,
            "label_type": "药物",
            "overlap": 0,
            "start_pos": 298,
            "text": "紫杉醇"
        },
        {
            "end_pos": 306,
            "label_type": "药物",
            "overlap": 0,
            "start_pos": 304,
            "text": "顺铂"
        },
        {
            "end_pos": 308,
            "label_type": "解剖部位",
            "overlap": 0,
            "start_pos": 306,
            "text": "腹腔"
        }
    ]
}