{
    "originalText": "缘于入院1年前于我院诊为“直肠癌伴肝转移”，于2015年12月07日在全麻上上行腹腔镜上直肠姑息性切除术+末段回肠造瘘术“腹术腔镜术后上姑息性切直肠除大肠溃疡型管状腺癌II级术部+末段状回肠型造瘘术”膜，术手术顺，部切分病理示(：切（)(上切）)，术后癌为筛状粉刺肠周淋巴结型，侵出外膜层，术(肠系膜上动脉根部)淋巴结标本双切端及癌转移另术后送(下切端)(上切端)均未见癌浸润，找到2/21个，及另送0/1个，见癌转移。术后恢复良好。于2015.12.30、2016.01.21、2016.02.13、2016.03.06、2016.03.30、2016.04.22、2016.05.12、2016.06.03、2016.06.27、2016.07.21、2016.08.11、201伊立替康6.9.0I2、2016+卡培他滨.10.27、20I16.11.18、2016.12.23行肝“240MGIVGTTD1+1500MGPOB后I头DD1-D1口腔溃疡4手足”化疗，辅以止吐、制酸、保、增强免疫等，化疗过程顺利，直肠癌术后未见明显不适。出院后无晕、乏力，无溃疡、麻木无大力等不适。此次为行第16次化疗",
    "entities": [
        {
            "label_type": "疾病和诊断",
            "overlap": 0,
            "start_pos": 13,
            "end_pos": 20,
            "text": "直肠癌伴肝转移"
        },
        {
            "label_type": "手术",
            "overlap": 0,
            "start_pos": 40,
            "end_pos": 60,
            "text": "腹腔镜上直肠姑息性切除术+末段回肠造瘘术"
        },
        {
            "end_pos": 74,
            "label_type": "解剖部位",
            "overlap": 0,
            "start_pos": 72,
            "text": "直肠"
        },
        {
            "label_type": "疾病和诊断",
            "overlap": 0,
            "start_pos": 75,
            "end_pos": 87,
            "text": "大肠溃疡型管状腺癌II级"
        },
        {
            "end_pos": 137,
            "label_type": "解剖部位",
            "overlap": 0,
            "start_pos": 132,
            "text": "肠周淋巴结"
        },
        {
            "end_pos": 159,
            "label_type": "解剖部位",
            "overlap": 0,
            "start_pos": 146,
            "text": "(肠系膜上动脉根部)淋巴结"
        },
        {
            "end_pos": 346,
            "label_type": "药物",
            "overlap": 0,
            "start_pos": 342,
            "text": "伊立替康"
        },
        {
            "end_pos": 363,
            "label_type": "药物",
            "overlap": 0,
            "start_pos": 359,
            "text": "卡培他滨"
        },
        {
            "end_pos": 394,
            "label_type": "解剖部位",
            "overlap": 0,
            "start_pos": 393,
            "text": "肝"
        },
        {
            "end_pos": 420,
            "label_type": "解剖部位",
            "overlap": 0,
            "start_pos": 419,
            "text": "头"
        },
        {
            "end_pos": 428,
            "label_type": "解剖部位",
            "overlap": 0,
            "start_pos": 426,
            "text": "口腔"
        },
        {
            "label_type": "解剖部位",
            "overlap": 0,
            "start_pos": 431,
            "end_pos": 432,
            "text": "手"
        },
        {
            "label_type": "解剖部位",
            "overlap": 0,
            "start_pos": 432,
            "end_pos": 433,
            "text": "足"
        },
        {
            "label_type": "疾病和诊断",
            "overlap": 0,
            "start_pos": 460,
            "end_pos": 465,
            "text": "直肠癌术后"
        }
    ]
}