{
    "originalText": "患者于2014年8月中旬开始出现进食哽噎感，无恶心、呕吐，进食流质后好转，当时未予重视，后哽噎感呈进行性加重，2014-11-19行电子胃镜检查提示距门齿31-37CM见环腔生长菜花样肿物，食管癌可能，活检病理经我院病理科会诊意见为：食管距门齿33CM镜检为中分化鳞状细胞癌，食管距门齿42CM镜上见鳞状下皮增生及轻度不典型增生，未见癌。我院CT示胸中上段段食管食管壁壁增厚，符合食管癌，并全身多发淋巴结转移，可疑侵犯门静脉，门静脉主干内充盈缺损灶，考虑血栓与癌栓鉴别，分期CTXNXM1,IV期。2014-12-12在我院行TPF方案化疗1程，过程顺利，现为求进一步治疗入院，现仍有吞咽哽噎感，较前改善不明显，一般情况可，流质饮食，食欲、睡眠一般，大小便正常，体重较前上降约4KG。",
    "entities": [
        {
            "end_pos": 77,
            "label_type": "解剖部位",
            "start_pos": 75,
            "text": "门齿"
        },
        {
            "label_type": "疾病和诊断",
            "start_pos": 95,
            "end_pos": 98,
            "text": "食管癌"
        },
        {
            "end_pos": 119,
            "label_type": "解剖部位",
            "start_pos": 117,
            "text": "食管"
        },
        {
            "end_pos": 122,
            "label_type": "解剖部位",
            "start_pos": 120,
            "text": "门齿"
        },
        {
            "label_type": "疾病和诊断",
            "start_pos": 129,
            "end_pos": 137,
            "text": "中分化鳞状细胞癌"
        },
        {
            "end_pos": 140,
            "label_type": "解剖部位",
            "start_pos": 138,
            "text": "食管"
        },
        {
            "end_pos": 143,
            "label_type": "解剖部位",
            "start_pos": 141,
            "text": "门齿"
        },
        {
            "label_type": "影像检查",
            "start_pos": 171,
            "end_pos": 173,
            "text": "CT"
        },
        {
            "label_type": "解剖部位",
            "start_pos": 174,
            "end_pos": 181,
            "text": "胸中上段段食管"
        },
        {
            "label_type": "解剖部位",
            "start_pos": 181,
            "end_pos": 183,
            "text": "食管"
        },
        {
            "label_type": "疾病和诊断",
            "start_pos": 190,
            "end_pos": 193,
            "text": "食管癌"
        },
        {
            "end_pos": 212,
            "label_type": "解剖部位",
            "start_pos": 209,
            "text": "门静脉"
        },
        {
            "end_pos": 218,
            "label_type": "解剖部位",
            "start_pos": 213,
            "text": "门静脉主干"
        }
    ]
}