{
    "originalText": "缘于1个多月前因食管下段癌于我院行胸腹腔镜联合全胸段食管切除+食管-胃底右颈部吻合术。手术术顺利术。术后（病理（病20理号0：020）1食管髓质型高分化鳞状细胞癌607041）示术，患者切外膜层癌，手术标本食管周淋巴结双切端未见癌癌浸润，找到1个，未见癌转移。现侵及一般情况尚头可，头无明显恶心、呕吐，无胸晕、胸痛，无腹咳嗽腹、咳痰周，骨骼无闷、痛，无痛、胀，无周身周期化疼痛等不适。今为求食管癌（T3N2M0IIIB期）入院第1周期化疗再诊我院，门诊食拟收住我科。近来，精神、睡眠、饮食",
    "entities": [
        {
            "label_type": "疾病和诊断",
            "overlap": 0,
            "start_pos": 8,
            "end_pos": 13,
            "text": "食管下段癌"
        },
        {
            "label_type": "手术",
            "overlap": 0,
            "start_pos": 17,
            "end_pos": 42,
            "text": "胸腹腔镜联合全胸段食管切除+食管-胃底右颈部吻合术"
        },
        {
            "label_type": "疾病和诊断",
            "overlap": 0,
            "start_pos": 68,
            "end_pos": 81,
            "text": "食管髓质型高分化鳞状细胞癌"
        },
        {
            "end_pos": 109,
            "label_type": "解剖部位",
            "overlap": 0,
            "start_pos": 103,
            "text": "食管周淋巴结"
        },
        {
            "end_pos": 139,
            "label_type": "解剖部位",
            "overlap": 0,
            "start_pos": 138,
            "text": "头"
        },
        {
            "end_pos": 142,
            "label_type": "解剖部位",
            "overlap": 0,
            "start_pos": 141,
            "text": "头"
        },
        {
            "end_pos": 153,
            "label_type": "解剖部位",
            "overlap": 0,
            "start_pos": 152,
            "text": "胸"
        },
        {
            "end_pos": 156,
            "label_type": "解剖部位",
            "overlap": 0,
            "start_pos": 155,
            "text": "胸"
        },
        {
            "end_pos": 160,
            "label_type": "解剖部位",
            "overlap": 0,
            "start_pos": 159,
            "text": "腹"
        },
        {
            "end_pos": 163,
            "label_type": "解剖部位",
            "overlap": 0,
            "start_pos": 162,
            "text": "腹"
        },
        {
            "end_pos": 170,
            "label_type": "解剖部位",
            "overlap": 0,
            "start_pos": 168,
            "text": "骨骼"
        },
        {
            "label_type": "疾病和诊断",
            "overlap": 0,
            "start_pos": 195,
            "end_pos": 211,
            "text": "食管癌（T3N2M0IIIB期）"
        }
    ]
}