{
    "originalText": "，，患者2月余前因“反剑突复上痛3年，余重，出院2月。，”入院，入院完善辅助检查后于2015.12OR.09在于全远端胃切除+B-II重建+空肠BRAUN吻合麻上，行“远端切除+B，-II重建+，空肠B利，，RAUN吻合胃”术，术后予胃粘液腺癌，LAUREN，分型：肠型，以预防胃感染，对，症支持治疗，恢复顺利，，术后病理:癌（切大体）癌镜检为，LAURE粘液腺癌N，分，型：肠型：癌，浸 润ER-至壁浆膜，层E，可见+脉管，及神经束：EBER侵犯-；网膜组织未见癌。-切缘-未见癌。O淋巴奥沙利铂 结6/44 + 替吉奥 见转移。 BI，免疫组化：癌细，胞 HER-2（0），VEGF（+）。，原位杂交：E，BERS（，-头）。头术，后于2016，-心01胸-2胸0，行SOX（ 150MG +，胃 50，MG B，ID）重第1疗程化疗",
    "entities": [
        {
            "label_type": "解剖部位",
            "overlap": 0,
            "start_pos": 11,
            "end_pos": 13,
            "text": "剑突"
        },
        {
            "label_type": "影像检查",
            "overlap": 0,
            "start_pos": 49,
            "end_pos": 51,
            "text": "OR"
        },
        {
            "label_type": "手术",
            "overlap": 0,
            "start_pos": 57,
            "end_pos": 79,
            "text": "远端胃切除+B-II重建+空肠BRAUN吻合"
        },
        {
            "label_type": "解剖部位",
            "overlap": 0,
            "start_pos": 110,
            "end_pos": 111,
            "text": "胃"
        },
        {
            "label_type": "疾病和诊断",
            "overlap": 0,
            "start_pos": 117,
            "end_pos": 135,
            "text": "胃粘液腺癌，LAUREN，分型：肠型"
        },
        {
            "label_type": "解剖部位",
            "overlap": 0,
            "start_pos": 139,
            "end_pos": 140,
            "text": "胃"
        },
        {
            "label_type": "疾病和诊断",
            "overlap": 0,
            "start_pos": 178,
            "end_pos": 182,
            "text": "粘液腺癌"
        },
        {
            "end_pos": 249,
            "label_type": "药物",
            "overlap": 0,
            "start_pos": 245,
            "text": "奥沙利铂"
        },
        {
            "end_pos": 262,
            "label_type": "药物",
            "overlap": 0,
            "start_pos": 258,
            "text": "替吉奥 "
        },
        {
            "end_pos": 313,
            "label_type": "解剖部位",
            "overlap": 0,
            "start_pos": 312,
            "text": "头"
        },
        {
            "end_pos": 316,
            "label_type": "解剖部位",
            "overlap": 0,
            "start_pos": 315,
            "text": "头"
        },
        {
            "end_pos": 327,
            "label_type": "解剖部位",
            "overlap": 0,
            "start_pos": 326,
            "text": "心"
        },
        {
            "end_pos": 330,
            "label_type": "解剖部位",
            "overlap": 0,
            "start_pos": 329,
            "text": "胸"
        },
        {
            "end_pos": 333,
            "label_type": "解剖部位",
            "overlap": 0,
            "start_pos": 332,
            "text": "胸"
        }
    ]
}