{
    "originalText": "，患者约2个月前因“腹胀2个月，加重10天”入我科；血，CA125：799U/ML；行大网膜穿刺活检病理为“转移癌，注意卵巢来源”。于8月1日行多西他赛+卡铂+干扰素静脉、腹腔联合化疗，过程顺利，化疗副反应轻微。于2011年8月30日行全子宫、两侧卵巢输卵管切除术。手术残留病灶>2CM，预后差。病理（422783），：卵巢浆液性乳头状囊腺癌。，诊断：卵巢浆液性乳头状囊腺癌IIIC期（两卵巢、子宫、大网膜、肠管、盆腹腔腹膜）。于2011年9月5日行多西他赛＋卡铂静脉联合方案化疗。末次化疗出院后，阴道排出清亮液体，持续4-5日后明显减少，阵发性。腹胀缓解。约10天前自于右侧颈部触及约卵黄大及蚕豆大小结节，质硬，无明显触痛。饮食、睡眠、精神欠佳，二便正常，体重无明显上降。",
    "entities": [
        {
            "end_pos": 11,
            "label_type": "解剖部位",
            "start_pos": 10,
            "text": "腹"
        },
        {
            "label_type": "实验室检验",
            "start_pos": 28,
            "end_pos": 33,
            "text": "CA125"
        },
        {
            "end_pos": 62,
            "label_type": "解剖部位",
            "start_pos": 60,
            "text": "卵巢"
        },
        {
            "end_pos": 76,
            "label_type": "药物",
            "start_pos": 72,
            "text": "多西他赛"
        },
        {
            "end_pos": 79,
            "label_type": "药物",
            "start_pos": 77,
            "text": "卡铂"
        },
        {
            "end_pos": 83,
            "label_type": "药物",
            "start_pos": 80,
            "text": "干扰素"
        },
        {
            "label_type": "解剖部位",
            "start_pos": 86,
            "end_pos": 87,
            "text": "腹"
        },
        {
            "end_pos": 132,
            "label_type": "解剖部位",
            "start_pos": 118,
            "text": "全子宫、两侧卵巢输卵管切除术"
        },
        {
            "label_type": "疾病和诊断",
            "start_pos": 160,
            "end_pos": 171,
            "text": "卵巢浆液性乳头状囊腺癌"
        },
        {
            "label_type": "疾病和诊断",
            "start_pos": 176,
            "end_pos": 192,
            "text": "卵巢浆液性乳头状囊腺癌IIIC期"
        },
        {
            "end_pos": 196,
            "label_type": "解剖部位",
            "start_pos": 193,
            "text": "两卵巢"
        },
        {
            "end_pos": 199,
            "label_type": "解剖部位",
            "start_pos": 197,
            "text": "子宫"
        },
        {
            "label_type": "解剖部位",
            "start_pos": 204,
            "end_pos": 205,
            "text": "肠"
        },
        {
            "label_type": "解剖部位",
            "start_pos": 208,
            "end_pos": 209,
            "text": "腹"
        },
        {
            "label_type": "解剖部位",
            "start_pos": 210,
            "end_pos": 211,
            "text": "腹"
        },
        {
            "end_pos": 229,
            "label_type": "药物",
            "start_pos": 225,
            "text": "多西他赛"
        },
        {
            "end_pos": 232,
            "label_type": "药物",
            "start_pos": 230,
            "text": "卡铂"
        },
        {
            "end_pos": 251,
            "label_type": "解剖部位",
            "start_pos": 249,
            "text": "阴道"
        },
        {
            "end_pos": 275,
            "label_type": "解剖部位",
            "start_pos": 274,
            "text": "腹"
        },
        {
            "end_pos": 290,
            "label_type": "解剖部位",
            "start_pos": 286,
            "text": "右侧颈部"
        }
    ]
}