{
    "originalText": "，缘于入院前28个月因结肠息肉行腹部CT示肝脏数个低、稍低密度灶灶部，部分为肿小部囊转移瘤肿，部除分转移瘤不能06，并于201腹腔镜上乙状结肠病损切除术2术后病.03.排除行，术55后病理(2降结肠肿瘤0肠管系膜120肠溃疡型管状腺癌II级6355膜)，示术：(及切)，：，侵出切外膜层。上切手术标本双癌切口及另送肿(周淋巴结下切端)、(肠周淋巴结上切端)均癌转移未术后见癌浸润。找到肿物周淋巴结4-/-150个，2/上8个左肝转移灶射频消融术见癌转移，术后患-5-者恢复顺利出-5-院。于201艾恒25-4-2希罗达5在B超引导上I行“”，并于2012-5-8-及2-012-5-3-0行-2次“150M-G+-1000MGB-ID-*14天”化疗-。于-2012-06--2-2、2肝012管-5-FU0亚叶酸钙8艾恒-24、2后012-10-11、2013-01-18、2结肠癌肝转移术后01术后3-03-11、2013-04-08行动脉置管(++)化疗，此后不定期复查",
    "entities": [
        {
            "label_type": "疾病和诊断",
            "overlap": 0,
            "start_pos": 11,
            "end_pos": 15,
            "text": "结肠息肉"
        },
        {
            "label_type": "影像检查",
            "overlap": 0,
            "start_pos": 16,
            "end_pos": 20,
            "text": "腹部CT"
        },
        {
            "end_pos": 23,
            "label_type": "解剖部位",
            "overlap": 0,
            "start_pos": 21,
            "text": "肝脏"
        },
        {
            "end_pos": 76,
            "label_type": "手术",
            "overlap": 0,
            "start_pos": 63,
            "text": "腹腔镜上乙状结肠病损切除术"
        },
        {
            "label_type": "疾病和诊断",
            "overlap": 0,
            "start_pos": 96,
            "end_pos": 101,
            "text": "降结肠肿瘤"
        },
        {
            "end_pos": 106,
            "label_type": "解剖部位",
            "overlap": 0,
            "start_pos": 102,
            "text": "肠管系膜"
        },
        {
            "label_type": "疾病和诊断",
            "overlap": 0,
            "start_pos": 109,
            "end_pos": 120,
            "text": "肠溃疡型管状腺癌II级"
        },
        {
            "end_pos": 174,
            "label_type": "解剖部位",
            "overlap": 0,
            "start_pos": 169,
            "text": "肠周淋巴结"
        },
        {
            "end_pos": 222,
            "label_type": "手术",
            "overlap": 0,
            "start_pos": 212,
            "text": "左肝转移灶射频消融术"
        },
        {
            "end_pos": 250,
            "label_type": "药物",
            "overlap": 0,
            "start_pos": 248,
            "text": "艾恒"
        },
        {
            "end_pos": 259,
            "label_type": "药物",
            "overlap": 0,
            "start_pos": 256,
            "text": "希罗达"
        },
        {
            "label_type": "解剖部位",
            "overlap": 0,
            "start_pos": 343,
            "end_pos": 344,
            "text": "肝"
        },
        {
            "end_pos": 353,
            "label_type": "药物",
            "overlap": 0,
            "start_pos": 349,
            "text": "5-FU"
        },
        {
            "end_pos": 358,
            "label_type": "药物",
            "overlap": 0,
            "start_pos": 354,
            "text": "亚叶酸钙"
        },
        {
            "end_pos": 361,
            "label_type": "药物",
            "overlap": 0,
            "start_pos": 359,
            "text": "艾恒"
        },
        {
            "label_type": "疾病和诊断",
            "overlap": 0,
            "start_pos": 389,
            "end_pos": 397,
            "text": "结肠癌肝转移术后"
        }
    ]
}