{
    "originalText": "，患者于2012年9月20日体检行胃镜检查，诊断胃癌，于2012-9-29在**二院行胃癌根治术，，术后病理我院会诊示:胃低分化腺癌，部分印戒细胞癌，可见脉管内瘤栓，浸润深肌层；送检淋巴结27/56见腺癌转移。原单位，IHC:HER2(1+),VILLIN(+),CDX2(+/-），KI67(25%)，P53（-），TOP02(15%+),CK(+),CD34血管（+),D2-40淋巴管（+），CEA(+),EGFR(+/-).术后我院，CT：胃癌术后，吻合口未见明确肿物；右下肺少许纤维增殖灶；肝S7、S3低密度区，考虑囊肿；盆腔未见明确占位病变，盆底少量积液。至我可就诊，于2012-10-26、11-20、12-11、2013-1-8给予SOX方案化疗4程，过程顺利无不适。病程中精神饮食好睡眠尚可，二便正常，否认恶心呕吐、食欲不振、返酸等不适，自下次出院至今体重未见明显减轻。",
    "entities": [
        {
            "label_type": "疾病和诊断",
            "start_pos": 24,
            "end_pos": 26,
            "text": "胃癌"
        },
        {
            "end_pos": 48,
            "label_type": "手术",
            "start_pos": 43,
            "text": "胃癌根治术"
        },
        {
            "label_type": "疾病和诊断",
            "start_pos": 60,
            "end_pos": 66,
            "text": "胃低分化腺癌"
        },
        {
            "label_type": "疾病和诊断",
            "start_pos": 69,
            "end_pos": 74,
            "text": "印戒细胞癌"
        },
        {
            "label_type": "疾病和诊断",
            "start_pos": 100,
            "end_pos": 104,
            "text": "腺癌转移"
        },
        {
            "label_type": "影像检查",
            "start_pos": 221,
            "end_pos": 223,
            "text": "CT"
        },
        {
            "label_type": "疾病和诊断",
            "start_pos": 224,
            "end_pos": 228,
            "text": "胃癌术后"
        },
        {
            "end_pos": 242,
            "label_type": "解剖部位",
            "start_pos": 239,
            "text": "右下肺"
        },
        {
            "end_pos": 256,
            "label_type": "解剖部位",
            "start_pos": 250,
            "text": "肝S7、S3"
        },
        {
            "end_pos": 268,
            "label_type": "解剖部位",
            "start_pos": 266,
            "text": "盆腔"
        },
        {
            "label_type": "疾病和诊断",
            "start_pos": 277,
            "end_pos": 283,
            "text": "盆底少量积液"
        }
    ]
}