{
    "originalText": "患者于2009.11因CEA升高检查发现升结肠癌肺转移，2009.12.2于我院行左半结肠切除术，术后病理：中分化腺癌，PT4N0M1,术后恢复可，2009.12.25始予以FOLFIRI+C225化疗12次，末次化疗2010.7.16，化疗过程顺利，曾出现肝功能轻度受损，护肝治疗后好转。后于2011-10-25起行XELODA单药维持6程。6程后复查CT(2011-4-14)示两肺转移瘤较前进展，结直肠科多学科会诊意见考虑暂时不建议强烈化疗，可口服化疗，若病灶进展，可行进一步强烈化疗。遂于2011-4-28起行S-1口服治疗至今，2011-8-18复查CT示两肺转移灶稍增大。2011-9-1、9-22行XELOX方案化疗2程，过程顺利，现为行进一步治疗入院。近来一般情况良好，精神佳，饮食睡眠好，体重无明显上降。",
    "entities": [
        {
            "label_type": "实验室检验",
            "start_pos": 11,
            "end_pos": 14,
            "text": "CEA"
        },
        {
            "label_type": "疾病和诊断",
            "start_pos": 20,
            "end_pos": 27,
            "text": "升结肠癌肺转移"
        },
        {
            "end_pos": 48,
            "label_type": "手术",
            "start_pos": 41,
            "text": "左半结肠切除术"
        },
        {
            "label_type": "疾病和诊断",
            "start_pos": 54,
            "end_pos": 59,
            "text": "中分化腺癌"
        },
        {
            "label_type": "药物",
            "start_pos": 95,
            "end_pos": 99,
            "text": "C225"
        },
        {
            "end_pos": 130,
            "label_type": "解剖部位",
            "start_pos": 129,
            "text": "肝"
        },
        {
            "end_pos": 139,
            "label_type": "解剖部位",
            "start_pos": 138,
            "text": "肝"
        },
        {
            "end_pos": 165,
            "label_type": "药物",
            "start_pos": 159,
            "text": "XELODA"
        },
        {
            "label_type": "影像检查",
            "start_pos": 177,
            "end_pos": 179,
            "text": "CT"
        },
        {
            "label_type": "疾病和诊断",
            "start_pos": 191,
            "end_pos": 196,
            "text": "两肺转移瘤"
        },
        {
            "end_pos": 262,
            "label_type": "药物",
            "start_pos": 259,
            "text": "S-1"
        },
        {
            "label_type": "影像检查",
            "start_pos": 280,
            "end_pos": 282,
            "text": "CT"
        },
        {
            "label_type": "疾病和诊断",
            "start_pos": 283,
            "end_pos": 287,
            "text": "两肺转移"
        }
    ]
}