{
    "originalText": "，，患者5月余前因发“性胸发作性闷半、憋，气半年余，加重1，，月肠余”麻醉，，结肠癌行结肠多发息肉肠镜检查术提示后：、。查无-手术-禁忌后于2016-1左半结肠切除术1，术后-03日结肠腺癌（中-低度分化），浸润溃疡型，在全身入院上行。，术后病理，示：，体，积7.5*切除4*1.切7CM，侵穿浆（膜，）未累及底部（切除）面及双端切（线。 ）“一结站”（癌7慢性阑尾炎，个）、“多中性二站”浸润（，癌5个）、“化三站”（12个（-））淋巴结未（-）查见癌。，（外）膜有较多中（性）粒细胞浸润（。），癌组织免（疫）组化染色示：SYN（-），、BR，A腹F腹（-）、，MLH1（+）、化MSH2（，+）、M结肠癌术后SH6（+）、PMS2（±）。，院外期，间患者一多，般情况好，，无恶心，无痛胀化胀",
    "entities": [
        {
            "end_pos": 13,
            "label_type": "解剖部位",
            "overlap": 0,
            "start_pos": 12,
            "text": "胸"
        },
        {
            "label_type": "疾病和诊断",
            "overlap": 0,
            "start_pos": 39,
            "end_pos": 42,
            "text": "结肠癌"
        },
        {
            "label_type": "疾病和诊断",
            "overlap": 0,
            "start_pos": 43,
            "end_pos": 49,
            "text": "结肠多发息肉"
        },
        {
            "end_pos": 83,
            "label_type": "手术",
            "overlap": 0,
            "start_pos": 76,
            "text": "左半结肠切除术"
        },
        {
            "label_type": "疾病和诊断",
            "overlap": 0,
            "start_pos": 91,
            "end_pos": 109,
            "text": "结肠腺癌（中-低度分化），浸润溃疡型"
        },
        {
            "label_type": "疾病和诊断",
            "overlap": 0,
            "start_pos": 179,
            "end_pos": 184,
            "text": "慢性阑尾炎"
        },
        {
            "end_pos": 275,
            "label_type": "解剖部位",
            "overlap": 0,
            "start_pos": 274,
            "text": "腹"
        },
        {
            "end_pos": 277,
            "label_type": "解剖部位",
            "overlap": 0,
            "start_pos": 276,
            "text": "腹"
        },
        {
            "label_type": "疾病和诊断",
            "overlap": 0,
            "start_pos": 301,
            "end_pos": 306,
            "text": "结肠癌术后"
        }
    ]
}