{
    "originalText": "，，患者2016年2月因“反下腹复痛4月余。”入，院，入院辅助完善，，辅助检查：胃癌，，明确诊断：-癌。-后于20R16-02-腹腔镜辅助胃癌根治术1远端胃切除7B-II重建在空肠空肠Ｂｒａｕｎ吻合OR，术于全麻上行“腹，腔镜辅助治癌，根治术利，，术（予以）”：，胃大体术镜后为中-低分化腺癌，部分为印戒细胞癌，LAUREN，分型：混合型，癌++预防感胃染，对症支，持治疗，恢癌复顺利，，术后病切理回报癌：（大体）镜检为，癌腺癌组织浸，润至壁化：浆膜上层，，可E见脉管内癌，栓ER-及神-经束，侵犯。切：EBER缘未-见癌 术。淋巴结）2-/4-6见腺癌转移。-，免-疫组化：CK（-+）-，VEGF（+-），-HER-2（--）。-，原位杂交：E-BE-RS（-）。 奥沙利铂 术后于20 16- I03RI- 21 、 替吉奥 2016 BI- 04 -1-1、2化016-，05-利03为、术2016-化05-治23、下2016-，06体重-13、化2",
    "entities": [
        {
            "end_pos": 16,
            "label_type": "解剖部位",
            "overlap": 0,
            "start_pos": 14,
            "text": "下腹"
        },
        {
            "end_pos": 41,
            "label_type": "解剖部位",
            "overlap": 0,
            "start_pos": 40,
            "text": "胃"
        },
        {
            "end_pos": 74,
            "label_type": "手术",
            "overlap": 0,
            "start_pos": 64,
            "text": "腹腔镜辅助胃癌根治术"
        },
        {
            "end_pos": 80,
            "label_type": "手术",
            "overlap": 0,
            "start_pos": 75,
            "text": "远端胃切除"
        },
        {
            "end_pos": 87,
            "label_type": "手术",
            "overlap": 0,
            "start_pos": 81,
            "text": "B-II重建"
        },
        {
            "end_pos": 99,
            "label_type": "手术",
            "overlap": 0,
            "start_pos": 88,
            "text": "空肠空肠Ｂｒａｕｎ吻合"
        },
        {
            "label_type": "解剖部位",
            "overlap": 0,
            "start_pos": 132,
            "end_pos": 135,
            "text": "胃大体"
        },
        {
            "label_type": "疾病和诊断",
            "overlap": 0,
            "start_pos": 139,
            "end_pos": 169,
            "text": "中-低分化腺癌，部分为印戒细胞癌，LAUREN，分型：混合型"
        },
        {
            "label_type": "解剖部位",
            "overlap": 0,
            "start_pos": 176,
            "end_pos": 177,
            "text": "胃"
        },
        {
            "end_pos": 339,
            "label_type": "药物",
            "overlap": 0,
            "start_pos": 335,
            "text": "奥沙利铂"
        },
        {
            "end_pos": 366,
            "label_type": "药物",
            "overlap": 0,
            "start_pos": 362,
            "text": "替吉奥 "
        }
    ]
}