{
    "originalText": "，患者20余天前无明显诱因出现脐下疼痛，为阵发性疼痛，伴轻度腹胀，大便2天1次，无发热，无恶心、呕吐，无脓血便等不适，遂就诊于我院，，行胃镜检查示：慢性浅表萎缩性胃炎，胃多发息肉，胃黄斑瘤，，行腹部CT平扫示：回盲部及升结肠近段肠壁明显不规则增厚，考虑恶性肿瘤，结肠癌可能性大，淋巴瘤不完全除外，建议强化CT或肠镜进一步检查，腹腔多发淋巴结肿大，考虑转移，腹膜后多发略肿大淋巴结，胃充盈欠佳，建议结合钡餐，脂肪肝，，行肠镜检查示：进境70CM，到达升结肠，见距大不规则粘膜隆起阻塞管腔，触之易出血，无法继续进境，取病理结果未回。现患者为求进一步治疗来我院，门诊以“结肠肿物”收入院。患者自发病以来，饮食睡眠可，大小便无明显异常，体重较前减轻约5KG。",
    "entities": [
        {
            "end_pos": 16,
            "label_type": "解剖部位",
            "start_pos": 15,
            "text": "脐"
        },
        {
            "end_pos": 31,
            "label_type": "解剖部位",
            "start_pos": 30,
            "text": "腹"
        },
        {
            "label_type": "疾病和诊断",
            "start_pos": 74,
            "end_pos": 83,
            "text": "慢性浅表萎缩性胃炎"
        },
        {
            "label_type": "疾病和诊断",
            "start_pos": 84,
            "end_pos": 89,
            "text": "胃多发息肉"
        },
        {
            "label_type": "疾病和诊断",
            "start_pos": 90,
            "end_pos": 94,
            "text": "胃黄斑瘤"
        },
        {
            "label_type": "影像检查",
            "start_pos": 97,
            "end_pos": 101,
            "text": "腹部CT"
        },
        {
            "end_pos": 108,
            "label_type": "解剖部位",
            "start_pos": 105,
            "text": "回盲部"
        },
        {
            "label_type": "解剖部位",
            "start_pos": 109,
            "end_pos": 112,
            "text": "升结肠"
        },
        {
            "label_type": "解剖部位",
            "start_pos": 114,
            "end_pos": 115,
            "text": "肠"
        },
        {
            "label_type": "疾病和诊断",
            "start_pos": 131,
            "end_pos": 134,
            "text": "结肠癌"
        },
        {
            "label_type": "疾病和诊断",
            "start_pos": 139,
            "end_pos": 142,
            "text": "淋巴瘤"
        },
        {
            "label_type": "影像检查",
            "start_pos": 152,
            "end_pos": 154,
            "text": "CT"
        },
        {
            "label_type": "解剖部位",
            "start_pos": 163,
            "end_pos": 164,
            "text": "腹"
        },
        {
            "label_type": "解剖部位",
            "start_pos": 178,
            "end_pos": 179,
            "text": "腹"
        },
        {
            "end_pos": 191,
            "label_type": "解剖部位",
            "start_pos": 190,
            "text": "胃"
        },
        {
            "label_type": "疾病和诊断",
            "start_pos": 203,
            "end_pos": 206,
            "text": "脂肪肝"
        },
        {
            "end_pos": 227,
            "label_type": "解剖部位",
            "start_pos": 224,
            "text": "升结肠"
        },
        {
            "end_pos": 284,
            "label_type": "解剖部位",
            "start_pos": 282,
            "text": "结肠"
        }
    ]
}