{
    "originalText": "，，患者约1个于1个“胃癌”月前因1“”1于20314-10根治性胃大部切除、毕I式吻合术，-术23，术后在全麻上、行，手术顺利，分期治给予，术后输液、抗（93生素及营养1支）胃窦大弯侧腺癌（中度分化），浸润溃疡型，持等治疗5。，术后，病理示8：（，9302.20切12），癌面四组（5个）、六组（9个）、“1、3、7组”（8个）淋巴结，积2.癌5，术后*2分CM，厚2.8CM，，II侵达浆膜。双端，切线未查见，癌腹。腹，未查，大见癌。，术后病理术后：化PT4AN0，M“胃癌术后”0，IIB期。院外期间，患者无发热，，无痛，胀不适，，大便，大、通畅。现，患者为行复查化化疗",
    "entities": [
        {
            "label_type": "疾病和诊断",
            "overlap": 0,
            "start_pos": 11,
            "end_pos": 13,
            "text": "胃癌"
        },
        {
            "label_type": "手术",
            "overlap": 0,
            "start_pos": 30,
            "end_pos": 45,
            "text": "根治性胃大部切除、毕I式吻合术"
        },
        {
            "label_type": "疾病和诊断",
            "overlap": 0,
            "start_pos": 88,
            "end_pos": 107,
            "text": "胃窦大弯侧腺癌（中度分化），浸润溃疡型"
        },
        {
            "label_type": "解剖部位",
            "overlap": 0,
            "start_pos": 139,
            "end_pos": 168,
            "text": "四组（5个）、六组（9个）、“1、3、7组”（8个）淋巴结"
        },
        {
            "end_pos": 209,
            "label_type": "解剖部位",
            "overlap": 0,
            "start_pos": 208,
            "text": "腹"
        },
        {
            "end_pos": 211,
            "label_type": "解剖部位",
            "overlap": 0,
            "start_pos": 210,
            "text": "腹"
        },
        {
            "label_type": "疾病和诊断",
            "overlap": 0,
            "start_pos": 237,
            "end_pos": 241,
            "text": "胃癌术后"
        }
    ]
}