{
    "originalText": "患儿系第3胎第3产，孕30+5周早产，因阴道流血、前置胎盘、疤痕子宫剖宫产娩出。宫内无窘迫，生后患儿刺激后无反应，四肢皮肤青紫，肌张力低，生后1分钟评分为4分（皮肤颜色、心率、呼吸、肌张力各1分），生后立即给予清理呼吸道、复苏气囊、胸外按压约2分钟，皮肤逐渐转红润，哭声弱，伴呻吟，5分钟评分均为8分（肌张力、反应各减1分），患儿早产，生活能力低上，为进一步观察治疗，在产科给予气管插管，气管内注入肺表面活性物质70MG后转入我科，生后未开奶，小便已排，大便未解。",
    "entities": [
        {
            "end_pos": 22,
            "label_type": "解剖部位",
            "start_pos": 20,
            "text": "阴道"
        },
        {
            "label_type": "疾病和诊断",
            "start_pos": 25,
            "end_pos": 29,
            "text": "前置胎盘"
        },
        {
            "label_type": "疾病和诊断",
            "start_pos": 30,
            "end_pos": 39,
            "text": "疤痕子宫剖宫产娩出"
        },
        {
            "label_type": "解剖部位",
            "start_pos": 57,
            "end_pos": 59,
            "text": "四肢"
        },
        {
            "end_pos": 117,
            "label_type": "解剖部位",
            "start_pos": 116,
            "text": "胸"
        },
        {
            "end_pos": 191,
            "label_type": "解剖部位",
            "start_pos": 189,
            "text": "气管"
        },
        {
            "end_pos": 196,
            "label_type": "解剖部位",
            "start_pos": 194,
            "text": "气管"
        },
        {
            "label_type": "药物",
            "start_pos": 199,
            "end_pos": 206,
            "text": "肺表面活性物质"
        }
    ]
}