{
    "originalText": "患者因“下腹部疼痛不适，以进食后尤甚，伴返酸、嗳气”，在我院确诊胃癌，遂于2015.3.13在我院手术术室全麻上行\\胃癌根治术\"远端胃大部切除+ROUX-EN-Y重建（）\\\"术，术利程术顺利，术后术恢复可。术后病理N提示：T3N3M0，IIIB。 已于2015.4.3、2015.4.2-2、-2015-05---14、201-5--6-4,2015-6奥沙利铂+替吉奥-26行5程化疗，方案为+，化疗期间无肝肾明显副反应，现正常血常规、功能结果基本复查。现为行上一程化疗收入我科。起病以来大，患者精神尚可，食欲一般，",
    "entities": [
        {
            "end_pos": 7,
            "label_type": "解剖部位",
            "overlap": 0,
            "start_pos": 4,
            "text": "下腹部"
        },
        {
            "label_type": "疾病和诊断",
            "overlap": 0,
            "start_pos": 32,
            "end_pos": 34,
            "text": "胃癌"
        },
        {
            "end_pos": 63,
            "label_type": "手术",
            "overlap": 0,
            "start_pos": 58,
            "text": "胃癌根治术"
        },
        {
            "label_type": "手术",
            "overlap": 0,
            "start_pos": 64,
            "end_pos": 83,
            "text": "远端胃大部切除+ROUX-EN-Y重建"
        },
        {
            "end_pos": 181,
            "label_type": "药物",
            "overlap": 0,
            "start_pos": 177,
            "text": "奥沙利铂"
        },
        {
            "end_pos": 185,
            "label_type": "药物",
            "overlap": 0,
            "start_pos": 182,
            "text": "替吉奥"
        },
        {
            "label_type": "解剖部位",
            "overlap": 0,
            "start_pos": 204,
            "end_pos": 205,
            "text": "肝"
        },
        {
            "label_type": "解剖部位",
            "overlap": 0,
            "start_pos": 205,
            "end_pos": 206,
            "text": "肾"
        }
    ]
}