{
    "originalText": "2009.11于我院行直肠癌根治术(距肛缘10CM,T4N1CM0,脉管(+),可见癌结节)，XELOX*8，2010.4结束。2010.6还纳术，2010.9复查MRI发现骶尾部占位，放疗30次，缩小,未行手术.1年后复查稳定,但CEA升高,且出现排便困难的症状,于2011.10.25行骶尾部肿物切除术。\\U0004\\U0004 2012.2复查CEA135.1较前明显升高，盆腔MRI再次发现骶前肿物（4*3CM），右髂髂血管旁淋巴结（2.7*2.6CM),考虑转移，目前骶尾部疼痛, .予以FOLFIRI化疗3周期，消化道反应II度，2012-4-13肿标：CEA 925,CA199 293.1,CA72.4 43.72,CA242 306.5.目前为3周期后评效就诊。\\U0004\\U0004。",
    "entities": [
        {
            "end_pos": 17,
            "label_type": "手术",
            "start_pos": 11,
            "text": "直肠癌根治术"
        },
        {
            "label_type": "影像检查",
            "start_pos": 82,
            "end_pos": 85,
            "text": "MRI"
        },
        {
            "label_type": "解剖部位",
            "start_pos": 87,
            "end_pos": 90,
            "text": "骶尾部"
        },
        {
            "label_type": "实验室检验",
            "start_pos": 116,
            "end_pos": 119,
            "text": "CEA"
        },
        {
            "end_pos": 153,
            "label_type": "手术",
            "start_pos": 145,
            "text": "骶尾部肿物切除术"
        },
        {
            "label_type": "实验室检验",
            "start_pos": 175,
            "end_pos": 178,
            "text": "CEA"
        },
        {
            "label_type": "影像检查",
            "start_pos": 190,
            "end_pos": 195,
            "text": "盆腔MRI"
        },
        {
            "end_pos": 201,
            "label_type": "解剖部位",
            "start_pos": 199,
            "text": "骶前"
        },
        {
            "end_pos": 220,
            "label_type": "解剖部位",
            "start_pos": 211,
            "text": "右髂髂血管旁淋巴结"
        },
        {
            "end_pos": 242,
            "label_type": "解剖部位",
            "start_pos": 239,
            "text": "骶尾部"
        }
    ]
}