{
    "originalText": "患者2013.7在外院行肠镜示结肠癌，2013.8.5行结肠癌根治术，术后病理示腺癌，术后未行化疗。2014.3出现腹痛，纳差，外院B超示肝多发肿块， 遂到我院就诊。CT示肺、肝、腹腔多发淋巴结转移。2014-05-06、2014-05-29、2014-06-24,2014-07-22、2014-08-26、2014-09-16在我院行XELOX方案化疗6程顺利。下次化疗后出现1度恶心、呕吐，1度手足综合征、1度腹泻。2程化疗后复查CT疗效为PR。入院前患者一般情况好,饮食睡眠可,时有便秘，小便正常，体重较前无明显减轻。",
    "entities": [
        {
            "label_type": "疾病和诊断",
            "start_pos": 15,
            "end_pos": 18,
            "text": "结肠癌"
        },
        {
            "end_pos": 34,
            "label_type": "手术",
            "start_pos": 28,
            "text": "结肠癌根治术"
        },
        {
            "label_type": "疾病和诊断",
            "start_pos": 40,
            "end_pos": 42,
            "text": "腺癌"
        },
        {
            "end_pos": 59,
            "label_type": "解剖部位",
            "start_pos": 58,
            "text": "腹"
        },
        {
            "label_type": "影像检查",
            "start_pos": 66,
            "end_pos": 68,
            "text": "B超"
        },
        {
            "end_pos": 70,
            "label_type": "解剖部位",
            "start_pos": 69,
            "text": "肝"
        },
        {
            "label_type": "影像检查",
            "start_pos": 83,
            "end_pos": 85,
            "text": "CT"
        },
        {
            "label_type": "疾病和诊断",
            "start_pos": 86,
            "end_pos": 99,
            "text": "肺、肝、腹腔多发淋巴结转移"
        },
        {
            "label_type": "疾病和诊断",
            "start_pos": 198,
            "end_pos": 205,
            "text": "1度手足综合征"
        },
        {
            "end_pos": 209,
            "label_type": "解剖部位",
            "start_pos": 208,
            "text": "腹"
        },
        {
            "label_type": "影像检查",
            "start_pos": 218,
            "end_pos": 220,
            "text": "CT"
        }
    ]
}