{
    "originalText": "，，患者2015年9月9日于全上经腹腔镜直肠癌DIXON术，，术麻上经腔直肠癌（浆膜上层），扁平隆起型，高分化腺癌，I级，镜直肠癌，癌DIXO癌N术（，，术后病），，理：，断端浆膜上层，无癌，经淋巴结（可见，癌转癌移（（），5/13枚）（，，，浸润N深，分度：浆膜N上层，周，III围神，，经节侵化犯（I+)（，脉管癌栓（-），），结外肿瘤种植（-，)DX，PTNM，分期，：T3N2AM0，，IIIB期，，，免疫组化：KI67（，50-70%+），，P53(>90%，+)，CDX2(>90，%+)，CA199(+，)，CEA(+++)，，GSTP1(+++)，EGFR(+++D)，（V）EGF(癌+，+)，MLH1D(>90%+)，MSH癌2(>90经%+)，（M）SH癌6(，，>90%+)，PM术S2(>90%，术+)腹腔。血化管内皮，细胞CD34（+）其内未见癌栓，淋巴，管内皮细胞，D2-40，(腹+，)其内，未见癌栓,周围神经化S10O0，（分+）分可",
    "entities": [
        {
            "end_pos": 29,
            "label_type": "手术",
            "overlap": 0,
            "start_pos": 16,
            "text": "经腹腔镜直肠癌DIXON术"
        },
        {
            "label_type": "疾病和诊断",
            "overlap": 0,
            "start_pos": 36,
            "end_pos": 60,
            "text": "直肠癌（浆膜上层），扁平隆起型，高分化腺癌，I级"
        },
        {
            "end_pos": 366,
            "label_type": "解剖部位",
            "overlap": 0,
            "start_pos": 364,
            "text": "腹腔"
        },
        {
            "end_pos": 406,
            "label_type": "解剖部位",
            "overlap": 0,
            "start_pos": 405,
            "text": "腹"
        }
    ]
}