{
    "originalText": "，患者3月前因“下腹部“疼痛不适半年余，加重伴进后食后呕吐2”月余”入院,1于-2-016-9-胃癌根治术（毕-II式吻合）7在术全麻上利行术后（），手术过程顺利合，术后患者恢复好术后，切口胃窦低分化腺癌愈合好，按期拆线。，术1后病理：，体积3.5*3.5*1.6CM，浸润癌溃疡“第六组”（型/1，个）、“胃第六组”（1/1）淋巴结癌双端浆第三组（4个）、第四组（4个）、“胃第七组”（1个）淋巴结膜。侵癌穿第切组线未癌结查见个癌。癌组呈“第组化六组”（6/13个-）（1、）、“癌转（-）、移-。未查见癌I。-III（-）、第五组查1个见（癌）、结节一个II（。），根癌组织免疫组化化染色示：CER1B-B--2（1+第）、S化YN（-）、β奥沙利铂-TUBULI1N亚叶酸钙-III（氟尿嘧啶-）、 RRM1-个别（+）、TOPOI、I肝、（+、）。根据治患者病情化具有化疗指征，于化2016-09-25开始第一周期化疗，，方案为“胃癌术后”：200MG D1，0.3G+0.75G D2-D6，同时给与升白细胞、护、止14吐、免疫增强治疗，患者",
    "entities": [
        {
            "end_pos": 11,
            "label_type": "解剖部位",
            "overlap": 0,
            "start_pos": 8,
            "text": "下腹部"
        },
        {
            "end_pos": 53,
            "label_type": "手术",
            "overlap": 0,
            "start_pos": 48,
            "text": "胃癌根治术"
        },
        {
            "end_pos": 61,
            "label_type": "手术",
            "overlap": 0,
            "start_pos": 54,
            "text": "毕-II式吻合"
        },
        {
            "label_type": "疾病和诊断",
            "overlap": 0,
            "start_pos": 95,
            "end_pos": 102,
            "text": "胃窦低分化腺癌"
        },
        {
            "label_type": "解剖部位",
            "overlap": 0,
            "start_pos": 154,
            "end_pos": 167,
            "text": "胃第六组”（1/1）淋巴结"
        },
        {
            "label_type": "解剖部位",
            "overlap": 0,
            "start_pos": 171,
            "end_pos": 200,
            "text": "第三组（4个）、第四组（4个）、“胃第七组”（1个）淋巴结"
        },
        {
            "end_pos": 327,
            "label_type": "药物",
            "overlap": 0,
            "start_pos": 323,
            "text": "奥沙利铂"
        },
        {
            "end_pos": 340,
            "label_type": "药物",
            "overlap": 0,
            "start_pos": 336,
            "text": "亚叶酸钙"
        },
        {
            "end_pos": 349,
            "label_type": "药物",
            "overlap": 0,
            "start_pos": 345,
            "text": "氟尿嘧啶"
        },
        {
            "end_pos": 372,
            "label_type": "解剖部位",
            "overlap": 0,
            "start_pos": 371,
            "text": "肝"
        },
        {
            "label_type": "疾病和诊断",
            "overlap": 0,
            "start_pos": 419,
            "end_pos": 423,
            "text": "胃癌术后"
        }
    ]
}