{
    "originalText": "患者于6月前行结肠癌剖腹探查+左半结肠根根治切除术+肠减压术，术中发现结肠靠近肝曲可扪及一约3.0CM*2.0CM大小质硬包块，此段肠管明显狭窄，肿瘤致近端升结肠梗阻，升结肠明显扩张，直径约10CM，术中考虑升结肠癌，术后恢复好，病理类型（腺癌），分期T4N0M0。现患者术后6月，拟行6次化疗收住入院。\\U0004   患者发病以来，神志 清晰，精神可，胃纳可，大便如常，小便如常，体重未见明显上降。",
    "entities": [
        {
            "label_type": "手术",
            "start_pos": 7,
            "end_pos": 30,
            "text": "结肠癌剖腹探查+左半结肠根根治切除术+肠减压术"
        },
        {
            "end_pos": 41,
            "label_type": "解剖部位",
            "start_pos": 35,
            "text": "结肠靠近肝曲"
        },
        {
            "label_type": "解剖部位",
            "start_pos": 66,
            "end_pos": 67,
            "text": "肠"
        },
        {
            "label_type": "疾病和诊断",
            "start_pos": 76,
            "end_pos": 83,
            "text": "近端升结肠梗阻"
        },
        {
            "end_pos": 87,
            "label_type": "解剖部位",
            "start_pos": 84,
            "text": "升结肠"
        },
        {
            "label_type": "疾病和诊断",
            "start_pos": 104,
            "end_pos": 108,
            "text": "升结肠癌"
        },
        {
            "label_type": "疾病和诊断",
            "start_pos": 120,
            "end_pos": 122,
            "text": "腺癌"
        },
        {
            "end_pos": 179,
            "label_type": "解剖部位",
            "start_pos": 178,
            "text": "胃"
        }
    ]
}