{
    "originalText": "，患者自述于2013-1因尿色加深伴血尿，发热，腹胀就诊于我院，行胃镜检查示十二指肠乳头状癌。后于2013年2月4日在我院肿瘤外科行胰十二指肠切除术，术中见肿物位于十二指肠乳头部,大小约3*2厘米，术后病理为中分化腺癌，浸润至浆膜层，病理号为Z0448036。，术后分期：T3N0M0,IIA期。术后不适消失。后于2013-4-11始于我科行FOLFOX方案化疗7周期，，具体为：奥沙利铂（齐沙）200MG D1,同奥300MG D1,方克5.5G D1。化疗后出现I度恶心，I度手足综合症，I度血小板降低，转氨酶轻度升高，对症治疗后好转。第5周期化疗第二日出现急性腹泻，遂停止剩余替加氟静滴，并给予补液、止泻等治疗后好转。第6周期后出现发热，最高体温38.5℃，于当地诊所静滴头孢等消炎药及退热药后好转。2013-12复查，疾病无复发转移。现为进一步治疗入我科。患者近1月来精神尚可、偶感两上肢乏力，饮食睡眠一般，二便基本正常，体重无明显变化，周身无疼痛，ECOG评分1分。",
    "entities": [
        {
            "end_pos": 25,
            "label_type": "解剖部位",
            "start_pos": 24,
            "text": "腹"
        },
        {
            "label_type": "疾病和诊断",
            "start_pos": 38,
            "end_pos": 46,
            "text": "十二指肠乳头状癌"
        },
        {
            "end_pos": 74,
            "label_type": "手术",
            "start_pos": 66,
            "text": "胰十二指肠切除术"
        },
        {
            "end_pos": 89,
            "label_type": "解剖部位",
            "start_pos": 82,
            "text": "十二指肠乳头部"
        },
        {
            "label_type": "疾病和诊断",
            "start_pos": 104,
            "end_pos": 109,
            "text": "中分化腺癌"
        },
        {
            "label_type": "药物",
            "start_pos": 190,
            "end_pos": 198,
            "text": "奥沙利铂（齐沙）"
        },
        {
            "end_pos": 209,
            "label_type": "药物",
            "start_pos": 207,
            "text": "同奥"
        },
        {
            "end_pos": 220,
            "label_type": "药物",
            "start_pos": 218,
            "text": "方克"
        },
        {
            "label_type": "疾病和诊断",
            "start_pos": 240,
            "end_pos": 245,
            "text": "手足综合症"
        },
        {
            "label_type": "实验室检验",
            "start_pos": 248,
            "end_pos": 251,
            "text": "血小板"
        },
        {
            "label_type": "实验室检验",
            "start_pos": 254,
            "end_pos": 257,
            "text": "转氨酶"
        },
        {
            "end_pos": 284,
            "label_type": "解剖部位",
            "start_pos": 283,
            "text": "腹"
        },
        {
            "end_pos": 294,
            "label_type": "药物",
            "start_pos": 291,
            "text": "替加氟"
        },
        {
            "end_pos": 341,
            "label_type": "药物",
            "start_pos": 339,
            "text": "头孢"
        },
        {
            "end_pos": 398,
            "label_type": "解剖部位",
            "start_pos": 395,
            "text": "两上肢"
        }
    ]
}