{
    "originalText": "，患者4月前因“下腹部疼痛不适10余年，加重1月余””入院，2016-06-02在全麻上胃癌根治+幽门成形术行，术手术过利程术后顺利，术后患者恢复好，切口愈合好，按术后期拆线（。，术后病理5：（）20胃体小弯腺癌（中度分化）16部1154分6分化）体，：，局部伴神5经内分泌分化，体积2*1*0.5CM，溃疡型，侵”达浅肌癌层。D2三组”淋巴结（切线及另个）淋巴结癌送“近切四组”（5个）淋巴结线”未癌查见癌癌组。 呈组化“（8/13部分（+）个）淋巴结癌转移。（+）“未查见癌。 ，癌组织免疫组化染（+）色示：TS部（分）（+）、部分（T）OPOII多数（（+））术后、β-T化UBULIN-奥沙利铂I5II少数（++亚叶酸钙）、 RRM1（-）+氟尿嘧啶、5SYN部分（-）、CERBB-2（-）化。术后给予辅助化疗，，方治案为门：150胃癌术后MG D1+0.3G 双端-6 +750MG D2-6 静滴。现患者为体求体复查化疗来我院",
    "entities": [
        {
            "end_pos": 11,
            "label_type": "解剖部位",
            "overlap": 0,
            "start_pos": 8,
            "text": "下腹部"
        },
        {
            "label_type": "手术",
            "overlap": 0,
            "start_pos": 44,
            "end_pos": 54,
            "text": "胃癌根治+幽门成形术"
        },
        {
            "label_type": "疾病和诊断",
            "overlap": 0,
            "start_pos": 100,
            "end_pos": 112,
            "text": "胃体小弯腺癌（中度分化）"
        },
        {
            "label_type": "解剖部位",
            "overlap": 0,
            "start_pos": 166,
            "end_pos": 172,
            "text": "三组”淋巴结"
        },
        {
            "label_type": "解剖部位",
            "overlap": 0,
            "start_pos": 187,
            "end_pos": 197,
            "text": "四组”（5个）淋巴结"
        },
        {
            "end_pos": 301,
            "label_type": "药物",
            "overlap": 0,
            "start_pos": 297,
            "text": "奥沙利铂"
        },
        {
            "end_pos": 314,
            "label_type": "药物",
            "overlap": 0,
            "start_pos": 310,
            "text": "亚叶酸钙"
        },
        {
            "end_pos": 329,
            "label_type": "药物",
            "overlap": 0,
            "start_pos": 325,
            "text": "氟尿嘧啶"
        },
        {
            "label_type": "疾病和诊断",
            "overlap": 0,
            "start_pos": 371,
            "end_pos": 375,
            "text": "胃癌术后"
        }
    ]
}