{
    "originalText": "，患者于1月前因“反复中下腹中下闷痛不适3月”入院，胃癌诊为2癌，于20213年12全月上1根治性全胃切除术+食管空肠ROUX-Y吻合术（D2）0日术在全麻术中上腹腔行根治性全切除术+食腹管空盆腔肠腹RO大UX-Y吻合术结（D肝脏2），手术顺利。术中见腔内无明显粘贲门胃体下段小弯侧连，无明显水，、动壁、大网膜无明显转移大淋巴结结节，表面胃小弯侧光胃右动脉滑，术未见明（2显转移灶，肿瘤位）于贲（全胃）门体食管胃交界溃疡型低分化腺癌下段小弯侧，侵出浆膜层，脉管活动癌度可，术周围下可上切及明显肿（下切大）淋巴结癌，主要位于贲门左淋巴结及右2动脉小弯淋巴结旁。发热病理大弯淋巴结（2013幽门上淋巴结39038），：（（胃右动脉根部）淋巴结2全），：癌，侵出浆膜（脾门淋巴结）层，侵犯神经，脉管术内见癌栓，手术标本治下、上切端及另送（下合切端）均未见癌浸术润，找到化1/2个，5/11个食，0/1个，腹0/腹3个，及另体送的（右动脉根化部",
    "entities": [
        {
            "end_pos": 14,
            "label_type": "解剖部位",
            "overlap": 0,
            "start_pos": 11,
            "text": "中下腹"
        },
        {
            "label_type": "疾病和诊断",
            "overlap": 0,
            "start_pos": 26,
            "end_pos": 28,
            "text": "胃癌"
        },
        {
            "label_type": "手术",
            "overlap": 0,
            "start_pos": 46,
            "end_pos": 72,
            "text": "根治性全胃切除术+食管空肠ROUX-Y吻合术（D2）"
        },
        {
            "end_pos": 83,
            "label_type": "解剖部位",
            "overlap": 0,
            "start_pos": 81,
            "text": "腹腔"
        },
        {
            "end_pos": 94,
            "label_type": "解剖部位",
            "overlap": 0,
            "start_pos": 93,
            "text": "腹"
        },
        {
            "end_pos": 98,
            "label_type": "解剖部位",
            "overlap": 0,
            "start_pos": 96,
            "text": "盆腔"
        },
        {
            "label_type": "解剖部位",
            "overlap": 0,
            "start_pos": 99,
            "end_pos": 100,
            "text": "腹"
        },
        {
            "end_pos": 115,
            "label_type": "解剖部位",
            "overlap": 0,
            "start_pos": 113,
            "text": "肝脏"
        },
        {
            "end_pos": 141,
            "label_type": "解剖部位",
            "overlap": 0,
            "start_pos": 132,
            "text": "贲门胃体下段小弯侧"
        },
        {
            "end_pos": 173,
            "label_type": "解剖部位",
            "overlap": 0,
            "start_pos": 169,
            "text": "胃小弯侧"
        },
        {
            "label_type": "解剖部位",
            "overlap": 0,
            "start_pos": 174,
            "end_pos": 175,
            "text": "胃"
        },
        {
            "end_pos": 200,
            "label_type": "解剖部位",
            "overlap": 0,
            "start_pos": 199,
            "text": "胃"
        },
        {
            "label_type": "疾病和诊断",
            "overlap": 0,
            "start_pos": 203,
            "end_pos": 216,
            "text": "食管胃交界溃疡型低分化腺癌"
        },
        {
            "end_pos": 267,
            "label_type": "解剖部位",
            "overlap": 0,
            "start_pos": 261,
            "text": "贲门左淋巴结"
        },
        {
            "end_pos": 277,
            "label_type": "解剖部位",
            "overlap": 0,
            "start_pos": 272,
            "text": "小弯淋巴结"
        },
        {
            "end_pos": 288,
            "label_type": "解剖部位",
            "overlap": 0,
            "start_pos": 283,
            "text": "大弯淋巴结"
        },
        {
            "end_pos": 299,
            "label_type": "解剖部位",
            "overlap": 0,
            "start_pos": 293,
            "text": "幽门上淋巴结"
        },
        {
            "label_type": "解剖部位",
            "overlap": 0,
            "start_pos": 308,
            "end_pos": 319,
            "text": "（胃右动脉根部）淋巴结"
        },
        {
            "end_pos": 336,
            "label_type": "解剖部位",
            "overlap": 0,
            "start_pos": 331,
            "text": "脾门淋巴结"
        },
        {
            "end_pos": 400,
            "label_type": "解剖部位",
            "overlap": 0,
            "start_pos": 399,
            "text": "腹"
        },
        {
            "end_pos": 403,
            "label_type": "解剖部位",
            "overlap": 0,
            "start_pos": 402,
            "text": "腹"
        }
    ]
}