{
    "originalText": "患者于5个半月前（2014-11-24）因\\\"胃癌\\\"于我院肿瘤外科全麻上行胃远端大部切除术。术中探查见少量腹水，DOUGLAS腔可以触及数枚米粒大小硬结节,肝脏正常。病灶位于胃窦，胃及大小弯，浆膜呈腱状伴多彩弥漫型，后壁侵及部分横结肠系膜，胃内有大量潴留。行姑息性胃远端大部切除，部分横结肠系膜切除术。术后病理进行期胃窦癌，浸润溃疡型，中低分化及少量粘液腺癌，SE，淋巴结转移（5/42枚）及癌结节5枚。术后恢复良好，今为求化疗入院。病人目前无发热，饮食及睡眠可，大小便正常，体重无明显减轻。",
    "entities": [
        {
            "label_type": "疾病和诊断",
            "start_pos": 23,
            "end_pos": 25,
            "text": "胃癌"
        },
        {
            "end_pos": 46,
            "label_type": "手术",
            "start_pos": 38,
            "text": "胃远端大部切除术"
        },
        {
            "end_pos": 55,
            "label_type": "解剖部位",
            "start_pos": 54,
            "text": "腹"
        },
        {
            "end_pos": 65,
            "label_type": "解剖部位",
            "start_pos": 57,
            "text": "DOUGLAS腔"
        },
        {
            "end_pos": 81,
            "label_type": "解剖部位",
            "start_pos": 79,
            "text": "肝脏"
        },
        {
            "end_pos": 90,
            "label_type": "解剖部位",
            "start_pos": 88,
            "text": "胃窦"
        },
        {
            "end_pos": 96,
            "label_type": "解剖部位",
            "start_pos": 91,
            "text": "胃及大小弯"
        },
        {
            "label_type": "解剖部位",
            "start_pos": 115,
            "end_pos": 118,
            "text": "横结肠"
        },
        {
            "end_pos": 122,
            "label_type": "解剖部位",
            "start_pos": 121,
            "text": "胃"
        },
        {
            "label_type": "手术",
            "start_pos": 130,
            "end_pos": 151,
            "text": "姑息性胃远端大部切除，部分横结肠系膜切除术"
        },
        {
            "label_type": "疾病和诊断",
            "start_pos": 156,
            "end_pos": 180,
            "text": "进行期胃窦癌，浸润溃疡型，中低分化及少量粘液腺癌"
        }
    ]
}