{
    "originalText": "，缘于入院前1个月因左肝原发性肝癌于2014.9.3全麻上行左肝后叶癌切除术，，术中见：腹腔内无明显粘连，腹腔无腹水，网膜、盆地光滑无结节，肝脏表面满布小结节型硬化结节，左肝后叶S6、S7段交界处肿物，约5×6CM，突出肝脏脏面，与左侧肾下腺明显粘连，予分离。余肝未探及肿物，胆囊及胆总管探查未见明显异常。结合术前穿刺结果，诊断考虑左肝左叶原发性肝癌，遂予行“胆囊切除+左肝后叶癌切除术”，术后恢复好。，术后病理回报：1、（左肝后叶），：肝脏原发性结节型中分化肝细胞癌，伴大片坏死，侵及肝被膜，周边肝组织呈结节性肝硬化改变。周围见少量肾下腺组织。2、（肝结节），：送检肝组织，镜上呈结节性肝硬化改变，伴肝细胞异型增生。3、，胆囊：慢性腺性胆囊炎。今为复查，求诊我科，门诊拟“左肝原发性肝癌术后”收住入院。自发病以来，精神、睡眠、食欲可，大便如常，小便如常，体重无明显变化。",
    "entities": [
        {
            "label_type": "疾病和诊断",
            "start_pos": 10,
            "end_pos": 17,
            "text": "左肝原发性肝癌"
        },
        {
            "end_pos": 38,
            "label_type": "手术",
            "start_pos": 30,
            "text": "左肝后叶癌切除术"
        },
        {
            "label_type": "解剖部位",
            "start_pos": 44,
            "end_pos": 45,
            "text": "腹"
        },
        {
            "label_type": "解剖部位",
            "start_pos": 53,
            "end_pos": 54,
            "text": "腹"
        },
        {
            "end_pos": 57,
            "label_type": "解剖部位",
            "start_pos": 56,
            "text": "腹"
        },
        {
            "end_pos": 72,
            "label_type": "解剖部位",
            "start_pos": 70,
            "text": "肝脏"
        },
        {
            "label_type": "解剖部位",
            "start_pos": 85,
            "end_pos": 95,
            "text": "左肝后叶S6、S7段"
        },
        {
            "label_type": "解剖部位",
            "start_pos": 110,
            "end_pos": 112,
            "text": "肝脏"
        },
        {
            "end_pos": 132,
            "label_type": "解剖部位",
            "start_pos": 131,
            "text": "肝"
        },
        {
            "label_type": "手术",
            "start_pos": 138,
            "end_pos": 146,
            "text": "胆囊及胆总管探查"
        },
        {
            "label_type": "疾病和诊断",
            "start_pos": 166,
            "end_pos": 175,
            "text": "左肝左叶原发性肝癌"
        },
        {
            "label_type": "手术",
            "start_pos": 180,
            "end_pos": 193,
            "text": "胆囊切除+左肝后叶癌切除术"
        },
        {
            "label_type": "疾病和诊断",
            "start_pos": 211,
            "end_pos": 234,
            "text": "（左肝后叶），：肝脏原发性结节型中分化肝细胞癌"
        },
        {
            "label_type": "解剖部位",
            "start_pos": 243,
            "end_pos": 244,
            "text": "肝"
        },
        {
            "end_pos": 250,
            "label_type": "解剖部位",
            "start_pos": 249,
            "text": "肝"
        },
        {
            "label_type": "疾病和诊断",
            "start_pos": 253,
            "end_pos": 259,
            "text": "结节性肝硬化"
        },
        {
            "end_pos": 277,
            "label_type": "解剖部位",
            "start_pos": 276,
            "text": "肝"
        },
        {
            "end_pos": 285,
            "label_type": "解剖部位",
            "start_pos": 284,
            "text": "肝"
        },
        {
            "label_type": "疾病和诊断",
            "start_pos": 291,
            "end_pos": 297,
            "text": "结节性肝硬化"
        },
        {
            "end_pos": 314,
            "label_type": "解剖部位",
            "start_pos": 312,
            "text": "胆囊"
        },
        {
            "label_type": "疾病和诊断",
            "start_pos": 315,
            "end_pos": 322,
            "text": "慢性腺性胆囊炎"
        },
        {
            "label_type": "疾病和诊断",
            "start_pos": 337,
            "end_pos": 346,
            "text": "左肝原发性肝癌术后"
        }
    ]
}