{
    "originalText": "，患者约于5月前因“乙状结肠癌癌”于01200170-02-07乙状结肠癌根治术在全术麻上行利，术后手术过程顺利，术后患者恢复好，切口愈术后合好，（乙状结肠）腺癌按中期拆线。，术后病理:，中、低度分化，1浸润溃疡型，体积5*3*1.3小便，侵穿浆膜， 双端切线及另送“癌近切线肠壁一站（4/10个）淋巴结癌”、“远中间组淋巴结（1个）切线”癌未查见癌组。 呈癌转移。 （（）1个）未查（见）癌。，免1（疫）组化染色示（：）SYN（-）（、）BRAF（（-））、MLH1（后+）01、M0SH02（+）、 MSH6（+）、PMS2奥沙利铂（00+）。查1无亚叶酸钙0化疗禁忌氟尿嘧啶0后于2017-03-05开始给予规律化疗5肝周期，，方案为：治200MG D1，0.3间G+一0.75G D2-D腹6腹，同时给1与升白细胞、护、止吐、免疫增强治疗，患者副反应轻。院外期间患者一乙状结肠癌术后般情况好，无恶心，无痛胀不适，1天前患者发现白细胞低，现患者为行复查及化疗再次来院就诊，门诊以",
    "entities": [
        {
            "end_pos": 14,
            "label_type": "解剖部位",
            "overlap": 0,
            "start_pos": 10,
            "text": "乙状结肠"
        },
        {
            "end_pos": 40,
            "label_type": "手术",
            "overlap": 0,
            "start_pos": 32,
            "text": "乙状结肠癌根治术"
        },
        {
            "label_type": "疾病和诊断",
            "overlap": 0,
            "start_pos": 73,
            "end_pos": 81,
            "text": "（乙状结肠）腺癌"
        },
        {
            "label_type": "解剖部位",
            "overlap": 0,
            "start_pos": 138,
            "end_pos": 152,
            "text": "肠壁一站（4/10个）淋巴结"
        },
        {
            "label_type": "解剖部位",
            "overlap": 0,
            "start_pos": 157,
            "end_pos": 163,
            "text": "中间组淋巴结"
        },
        {
            "end_pos": 268,
            "label_type": "药物",
            "overlap": 0,
            "start_pos": 264,
            "text": "奥沙利铂"
        },
        {
            "end_pos": 281,
            "label_type": "药物",
            "overlap": 0,
            "start_pos": 277,
            "text": "亚叶酸钙"
        },
        {
            "end_pos": 290,
            "label_type": "药物",
            "overlap": 0,
            "start_pos": 286,
            "text": "氟尿嘧啶"
        },
        {
            "end_pos": 313,
            "label_type": "解剖部位",
            "overlap": 0,
            "start_pos": 312,
            "text": "肝"
        },
        {
            "end_pos": 349,
            "label_type": "解剖部位",
            "overlap": 0,
            "start_pos": 348,
            "text": "腹"
        },
        {
            "end_pos": 351,
            "label_type": "解剖部位",
            "overlap": 0,
            "start_pos": 350,
            "text": "腹"
        },
        {
            "label_type": "疾病和诊断",
            "overlap": 0,
            "start_pos": 388,
            "end_pos": 395,
            "text": "乙状结肠癌术后"
        }
    ]
}