{
    "originalText": "，，患者6月余前因直肠癌“”在我院直肠癌DIXON手术，手术行DI利，术后XON手术、，手术过程顺液利，，术后给0予抗感0染、营养支持直肠癌术后吻合口瘘并补液横结肠造口术饮，手术食，患利，术后者2017、-02-、1液5因“术后，，术后吻合口瘘结”行“”（直肠）腺癌（中、低度分化，局部伴神经内分泌分化；部分为粘液腺癌，约占30%）， 隆起型，，手术过程顺利，术后给，局部予抗感染、，营肠养支持、补液内及对癌症治 疗（，，），术后约0病理检查，结果回示：（直）腺癌（中、、低度分化，局部癌伴 多发性增生性（锯齿状）息肉神 一站淋巴结（经内）分泌分癌化，癌；部分为粘化液腺癌，约占N局部（3）、0%），（ ）、隆起型，（体）、积2*2（*）、 1.5C（M）、，局部侵（达）深肌层，并后壁外脂肪组织内0查见癌转移 、灶0（1处），长径约00.7CM30，双端切线及另，送“化近切线后”、奥沙利铂“00远切D线”氟尿嘧啶0未查见癌 D。 D。（亚叶酸钙083个 D）未D查，见癌。肝、，胃、癌组织免疫组化染色，示：S利，YN局部（，化+结）后、BR   AF后（-）、MS，H发2（+，）、MSH，6（+胸），、腹 腹MLH腹1，（神+，）、P，MS2，（+）。，病情稳定后出院.患者于为20一17-6-，2、20直肠癌术后17-7-",
    "entities": [
        {
            "label_type": "疾病和诊断",
            "overlap": 0,
            "start_pos": 9,
            "end_pos": 12,
            "text": "直肠癌"
        },
        {
            "end_pos": 27,
            "label_type": "手术",
            "overlap": 0,
            "start_pos": 17,
            "text": "直肠癌DIXON手术"
        },
        {
            "label_type": "疾病和诊断",
            "overlap": 0,
            "start_pos": 67,
            "end_pos": 76,
            "text": "直肠癌术后吻合口瘘"
        },
        {
            "end_pos": 85,
            "label_type": "手术",
            "overlap": 0,
            "start_pos": 79,
            "text": "横结肠造口术"
        },
        {
            "label_type": "疾病和诊断",
            "overlap": 0,
            "start_pos": 127,
            "end_pos": 171,
            "text": "（直肠）腺癌（中、低度分化，局部伴神经内分泌分化；部分为粘液腺癌，约占30%）， 隆起型"
        },
        {
            "label_type": "解剖部位",
            "overlap": 0,
            "start_pos": 193,
            "end_pos": 194,
            "text": "肠"
        },
        {
            "label_type": "疾病和诊断",
            "overlap": 0,
            "start_pos": 246,
            "end_pos": 259,
            "text": "多发性增生性（锯齿状）息肉"
        },
        {
            "label_type": "解剖部位",
            "overlap": 0,
            "start_pos": 260,
            "end_pos": 266,
            "text": " 一站淋巴结"
        },
        {
            "end_pos": 396,
            "label_type": "药物",
            "overlap": 0,
            "start_pos": 392,
            "text": "奥沙利铂"
        },
        {
            "end_pos": 408,
            "label_type": "药物",
            "overlap": 0,
            "start_pos": 404,
            "text": "氟尿嘧啶"
        },
        {
            "end_pos": 424,
            "label_type": "药物",
            "overlap": 0,
            "start_pos": 420,
            "text": "亚叶酸钙"
        },
        {
            "end_pos": 439,
            "label_type": "解剖部位",
            "overlap": 0,
            "start_pos": 438,
            "text": "肝"
        },
        {
            "end_pos": 442,
            "label_type": "解剖部位",
            "overlap": 0,
            "start_pos": 441,
            "text": "胃"
        },
        {
            "end_pos": 501,
            "label_type": "解剖部位",
            "overlap": 0,
            "start_pos": 500,
            "text": "胸"
        },
        {
            "end_pos": 505,
            "label_type": "解剖部位",
            "overlap": 0,
            "start_pos": 504,
            "text": "腹"
        },
        {
            "end_pos": 507,
            "label_type": "解剖部位",
            "overlap": 0,
            "start_pos": 506,
            "text": "腹"
        },
        {
            "end_pos": 511,
            "label_type": "解剖部位",
            "overlap": 0,
            "start_pos": 510,
            "text": "腹"
        },
        {
            "label_type": "疾病和诊断",
            "overlap": 0,
            "start_pos": 555,
            "end_pos": 560,
            "text": "直肠癌术后"
        }
    ]
}