{
    "originalText": "，患者于2013-08底前因“体检发现CEA升高、胃镜发现胃肿物2月”入住我院胃胰科，诊断为“贲门癌”，行2个疗程赫赛汀+XELOX新辅助治疗后，于2014.03.19在我院行“胃癌根治术”；术后恢复顺利，，术后病理提示：贲门癌（中分化腺癌）PT4AN3AM0,IIIC期。术后行了6个疗程的SOX方案辅助化疗，过程顺利。后复查CT未见明显复发转移征象。，2014-12-25复查CT：，贲门癌化疗后复查：术区未见明确复发征象；肝S4~8多发结节，考虑转移瘤，较前新发。考虑肿瘤进展，2015-2-12、2015-3-9、2015-3-30参加马来酸吡咯替尼240MG POD1-D21+多西他赛87.5MG Q21D临床试验化3程。1程化疗后出现IV度中性粒细胞上降。无发热咳嗽，无腹泻，予升白治疗后升至正常。2程疗效评价PR。现为行第4程化疗入院，起病以来，患者精神可，食欲一般，二便无异常，体重减轻约3KG。",
    "entities": [
        {
            "label_type": "实验室检验",
            "start_pos": 19,
            "end_pos": 22,
            "text": "CEA"
        },
        {
            "end_pos": 30,
            "label_type": "解剖部位",
            "start_pos": 29,
            "text": "胃"
        },
        {
            "label_type": "疾病和诊断",
            "start_pos": 47,
            "end_pos": 50,
            "text": "贲门癌"
        },
        {
            "end_pos": 60,
            "label_type": "药物",
            "start_pos": 57,
            "text": "赫赛汀"
        },
        {
            "end_pos": 94,
            "label_type": "手术",
            "start_pos": 89,
            "text": "胃癌根治术"
        },
        {
            "label_type": "疾病和诊断",
            "start_pos": 111,
            "end_pos": 136,
            "text": "贲门癌（中分化腺癌）PT4AN3AM0,IIIC期"
        },
        {
            "label_type": "影像检查",
            "start_pos": 164,
            "end_pos": 166,
            "text": "CT"
        },
        {
            "label_type": "影像检查",
            "start_pos": 190,
            "end_pos": 192,
            "text": "CT"
        },
        {
            "label_type": "疾病和诊断",
            "start_pos": 194,
            "end_pos": 200,
            "text": "贲门癌化疗后"
        },
        {
            "end_pos": 219,
            "label_type": "解剖部位",
            "start_pos": 214,
            "text": "肝S4~8"
        },
        {
            "end_pos": 279,
            "label_type": "药物",
            "start_pos": 272,
            "text": "马来酸吡咯替尼"
        },
        {
            "end_pos": 298,
            "label_type": "药物",
            "start_pos": 294,
            "text": "多西他赛"
        },
        {
            "label_type": "实验室检验",
            "start_pos": 327,
            "end_pos": 332,
            "text": "中性粒细胞"
        },
        {
            "end_pos": 343,
            "label_type": "解剖部位",
            "start_pos": 342,
            "text": "腹"
        }
    ]
}