{
    "originalText": "，1年余前主因“体检CEA升高伴排便困难”就诊，诊断乙状结肠癌，2013.8.6 ***医大二院行乙状结肠癌根治术，术中未见肿瘤转移，，术后病理：乙状结肠中分化管状腺癌，侵及浆膜，癌栓-，神经侵犯+，切缘-，肠系膜淋巴结1/3，乙状结肠动脉根、肠系膜上动脉根淋巴结为脂肪组织。术后恢复好。术后XELOX方案化疗6周期，末次化疗2014-2-16。之后规律随诊，2015年1月复查CT发现肝内可疑M，CEA 8.4，2015-4-8 CT确认肝内单发转移（2.7CM），CEA 28.99 。2015年5月13日于我院行肝切除术，，术后病理：肝组织内可见中分化腺癌浸润，大小3.5×XXX3.5×XXX3CM，结合病史符合结肠癌转移。2015-6-18 ，腹部核磁：肝S8转移治疗后，边缘环周轻度强化，疗后改变？2015-6-17 CEA 5.63NG/ML。2015.7.13复查CEA5.10NG/ML。2015-7-13 CEA 5.10NG/ML；2015-7-16，基因检测：RAS/NRAS/BRAF均野生型。近3月当地复查提示CEA出现波动（2015.10.13 CEA5.28NG/ML），腹部MRI未见肿瘤征象。目前一般状况可，大小便正常，体重无明显变化。目前周围神经炎2度。",
    "entities": [
        {
            "label_type": "实验室检验",
            "start_pos": 10,
            "end_pos": 13,
            "text": "CEA"
        },
        {
            "label_type": "疾病和诊断",
            "start_pos": 26,
            "end_pos": 31,
            "text": "乙状结肠癌"
        },
        {
            "end_pos": 57,
            "label_type": "手术",
            "start_pos": 49,
            "text": "乙状结肠癌根治术"
        },
        {
            "label_type": "疾病和诊断",
            "start_pos": 73,
            "end_pos": 84,
            "text": "乙状结肠中分化管状腺癌"
        },
        {
            "end_pos": 110,
            "label_type": "解剖部位",
            "start_pos": 104,
            "text": "肠系膜淋巴结"
        },
        {
            "label_type": "解剖部位",
            "start_pos": 114,
            "end_pos": 132,
            "text": "乙状结肠动脉根、肠系膜上动脉根淋巴结"
        },
        {
            "label_type": "影像检查",
            "start_pos": 189,
            "end_pos": 191,
            "text": "CT"
        },
        {
            "end_pos": 194,
            "label_type": "解剖部位",
            "start_pos": 193,
            "text": "肝"
        },
        {
            "label_type": "实验室检验",
            "start_pos": 199,
            "end_pos": 203,
            "text": "CEA "
        },
        {
            "label_type": "影像检查",
            "start_pos": 216,
            "end_pos": 218,
            "text": "CT"
        },
        {
            "label_type": "疾病和诊断",
            "start_pos": 220,
            "end_pos": 226,
            "text": "肝内单发转移"
        },
        {
            "label_type": "实验室检验",
            "start_pos": 234,
            "end_pos": 237,
            "text": "CEA"
        },
        {
            "end_pos": 263,
            "label_type": "手术",
            "start_pos": 259,
            "text": "肝切除术"
        },
        {
            "label_type": "解剖部位",
            "start_pos": 270,
            "end_pos": 271,
            "text": "肝"
        },
        {
            "label_type": "疾病和诊断",
            "start_pos": 276,
            "end_pos": 281,
            "text": "中分化腺癌"
        },
        {
            "label_type": "疾病和诊断",
            "start_pos": 310,
            "end_pos": 315,
            "text": "结肠癌转移"
        },
        {
            "label_type": "影像检查",
            "start_pos": 327,
            "end_pos": 331,
            "text": "腹部核磁"
        },
        {
            "label_type": "疾病和诊断",
            "start_pos": 332,
            "end_pos": 337,
            "text": "肝S8转移"
        },
        {
            "label_type": "实验室检验",
            "start_pos": 364,
            "end_pos": 368,
            "text": " CEA"
        },
        {
            "label_type": "实验室检验",
            "start_pos": 390,
            "end_pos": 393,
            "text": "CEA"
        },
        {
            "label_type": "实验室检验",
            "start_pos": 412,
            "end_pos": 416,
            "text": " CEA"
        },
        {
            "label_type": "实验室检验",
            "start_pos": 469,
            "end_pos": 472,
            "text": "CEA"
        },
        {
            "label_type": "实验室检验",
            "start_pos": 488,
            "end_pos": 491,
            "text": "CEA"
        },
        {
            "label_type": "影像检查",
            "start_pos": 502,
            "end_pos": 507,
            "text": "腹部MRI"
        },
        {
            "label_type": "疾病和诊断",
            "start_pos": 538,
            "end_pos": 545,
            "text": "周围神经炎2度"
        }
    ]
}