{
    "originalText": "，患者于2011-112-11无明显下腹诱因出现下腹不适，轻度痛，与饮食无关，伴嗳气腹，无反酸、胀、恶心、呕吐及1黑-11-便。2012-11-9，就诊**胃****胃窦小弯侧***行电子胃镜小检查：小弯侧见一巨大溃疡，大小约4.0X胃角4.胃窦0CM,周围粘膜红肿，累及，，活检浸润腺为：粘膜慢性炎伴溃疡形成，局部腺1体-11-排列紊乱，不排外恶变可胃能.201胃角2-11-22，入**三院行电子胃镜检查示：结构破坏胃角，可见一3X3C低分化腺癌M巨大溃疡，底部凹凸不1平-1，-1，粘膜活检病理为胃癌根治术：术。后转我术院就诊，胃低分化腺癌于2012-12-14日在全麻上行“”术程顺利，术后病理为胃1，-病1-理至浆膜层1，-淋1-巴结7(-+)/3-14，多西他赛后S-1遵化原主诊医师意见2013-01化-06、2013-01-25、2-25、3小-15予＋”化疗3程，过",
    "entities": [
        {
            "end_pos": 20,
            "label_type": "解剖部位",
            "overlap": 0,
            "start_pos": 18,
            "text": "下腹"
        },
        {
            "end_pos": 26,
            "label_type": "解剖部位",
            "overlap": 0,
            "start_pos": 25,
            "text": "腹"
        },
        {
            "end_pos": 43,
            "label_type": "解剖部位",
            "overlap": 0,
            "start_pos": 42,
            "text": "腹"
        },
        {
            "end_pos": 88,
            "label_type": "解剖部位",
            "overlap": 0,
            "start_pos": 83,
            "text": "胃窦小弯侧"
        },
        {
            "end_pos": 119,
            "label_type": "解剖部位",
            "overlap": 0,
            "start_pos": 117,
            "text": "胃角"
        },
        {
            "end_pos": 123,
            "label_type": "解剖部位",
            "overlap": 0,
            "start_pos": 121,
            "text": "胃窦"
        },
        {
            "end_pos": 184,
            "label_type": "解剖部位",
            "overlap": 0,
            "start_pos": 182,
            "text": "胃角"
        },
        {
            "end_pos": 212,
            "label_type": "解剖部位",
            "overlap": 0,
            "start_pos": 210,
            "text": "胃角"
        },
        {
            "label_type": "疾病和诊断",
            "overlap": 0,
            "start_pos": 220,
            "end_pos": 225,
            "text": "低分化腺癌"
        },
        {
            "end_pos": 256,
            "label_type": "手术",
            "overlap": 0,
            "start_pos": 251,
            "text": "胃癌根治术"
        },
        {
            "label_type": "疾病和诊断",
            "overlap": 0,
            "start_pos": 267,
            "end_pos": 273,
            "text": "胃低分化腺癌"
        },
        {
            "end_pos": 337,
            "label_type": "药物",
            "overlap": 0,
            "start_pos": 333,
            "text": "多西他赛"
        },
        {
            "end_pos": 341,
            "label_type": "药物",
            "overlap": 0,
            "start_pos": 338,
            "text": "S-1"
        }
    ]
}