{
    "originalText": "1年余前由于“发热、腹痛、腹胀”就诊我院，经检查诊断“消化道穿孔、急性弥漫性腹膜炎”，于2015-11-19在全麻上行“剖腹探查术+腹腔粘连松解+末端坏死回肠切除+回肠造瘘术+横结肠蘑菇管造瘘术+腹腔引流术”，术中见：腹腔内黄色粪水约2000ML，腹腔粘连明显，小肠与腹壁、盲肠、横结肠、乙状结肠等多发粘连，小肠屈曲互相粘连明显，大部分空回肠充血、水肿较明显，表面布满脓胎及粪渣，部分回肠肠管扩张明显，较大者至5CM，予分离理顺肠管，见大部分小肠至横结肠水肿扩张明显，未及明显肿物，距回盲部10CM处一末端回肠肠壁一大小约3.0*2.0肠壁糜烂、坏死、穿孔，内见粪水溢出，横结肠中段对系膜侧见一大小1.5CM穿孔，穿孔周边肠壁组织片状糜烂、发黑，横结肠中远段及近脾曲系膜侧各见一大小约1*1CM穿孔，内见粪水溢入腹腔，降结肠、乙状结肠及部分下段直肠未见明显肿物及穿孔。术后恢复尚可，腹部造瘘排便通畅，食欲良好，无恶心、呕吐，无发热、畏冷等不适，今为“回肠造瘘还纳”入院，门诊拟“回肠造瘘术后”收住院。自下次出院以来，精神、睡眠一般，食欲尚可，大便如下述，小便正常，体重无明显增减。",
    "entities": [
        {
            "end_pos": 11,
            "label_type": "解剖部位",
            "start_pos": 10,
            "text": "腹"
        },
        {
            "end_pos": 14,
            "label_type": "解剖部位",
            "start_pos": 13,
            "text": "腹"
        },
        {
            "label_type": "疾病和诊断",
            "start_pos": 27,
            "end_pos": 41,
            "text": "消化道穿孔、急性弥漫性腹膜炎"
        },
        {
            "label_type": "手术",
            "start_pos": 60,
            "end_pos": 103,
            "text": "剖腹探查术+腹腔粘连松解+末端坏死回肠切除+回肠造瘘术+横结肠蘑菇管造瘘术+腹腔引流术"
        },
        {
            "label_type": "解剖部位",
            "start_pos": 109,
            "end_pos": 110,
            "text": "腹"
        },
        {
            "label_type": "解剖部位",
            "start_pos": 124,
            "end_pos": 125,
            "text": "腹"
        },
        {
            "end_pos": 133,
            "label_type": "解剖部位",
            "start_pos": 131,
            "text": "小肠"
        },
        {
            "label_type": "解剖部位",
            "start_pos": 134,
            "end_pos": 135,
            "text": "腹"
        },
        {
            "end_pos": 139,
            "label_type": "解剖部位",
            "start_pos": 137,
            "text": "盲肠"
        },
        {
            "end_pos": 143,
            "label_type": "解剖部位",
            "start_pos": 140,
            "text": "横结肠"
        },
        {
            "end_pos": 148,
            "label_type": "解剖部位",
            "start_pos": 144,
            "text": "乙状结肠"
        },
        {
            "end_pos": 156,
            "label_type": "解剖部位",
            "start_pos": 154,
            "text": "小肠"
        },
        {
            "end_pos": 171,
            "label_type": "解剖部位",
            "start_pos": 168,
            "text": "空回肠"
        },
        {
            "label_type": "解剖部位",
            "start_pos": 192,
            "end_pos": 194,
            "text": "回肠"
        },
        {
            "label_type": "解剖部位",
            "start_pos": 214,
            "end_pos": 215,
            "text": "肠"
        },
        {
            "end_pos": 223,
            "label_type": "解剖部位",
            "start_pos": 221,
            "text": "小肠"
        },
        {
            "end_pos": 227,
            "label_type": "解剖部位",
            "start_pos": 224,
            "text": "横结肠"
        },
        {
            "end_pos": 245,
            "label_type": "解剖部位",
            "start_pos": 242,
            "text": "回盲部"
        },
        {
            "label_type": "解剖部位",
            "start_pos": 253,
            "end_pos": 255,
            "text": "回肠"
        },
        {
            "label_type": "解剖部位",
            "start_pos": 268,
            "end_pos": 269,
            "text": "肠"
        },
        {
            "label_type": "解剖部位",
            "start_pos": 286,
            "end_pos": 289,
            "text": "横结肠"
        },
        {
            "label_type": "解剖部位",
            "start_pos": 311,
            "end_pos": 312,
            "text": "肠"
        },
        {
            "label_type": "解剖部位",
            "start_pos": 323,
            "end_pos": 326,
            "text": "横结肠"
        },
        {
            "label_type": "解剖部位",
            "start_pos": 331,
            "end_pos": 333,
            "text": "脾曲"
        },
        {
            "label_type": "解剖部位",
            "start_pos": 356,
            "end_pos": 357,
            "text": "腹"
        },
        {
            "end_pos": 362,
            "label_type": "解剖部位",
            "start_pos": 359,
            "text": "降结肠"
        },
        {
            "end_pos": 367,
            "label_type": "解剖部位",
            "start_pos": 363,
            "text": "乙状结肠"
        },
        {
            "label_type": "解剖部位",
            "start_pos": 372,
            "end_pos": 374,
            "text": "直肠"
        },
        {
            "label_type": "解剖部位",
            "start_pos": 391,
            "end_pos": 392,
            "text": "腹"
        },
        {
            "end_pos": 431,
            "label_type": "手术",
            "start_pos": 425,
            "text": "回肠造瘘还纳"
        },
        {
            "label_type": "疾病和诊断",
            "start_pos": 439,
            "end_pos": 445,
            "text": "回肠造瘘术后"
        }
    ]
}