{
    "originalText": "患者3个多月前因“大便习性报告4个月。”到我院就诊，经肠镜肠MR镜、等检查考直肠虑为肿物，侵犯粘膜上层，经多次表面及活检及穿刺病理癌均未01见癌。211016-TEM术3术-11全麻上行，术中见肿物巨大，并与固有肌层粘连，予粘膜上术层分离并分块切除。癌术术中冰冻病理改变腺癌未见癌。术后石蜡病理提示术，侵犯粘腺癌PT1N0M0膜肌层并有中断。术后肠镜诊断为PT1N0M0。考虑肿物01基底为下次1肠镜息肉腹腔镜DIXON+回肠造瘘术切术除后疤痕肠壁及淋巴结，可癌能有残术留，2016-5-造21全麻上行腔腹镜DIXON+回肠造瘘术造，回术后病理：未见癌残留。术后恢复较慢。出院后造口排液较稀，无痛、发热等其他骶部不适。现为造口回纳收入院。自下次出院以来，患者无恶心",
    "entities": [
        {
            "label_type": "影像检查",
            "overlap": 0,
            "start_pos": 30,
            "end_pos": 32,
            "text": "MR"
        },
        {
            "label_type": "解剖部位",
            "overlap": 0,
            "start_pos": 38,
            "end_pos": 40,
            "text": "直肠"
        },
        {
            "end_pos": 84,
            "label_type": "手术",
            "overlap": 0,
            "start_pos": 80,
            "text": "TEM术"
        },
        {
            "label_type": "疾病和诊断",
            "overlap": 0,
            "start_pos": 135,
            "end_pos": 137,
            "text": "腺癌"
        },
        {
            "label_type": "疾病和诊断",
            "overlap": 0,
            "start_pos": 154,
            "end_pos": 163,
            "text": "腺癌PT1N0M0"
        },
        {
            "label_type": "手术",
            "overlap": 0,
            "start_pos": 202,
            "end_pos": 216,
            "text": "腹腔镜DIXON+回肠造瘘术"
        },
        {
            "label_type": "解剖部位",
            "overlap": 0,
            "start_pos": 222,
            "end_pos": 228,
            "text": "肠壁及淋巴结"
        },
        {
            "end_pos": 253,
            "label_type": "解剖部位",
            "overlap": 0,
            "start_pos": 252,
            "text": "腹"
        },
        {
            "end_pos": 306,
            "label_type": "解剖部位",
            "overlap": 0,
            "start_pos": 304,
            "text": "骶部"
        }
    ]
}