{
    "originalText": "，患者1天前负重劳作后于右上腹造口旁可触及一包块，约碗口大小，包块质软，可还纳，站立时突出，卧位时缓解；伴疼痛，呈持续性绞痛；右上腹造口停止排便排气。就诊于我院急诊，，查血示：，WBC：15.33*10^9/L，，NEU：93.10*10^9/L，余无明显异常。给予禁饮食、胃肠减压及抗感染等对症支持治疗，有所好转，请***会诊，考虑造口旁疝并肠梗阻可能。为行进一步治疗转入我科。患者自发病以来，未饮食，睡眠欠佳，小便未见异常，体重未见明显减轻。",
    "entities": [
        {
            "end_pos": 15,
            "label_type": "解剖部位",
            "start_pos": 12,
            "text": "右上腹"
        },
        {
            "end_pos": 66,
            "label_type": "解剖部位",
            "start_pos": 63,
            "text": "右上腹"
        },
        {
            "label_type": "实验室检验",
            "start_pos": 89,
            "end_pos": 92,
            "text": "WBC"
        },
        {
            "label_type": "实验室检验",
            "start_pos": 107,
            "end_pos": 110,
            "text": "NEU"
        },
        {
            "label_type": "疾病和诊断",
            "start_pos": 167,
            "end_pos": 175,
            "text": "造口旁疝并肠梗阻"
        }
    ]
}