{
    "originalText": "缘于入院前9月于我院诊为胃癌，于2014-14--402-上2腹腔镜上根治性远端胃大部切除术4术后在睡眠（远端胃）胃窦小弯侧溃疡型管状腺癌II-III级上行腔镜上根治性大部切除术管，术癌后病理术示（下）上切端，侵出（下切端）浆膜层癌，侵犯神经小弯淋巴结，脉管内见大弯淋巴结4癌栓，手幽门下淋巴结术标5本下幽门上淋巴结、上切端及另送（（第8组）淋巴结1下切端）（第15组）淋巴结均未1见癌癌浸润。找到（第14V组淋巴结）3/9个，4/6管组个，0/组5结个，0/3（个，及）另送1/2（-）个VI，0I/（1个见）癌转移。（另送（））为脂肪-、（纤维）及脉管组（-）织。免5疫（-）组化结（-）果：ICK（7（++）+），C-K（20）（术后-），VILL术后IN（奥沙利铂+++），C1E多柔比星A（+++1）替吉奥，CDX-I2（1-灶14+），CGA（-），CD利56（-），SY（-），KI67（30%+），HER门-2胃癌术后（++）。术下后恢复情况良好，术后已予“200腹MG腹D1+60大小MGD1+60MGBIDD1",
    "entities": [
        {
            "label_type": "疾病和诊断",
            "overlap": 0,
            "start_pos": 12,
            "end_pos": 14,
            "text": "胃癌"
        },
        {
            "end_pos": 46,
            "label_type": "手术",
            "overlap": 0,
            "start_pos": 31,
            "text": "腹腔镜上根治性远端胃大部切除术"
        },
        {
            "end_pos": 56,
            "label_type": "解剖部位",
            "overlap": 0,
            "start_pos": 53,
            "text": "远端胃"
        },
        {
            "label_type": "疾病和诊断",
            "overlap": 0,
            "start_pos": 57,
            "end_pos": 76,
            "text": "胃窦小弯侧溃疡型管状腺癌II-III级"
        },
        {
            "end_pos": 126,
            "label_type": "解剖部位",
            "overlap": 0,
            "start_pos": 121,
            "text": "小弯淋巴结"
        },
        {
            "end_pos": 136,
            "label_type": "解剖部位",
            "overlap": 0,
            "start_pos": 131,
            "text": "大弯淋巴结"
        },
        {
            "end_pos": 147,
            "label_type": "解剖部位",
            "overlap": 0,
            "start_pos": 141,
            "text": "幽门下淋巴结"
        },
        {
            "end_pos": 158,
            "label_type": "解剖部位",
            "overlap": 0,
            "start_pos": 152,
            "text": "幽门上淋巴结"
        },
        {
            "label_type": "解剖部位",
            "overlap": 0,
            "start_pos": 166,
            "end_pos": 174,
            "text": "（第8组）淋巴结"
        },
        {
            "label_type": "解剖部位",
            "overlap": 0,
            "start_pos": 179,
            "end_pos": 188,
            "text": "（第15组）淋巴结"
        },
        {
            "label_type": "解剖部位",
            "overlap": 0,
            "start_pos": 200,
            "end_pos": 208,
            "text": "第14V组淋巴结"
        },
        {
            "end_pos": 336,
            "label_type": "药物",
            "overlap": 0,
            "start_pos": 332,
            "text": "奥沙利铂"
        },
        {
            "end_pos": 348,
            "label_type": "药物",
            "overlap": 0,
            "start_pos": 344,
            "text": "多柔比星"
        },
        {
            "end_pos": 358,
            "label_type": "药物",
            "overlap": 0,
            "start_pos": 355,
            "text": "替吉奥"
        },
        {
            "label_type": "疾病和诊断",
            "overlap": 0,
            "start_pos": 413,
            "end_pos": 417,
            "text": "胃癌术后"
        },
        {
            "end_pos": 441,
            "label_type": "解剖部位",
            "overlap": 0,
            "start_pos": 440,
            "text": "腹"
        },
        {
            "end_pos": 444,
            "label_type": "解剖部位",
            "overlap": 0,
            "start_pos": 443,
            "text": "腹"
        }
    ]
}