{
    "originalText": "，，化疗因直肠癌”“2”1于202117-02-1直肠癌根治术(DIXON)，术后7在全麻上、行根治术、(酸治D，IXON)，，术后给予抗感，术后染、营直肠腺癌（中、低度分化），部分呈粘液腺癌分化，隆起型，养支持、抑酸2治疗，患，者恢复好，，切口愈合良好。，术一后癌病理：，体积9*9*2.5CM”、，侵穿浆”膜，于癌外呈膜一站”（1/12个）淋巴结癌脂肪组织内中查见”（2个）、一中处癌”（1个）转移灶癌。，双端切化线及另送“近N（切）、线”、“（远）、切线”1（未）、查见癌2（。）、呈“癌转（移）、。 “2（中）央组2”1（2个）、1“中间化组，”（1奥沙利铂2个）未查D1，亚叶酸钙见癌。，免疫氟尿嘧啶组化染色示：D2SDY，化N（-）、B、RAF，（-）、ML一H1（+，）、M，S腹H腹2（+，）、MSH6（+化）、PMS2（，+）。 直肠癌术后”2017-03-17开始患者，，方案，为200M，GD1，，300MG+75化0",
    "entities": [
        {
            "label_type": "疾病和诊断",
            "overlap": 0,
            "start_pos": 5,
            "end_pos": 8,
            "text": "直肠癌"
        },
        {
            "label_type": "手术",
            "overlap": 0,
            "start_pos": 25,
            "end_pos": 38,
            "text": "直肠癌根治术(DIXON)"
        },
        {
            "label_type": "疾病和诊断",
            "overlap": 0,
            "start_pos": 76,
            "end_pos": 102,
            "text": "直肠腺癌（中、低度分化），部分呈粘液腺癌分化，隆起型"
        },
        {
            "label_type": "解剖部位",
            "overlap": 0,
            "start_pos": 162,
            "end_pos": 175,
            "text": "一站”（1/12个）淋巴结"
        },
        {
            "end_pos": 283,
            "label_type": "药物",
            "overlap": 0,
            "start_pos": 279,
            "text": "奥沙利铂"
        },
        {
            "end_pos": 295,
            "label_type": "药物",
            "overlap": 0,
            "start_pos": 291,
            "text": "亚叶酸钙"
        },
        {
            "end_pos": 305,
            "label_type": "药物",
            "overlap": 0,
            "start_pos": 301,
            "text": "氟尿嘧啶"
        },
        {
            "end_pos": 347,
            "label_type": "解剖部位",
            "overlap": 0,
            "start_pos": 346,
            "text": "腹"
        },
        {
            "end_pos": 349,
            "label_type": "解剖部位",
            "overlap": 0,
            "start_pos": 348,
            "text": "腹"
        },
        {
            "label_type": "疾病和诊断",
            "overlap": 0,
            "start_pos": 374,
            "end_pos": 379,
            "text": "直肠癌术后"
        }
    ]
}