{
    "originalText": "，患者于2014年7月出现腹胀，伴有反酸、嗳气，无腹痛、呕血、黑便、乏力等症状。2015-1行胃镜检查提示胃窦溃疡浸润型病变，病理示胃窦中-低分化腺癌。LAUREN 肠型。2015-1-16全麻上行腹腔镜探查，腹腔热灌注化疗，方案为单药紫杉醇450MG，温度 430C，循环速度 400ML/MIN，，时间：30MIN。于2015-1-28开始行SOX方案化疗4周期。2015-5-14行腹腔镜探查，术中见肿瘤位于胃窦，侵透浆膜层，腹腔内未见明确转移灶，细胞学回报可见癌细胞，遂行腹腔热灌注化疗，方案为奥沙利铂+紫杉醇续灌。2015-5开始继续行第5-6周期SOX方案化疗，末次化疗时间为2015-5-19。6，周期后复查：2015-7-13，腹盆腔CT比较：胃窦幽门区胃壁增厚程度大致同前，较厚处现约19MM，病变区与胆囊及胰腺分界稍模糊，向上累及幽门管。胃周及胰头后方多发肿大淋巴结部分较前略增大，如较大原约17X10MM，现约24X11MM。大网膜脂肪密度略增高。2015-8-31目前放疗共25次，监测血常规提示WBC、PLT I度减少，预计2015-9-9放疗结束。目前进食后腹胀，两上肢麻木，排黄色稀便4-6次/天，小便正常。2015年10月20日再次腹腔镜探查紫杉醇并奥沙利铂腹腔化疗后，自觉手足麻木。复查血液肿瘤标志物升高。",
    "entities": [
        {
            "end_pos": 14,
            "label_type": "解剖部位",
            "start_pos": 13,
            "text": "腹"
        },
        {
            "end_pos": 26,
            "label_type": "解剖部位",
            "start_pos": 25,
            "text": "腹"
        },
        {
            "label_type": "疾病和诊断",
            "start_pos": 66,
            "end_pos": 75,
            "text": "胃窦中-低分化腺癌"
        },
        {
            "label_type": "手术",
            "start_pos": 99,
            "end_pos": 112,
            "text": "腹腔镜探查，腹腔热灌注化疗"
        },
        {
            "end_pos": 121,
            "label_type": "药物",
            "start_pos": 118,
            "text": "紫杉醇"
        },
        {
            "end_pos": 199,
            "label_type": "手术",
            "start_pos": 194,
            "text": "腹腔镜探查"
        },
        {
            "end_pos": 209,
            "label_type": "解剖部位",
            "start_pos": 207,
            "text": "胃窦"
        },
        {
            "label_type": "解剖部位",
            "start_pos": 216,
            "end_pos": 217,
            "text": "腹"
        },
        {
            "label_type": "解剖部位",
            "start_pos": 240,
            "end_pos": 241,
            "text": "腹"
        },
        {
            "end_pos": 255,
            "label_type": "药物",
            "start_pos": 251,
            "text": "奥沙利铂"
        },
        {
            "end_pos": 259,
            "label_type": "药物",
            "start_pos": 256,
            "text": "紫杉醇"
        },
        {
            "label_type": "影像检查",
            "start_pos": 322,
            "end_pos": 327,
            "text": "腹盆腔CT"
        },
        {
            "label_type": "解剖部位",
            "start_pos": 330,
            "end_pos": 335,
            "text": "胃窦幽门区"
        },
        {
            "label_type": "解剖部位",
            "start_pos": 335,
            "end_pos": 336,
            "text": "胃"
        },
        {
            "end_pos": 362,
            "label_type": "解剖部位",
            "start_pos": 360,
            "text": "胆囊"
        },
        {
            "end_pos": 365,
            "label_type": "解剖部位",
            "start_pos": 363,
            "text": "胰腺"
        },
        {
            "end_pos": 378,
            "label_type": "解剖部位",
            "start_pos": 375,
            "text": "幽门管"
        },
        {
            "label_type": "解剖部位",
            "start_pos": 379,
            "end_pos": 380,
            "text": "胃"
        },
        {
            "end_pos": 384,
            "label_type": "解剖部位",
            "start_pos": 382,
            "text": "胰头"
        },
        {
            "label_type": "实验室检验",
            "start_pos": 460,
            "end_pos": 463,
            "text": "WBC"
        },
        {
            "label_type": "实验室检验",
            "start_pos": 464,
            "end_pos": 468,
            "text": "PLT "
        },
        {
            "end_pos": 494,
            "label_type": "解剖部位",
            "start_pos": 493,
            "text": "腹"
        },
        {
            "end_pos": 499,
            "label_type": "解剖部位",
            "start_pos": 496,
            "text": "两上肢"
        },
        {
            "label_type": "疾病和诊断",
            "start_pos": 532,
            "end_pos": 550,
            "text": "腹腔镜探查紫杉醇并奥沙利铂腹腔化疗后"
        },
        {
            "end_pos": 555,
            "label_type": "解剖部位",
            "start_pos": 553,
            "text": "手足"
        }
    ]
}