{
    "originalText": "，患者2012年6月前无诱因出现腹胀，且逐渐加重，偶尔感腹痛，能忍受。近一月感胸闷，以运动及平卧示明显，无胸痛。9月10日到我院门诊就诊，CT，示：两侧附件区囊实性肿物，考虑卵巢癌可能性大，未除外种植性转移。腹膜，网膜不均匀增厚及肠系膜多发结节，考虑种植转移，肝缘虫蚀状改变，可疑肝转移，左上肺斑片灶及磨玻璃改变，2012.9.10，于B超引导上盆腔肿物穿刺活检病理提示：低分化腺癌，2012.9.21及2012.10.16给予TC方案化疗二程。无明显不适。2012.11.22于全麻上行广泛全子宫+两附件切除术+盆腔淋巴结清扫+腹主动脉旁淋巴结清扫+大网膜切除+肠粘连松解+直肠部分切除端端吻合术+阑尾切除术+腹腔热灌注化疗（卡铂600MG）+腹腔置管引流术。术程顺利，术后患者恢复较好。，术后病理提示：全子宫+两附件），镜上：子宫后壁见少量间皮细胞呈结节状增生；两侧卵巢及子宫壁见子宫内膜异位；两侧输卵管粘膜慢性炎；宫颈粘膜慢性炎；萎缩性宫内膜。2012.12.1-2013.3.13各给予泰素+伯尔定化疗3程。化疗耐受可。今日返回就诊，遵主诊教授意见入院化疗，起病以来，患者精神、胃纳、睡眠可、大小便正常。",
    "entities": [
        {
            "end_pos": 17,
            "label_type": "解剖部位",
            "start_pos": 16,
            "text": "腹"
        },
        {
            "end_pos": 29,
            "label_type": "解剖部位",
            "start_pos": 28,
            "text": "腹"
        },
        {
            "end_pos": 40,
            "label_type": "解剖部位",
            "start_pos": 39,
            "text": "胸"
        },
        {
            "end_pos": 54,
            "label_type": "解剖部位",
            "start_pos": 53,
            "text": "胸"
        },
        {
            "label_type": "影像检查",
            "start_pos": 69,
            "end_pos": 71,
            "text": "CT"
        },
        {
            "end_pos": 78,
            "label_type": "解剖部位",
            "start_pos": 74,
            "text": "两侧附件"
        },
        {
            "label_type": "疾病和诊断",
            "start_pos": 87,
            "end_pos": 90,
            "text": "卵巢癌"
        },
        {
            "label_type": "解剖部位",
            "start_pos": 104,
            "end_pos": 105,
            "text": "腹"
        },
        {
            "label_type": "解剖部位",
            "start_pos": 115,
            "end_pos": 116,
            "text": "肠"
        },
        {
            "label_type": "解剖部位",
            "start_pos": 130,
            "end_pos": 131,
            "text": "肝"
        },
        {
            "label_type": "疾病和诊断",
            "start_pos": 140,
            "end_pos": 143,
            "text": "肝转移"
        },
        {
            "end_pos": 147,
            "label_type": "解剖部位",
            "start_pos": 144,
            "text": "左上肺"
        },
        {
            "label_type": "疾病和诊断",
            "start_pos": 186,
            "end_pos": 191,
            "text": "低分化腺癌"
        },
        {
            "label_type": "手术",
            "start_pos": 246,
            "end_pos": 330,
            "text": "全子宫+两附件切除术+盆腔淋巴结清扫+腹主动脉旁淋巴结清扫+大网膜切除+肠粘连松解+直肠部分切除端端吻合术+阑尾切除术+腹腔热灌注化疗（卡铂600MG）+腹腔置管引流术"
        },
        {
            "end_pos": 356,
            "label_type": "解剖部位",
            "start_pos": 353,
            "text": "全子宫"
        },
        {
            "end_pos": 360,
            "label_type": "解剖部位",
            "start_pos": 357,
            "text": "两附件"
        },
        {
            "label_type": "手术",
            "start_pos": 365,
            "end_pos": 367,
            "text": "子宫"
        },
        {
            "end_pos": 387,
            "label_type": "解剖部位",
            "start_pos": 383,
            "text": "两侧卵巢"
        },
        {
            "label_type": "解剖部位",
            "start_pos": 388,
            "end_pos": 390,
            "text": "子宫"
        },
        {
            "label_type": "解剖部位",
            "start_pos": 392,
            "end_pos": 394,
            "text": "子宫"
        },
        {
            "label_type": "解剖部位",
            "start_pos": 399,
            "end_pos": 404,
            "text": "两侧输卵管"
        },
        {
            "label_type": "解剖部位",
            "start_pos": 410,
            "end_pos": 412,
            "text": "宫颈"
        },
        {
            "end_pos": 449,
            "label_type": "药物",
            "start_pos": 447,
            "text": "泰素"
        },
        {
            "end_pos": 453,
            "label_type": "药物",
            "start_pos": 450,
            "text": "伯尔定"
        },
        {
            "end_pos": 494,
            "label_type": "解剖部位",
            "start_pos": 493,
            "text": "胃"
        }
    ]
}