{
    "originalText": "，缘于入院前4前4月余在术后诊胃窦癌为“”，01于200151年07月上2根治性远端胃切除、胃空肠ROUX-Y吻合术（1日）在全术麻上行腹腔根治性切腹除、腹腔空肠ROU结X-肝脏Y吻大小合术（D2）。，术中胆囊见：大内无明显腹胃角水，下内未胃体见转移结节，质地大小正胃右动脉常，未见明显大淋巴结肿大小物，无0肿大。0右病灶位术于利角术后处向（下01侵犯中段，明）显侵出1浆(远端胃)膜面胃体前壁及胃窦溃疡型管状腺癌II-III级，右动脉附近可见一肿大淋术巴结下切端、上切端及，大(下切端)小约3癌.0×3.小弯侧淋巴结1010右左大弯侧淋巴结0。4手术幽门下淋巴结0顺1利。幽门上淋巴结1我院病理及（2(胃右动脉根部)淋巴结001526癌673），示:1.(结)，：前A（-）壁及窦溃疡（-）型管Y（-）状腺I癌I（I0-I性）II级(PAN)（，伴坏）死，侵R-出（-）浆术后膜层性。手术、标本、下切端、上治切端及另送(后下切端术后)均未见01癌浸0润。找1、到011/1010个，0奥沙利铂（乐沙定）/00M4I个，0T/11希罗达1个00M，PO1I/61-14个，及另送0/2期个，见癌转移利。，免疫组化染色结果：CGA（-），CD56（-门），S胃管状腺癌术后（PT4AN1M0IIIA期）Y（-），KI67下（60%阳性），CK(PAN)（+++大、小），HE体R-2（-）；",
    "entities": [
        {
            "label_type": "疾病和诊断",
            "overlap": 0,
            "start_pos": 15,
            "end_pos": 18,
            "text": "胃窦癌"
        },
        {
            "label_type": "手术",
            "overlap": 0,
            "start_pos": 37,
            "end_pos": 58,
            "text": "根治性远端胃切除、胃空肠ROUX-Y吻合术"
        },
        {
            "end_pos": 70,
            "label_type": "解剖部位",
            "overlap": 0,
            "start_pos": 68,
            "text": "腹腔"
        },
        {
            "end_pos": 79,
            "label_type": "解剖部位",
            "overlap": 0,
            "start_pos": 77,
            "text": "腹腔"
        },
        {
            "end_pos": 89,
            "label_type": "解剖部位",
            "overlap": 0,
            "start_pos": 87,
            "text": "肝脏"
        },
        {
            "end_pos": 105,
            "label_type": "解剖部位",
            "overlap": 0,
            "start_pos": 103,
            "text": "胆囊"
        },
        {
            "end_pos": 115,
            "label_type": "解剖部位",
            "overlap": 0,
            "start_pos": 113,
            "text": "胃角"
        },
        {
            "label_type": "解剖部位",
            "overlap": 0,
            "start_pos": 120,
            "end_pos": 122,
            "text": "胃体"
        },
        {
            "label_type": "解剖部位",
            "overlap": 0,
            "start_pos": 133,
            "end_pos": 134,
            "text": "胃"
        },
        {
            "end_pos": 190,
            "label_type": "解剖部位",
            "overlap": 0,
            "start_pos": 187,
            "text": "远端胃"
        },
        {
            "label_type": "疾病和诊断",
            "overlap": 0,
            "start_pos": 193,
            "end_pos": 214,
            "text": "胃体前壁及胃窦溃疡型管状腺癌II-III级"
        },
        {
            "end_pos": 259,
            "label_type": "解剖部位",
            "overlap": 0,
            "start_pos": 253,
            "text": "小弯侧淋巴结"
        },
        {
            "end_pos": 271,
            "label_type": "解剖部位",
            "overlap": 0,
            "start_pos": 265,
            "text": "大弯侧淋巴结"
        },
        {
            "end_pos": 282,
            "label_type": "解剖部位",
            "overlap": 0,
            "start_pos": 276,
            "text": "幽门下淋巴结"
        },
        {
            "end_pos": 293,
            "label_type": "解剖部位",
            "overlap": 0,
            "start_pos": 287,
            "text": "幽门上淋巴结"
        },
        {
            "end_pos": 312,
            "label_type": "解剖部位",
            "overlap": 0,
            "start_pos": 301,
            "text": "(胃右动脉根部)淋巴结"
        },
        {
            "end_pos": 447,
            "label_type": "药物",
            "overlap": 0,
            "start_pos": 443,
            "text": "奥沙利铂"
        },
        {
            "end_pos": 451,
            "label_type": "药物",
            "overlap": 0,
            "start_pos": 448,
            "text": "乐沙定"
        },
        {
            "end_pos": 468,
            "label_type": "药物",
            "overlap": 0,
            "start_pos": 465,
            "text": "希罗达"
        },
        {
            "label_type": "疾病和诊断",
            "overlap": 0,
            "start_pos": 528,
            "end_pos": 550,
            "text": "胃管状腺癌术后（PT4AN1M0IIIA期）"
        }
    ]
}