{
    "originalText": "入院前３月，患者因直肠癌于本院行腹腔镜辅助上直肠癌根治术（MILES）腔镜术辅助上术根治术（MILES）直肠溃疡型中分化管状腺癌，手术肠壁方案。术后组织病理检癌查报告示直溃癌疡型中肠壁淋巴结分化癌管状（腺癌，）浸术及壁全层，可见神经侵犯及癌栓。切端未见癌腹累腹及。壁淋巴结可见癌转移（1/2）L。术后患者化恢复好，无畏术寒发热，化无恶心呕吐，无胀痛，造瘘口排便排气通畅，已行FOLFOX胃顺利化疗2次，为求术后第３次化疗于今日上入院",
    "entities": [
        {
            "label_type": "疾病和诊断",
            "overlap": 0,
            "start_pos": 9,
            "end_pos": 12,
            "text": "直肠癌"
        },
        {
            "label_type": "手术",
            "overlap": 0,
            "start_pos": 16,
            "end_pos": 35,
            "text": "腹腔镜辅助上直肠癌根治术（MILES）"
        },
        {
            "label_type": "疾病和诊断",
            "overlap": 0,
            "start_pos": 52,
            "end_pos": 64,
            "text": "直肠溃疡型中分化管状腺癌"
        },
        {
            "label_type": "解剖部位",
            "overlap": 0,
            "start_pos": 67,
            "end_pos": 68,
            "text": "肠"
        },
        {
            "end_pos": 95,
            "label_type": "解剖部位",
            "overlap": 0,
            "start_pos": 90,
            "text": "肠壁淋巴结"
        },
        {
            "end_pos": 128,
            "label_type": "解剖部位",
            "overlap": 0,
            "start_pos": 127,
            "text": "腹"
        },
        {
            "end_pos": 130,
            "label_type": "解剖部位",
            "overlap": 0,
            "start_pos": 129,
            "text": "腹"
        },
        {
            "end_pos": 194,
            "label_type": "解剖部位",
            "overlap": 0,
            "start_pos": 193,
            "text": "胃"
        }
    ]
}