{
    "originalText": "，患者于2013-01无明显诱因出现后背部酸痛，伴进食梗咽感，伴嗳气、反酸、烧心，未予诊治。2013-01-28于进食后出现梗咽感加重，行胃镜检查示贲门胃底底部可见环周状隆起，粘膜组织表面溃烂，少量出血，质脆有新鲜出血少量；慢性浅表性-萎缩性胃炎伴糜烂，十二指肠球炎。，我院病理会诊：（胃）非霍奇金淋巴瘤，弥漫大B细胞淋巴瘤。，免疫组化结果显示：BCL-6(+),CD10(+),CD20(+),CD3(-),CD5(-),CYCLIN D1(-),EBER(-),MUM1(-),CD56(-),CGA(-),CK(-),KI67(+80%),LCA(+),MAP2(-),NSE(-),SYN(-)。完善分期检查，2013-2-28至2013-3-3给予长春地辛预处理，2013-3-6开始R-CHO方案免疫化疗4周期，考虑患者年龄较大，故化疗剂量减量25%，，具体为：利妥西单抗375MG/M2 600MG（D1），环磷酰胺800MG（分D2-3），吡柔比星60MG（分D2-3），长春地辛 1MG（D2-5）。2周期评效为CRU；本次为行第5周期化疗入院，自发病以来，无发热、盗汗，精神、睡眠尚可，食欲欠佳，小便正常，大便干燥，体重上降3KG。",
    "entities": [
        {
            "end_pos": 21,
            "label_type": "解剖部位",
            "start_pos": 18,
            "text": "后背部"
        },
        {
            "label_type": "解剖部位",
            "start_pos": 74,
            "end_pos": 76,
            "text": "贲门"
        },
        {
            "label_type": "解剖部位",
            "start_pos": 76,
            "end_pos": 77,
            "text": "胃"
        },
        {
            "label_type": "疾病和诊断",
            "start_pos": 112,
            "end_pos": 126,
            "text": "慢性浅表性-萎缩性胃炎伴糜烂"
        },
        {
            "label_type": "疾病和诊断",
            "start_pos": 127,
            "end_pos": 133,
            "text": "十二指肠球炎"
        },
        {
            "label_type": "疾病和诊断",
            "start_pos": 142,
            "end_pos": 162,
            "text": "（胃）非霍奇金淋巴瘤，弥漫大B细胞淋巴瘤"
        },
        {
            "end_pos": 333,
            "label_type": "药物",
            "start_pos": 329,
            "text": "长春地辛"
        },
        {
            "end_pos": 392,
            "label_type": "药物",
            "start_pos": 387,
            "text": "利妥西单抗"
        },
        {
            "end_pos": 415,
            "label_type": "药物",
            "start_pos": 411,
            "text": "环磷酰胺"
        },
        {
            "end_pos": 432,
            "label_type": "药物",
            "start_pos": 428,
            "text": "吡柔比星"
        },
        {
            "end_pos": 448,
            "label_type": "药物",
            "start_pos": 444,
            "text": "长春地辛"
        }
    ]
}