{
    "originalText": "，4月余前患者于我院行胃镜检查时发现食管距门齿31-33CM肿物，活检病理示低分化鳞癌，患者无吞咽困难、反酸烧心、吞咽疼痛等不适，，胸CT示：食管胸上段可疑管壁增厚（较厚约8MM），双侧腋上多发小淋巴结。，腹部CT示：两肾囊肿，，全消化道钡餐：食管癌（胸中段 肿块型）；胃癌术后改变；小肠功能较快，考虑胃肠功能紊乱。，浅表淋巴结B超示：右锁骨下占位（3.0×1.7×2.1CM），考虑M。行行超声引导上右锁骨下淋巴结穿刺活检，，病理：低分化鳞状细胞癌。于2009-10-12给予食管原发灶及锁骨下区域放疗，DT 66GY/33F），并予同步化疗（紫杉醇45MG/M^2/W 75MG，6W）及右锁骨下淋巴结浅部热疗（2/W，3W）。放疗食管粘膜反应II度，皮肤粘膜反应II度，骨髓抑制II度，，评效：PR。给予紫杉醇+顺铂方案化疗2周期，现为行进一步治疗入院，患者自发病以来患者精神好，进食可，二便正常，体重无明显改变。",
    "entities": [
        {
            "end_pos": 20,
            "label_type": "解剖部位",
            "start_pos": 18,
            "text": "食管"
        },
        {
            "end_pos": 23,
            "label_type": "解剖部位",
            "start_pos": 21,
            "text": "门齿"
        },
        {
            "label_type": "疾病和诊断",
            "start_pos": 38,
            "end_pos": 43,
            "text": "低分化鳞癌"
        },
        {
            "label_type": "影像检查",
            "start_pos": 66,
            "end_pos": 69,
            "text": "胸CT"
        },
        {
            "end_pos": 76,
            "label_type": "解剖部位",
            "start_pos": 71,
            "text": "食管胸上段"
        },
        {
            "end_pos": 95,
            "label_type": "解剖部位",
            "start_pos": 91,
            "text": "双侧腋上"
        },
        {
            "label_type": "影像检查",
            "start_pos": 103,
            "end_pos": 107,
            "text": "腹部CT"
        },
        {
            "label_type": "疾病和诊断",
            "start_pos": 109,
            "end_pos": 113,
            "text": "两肾囊肿"
        },
        {
            "label_type": "疾病和诊断",
            "start_pos": 122,
            "end_pos": 134,
            "text": "食管癌（胸中段 肿块型）"
        },
        {
            "label_type": "疾病和诊断",
            "start_pos": 135,
            "end_pos": 139,
            "text": "胃癌术后"
        },
        {
            "end_pos": 144,
            "label_type": "解剖部位",
            "start_pos": 142,
            "text": "小肠"
        },
        {
            "label_type": "疾病和诊断",
            "start_pos": 151,
            "end_pos": 157,
            "text": "胃肠功能紊乱"
        },
        {
            "label_type": "影像检查",
            "start_pos": 159,
            "end_pos": 166,
            "text": "浅表淋巴结B超"
        },
        {
            "label_type": "解剖部位",
            "start_pos": 169,
            "end_pos": 172,
            "text": "锁骨下"
        },
        {
            "label_type": "影像检查",
            "start_pos": 196,
            "end_pos": 198,
            "text": "超声"
        },
        {
            "label_type": "疾病和诊断",
            "start_pos": 217,
            "end_pos": 225,
            "text": "低分化鳞状细胞癌"
        },
        {
            "end_pos": 241,
            "label_type": "解剖部位",
            "start_pos": 239,
            "text": "食管"
        },
        {
            "end_pos": 248,
            "label_type": "解剖部位",
            "start_pos": 245,
            "text": "锁骨下"
        },
        {
            "end_pos": 276,
            "label_type": "药物",
            "start_pos": 273,
            "text": "紫杉醇"
        },
        {
            "end_pos": 303,
            "label_type": "解剖部位",
            "start_pos": 296,
            "text": "右锁骨下淋巴结"
        },
        {
            "label_type": "解剖部位",
            "start_pos": 318,
            "end_pos": 320,
            "text": "食管"
        },
        {
            "label_type": "疾病和诊断",
            "start_pos": 338,
            "end_pos": 345,
            "text": "骨髓抑制II度"
        },
        {
            "end_pos": 358,
            "label_type": "药物",
            "start_pos": 355,
            "text": "紫杉醇"
        },
        {
            "end_pos": 361,
            "label_type": "药物",
            "start_pos": 359,
            "text": "顺铂"
        }
    ]
}