{
    "originalText": "，，2012-11-30右乳癌根治术，术行，术后（右）乳腺浸润性导管癌，II级，病理示，大小1.8×XXX1.7×XXX1，.5C管癌M，乳未及见脉管大便；乳，头及皮肤未见特殊。，肿瘤（右腋窝前哨）淋巴结病理癌分期（：PT）1（右腋窝前哨及导丝定位）淋巴结C。癌未见（癌转移）（，0/1）；未结见癌转移（0/2，）。，免疫组化染色结果：CK(-)。，免疫组化），：ER(+（>7）5术%),PR(+约20%，），H来曲唑（芙瑞）ER-治2（1+）。术后C胃EF方案化慢性胃炎，疗6周期，现口服（）内，分泌治，疗。 ，5-20",
    "entities": [
        {
            "end_pos": 18,
            "label_type": "手术",
            "overlap": 0,
            "start_pos": 12,
            "text": "右乳癌根治术"
        },
        {
            "label_type": "疾病和诊断",
            "overlap": 0,
            "start_pos": 24,
            "end_pos": 39,
            "text": "（右）乳腺浸润性导管癌，II级"
        },
        {
            "end_pos": 102,
            "label_type": "解剖部位",
            "overlap": 0,
            "start_pos": 92,
            "text": "（右腋窝前哨）淋巴结"
        },
        {
            "label_type": "解剖部位",
            "overlap": 0,
            "start_pos": 113,
            "end_pos": 128,
            "text": "（右腋窝前哨及导丝定位）淋巴结"
        },
        {
            "end_pos": 210,
            "label_type": "药物",
            "overlap": 0,
            "start_pos": 207,
            "text": "来曲唑"
        },
        {
            "end_pos": 213,
            "label_type": "药物",
            "overlap": 0,
            "start_pos": 211,
            "text": "芙瑞"
        },
        {
            "label_type": "疾病和诊断",
            "overlap": 0,
            "start_pos": 233,
            "end_pos": 237,
            "text": "慢性胃炎"
        }
    ]
}