{
    "originalText": "缘于以来前4年余因“乙状结肠癌”于我院行“腹腔镜辅助上乙状结肠癌根治术腔镜术后辅助(上根治术”，术后病)理(2(乙状)结肠蕈伞型管状腺癌II级0113膜186术2)回、上报“，侵及(浆、上膜层)，手癌术标本下、肠周淋巴结上切端及另送癌转移(下、(肠系膜上动脉根部淋巴结)上切端脉管结)未见癌浸术后润，找到11个均未后见癌转移，另送()发为肝、肺、骨多发转移脂肪脉管结缔组织希罗达”，术治后恢复良好出院，治出院后于门诊定期复查期间发现、、多发转移。3年前开始口服及中药治疗（具体不、详），治腹疗、腹期、腹间未诉发不、适。入院前2天患者无明显诱治因出现纳差，并逐渐出乙状结肠癌术后伴肝、骨、肺多发转移现乏治力感，无发恶心、呕吐，无痛、胀、泻，无发热、畏寒等不适，今为求进一",
    "entities": [
        {
            "label_type": "疾病和诊断",
            "overlap": 0,
            "start_pos": 10,
            "end_pos": 15,
            "text": "乙状结肠癌"
        },
        {
            "end_pos": 35,
            "label_type": "手术",
            "overlap": 0,
            "start_pos": 21,
            "text": "腹腔镜辅助上乙状结肠癌根治术"
        },
        {
            "label_type": "疾病和诊断",
            "overlap": 0,
            "start_pos": 55,
            "end_pos": 71,
            "text": "(乙状)结肠蕈伞型管状腺癌II级"
        },
        {
            "end_pos": 110,
            "label_type": "解剖部位",
            "overlap": 0,
            "start_pos": 105,
            "text": "肠周淋巴结"
        },
        {
            "end_pos": 134,
            "label_type": "解剖部位",
            "overlap": 0,
            "start_pos": 123,
            "text": "肠系膜上动脉根部淋巴结"
        },
        {
            "end_pos": 170,
            "label_type": "解剖部位",
            "overlap": 0,
            "start_pos": 169,
            "text": "肝"
        },
        {
            "end_pos": 172,
            "label_type": "解剖部位",
            "overlap": 0,
            "start_pos": 171,
            "text": "肺"
        },
        {
            "end_pos": 174,
            "label_type": "解剖部位",
            "overlap": 0,
            "start_pos": 173,
            "text": "骨"
        },
        {
            "end_pos": 189,
            "label_type": "药物",
            "overlap": 0,
            "start_pos": 186,
            "text": "希罗达"
        },
        {
            "end_pos": 245,
            "label_type": "解剖部位",
            "overlap": 0,
            "start_pos": 244,
            "text": "腹"
        },
        {
            "end_pos": 248,
            "label_type": "解剖部位",
            "overlap": 0,
            "start_pos": 247,
            "text": "腹"
        },
        {
            "end_pos": 251,
            "label_type": "解剖部位",
            "overlap": 0,
            "start_pos": 250,
            "text": "腹"
        },
        {
            "label_type": "疾病和诊断",
            "overlap": 0,
            "start_pos": 281,
            "end_pos": 298,
            "text": "乙状结肠癌术后伴肝、骨、肺多发转移"
        }
    ]
}