{
    "originalText": "，患者2012年12月因体检发现膀胱肿瘤在我科住院治疗，，住院期间行B超检查示：前列腺左侧叶内腺稍高回声团，前列腺左侧叶内腺稍高回声团，未除外前列腺癌可能，建议活检。，查前列腺特异性抗原示：TPSA 11.69NG/ML，FPSA 1.54NG/ML。后于2012-12-27日行B超引导上经直肠前列腺穿刺活检术，术后病理示前列腺腺癌，GLEASON评分3+3=6分。2013-02-07我院行全麻上前列腺癌根治术，，术后病理示：（前列腺大体）镜检为前列腺腺癌，GLEASON评分3+3=6分，癌组织侵犯神经束；未见明确脉管内癌栓；癌组织侵犯前列腺双叶，并侵犯至前列腺外脂肪组织中；两侧精囊腺未见癌。闭孔淋巴结0/9未见癌。术后分期为PT3AN0M0，III期。现患者术后恢复可，近期无血尿、腰腹部胀痛等不适，无伴骨痛。术后定期复查PSA，PSA持续缓慢升高，，2014-06最高为FPSA:0.017,，TPSA:0.24.，2014-07-01复查PET-CT:未见复发。今为行放疗入院。患者发病以来,精神好,饮食睡眠佳,无发冷发热，无咳嗽、咳痰、胸痛及心慌气短，大、小便如下所述，体重无减轻。",
    "entities": [
        {
            "label_type": "疾病和诊断",
            "start_pos": 16,
            "end_pos": 20,
            "text": "膀胱肿瘤"
        },
        {
            "label_type": "影像检查",
            "start_pos": 34,
            "end_pos": 36,
            "text": "B超"
        },
        {
            "label_type": "解剖部位",
            "start_pos": 40,
            "end_pos": 46,
            "text": "前列腺左侧叶"
        },
        {
            "label_type": "解剖部位",
            "start_pos": 53,
            "end_pos": 60,
            "text": "，前列腺左侧叶"
        },
        {
            "label_type": "疾病和诊断",
            "start_pos": 71,
            "end_pos": 75,
            "text": "前列腺癌"
        },
        {
            "label_type": "实验室检验",
            "start_pos": 85,
            "end_pos": 93,
            "text": "前列腺特异性抗原"
        },
        {
            "label_type": "实验室检验",
            "start_pos": 95,
            "end_pos": 99,
            "text": "TPSA"
        },
        {
            "label_type": "实验室检验",
            "start_pos": 111,
            "end_pos": 116,
            "text": "FPSA "
        },
        {
            "label_type": "手术",
            "start_pos": 140,
            "end_pos": 156,
            "text": "B超引导上经直肠前列腺穿刺活检术"
        },
        {
            "label_type": "疾病和诊断",
            "start_pos": 162,
            "end_pos": 167,
            "text": "前列腺腺癌"
        },
        {
            "end_pos": 207,
            "label_type": "手术",
            "start_pos": 197,
            "text": "全麻上前列腺癌根治术"
        },
        {
            "end_pos": 219,
            "label_type": "解剖部位",
            "start_pos": 216,
            "text": "前列腺"
        },
        {
            "label_type": "疾病和诊断",
            "start_pos": 225,
            "end_pos": 230,
            "text": "前列腺腺癌"
        },
        {
            "end_pos": 276,
            "label_type": "解剖部位",
            "start_pos": 271,
            "text": "前列腺双叶"
        },
        {
            "label_type": "解剖部位",
            "start_pos": 281,
            "end_pos": 284,
            "text": "前列腺"
        },
        {
            "end_pos": 296,
            "label_type": "解剖部位",
            "start_pos": 291,
            "text": "两侧精囊腺"
        },
        {
            "end_pos": 305,
            "label_type": "解剖部位",
            "start_pos": 300,
            "text": "闭孔淋巴结"
        },
        {
            "end_pos": 349,
            "label_type": "解剖部位",
            "start_pos": 346,
            "text": "腰腹部"
        },
        {
            "end_pos": 358,
            "label_type": "解剖部位",
            "start_pos": 357,
            "text": "骨"
        },
        {
            "label_type": "实验室检验",
            "start_pos": 366,
            "end_pos": 373,
            "text": "PSA，PSA"
        },
        {
            "label_type": "实验室检验",
            "start_pos": 391,
            "end_pos": 395,
            "text": "FPSA"
        },
        {
            "label_type": "实验室检验",
            "start_pos": 403,
            "end_pos": 407,
            "text": "TPSA"
        },
        {
            "label_type": "影像检查",
            "start_pos": 426,
            "end_pos": 432,
            "text": "PET-CT"
        },
        {
            "end_pos": 477,
            "label_type": "解剖部位",
            "start_pos": 476,
            "text": "胸"
        },
        {
            "end_pos": 480,
            "label_type": "解剖部位",
            "start_pos": 479,
            "text": "心"
        }
    ]
}