{
    "originalText": "，缘于入院前[主诉单一时间1年于我院诊断“降结肠癌降癌”，查无后禁忌后，于2014年04月28日上在腹腔镜上右半结肠切除术全麻术上行。，腹术中肝见：无水，胃表空肠面光滑，及未见降结肠明显病变。降可见C一隆起型大约2*3CM隆起膜型肿肠系膜根部物，质硬，侵淋巴结出术浆膜术后层，系膜根部未见明显肿大淋巴结，术后术顺，术（结肠）后予肠隆起型管状腺癌II级抗炎、制膜上酸、补术液等对切症治疗，（，切术）后（上切病）理示：癌（），：隆肠周淋巴结起型管状腺癌I（肠系膜动脉根部）淋巴结I级，侵及粘癌膜上层，手术标本结双切端I及另（送（下切端））P、（（-）上P切端）（均）未见癌T浸（润）；E找到1（-）4个-，及（另送）（系膜动脉（根部））淋巴结2（个，）均未见癌T（转移）。，免疫组化结果：KI67（40%阳E性），P53（-），P170（+），GSTπ（+），E术后GFR（-）周，5-FU（+PET-CT+）肝，MLH1（++），MSH6（++），MGMT（腹++）。该头病例未检测皮肤巩膜到BRAF基因V600E突变、降结肠癌术后未检测到KRAS基因12、13号密码子热点突变。术后恢复良好。1周前再次于我院行",
    "entities": [
        {
            "label_type": "疾病和诊断",
            "overlap": 0,
            "start_pos": 21,
            "end_pos": 25,
            "text": "降结肠癌"
        },
        {
            "end_pos": 61,
            "label_type": "手术",
            "overlap": 0,
            "start_pos": 50,
            "text": "腹腔镜上右半结肠切除术"
        },
        {
            "end_pos": 69,
            "label_type": "解剖部位",
            "overlap": 0,
            "start_pos": 68,
            "text": "腹"
        },
        {
            "end_pos": 72,
            "label_type": "解剖部位",
            "overlap": 0,
            "start_pos": 71,
            "text": "肝"
        },
        {
            "end_pos": 78,
            "label_type": "解剖部位",
            "overlap": 0,
            "start_pos": 77,
            "text": "胃"
        },
        {
            "end_pos": 81,
            "label_type": "解剖部位",
            "overlap": 0,
            "start_pos": 79,
            "text": "空肠"
        },
        {
            "end_pos": 91,
            "label_type": "解剖部位",
            "overlap": 0,
            "start_pos": 88,
            "text": "降结肠"
        },
        {
            "label_type": "解剖部位",
            "overlap": 0,
            "start_pos": 116,
            "end_pos": 117,
            "text": "肠"
        },
        {
            "end_pos": 161,
            "label_type": "解剖部位",
            "overlap": 0,
            "start_pos": 159,
            "text": "结肠"
        },
        {
            "label_type": "疾病和诊断",
            "overlap": 0,
            "start_pos": 164,
            "end_pos": 175,
            "text": "肠隆起型管状腺癌II级"
        },
        {
            "end_pos": 218,
            "label_type": "解剖部位",
            "overlap": 0,
            "start_pos": 213,
            "text": "肠周淋巴结"
        },
        {
            "end_pos": 237,
            "label_type": "解剖部位",
            "overlap": 0,
            "start_pos": 225,
            "text": "（肠系膜动脉根部）淋巴结"
        },
        {
            "label_type": "影像检查",
            "overlap": 0,
            "start_pos": 395,
            "end_pos": 401,
            "text": "PET-CT"
        },
        {
            "label_type": "解剖部位",
            "overlap": 0,
            "start_pos": 403,
            "end_pos": 404,
            "text": "肝"
        },
        {
            "end_pos": 429,
            "label_type": "解剖部位",
            "overlap": 0,
            "start_pos": 428,
            "text": "腹"
        },
        {
            "end_pos": 435,
            "label_type": "解剖部位",
            "overlap": 0,
            "start_pos": 434,
            "text": "头"
        },
        {
            "end_pos": 442,
            "label_type": "解剖部位",
            "overlap": 0,
            "start_pos": 440,
            "text": "皮肤"
        },
        {
            "end_pos": 444,
            "label_type": "解剖部位",
            "overlap": 0,
            "start_pos": 442,
            "text": "巩膜"
        },
        {
            "label_type": "疾病和诊断",
            "overlap": 0,
            "start_pos": 459,
            "end_pos": 465,
            "text": "降结肠癌术后"
        }
    ]
}