{
    "originalText": "，患者10月前无明显诱因出现便血，，外院肠镜检查提示：距肛门8CM肿物，腹部B超提示肝脏多发转移，2009-11-12行直肠癌根治性手术，，手术病理：直肠腺癌II级，侵及浆膜外，切缘（-）,盆腔淋巴结转移5/10,术后给予FOLFOX方案化疗9周期，，末次化疗：2010-6-11，，定期复查提示：肝多发转移病灶较前增大，2010-7-29给予肝脏病灶射频消融治疗，现为行复诊入院。患者自发病来，饮食睡眠可，大小便正常，体重无明显降低。",
    "entities": [
        {
            "end_pos": 30,
            "label_type": "解剖部位",
            "start_pos": 28,
            "text": "肛门"
        },
        {
            "label_type": "疾病和诊断",
            "start_pos": 42,
            "end_pos": 48,
            "text": "肝脏多发转移"
        },
        {
            "end_pos": 68,
            "label_type": "手术",
            "start_pos": 60,
            "text": "直肠癌根治性手术"
        },
        {
            "label_type": "疾病和诊断",
            "start_pos": 75,
            "end_pos": 82,
            "text": "直肠腺癌II级"
        },
        {
            "end_pos": 100,
            "label_type": "解剖部位",
            "start_pos": 95,
            "text": "盆腔淋巴结"
        },
        {
            "label_type": "疾病和诊断",
            "start_pos": 149,
            "end_pos": 154,
            "text": "肝多发转移"
        },
        {
            "end_pos": 180,
            "label_type": "手术",
            "start_pos": 172,
            "text": "肝脏病灶射频消融"
        }
    ]
}