{
    "originalText": "，患者2010年4月因“胃癌”在外院行“姑息性全胃切除术+横结肠切除术”，，术后病理示：胃低分化腺癌，侵犯至浆膜层，淋巴结2/24（+）；，结肠结节：转移性低分化腺癌，，术后分期：PT4N1M1 IV期。术后于2010.5.13-2010.8.18行奥沙利铂+S-1方案化疗8程。化疗后行腹部放疗（具体不详）。2011年7月开始出现吞咽困难、呕吐、皮肤巩膜黄染，2011年12月初因肿瘤压迫，于**行胆管置管减压外引流、输尿管支架植入术”（具体不详），术后黄疸减退，但吞咽困难及呕吐逐渐加重。2011年9月—12月行伊立替康+希罗达方案化疗。2011.12.30行剖腹探查术，术中见全腹腔内广泛种植转移病灶，粘连严重，遂行“肠粘连松解术+空肠-空肠侧侧吻合术+回肠-乙状结肠侧侧吻合术+空肠营养管置入术”，术程顺利。2012.2.11，我院PET-CT示：腹膜腔条索影代谢略活跃，考虑转移瘤；盆腔少量积液。经内科会诊后于2012.2.13-4.12行C225+奈达铂+ABRAXANE方案化疗5程,过程顺利。2012.4.10前后（第5程化疗）患者出现小便色红，无尿频、尿急、尿痛及腹痛等不适，，查尿常规示：，RBC：1199UL，，WBC：186UL。，腹平片示：两侧泌尿系行程内未见明确结石。请我院泌尿科会诊建议出院后至***一院拔除D-T管，行输尿管支架置换术，患者出院后未行治疗。现为继续治疗入院，患者目前精神可，胃纳较差，睡眠尚可，二便正常，近期体重增加约0.5KG。",
    "entities": [
        {
            "label_type": "疾病和诊断",
            "start_pos": 12,
            "end_pos": 14,
            "text": "胃癌"
        },
        {
            "label_type": "手术",
            "start_pos": 20,
            "end_pos": 35,
            "text": "姑息性全胃切除术+横结肠切除术"
        },
        {
            "label_type": "疾病和诊断",
            "start_pos": 44,
            "end_pos": 50,
            "text": "胃低分化腺癌"
        },
        {
            "end_pos": 72,
            "label_type": "解剖部位",
            "start_pos": 70,
            "text": "结肠"
        },
        {
            "label_type": "疾病和诊断",
            "start_pos": 75,
            "end_pos": 83,
            "text": "转移性低分化腺癌"
        },
        {
            "end_pos": 129,
            "label_type": "药物",
            "start_pos": 125,
            "text": "奥沙利铂"
        },
        {
            "end_pos": 133,
            "label_type": "药物",
            "start_pos": 130,
            "text": "S-1"
        },
        {
            "label_type": "解剖部位",
            "start_pos": 144,
            "end_pos": 145,
            "text": "腹"
        },
        {
            "label_type": "手术",
            "start_pos": 200,
            "end_pos": 218,
            "text": "胆管置管减压外引流、输尿管支架植入术"
        },
        {
            "end_pos": 262,
            "label_type": "药物",
            "start_pos": 258,
            "text": "伊立替康"
        },
        {
            "end_pos": 266,
            "label_type": "药物",
            "start_pos": 263,
            "text": "希罗达"
        },
        {
            "end_pos": 287,
            "label_type": "手术",
            "start_pos": 282,
            "text": "剖腹探查术"
        },
        {
            "label_type": "解剖部位",
            "start_pos": 292,
            "end_pos": 293,
            "text": "腹"
        },
        {
            "label_type": "手术",
            "start_pos": 312,
            "end_pos": 351,
            "text": "肠粘连松解术+空肠-空肠侧侧吻合术+回肠-乙状结肠侧侧吻合术+空肠营养管置入术"
        },
        {
            "label_type": "影像检查",
            "start_pos": 370,
            "end_pos": 376,
            "text": "PET-CT"
        },
        {
            "label_type": "解剖部位",
            "start_pos": 378,
            "end_pos": 379,
            "text": "腹"
        },
        {
            "label_type": "疾病和诊断",
            "start_pos": 396,
            "end_pos": 402,
            "text": "盆腔少量积液"
        },
        {
            "end_pos": 429,
            "label_type": "药物",
            "start_pos": 425,
            "text": "C225"
        },
        {
            "end_pos": 433,
            "label_type": "药物",
            "start_pos": 430,
            "text": "奈达铂"
        },
        {
            "end_pos": 492,
            "label_type": "解剖部位",
            "start_pos": 491,
            "text": "腹"
        },
        {
            "label_type": "实验室检验",
            "start_pos": 505,
            "end_pos": 508,
            "text": "RBC"
        },
        {
            "label_type": "实验室检验",
            "start_pos": 517,
            "end_pos": 520,
            "text": "WBC"
        },
        {
            "label_type": "影像检查",
            "start_pos": 528,
            "end_pos": 531,
            "text": "腹平片"
        },
        {
            "end_pos": 538,
            "label_type": "解剖部位",
            "start_pos": 533,
            "text": "两侧泌尿系"
        },
        {
            "end_pos": 583,
            "label_type": "手术",
            "start_pos": 575,
            "text": "输尿管支架置换术"
        }
    ]
}