{
    "originalText": "患者11月余前“胃恶性肿瘤”因“”于我院就201诊，10于22016-1“胃癌根治术”0-术2利5术后在全麻上行术后“”胃窦小弯腺癌（中度分化），手术病理，术后恢1复良好，术后顺利，体积4*3.5*1十二指肠.4C分M，中浸润癌溃疡型，侵达浆膜，累及，于部分脉管中查“五组”（1/1个）、“第六组”（2/2个）淋巴结癌见癌栓四组（7个）、六组（7个）、“一三七组”（10个）淋巴结，未累癌及近端组化切线。癌组距远端切线甚近。2（2呈）、“癌转（移）、。未查见癌。免疫组化染色示（癌）、组织：1CE（R）、BB-2（2+）（、）、SYN（-）（、）、β2-T0淋巴结（U）B结ULIN-I肿瘤II（分-）、RR术后化M1少数“奥沙利铂200（+）、1T亚叶酸钙0OPOII2多数（+替加氟1000）、CD234血管（”+）化、D2-40淋巴、结（、+）。结合患者病情治及肿瘤病理与分期继续予行第二术化后化疗，给予“200“胃癌术后”MG D1+0.3G D2-6 +1000MG D2、-6、 静滴”小方案化疗，同时辅以镇化吐",
    "entities": [
        {
            "label_type": "疾病和诊断",
            "overlap": 0,
            "start_pos": 8,
            "end_pos": 13,
            "text": "胃恶性肿瘤"
        },
        {
            "end_pos": 42,
            "label_type": "手术",
            "overlap": 0,
            "start_pos": 37,
            "text": "胃癌根治术"
        },
        {
            "label_type": "疾病和诊断",
            "overlap": 0,
            "start_pos": 60,
            "end_pos": 72,
            "text": "胃窦小弯腺癌（中度分化）"
        },
        {
            "end_pos": 104,
            "label_type": "解剖部位",
            "overlap": 0,
            "start_pos": 100,
            "text": "十二指肠"
        },
        {
            "label_type": "解剖部位",
            "overlap": 0,
            "start_pos": 134,
            "end_pos": 158,
            "text": "五组”（1/1个）、“第六组”（2/2个）淋巴结"
        },
        {
            "label_type": "解剖部位",
            "overlap": 0,
            "start_pos": 162,
            "end_pos": 190,
            "text": "四组（7个）、六组（7个）、“一三七组”（10个）淋巴结"
        },
        {
            "end_pos": 316,
            "label_type": "药物",
            "overlap": 0,
            "start_pos": 312,
            "text": "奥沙利铂"
        },
        {
            "end_pos": 329,
            "label_type": "药物",
            "overlap": 0,
            "start_pos": 325,
            "text": "亚叶酸钙"
        },
        {
            "end_pos": 343,
            "label_type": "药物",
            "overlap": 0,
            "start_pos": 340,
            "text": "替加氟"
        },
        {
            "label_type": "疾病和诊断",
            "overlap": 0,
            "start_pos": 410,
            "end_pos": 414,
            "text": "胃癌术后"
        }
    ]
}