{
    "originalText": "，，缘于入前1+院前（211+个月5（20）14卵巢浆液性乳头状囊腺癌.05.30全）上因“全子宫+两附件切除+腹盆腔粘连松解术”，术前就，CA125诊1我科在5全麻上行“（2”1，术前5查2，）：，术144腹.50U/M，L（，子宫20，子宫右前侧壁上段14.状05.结节）C；，右卵巢，术状，右输卵管中见：水30，左附件区0囊M性L，色黄，略小12C，，见27状增，生约0.8，C肠管M左侧腹壁，萎粘连，松解粘连后缩肠状，右陶氏腔未见乳头状占位病术变，一囊实（性包眼块约）7术后*9*，腹部切12CM，，术后表面不规（2则1，1包膜尚完），整左卵巢高级别浆液性乳头状囊腺癌，，与管及左侧输卵管壁广泛粘度连，松解粘连（2后1见1系膜1及），少许状结肠节。术中满意减腺癌瘤（无（C1肉残1留）。）腹术后恢复可，切口愈合良好前，1术（2后1病理回报（12）0CA12511416906），，：左卵前2巢高（2级1别浆液性状1囊）腺癌，伴紫杉醇2坏死；GI另G见下皮1+洛铂5呈中GI度不1典型增生；术后（120141，6919），，：送检5(系膜骨髓抑制I度结节)性肝中见，腺癌浸润；肝（C14后01074）水后涂片未见肿，瘤细胞术后。2入院前，31天（20，14.0卵巢浆液性乳头状囊腺癌（IIIB期，G1）术后6.13）查81.07U/，ML，遂于入，院前27，天（2014.0",
    "entities": [
        {
            "label_type": "疾病和诊断",
            "overlap": 0,
            "start_pos": 24,
            "end_pos": 35,
            "text": "卵巢浆液性乳头状囊腺癌"
        },
        {
            "label_type": "手术",
            "overlap": 0,
            "start_pos": 46,
            "end_pos": 64,
            "text": "全子宫+两附件切除+腹盆腔粘连松解术"
        },
        {
            "label_type": "实验室检验",
            "overlap": 0,
            "start_pos": 70,
            "end_pos": 75,
            "text": "CA125"
        },
        {
            "end_pos": 105,
            "label_type": "解剖部位",
            "overlap": 0,
            "start_pos": 104,
            "text": "腹"
        },
        {
            "end_pos": 117,
            "label_type": "解剖部位",
            "overlap": 0,
            "start_pos": 115,
            "text": "子宫"
        },
        {
            "end_pos": 128,
            "label_type": "解剖部位",
            "overlap": 0,
            "start_pos": 120,
            "text": "子宫右前侧壁上段"
        },
        {
            "end_pos": 144,
            "label_type": "解剖部位",
            "overlap": 0,
            "start_pos": 141,
            "text": "右卵巢"
        },
        {
            "end_pos": 152,
            "label_type": "解剖部位",
            "overlap": 0,
            "start_pos": 148,
            "text": "右输卵管"
        },
        {
            "end_pos": 163,
            "label_type": "解剖部位",
            "overlap": 0,
            "start_pos": 159,
            "text": "左附件区"
        },
        {
            "end_pos": 194,
            "label_type": "解剖部位",
            "overlap": 0,
            "start_pos": 192,
            "text": "肠管"
        },
        {
            "label_type": "实验室检验",
            "overlap": 0,
            "start_pos": 197,
            "end_pos": 198,
            "text": "腹"
        },
        {
            "label_type": "解剖部位",
            "overlap": 0,
            "start_pos": 210,
            "end_pos": 211,
            "text": "肠"
        },
        {
            "end_pos": 217,
            "label_type": "解剖部位",
            "overlap": 0,
            "start_pos": 214,
            "text": "陶氏腔"
        },
        {
            "end_pos": 221,
            "label_type": "解剖部位",
            "overlap": 0,
            "start_pos": 219,
            "text": "乳头"
        },
        {
            "end_pos": 235,
            "label_type": "解剖部位",
            "overlap": 0,
            "start_pos": 234,
            "text": "眼"
        },
        {
            "end_pos": 247,
            "label_type": "解剖部位",
            "overlap": 0,
            "start_pos": 245,
            "text": "腹部"
        },
        {
            "label_type": "疾病和诊断",
            "overlap": 0,
            "start_pos": 273,
            "end_pos": 288,
            "text": "左卵巢高级别浆液性乳头状囊腺癌"
        },
        {
            "label_type": "解剖部位",
            "overlap": 0,
            "start_pos": 295,
            "end_pos": 298,
            "text": "输卵管"
        },
        {
            "label_type": "解剖部位",
            "overlap": 0,
            "start_pos": 325,
            "end_pos": 326,
            "text": "肠"
        },
        {
            "end_pos": 349,
            "label_type": "解剖部位",
            "overlap": 0,
            "start_pos": 348,
            "text": "腹"
        },
        {
            "end_pos": 420,
            "label_type": "药物",
            "overlap": 0,
            "start_pos": 417,
            "text": "紫杉醇"
        },
        {
            "end_pos": 435,
            "label_type": "药物",
            "overlap": 0,
            "start_pos": 433,
            "text": "洛铂"
        },
        {
            "label_type": "疾病和诊断",
            "overlap": 0,
            "start_pos": 472,
            "end_pos": 478,
            "text": "骨髓抑制I度"
        },
        {
            "end_pos": 483,
            "label_type": "解剖部位",
            "overlap": 0,
            "start_pos": 482,
            "text": "肝"
        },
        {
            "end_pos": 492,
            "label_type": "解剖部位",
            "overlap": 0,
            "start_pos": 491,
            "text": "肝"
        },
        {
            "label_type": "疾病和诊断",
            "overlap": 0,
            "start_pos": 533,
            "end_pos": 556,
            "text": "卵巢浆液性乳头状囊腺癌（IIIB期，G1）术后"
        }
    ]
}