{
    "originalText": "，“下腹不适3月”，2015.3发现右下腹腹膜后不规则软组织影，胰尾部肿瘤，CEA 8.83，CA199>1000，2015-3-19行胰尾+脾+部分结肠切除术，5X5X5CM，侵犯部分脾脏及结肠脾曲，，术后病理：高分化粘液性囊腺癌，侵犯肠壁至粘膜上层，脾脏可见受侵，1/6。术后，CA199:73，当地建议观察，渐升至>1000,未行CT，轻度腹胀，2015-7-6起吉西他滨*2，末次2015-8-03。我院会诊2015.8.17腹CT示胃底与右肾见51*33MM占位，，CA199:7304。腹胀略加重，体重术后上降约3KG。",
    "entities": [
        {
            "end_pos": 4,
            "label_type": "解剖部位",
            "start_pos": 2,
            "text": "下腹"
        },
        {
            "label_type": "解剖部位",
            "start_pos": 18,
            "end_pos": 21,
            "text": "右下腹"
        },
        {
            "label_type": "解剖部位",
            "start_pos": 21,
            "end_pos": 22,
            "text": "腹"
        },
        {
            "label_type": "疾病和诊断",
            "start_pos": 32,
            "end_pos": 37,
            "text": "胰尾部肿瘤"
        },
        {
            "label_type": "实验室检验",
            "start_pos": 38,
            "end_pos": 41,
            "text": "CEA"
        },
        {
            "label_type": "实验室检验",
            "start_pos": 47,
            "end_pos": 52,
            "text": "CA199"
        },
        {
            "end_pos": 80,
            "label_type": "手术",
            "start_pos": 68,
            "text": "胰尾+脾+部分结肠切除术"
        },
        {
            "end_pos": 95,
            "label_type": "解剖部位",
            "start_pos": 93,
            "text": "脾脏"
        },
        {
            "end_pos": 100,
            "label_type": "解剖部位",
            "start_pos": 96,
            "text": "结肠脾曲"
        },
        {
            "label_type": "疾病和诊断",
            "start_pos": 107,
            "end_pos": 116,
            "text": "高分化粘液性囊腺癌"
        },
        {
            "label_type": "解剖部位",
            "start_pos": 119,
            "end_pos": 120,
            "text": "肠"
        },
        {
            "end_pos": 129,
            "label_type": "解剖部位",
            "start_pos": 127,
            "text": "脾脏"
        },
        {
            "label_type": "实验室检验",
            "start_pos": 141,
            "end_pos": 146,
            "text": "CA199"
        },
        {
            "label_type": "影像检查",
            "start_pos": 168,
            "end_pos": 170,
            "text": "CT"
        },
        {
            "end_pos": 174,
            "label_type": "解剖部位",
            "start_pos": 173,
            "text": "腹"
        },
        {
            "end_pos": 189,
            "label_type": "药物",
            "start_pos": 185,
            "text": "吉西他滨"
        },
        {
            "label_type": "影像检查",
            "start_pos": 217,
            "end_pos": 220,
            "text": "腹CT"
        },
        {
            "end_pos": 223,
            "label_type": "解剖部位",
            "start_pos": 221,
            "text": "胃底"
        },
        {
            "end_pos": 226,
            "label_type": "解剖部位",
            "start_pos": 224,
            "text": "右肾"
        },
        {
            "label_type": "实验室检验",
            "start_pos": 238,
            "end_pos": 243,
            "text": "CA199"
        },
        {
            "end_pos": 250,
            "label_type": "解剖部位",
            "start_pos": 249,
            "text": "腹"
        }
    ]
}