{
    "originalText": "，2014-2-24因发现结肠癌行腹腔镜上乙状结肠癌根治术，，术中见：肿物位于腹膜返折以下，大小约2.8*5.5CM。，术后病理：乙状结肠中分化腺癌，侵透固有肌层达浆膜上脂肪组织；切缘（-）；淋巴结转移10/31；未见脉管癌栓及神经侵犯。，免疫组化：MSI IHC(+);MSH-2(+);KSH(+);PMS-2（+）;KRAS突变型。术后恢复可。术后XELOX方案8周期。末次化疗2014.8.定期复查,2016.2复查CT示右侧髂血管旁淋巴结转移,CA199升高。现口服希罗达化疗约2周期停药.。",
    "entities": [
        {
            "label_type": "疾病和诊断",
            "start_pos": 13,
            "end_pos": 16,
            "text": "结肠癌"
        },
        {
            "end_pos": 29,
            "label_type": "手术",
            "start_pos": 17,
            "text": "腹腔镜上乙状结肠癌根治术"
        },
        {
            "label_type": "解剖部位",
            "start_pos": 39,
            "end_pos": 40,
            "text": "腹"
        },
        {
            "label_type": "疾病和诊断",
            "start_pos": 65,
            "end_pos": 74,
            "text": "乙状结肠中分化腺癌"
        },
        {
            "label_type": "影像检查",
            "start_pos": 212,
            "end_pos": 214,
            "text": "CT"
        },
        {
            "label_type": "疾病和诊断",
            "start_pos": 215,
            "end_pos": 226,
            "text": "右侧髂血管旁淋巴结转移"
        },
        {
            "label_type": "实验室检验",
            "start_pos": 226,
            "end_pos": 232,
            "text": ",CA199"
        },
        {
            "end_pos": 241,
            "label_type": "药物",
            "start_pos": 238,
            "text": "希罗达"
        }
    ]
}