{
    "originalText": "缘于入院前8日于我院诊为“宫颈鳞癌”，于2015年04月22日在全全上麻上广泛全子宫两附件切除术+盆腔淋巴结清扫术+阔韧带肌瘤剥除术+阴道顶悬吊术行“术广泛切腹腔内除术+盆腹腔淋子宫巴结清扫术+阔韧平带肌瘤剥除左侧阔韧带术+肌瘤顶悬吊术”，术中见“两侧输卵管结扎术后内未见两侧卵巢明显水；萎肝、脾、膈上、肠管、肠缩膜、腹膜，表面凹凸不平，活术后动可；见一肌瘤，大小约3）×4C(全子宫+两附件M；后宫颈内生浸润性鳞状细胞癌II级改变瘤；外浸润观正常，肌、、、平浸润、系膜、膜等未见内明、阴道切显、右宫异常”。左宫术后病理（2瘤01514(右盆腔）淋巴结785(左盆腔）淋巴结）示：(右髂总）淋巴结“(+(左髂总）淋巴结)1.，肿瘤癌垂直浸润＞子宫肌间多发性平滑肌瘤1/2肌层，性水宫内膜平浸润25MM，右、左卵巢组织学内口右、左输卵管、切端、术后旁组织及、旁组织均未肿瘤侵犯；找到5个，8个II，2个，6个，均未见癌转移；2.肌间多发性平滑宫颈鳞癌术后肌瘤，伴玻璃样变性，呈、萎缩、改变；3.腹组、腹织、发；4.组织”。术后支持对症、营养给予",
    "entities": [
        {
            "label_type": "疾病和诊断",
            "overlap": 0,
            "start_pos": 13,
            "end_pos": 17,
            "text": "宫颈鳞癌"
        },
        {
            "label_type": "手术",
            "overlap": 0,
            "start_pos": 37,
            "end_pos": 73,
            "text": "广泛全子宫两附件切除术+盆腔淋巴结清扫术+阔韧带肌瘤剥除术+阴道顶悬吊术"
        },
        {
            "end_pos": 81,
            "label_type": "解剖部位",
            "overlap": 0,
            "start_pos": 79,
            "text": "腹腔"
        },
        {
            "end_pos": 87,
            "label_type": "解剖部位",
            "overlap": 0,
            "start_pos": 86,
            "text": "腹"
        },
        {
            "end_pos": 91,
            "label_type": "解剖部位",
            "overlap": 0,
            "start_pos": 89,
            "text": "子宫"
        },
        {
            "end_pos": 110,
            "label_type": "解剖部位",
            "overlap": 0,
            "start_pos": 105,
            "text": "左侧阔韧带"
        },
        {
            "end_pos": 132,
            "label_type": "手术",
            "overlap": 0,
            "start_pos": 124,
            "text": "两侧输卵管结扎术"
        },
        {
            "end_pos": 140,
            "label_type": "解剖部位",
            "overlap": 0,
            "start_pos": 136,
            "text": "两侧卵巢"
        },
        {
            "end_pos": 146,
            "label_type": "解剖部位",
            "overlap": 0,
            "start_pos": 145,
            "text": "肝"
        },
        {
            "end_pos": 148,
            "label_type": "解剖部位",
            "overlap": 0,
            "start_pos": 147,
            "text": "脾"
        },
        {
            "end_pos": 151,
            "label_type": "解剖部位",
            "overlap": 0,
            "start_pos": 149,
            "text": "膈上"
        },
        {
            "end_pos": 154,
            "label_type": "解剖部位",
            "overlap": 0,
            "start_pos": 152,
            "text": "肠管"
        },
        {
            "label_type": "解剖部位",
            "overlap": 0,
            "start_pos": 155,
            "end_pos": 156,
            "text": "肠"
        },
        {
            "label_type": "解剖部位",
            "overlap": 0,
            "start_pos": 159,
            "end_pos": 160,
            "text": "腹"
        },
        {
            "end_pos": 192,
            "label_type": "解剖部位",
            "overlap": 0,
            "start_pos": 189,
            "text": "全子宫"
        },
        {
            "end_pos": 196,
            "label_type": "解剖部位",
            "overlap": 0,
            "start_pos": 193,
            "text": "两附件"
        },
        {
            "label_type": "疾病和诊断",
            "overlap": 0,
            "start_pos": 199,
            "end_pos": 214,
            "text": "宫颈内生浸润性鳞状细胞癌II级"
        },
        {
            "end_pos": 245,
            "label_type": "解剖部位",
            "overlap": 0,
            "start_pos": 243,
            "text": "阴道"
        },
        {
            "label_type": "解剖部位",
            "overlap": 0,
            "start_pos": 248,
            "end_pos": 250,
            "text": "右宫"
        },
        {
            "label_type": "解剖部位",
            "overlap": 0,
            "start_pos": 254,
            "end_pos": 256,
            "text": "左宫"
        },
        {
            "end_pos": 276,
            "label_type": "解剖部位",
            "overlap": 0,
            "start_pos": 268,
            "text": "(右盆腔）淋巴结"
        },
        {
            "end_pos": 287,
            "label_type": "解剖部位",
            "overlap": 0,
            "start_pos": 279,
            "text": "(左盆腔）淋巴结"
        },
        {
            "end_pos": 298,
            "label_type": "解剖部位",
            "overlap": 0,
            "start_pos": 290,
            "text": "(右髂总）淋巴结"
        },
        {
            "end_pos": 309,
            "label_type": "解剖部位",
            "overlap": 0,
            "start_pos": 301,
            "text": "(左髂总）淋巴结"
        },
        {
            "label_type": "疾病和诊断",
            "overlap": 0,
            "start_pos": 321,
            "end_pos": 332,
            "text": "子宫肌间多发性平滑肌瘤"
        },
        {
            "end_pos": 343,
            "label_type": "解剖部位",
            "overlap": 0,
            "start_pos": 340,
            "text": "宫内膜"
        },
        {
            "end_pos": 356,
            "label_type": "解剖部位",
            "overlap": 0,
            "start_pos": 351,
            "text": "右、左卵巢"
        },
        {
            "end_pos": 367,
            "label_type": "解剖部位",
            "overlap": 0,
            "start_pos": 361,
            "text": "右、左输卵管"
        },
        {
            "label_type": "疾病和诊断",
            "overlap": 0,
            "start_pos": 420,
            "end_pos": 426,
            "text": "宫颈鳞癌术后"
        },
        {
            "end_pos": 447,
            "label_type": "解剖部位",
            "overlap": 0,
            "start_pos": 446,
            "text": "腹"
        },
        {
            "end_pos": 450,
            "label_type": "解剖部位",
            "overlap": 0,
            "start_pos": 449,
            "text": "腹"
        }
    ]
}