{
    "originalText": "，，患者1个月余前因“吞咽困难1月余。”就诊我院我，科，完善相关后检查残胃癌，后除栓术及，排后除手术禁忌症后于2016.5.残胃癌切除术+复杂肠粘连松解术+ROUX-EN-Y吻合术，术23利，术后在全麻上行，术程顺利，，术复后，切预防感染合支，术后持对症：中至低分化腺癌（LAUREN，分型：肠型），癌等处理，至胃恢复好，切口甲级愈合肝。，术后，病理示食管：，癌组，织浸润管至癌胃壁浆膜层并侵犯邻近的N组织被膜III，并累及壁术后深复肌，层，后可见脉管内，癌诊断神经束侵犯；PT4N3M0分 IIIACI期AL。患者术后术后恢复化疗，可，出院后生活后质量可OX，（奥沙利铂于2016+替吉奥.6.24于I我）院经化疗随机，化疗分组纳利，入CI°骨髓抑制，APITAL临床试验行术后辅化疗助化疗，签署知，情同残胃癌综合治疗后意书后行 SOX （，150ｍｇ+，食60M，G BID，）方案化疗一",
    "entities": [
        {
            "label_type": "疾病和诊断",
            "overlap": 0,
            "start_pos": 35,
            "end_pos": 38,
            "text": "残胃癌"
        },
        {
            "label_type": "手术",
            "overlap": 0,
            "start_pos": 62,
            "end_pos": 90,
            "text": "残胃癌切除术+复杂肠粘连松解术+ROUX-EN-Y吻合术"
        },
        {
            "label_type": "疾病和诊断",
            "overlap": 0,
            "start_pos": 128,
            "end_pos": 149,
            "text": "中至低分化腺癌（LAUREN，分型：肠型）"
        },
        {
            "label_type": "解剖部位",
            "overlap": 0,
            "start_pos": 167,
            "end_pos": 168,
            "text": "肝"
        },
        {
            "label_type": "解剖部位",
            "overlap": 0,
            "start_pos": 176,
            "end_pos": 178,
            "text": "食管"
        },
        {
            "end_pos": 286,
            "label_type": "药物",
            "overlap": 0,
            "start_pos": 282,
            "text": "奥沙利铂"
        },
        {
            "end_pos": 295,
            "label_type": "药物",
            "overlap": 0,
            "start_pos": 292,
            "text": "替吉奥"
        },
        {
            "label_type": "疾病和诊断",
            "overlap": 0,
            "start_pos": 320,
            "end_pos": 326,
            "text": "I°骨髓抑制"
        },
        {
            "label_type": "疾病和诊断",
            "overlap": 0,
            "start_pos": 353,
            "end_pos": 361,
            "text": "残胃癌综合治疗后"
        }
    ]
}