{
    "originalText": "，缘于入院前4日天于我院体检，行CA19912.21U/ML，CA15337.22U/ML，CEA949.50NG/ML↑。胸部CT平扫+，增强：1.左肺上叶肿块，考虑周围型肺癌，并纵隔内多发肿大淋巴结；2.两肺多发小结节，考虑转移瘤；3.右侧锁骨远端、左侧锁骨头、左侧肩胛骨、多个颈椎、胸椎、肋骨多处类圆形致密影或骨质破坏，考虑转移瘤；4.余两肺慢性炎症，建议治疗后复查。颈椎，MRI：1.扫描区颈3、4、5、7、胸4椎体及附件多发病变并颈3、胸4椎体病理性压缩性骨折，为转移瘤可能，建议进一步检查；2.颈椎、椎间盘退行性变，多发椎间盘轻度膨出；3.扫描区甲状腺两侧叶稍增大。，女全腹彩超：1.子宫切除术后；2.肝、胆、胰腺及腹膜后所见部分、脾、门静脉及上腔静脉所见部分、两肾、两输尿管、膀胱及盆腔所见部分未见明显占位性病变；3.腹主动脉粥样硬化声像改变。无咳嗽、咳痰、咯血，无气促、呼吸困难，无胸背部疼痛，无恶心、呕吐等不适，今为进一步治疗，就诊我科，门诊拟“左上肺周围型肺癌并两肺、右锁骨远端、左锁骨头、左肩胛骨、颈椎、胸椎、多发肋骨转移可能性大”收住入院，发病来，患者精神尚可，睡眠尚可，食欲尚可，大小便正常，体重无明显改变。",
    "entities": [
        {
            "label_type": "实验室检验",
            "start_pos": 16,
            "end_pos": 21,
            "text": "CA199"
        },
        {
            "label_type": "实验室检验",
            "start_pos": 31,
            "end_pos": 36,
            "text": "CA153"
        },
        {
            "label_type": "实验室检验",
            "start_pos": 46,
            "end_pos": 49,
            "text": "CEA"
        },
        {
            "label_type": "影像检查",
            "start_pos": 62,
            "end_pos": 66,
            "text": "胸部CT"
        },
        {
            "end_pos": 79,
            "label_type": "解剖部位",
            "start_pos": 75,
            "text": "左肺上叶"
        },
        {
            "label_type": "疾病和诊断",
            "start_pos": 84,
            "end_pos": 89,
            "text": "周围型肺癌"
        },
        {
            "label_type": "解剖部位",
            "start_pos": 91,
            "end_pos": 93,
            "text": "纵隔"
        },
        {
            "end_pos": 106,
            "label_type": "解剖部位",
            "start_pos": 104,
            "text": "两肺"
        },
        {
            "label_type": "解剖部位",
            "start_pos": 122,
            "end_pos": 124,
            "text": "锁骨"
        },
        {
            "end_pos": 132,
            "label_type": "解剖部位",
            "start_pos": 127,
            "text": "左侧锁骨头"
        },
        {
            "end_pos": 138,
            "label_type": "解剖部位",
            "start_pos": 133,
            "text": "左侧肩胛骨"
        },
        {
            "end_pos": 143,
            "label_type": "解剖部位",
            "start_pos": 141,
            "text": "颈椎"
        },
        {
            "end_pos": 146,
            "label_type": "解剖部位",
            "start_pos": 144,
            "text": "胸椎"
        },
        {
            "end_pos": 149,
            "label_type": "解剖部位",
            "start_pos": 147,
            "text": "肋骨"
        },
        {
            "end_pos": 159,
            "label_type": "解剖部位",
            "start_pos": 158,
            "text": "骨"
        },
        {
            "end_pos": 174,
            "label_type": "解剖部位",
            "start_pos": 172,
            "text": "两肺"
        },
        {
            "end_pos": 189,
            "label_type": "解剖部位",
            "start_pos": 187,
            "text": "颈椎"
        },
        {
            "label_type": "影像检查",
            "start_pos": 190,
            "end_pos": 193,
            "text": "MRI"
        },
        {
            "end_pos": 207,
            "label_type": "解剖部位",
            "start_pos": 199,
            "text": "颈3、4、5、7"
        },
        {
            "label_type": "解剖部位",
            "start_pos": 208,
            "end_pos": 215,
            "text": "胸4椎体及附件"
        },
        {
            "label_type": "疾病和诊断",
            "start_pos": 220,
            "end_pos": 235,
            "text": "颈3、胸4椎体病理性压缩性骨折"
        },
        {
            "label_type": "疾病和诊断",
            "start_pos": 253,
            "end_pos": 263,
            "text": "颈椎、椎间盘退行性变"
        },
        {
            "end_pos": 269,
            "label_type": "解剖部位",
            "start_pos": 266,
            "text": "椎间盘"
        },
        {
            "end_pos": 285,
            "label_type": "解剖部位",
            "start_pos": 279,
            "text": "甲状腺两侧叶"
        },
        {
            "label_type": "疾病和诊断",
            "start_pos": 298,
            "end_pos": 304,
            "text": "子宫切除术后"
        },
        {
            "end_pos": 308,
            "label_type": "解剖部位",
            "start_pos": 307,
            "text": "肝"
        },
        {
            "end_pos": 310,
            "label_type": "解剖部位",
            "start_pos": 309,
            "text": "胆"
        },
        {
            "end_pos": 313,
            "label_type": "解剖部位",
            "start_pos": 311,
            "text": "胰腺"
        },
        {
            "label_type": "解剖部位",
            "start_pos": 314,
            "end_pos": 315,
            "text": "腹"
        },
        {
            "end_pos": 323,
            "label_type": "解剖部位",
            "start_pos": 322,
            "text": "脾"
        },
        {
            "end_pos": 327,
            "label_type": "解剖部位",
            "start_pos": 324,
            "text": "门静脉"
        },
        {
            "end_pos": 332,
            "label_type": "解剖部位",
            "start_pos": 328,
            "text": "上腔静脉"
        },
        {
            "end_pos": 339,
            "label_type": "解剖部位",
            "start_pos": 337,
            "text": "两肾"
        },
        {
            "end_pos": 344,
            "label_type": "解剖部位",
            "start_pos": 340,
            "text": "两输尿管"
        },
        {
            "end_pos": 347,
            "label_type": "解剖部位",
            "start_pos": 345,
            "text": "膀胱"
        },
        {
            "end_pos": 350,
            "label_type": "解剖部位",
            "start_pos": 348,
            "text": "盆腔"
        },
        {
            "label_type": "疾病和诊断",
            "start_pos": 366,
            "end_pos": 374,
            "text": "腹主动脉粥样硬化"
        },
        {
            "end_pos": 402,
            "label_type": "解剖部位",
            "start_pos": 399,
            "text": "胸背部"
        },
        {
            "label_type": "疾病和诊断",
            "start_pos": 432,
            "end_pos": 476,
            "text": "左上肺周围型肺癌并两肺、右锁骨远端、左锁骨头、左肩胛骨、颈椎、胸椎、多发肋骨转移可能性大"
        }
    ]
}