{
    "originalText": "入院前4+月，患者因“大便习惯改变伴大便带血6月，加重22月。”于我科住治院治疗，完善相关检查，诊断直肠腺癌（PT2N0M0）为“”20，于22016年2月上6腹腔镜上直肠癌根治术（DIXON）日术后在全麻上（行腔0镜0上直）肠（直肠）中分化腺癌癌根治术（DIXON）。术后病周理报告（癌160肠周淋巴结10癌61（0）：，）侵术后及深肌层。远、近端切缘及环周切缘未见癌累及。未见癌转移（0/11）。术后予以补液、术后分好转20、抗感02染2、对症支持2、伤口换药等处理，恢复较好，无特殊不化适，止血出院。术奥沙利铂后雷替曲塞分化别后于2016-02-27日、3月25日腹、4腹月19日,5月13日于我科行化疗4次直肠癌术后，方案化均为+，化疗直肠癌术后后患者化偶有肢体麻木，无明治显恶",
    "entities": [
        {
            "label_type": "疾病和诊断",
            "overlap": 0,
            "start_pos": 50,
            "end_pos": 63,
            "text": "直肠腺癌（PT2N0M0）"
        },
        {
            "label_type": "手术",
            "overlap": 0,
            "start_pos": 80,
            "end_pos": 97,
            "text": "腹腔镜上直肠癌根治术（DIXON）"
        },
        {
            "label_type": "疾病和诊断",
            "overlap": 0,
            "start_pos": 114,
            "end_pos": 123,
            "text": "（直肠）中分化腺癌"
        },
        {
            "end_pos": 152,
            "label_type": "解剖部位",
            "overlap": 0,
            "start_pos": 147,
            "text": "肠周淋巴结"
        },
        {
            "end_pos": 258,
            "label_type": "药物",
            "overlap": 0,
            "start_pos": 254,
            "text": "奥沙利铂"
        },
        {
            "end_pos": 263,
            "label_type": "药物",
            "overlap": 0,
            "start_pos": 259,
            "text": "雷替曲塞"
        },
        {
            "end_pos": 286,
            "label_type": "解剖部位",
            "overlap": 0,
            "start_pos": 285,
            "text": "腹"
        },
        {
            "end_pos": 289,
            "label_type": "解剖部位",
            "overlap": 0,
            "start_pos": 288,
            "text": "腹"
        },
        {
            "label_type": "疾病和诊断",
            "overlap": 0,
            "start_pos": 307,
            "end_pos": 312,
            "text": "直肠癌术后"
        },
        {
            "label_type": "疾病和诊断",
            "overlap": 0,
            "start_pos": 322,
            "end_pos": 327,
            "text": "直肠癌术后"
        }
    ]
}