{
    "originalText": "，患者2016-03-09因“先天性右大腿黑斑，破溃1月”行局部切除术，，术后病理示：浅表扩散型恶性黑色素瘤伴局灶溃疡形成，BRESLOW厚度约2MM。2016-03-16行全身PET-CT检查示未见明确转移征象。2016-03-31全麻上行上肢皮肤肿瘤扩大切除术+右侧腹股沟前哨淋巴结活检术，术后病理示恶性黑色素瘤转移（1/4）。后行低剂量干扰素及IL-2治疗1月。2016-05-11行右侧腹股沟淋巴结清扫术，，术后病理示：清扫淋巴结13枚，其中10枚见少量个别吞噬黑色素的组织细胞，未见肯定肿瘤转移，纤维脂肪组织内见异物肉芽肿。门诊咨询。",
    "entities": [
        {
            "end_pos": 21,
            "label_type": "解剖部位",
            "start_pos": 18,
            "text": "右大腿"
        },
        {
            "label_type": "疾病和诊断",
            "start_pos": 43,
            "end_pos": 61,
            "text": "浅表扩散型恶性黑色素瘤伴局灶溃疡形成"
        },
        {
            "label_type": "影像检查",
            "start_pos": 87,
            "end_pos": 95,
            "text": "全身PET-CT"
        },
        {
            "label_type": "手术",
            "start_pos": 121,
            "end_pos": 146,
            "text": "上肢皮肤肿瘤扩大切除术+右侧腹股沟前哨淋巴结活检术"
        },
        {
            "label_type": "疾病和诊断",
            "start_pos": 152,
            "end_pos": 160,
            "text": "恶性黑色素瘤转移"
        },
        {
            "end_pos": 174,
            "label_type": "药物",
            "start_pos": 171,
            "text": "干扰素"
        },
        {
            "end_pos": 179,
            "label_type": "药物",
            "start_pos": 175,
            "text": "IL-2"
        },
        {
            "end_pos": 206,
            "label_type": "手术",
            "start_pos": 195,
            "text": "右侧腹股沟淋巴结清扫术"
        }
    ]
}