{
    "originalText": "，因进食不畅半年，2015-07-09，外院胃镜：胃体小弯低分化腺癌，伴印戒细胞癌。2015-07-18外院CT示胃体部胃壁增厚，考虑BORRMANN 4型胃癌。胃周多发淋巴结，性质待定。盆腔少量积液。2015-07-24，超声：左卵巢可疑饱满。化验肿标正常。2015-7-23 中性粒细胞绝对值 1.23*10^9/L2015-07-29本院FISH检测HER2基因无扩增。2015-07-30，本院病理会诊:（胃活检）低分化腺癌，伴印戒细胞癌，，LAUREN：弥漫型；，免疫组化：HER2(1+),CK(+)。2015-8-7始我院消化内科行紫杉醇+替吉奥化疗4周期.2015-11-24行根治性全胃切除,空肠营养管置入.，术后病理:胃低分化腺癌,部分为印戒细胞癌,LAUREN，分型:弥漫型.侵及胃壁浆膜层,累及食管,脉管癌栓及神经侵犯,淋巴结1/17.分期PT4AN1.化疗期间曾出现腹腔感染。拟于术后3月行辅助化疗。家属代诊，现患者体质弱，夜间有饥饿感，进食偶有呕吐，乏力肢痛，引流管周围稍有红肿，偶有发热38度，睡眠、大小便可。",
    "entities": [
        {
            "label_type": "疾病和诊断",
            "start_pos": 25,
            "end_pos": 41,
            "text": "胃体小弯低分化腺癌，伴印戒细胞癌"
        },
        {
            "label_type": "影像检查",
            "start_pos": 54,
            "end_pos": 56,
            "text": "CT"
        },
        {
            "label_type": "解剖部位",
            "start_pos": 57,
            "end_pos": 59,
            "text": "胃体"
        },
        {
            "label_type": "疾病和诊断",
            "start_pos": 78,
            "end_pos": 80,
            "text": "胃癌"
        },
        {
            "label_type": "解剖部位",
            "start_pos": 81,
            "end_pos": 82,
            "text": "胃"
        },
        {
            "label_type": "疾病和诊断",
            "start_pos": 94,
            "end_pos": 100,
            "text": "盆腔少量积液"
        },
        {
            "end_pos": 118,
            "label_type": "解剖部位",
            "start_pos": 115,
            "text": "左卵巢"
        },
        {
            "label_type": "实验室检验",
            "start_pos": 139,
            "end_pos": 145,
            "text": " 中性粒细胞"
        },
        {
            "end_pos": 208,
            "label_type": "解剖部位",
            "start_pos": 207,
            "text": "胃"
        },
        {
            "label_type": "疾病和诊断",
            "start_pos": 211,
            "end_pos": 223,
            "text": "低分化腺癌，伴印戒细胞癌"
        },
        {
            "end_pos": 276,
            "label_type": "药物",
            "start_pos": 273,
            "text": "紫杉醇"
        },
        {
            "end_pos": 280,
            "label_type": "药物",
            "start_pos": 277,
            "text": "替吉奥"
        },
        {
            "label_type": "手术",
            "start_pos": 297,
            "end_pos": 312,
            "text": "根治性全胃切除,空肠营养管置入"
        },
        {
            "label_type": "疾病和诊断",
            "start_pos": 319,
            "end_pos": 334,
            "text": "胃低分化腺癌,部分为印戒细胞癌"
        },
        {
            "label_type": "解剖部位",
            "start_pos": 351,
            "end_pos": 352,
            "text": "胃"
        },
        {
            "end_pos": 361,
            "label_type": "解剖部位",
            "start_pos": 359,
            "text": "食管"
        },
        {
            "label_type": "解剖部位",
            "start_pos": 396,
            "end_pos": 397,
            "text": "腹"
        }
    ]
}