{
    "originalText": "，缘于入院前1月于我院诊为小肠癌癌，于020-15-0-11-09小肠癌根治术在全术麻上行腹腔，，术中腹见：大网膜腔盆腹腔内无明显结水，、TREITZ韧带未见转M移空肠结节，距约6大小CM处可触4及M肿物，大膜小约7周×5×系膜4CM，侵出见大淋巴结癌层大，环周0生长，M系膜侧肠管可触及多个肿术后大淋（巴0结，40最大直）径(小肠)约0溃疡型乳头状-管状腺癌II级.8CM膜，近端术无明显扩张。术后（病理（）（201）540癌286）示肠周淋巴结()，：，侵（系膜）淋巴结及浆膜(肠系膜根部)淋巴结层，手术标本癌双切端术后及另送（近切端）（远治切端）均未浆膜浸润。找II到19个及另送1个，1个，均未见癌转小肠管状腺癌（PT4AN0M0IIB期）术后移。术后给予对症、营养支持等治疗，恢复良好腹,伤腹口愈合II大小/甲。此次为化疗再次就诊我院",
    "entities": [
        {
            "label_type": "疾病和诊断",
            "overlap": 0,
            "start_pos": 13,
            "end_pos": 16,
            "text": "小肠癌"
        },
        {
            "end_pos": 39,
            "label_type": "手术",
            "overlap": 0,
            "start_pos": 33,
            "text": "小肠癌根治术"
        },
        {
            "end_pos": 47,
            "label_type": "解剖部位",
            "overlap": 0,
            "start_pos": 45,
            "text": "腹腔"
        },
        {
            "end_pos": 52,
            "label_type": "解剖部位",
            "overlap": 0,
            "start_pos": 51,
            "text": "腹"
        },
        {
            "end_pos": 57,
            "label_type": "解剖部位",
            "overlap": 0,
            "start_pos": 54,
            "text": "大网膜"
        },
        {
            "end_pos": 61,
            "label_type": "解剖部位",
            "overlap": 0,
            "start_pos": 58,
            "text": "盆腹腔"
        },
        {
            "end_pos": 77,
            "label_type": "解剖部位",
            "overlap": 0,
            "start_pos": 69,
            "text": "TREITZ韧带"
        },
        {
            "end_pos": 84,
            "label_type": "解剖部位",
            "overlap": 0,
            "start_pos": 82,
            "text": "空肠"
        },
        {
            "end_pos": 141,
            "label_type": "解剖部位",
            "overlap": 0,
            "start_pos": 139,
            "text": "肠管"
        },
        {
            "end_pos": 166,
            "label_type": "解剖部位",
            "overlap": 0,
            "start_pos": 164,
            "text": "小肠"
        },
        {
            "label_type": "疾病和诊断",
            "overlap": 0,
            "start_pos": 169,
            "end_pos": 183,
            "text": "溃疡型乳头状-管状腺癌II级"
        },
        {
            "end_pos": 224,
            "label_type": "解剖部位",
            "overlap": 0,
            "start_pos": 219,
            "text": "肠周淋巴结"
        },
        {
            "end_pos": 237,
            "label_type": "解剖部位",
            "overlap": 0,
            "start_pos": 230,
            "text": "（系膜）淋巴结"
        },
        {
            "end_pos": 250,
            "label_type": "解剖部位",
            "overlap": 0,
            "start_pos": 240,
            "text": "(肠系膜根部)淋巴结"
        },
        {
            "label_type": "疾病和诊断",
            "overlap": 0,
            "start_pos": 304,
            "end_pos": 326,
            "text": "小肠管状腺癌（PT4AN0M0IIB期）术后"
        },
        {
            "end_pos": 348,
            "label_type": "解剖部位",
            "overlap": 0,
            "start_pos": 347,
            "text": "腹"
        },
        {
            "end_pos": 351,
            "label_type": "解剖部位",
            "overlap": 0,
            "start_pos": 350,
            "text": "腹"
        }
    ]
}