{
    "originalText": "，2009-10-2于外院行直肠癌根治术，，手术病理回报：直肠溃疡型中分化腺癌，侵透全层达周围脂肪组织，淋巴结转移2/9（肠系膜淋巴结转移2/4），术后给予辅助化疗6周期，未行术后放疗，此后定期复查，未见明显复发转移，3月前患者出现排便不畅，伴小便不畅，肛门指诊提示直肠肿物，固定，，盆腔CT提示：吻合口左侧壁增厚，19MM，增强后明显强化，左侧髂血管旁肿大淋巴结，，肠镜提示：距肛门5-7CM吻合口肿物，固定，，活检病理回报：中分化腺癌。2011年9月14日于我院放疗科行术前放化疗，50.6GY CTV 41.8GY/22F，同期给予希罗达825MG/M2 BID D1-D5/W。3周前于我科检查发现肝多发转移，遂行“XELOX”化疗，今为行进一步化疗入院。患者自发病来，饮食睡眠可，体重无明显减轻，小便有排不尽感，大便伴有腹胀、量少、排便不尽感。",
    "entities": [
        {
            "end_pos": 20,
            "label_type": "手术",
            "start_pos": 14,
            "text": "直肠癌根治术"
        },
        {
            "label_type": "疾病和诊断",
            "start_pos": 29,
            "end_pos": 39,
            "text": "直肠溃疡型中分化腺癌"
        },
        {
            "label_type": "疾病和诊断",
            "start_pos": 61,
            "end_pos": 69,
            "text": "肠系膜淋巴结转移"
        },
        {
            "end_pos": 129,
            "label_type": "解剖部位",
            "start_pos": 127,
            "text": "肛门"
        },
        {
            "end_pos": 135,
            "label_type": "解剖部位",
            "start_pos": 133,
            "text": "直肠"
        },
        {
            "label_type": "影像检查",
            "start_pos": 142,
            "end_pos": 146,
            "text": "盆腔CT"
        },
        {
            "end_pos": 176,
            "label_type": "解剖部位",
            "start_pos": 171,
            "text": "左侧髂血管"
        },
        {
            "end_pos": 192,
            "label_type": "解剖部位",
            "start_pos": 190,
            "text": "肛门"
        },
        {
            "label_type": "疾病和诊断",
            "start_pos": 214,
            "end_pos": 219,
            "text": "中分化腺癌"
        },
        {
            "end_pos": 272,
            "label_type": "药物",
            "start_pos": 269,
            "text": "希罗达"
        },
        {
            "label_type": "疾病和诊断",
            "start_pos": 303,
            "end_pos": 308,
            "text": "肝多发转移"
        },
        {
            "end_pos": 366,
            "label_type": "解剖部位",
            "start_pos": 365,
            "text": "腹"
        }
    ]
}