{
    "originalText": "，患者因“便血伴便细近2月，加加重5天”一进一步确直肠癌诊为01于201116-4-11在我直肠肿瘤DIXON切除术院予术中行全麻上腹腔肿瘤腹DI腹XON切除肝脏术，，术中探查见肿瘤：腔直肠内无水腹腔，膜无转移，未触及转移病灶，肿瘤肿位淋巴结于上术段利，术后腔内无法触及，病人肥胖，系膜未触及肿大淋巴结术。手术直肠腺癌（中、低度分化）,隆起型,顺利3，术后3积0极予相关,对症支持治,疗并恢复总切除体平稳；切相关手术病理切示腺、癌（切中、低度分癌化肠壁一站（13个）、二站（10个）淋巴结）,隆癌起型,体积化3.5*3*N（0）、.8CM（,）侵达浅肌术后层0,未累及底部切除面。双端切肿瘤线及另分送“近术后切线”化、“远切线”未查见癌01。未查见癌。，免术后疫组化染色化示：SYN（-）、奥沙利铂T00S较多D1（亚叶酸钙0+3）。D患者于术后替加氟100020天D康复出院；就诊患者病情及肿、瘤病、理与分期继续术后辅助性（化化疗指征存在利），依后情于201化63-4-26给予术后首周期辅一助化疗，，具体用药为：200M、G D1+酸、0.3G D2-6 +1000MG腹 、腹D2-6 静滴，同时辅以化镇吐、升血、免疫调门节等对症支直肠癌术后持治疗（化疗过程总体顺利）。其后给予原方案、化疗3周期。自下后次肛门出院以来，患（者一般情况保）持良好；无发热，无恶化心",
    "entities": [
        {
            "label_type": "疾病和诊断",
            "overlap": 0,
            "start_pos": 25,
            "end_pos": 28,
            "text": "直肠癌"
        },
        {
            "end_pos": 58,
            "label_type": "手术",
            "overlap": 0,
            "start_pos": 46,
            "text": "直肠肿瘤DIXON切除术"
        },
        {
            "end_pos": 68,
            "label_type": "解剖部位",
            "overlap": 0,
            "start_pos": 66,
            "text": "腹腔"
        },
        {
            "end_pos": 71,
            "label_type": "解剖部位",
            "overlap": 0,
            "start_pos": 70,
            "text": "腹"
        },
        {
            "label_type": "解剖部位",
            "overlap": 0,
            "start_pos": 73,
            "end_pos": 74,
            "text": "腹"
        },
        {
            "end_pos": 81,
            "label_type": "解剖部位",
            "overlap": 0,
            "start_pos": 79,
            "text": "肝脏"
        },
        {
            "label_type": "解剖部位",
            "overlap": 0,
            "start_pos": 93,
            "end_pos": 95,
            "text": "直肠"
        },
        {
            "end_pos": 100,
            "label_type": "解剖部位",
            "overlap": 0,
            "start_pos": 98,
            "text": "腹腔"
        },
        {
            "label_type": "疾病和诊断",
            "overlap": 0,
            "start_pos": 155,
            "end_pos": 171,
            "text": "直肠腺癌（中、低度分化）,隆起型"
        },
        {
            "label_type": "解剖部位",
            "overlap": 0,
            "start_pos": 224,
            "end_pos": 244,
            "text": "肠壁一站（13个）、二站（10个）淋巴结"
        },
        {
            "end_pos": 349,
            "label_type": "药物",
            "overlap": 0,
            "start_pos": 345,
            "text": "奥沙利铂"
        },
        {
            "end_pos": 362,
            "label_type": "药物",
            "overlap": 0,
            "start_pos": 358,
            "text": "亚叶酸钙"
        },
        {
            "end_pos": 376,
            "label_type": "药物",
            "overlap": 0,
            "start_pos": 373,
            "text": "替加氟"
        },
        {
            "end_pos": 488,
            "label_type": "解剖部位",
            "overlap": 0,
            "start_pos": 487,
            "text": "腹"
        },
        {
            "end_pos": 491,
            "label_type": "解剖部位",
            "overlap": 0,
            "start_pos": 490,
            "text": "腹"
        },
        {
            "label_type": "疾病和诊断",
            "overlap": 0,
            "start_pos": 519,
            "end_pos": 524,
            "text": "直肠癌术后"
        },
        {
            "label_type": "解剖部位",
            "overlap": 0,
            "start_pos": 556,
            "end_pos": 558,
            "text": "肛门"
        }
    ]
}