{
    "originalText": "，患者平素月经规律，5年前绝经，2年前始出现阴道不规则出血，，外院宫颈活检病理结果经我院会诊示：（宫颈）中度分化鳞状细胞癌。未除外伴有腺样分化的可能。现入院进一步治疗，患者自起病以来，无恶心呕吐，无腹痛腹泻，无尿频尿急，自诉有漏尿现象。于2012-3-5日行经胸腔镜上肺部肿物活检术，术后病理提示肺部肿物非恶性肿瘤。于2012-3-15日行宫颈癌根治术加两附件切除术，，术后病理：宫颈中-低分化鳞状细胞癌，累及宫颈及宫颈管深肌层，入5010序贯放化疗组，放疗约至5月8日至5月10日。于2012-3-30予TP方案化疗（泰素270MG+DDP110MG）一程，过程顺利。今入院化疗。无畏寒发热，精神胃纳食欲可，大小便正常，体重无明显上降。，外院治疗经过:无。",
    "entities": [
        {
            "end_pos": 24,
            "label_type": "解剖部位",
            "start_pos": 22,
            "text": "阴道"
        },
        {
            "end_pos": 35,
            "label_type": "解剖部位",
            "start_pos": 33,
            "text": "宫颈"
        },
        {
            "label_type": "疾病和诊断",
            "start_pos": 48,
            "end_pos": 61,
            "text": "（宫颈）中度分化鳞状细胞癌"
        },
        {
            "end_pos": 100,
            "label_type": "解剖部位",
            "start_pos": 99,
            "text": "腹"
        },
        {
            "end_pos": 102,
            "label_type": "解剖部位",
            "start_pos": 101,
            "text": "腹"
        },
        {
            "end_pos": 141,
            "label_type": "手术",
            "start_pos": 129,
            "text": "经胸腔镜上肺部肿物活检术"
        },
        {
            "end_pos": 150,
            "label_type": "解剖部位",
            "start_pos": 148,
            "text": "肺部"
        },
        {
            "label_type": "手术",
            "start_pos": 170,
            "end_pos": 183,
            "text": "宫颈癌根治术加两附件切除术"
        },
        {
            "label_type": "疾病和诊断",
            "start_pos": 190,
            "end_pos": 202,
            "text": "宫颈中-低分化鳞状细胞癌"
        },
        {
            "end_pos": 207,
            "label_type": "解剖部位",
            "start_pos": 205,
            "text": "宫颈"
        },
        {
            "label_type": "解剖部位",
            "start_pos": 208,
            "end_pos": 211,
            "text": "宫颈管"
        },
        {
            "end_pos": 262,
            "label_type": "药物",
            "start_pos": 260,
            "text": "泰素"
        },
        {
            "end_pos": 300,
            "label_type": "解剖部位",
            "start_pos": 299,
            "text": "胃"
        }
    ]
}