{
    "originalText": "，患者2015-06因“无明显脉管出现大大便带鲜血，量少，大伴大便次数增加至2-3次/天5月”，肠外院镜检查乙状结肠提肛门示乙状结距18-20大CM肿物，大小肠2×1CM，镜能通过，腺癌活大肠多发息肉检病理提示，大多发息肉。转诊我院2015DIXON术-0术6-20在全乙状结肠大麻上行，，结肠中分化腺癌术后病理肠示：（乙状结癌组大体）镜检为结中分化，癌浸润至多壁浆膜上淋巴结层，癌组织癌侵犯神经束，诱因内癌见癌栓；经多取材另癌见淋巴中央组淋巴结结2枚，未见癌癌。2中间组淋巴结（近切缘）未见癌腺癌。3（远切肠旁淋巴结缘）未见癌。癌4（）1组化枚，未见癌。5（）2枚，1/2见转移。6（）2枚，未见癌。，免疫组化：ER（-），ERCC1（+）I，MLH1（+），分MSH2N（+），MIIISH6术（+术），PMS2（+），KI67（70%+），分期PT3N1AM0,IIIB期。术顺，X术后OX切口愈合化佳。于2015-07-化18、2015-08-07、胸片2彩超015-08-发28行XELOX方案辅助化化疗3程，过程顺利。3程化疗后于2胃015-09-17行及复查未见肿",
    "entities": [
        {
            "end_pos": 58,
            "label_type": "解剖部位",
            "overlap": 0,
            "start_pos": 54,
            "text": "乙状结肠"
        },
        {
            "end_pos": 61,
            "label_type": "解剖部位",
            "overlap": 0,
            "start_pos": 59,
            "text": "肛门"
        },
        {
            "label_type": "疾病和诊断",
            "overlap": 0,
            "start_pos": 91,
            "end_pos": 93,
            "text": "腺癌"
        },
        {
            "label_type": "疾病和诊断",
            "overlap": 0,
            "start_pos": 94,
            "end_pos": 100,
            "text": "大肠多发息肉"
        },
        {
            "end_pos": 126,
            "label_type": "手术",
            "overlap": 0,
            "start_pos": 120,
            "text": "DIXON术"
        },
        {
            "end_pos": 139,
            "label_type": "解剖部位",
            "overlap": 0,
            "start_pos": 135,
            "text": "乙状结肠"
        },
        {
            "label_type": "疾病和诊断",
            "overlap": 0,
            "start_pos": 145,
            "end_pos": 152,
            "text": "结肠中分化腺癌"
        },
        {
            "label_type": "解剖部位",
            "overlap": 0,
            "start_pos": 156,
            "end_pos": 157,
            "text": "肠"
        },
        {
            "end_pos": 223,
            "label_type": "解剖部位",
            "overlap": 0,
            "start_pos": 217,
            "text": "中央组淋巴结"
        },
        {
            "label_type": "解剖部位",
            "overlap": 0,
            "start_pos": 233,
            "end_pos": 239,
            "text": "中间组淋巴结"
        },
        {
            "label_type": "疾病和诊断",
            "overlap": 0,
            "start_pos": 247,
            "end_pos": 249,
            "text": "腺癌"
        },
        {
            "end_pos": 259,
            "label_type": "解剖部位",
            "overlap": 0,
            "start_pos": 254,
            "text": "肠旁淋巴结"
        },
        {
            "label_type": "影像检查",
            "overlap": 0,
            "start_pos": 429,
            "end_pos": 431,
            "text": "胸片"
        },
        {
            "label_type": "影像检查",
            "overlap": 0,
            "start_pos": 432,
            "end_pos": 434,
            "text": "彩超"
        },
        {
            "end_pos": 473,
            "label_type": "解剖部位",
            "overlap": 0,
            "start_pos": 472,
            "text": "胃"
        }
    ]
}