{
    "originalText": "，患者3月前出现间断便血，，外院肠镜提示：，直肠占位活检病理会诊：中分化腺癌，完善分期检查，CT3N+M0.术前放化疗，2016-5-3至2016-5-25 GTV 51GY CTV 40.8GY/34F BID D1-D5/W，患者诉大便较次数较前增多十余次/天，腹泻2度，恶心1度，乏力1度，皮肤反应1度，泌尿系1度，白细胞减低1度，中性粒细胞减低I度。2016年7月27日行手术治疗，低位前切除，回肠造瘘。（直肠），放化疗后切除：- 肠壁内未见癌残留，- 可见间质纤维化及大量慢性炎细胞浸润，符合治疗后反应，NCCN-TRG，分级：0级；- 肠系膜淋巴结未见癌转移（0/2）；-（近端）及（远端）均未见癌。",
    "entities": [
        {
            "end_pos": 24,
            "label_type": "解剖部位",
            "start_pos": 22,
            "text": "直肠"
        },
        {
            "label_type": "疾病和诊断",
            "start_pos": 33,
            "end_pos": 38,
            "text": "中分化腺癌"
        },
        {
            "end_pos": 134,
            "label_type": "解剖部位",
            "start_pos": 133,
            "text": "腹"
        },
        {
            "label_type": "实验室检验",
            "start_pos": 161,
            "end_pos": 164,
            "text": "白细胞"
        },
        {
            "label_type": "实验室检验",
            "start_pos": 169,
            "end_pos": 174,
            "text": "中性粒细胞"
        },
        {
            "label_type": "手术",
            "start_pos": 201,
            "end_pos": 205,
            "text": "回肠造瘘"
        },
        {
            "end_pos": 209,
            "label_type": "解剖部位",
            "start_pos": 207,
            "text": "直肠"
        },
        {
            "label_type": "解剖部位",
            "start_pos": 219,
            "end_pos": 221,
            "text": " 肠"
        },
        {
            "end_pos": 280,
            "label_type": "解剖部位",
            "start_pos": 274,
            "text": "肠系膜淋巴结"
        }
    ]
}