{
    "originalText": "，，入院前5个月余诊断为贲门-胃体癌“，”2，于201232.12.25腹腔镜辅助上根治性全胃切除（D2）+食管空肠ROUX-EN-Y吻合术在，术我，术后科行（2“”，术顺，术后），病(全胃)，理食管胃交界溃疡型管状腺癌III级，伴神经内分泌分化，（2013，4术10下1上切5），：（下切(）全)，癌：，侵出浆贲门周淋巴结膜层，，小弯淋巴结手术标本大弯淋巴结下、上切幽门下淋巴结端和另幽门上淋巴结送（下切端）(胃右动脉根部)淋巴结均未见(脾门)淋巴结癌浸润。找癌到11个，(脾动脉旁淋巴结)13个脉管、11个、，4个、化结14个I和另（送4个），、4个（+++），均未见癌（++），转移。另（++），E送(R（-），)-为U（++），纤ER-2（-），维Y（+）脉术后管脂肪组织。，免疫组化结果：KI67（治6，0%），后P53（2+++），P12702（++），2G2S，2Tπ（++），E，2GFR（-），5-FU奥沙利铂（++），IHER-D2+替吉奥（-），SIDYOD2-（+）。术后术后化予，辅预防肝感染、免疫、营养支治持，、调节利补液等治术后疗，周恢化复良好后出，门院。于胃癌术后化2014.0",
    "entities": [
        {
            "label_type": "疾病和诊断",
            "overlap": 0,
            "start_pos": 12,
            "end_pos": 18,
            "text": "贲门-胃体癌"
        },
        {
            "label_type": "手术",
            "overlap": 0,
            "start_pos": 36,
            "end_pos": 70,
            "text": "腹腔镜辅助上根治性全胃切除（D2）+食管空肠ROUX-EN-Y吻合术"
        },
        {
            "end_pos": 95,
            "label_type": "解剖部位",
            "overlap": 0,
            "start_pos": 94,
            "text": "胃"
        },
        {
            "label_type": "疾病和诊断",
            "overlap": 0,
            "start_pos": 98,
            "end_pos": 123,
            "text": "食管胃交界溃疡型管状腺癌III级，伴神经内分泌分化"
        },
        {
            "end_pos": 162,
            "label_type": "解剖部位",
            "overlap": 0,
            "start_pos": 156,
            "text": "贲门周淋巴结"
        },
        {
            "end_pos": 171,
            "label_type": "解剖部位",
            "overlap": 0,
            "start_pos": 166,
            "text": "小弯淋巴结"
        },
        {
            "end_pos": 180,
            "label_type": "解剖部位",
            "overlap": 0,
            "start_pos": 175,
            "text": "大弯淋巴结"
        },
        {
            "end_pos": 190,
            "label_type": "解剖部位",
            "overlap": 0,
            "start_pos": 184,
            "text": "幽门下淋巴结"
        },
        {
            "end_pos": 199,
            "label_type": "解剖部位",
            "overlap": 0,
            "start_pos": 193,
            "text": "幽门上淋巴结"
        },
        {
            "end_pos": 216,
            "label_type": "解剖部位",
            "overlap": 0,
            "start_pos": 205,
            "text": "(胃右动脉根部)淋巴结"
        },
        {
            "end_pos": 226,
            "label_type": "解剖部位",
            "overlap": 0,
            "start_pos": 219,
            "text": "(脾门)淋巴结"
        },
        {
            "end_pos": 245,
            "label_type": "解剖部位",
            "overlap": 0,
            "start_pos": 238,
            "text": "脾动脉旁淋巴结"
        },
        {
            "end_pos": 414,
            "label_type": "药物",
            "overlap": 0,
            "start_pos": 410,
            "text": "奥沙利铂"
        },
        {
            "end_pos": 430,
            "label_type": "药物",
            "overlap": 0,
            "start_pos": 427,
            "text": "替吉奥"
        },
        {
            "end_pos": 457,
            "label_type": "解剖部位",
            "overlap": 0,
            "start_pos": 456,
            "text": "肝"
        },
        {
            "label_type": "疾病和诊断",
            "overlap": 0,
            "start_pos": 494,
            "end_pos": 498,
            "text": "胃癌术后"
        }
    ]
}