{
    "originalText": "，，食欲因“大便带血”并一进一步确直肠癌诊2为15于22015-上2腹会阴联合直肠癌根治术（MILES手术）-，术中9在全麻腹腔上行腹会，腹阴联合根，肝脏治术及（M结I，LES手直肠上段，腹腔术）。，及术直肠中探查见：及腔内淋巴结无手术水，，膜无术后转移，未触及转移结治节，肿瘤位于，腔内无法手术探及。2系15膜242内），可触及（直肠）腺癌（中度分化），浸润型，肿大5淋4巴5结1CM，。手术顺利，患者术后积极予癌相关一站（12个）、二站（4个）、中间组（5个）及中央组（1个）淋巴结对症支癌持，治疗组化并恢复癌组总体TS平稳（。）、S相关（手）术病理术后(20化1治5024217），回阴道示：（），体积，52*14.15*11CM腹盆部CT，盆腔侵达外膜。 ，双端切部线未查见及癌部阴道； 未查见，癌；，免疫组直肠癌术后化染色示癌组织：TS少量（及+）、SYN，（-、）。患，者间术后于相间关化结肠疗治疗。现患者1月前出现内流出少量液体，于20化1",
    "entities": [
        {
            "label_type": "疾病和诊断",
            "overlap": 0,
            "start_pos": 17,
            "end_pos": 20,
            "text": "直肠癌"
        },
        {
            "label_type": "手术",
            "overlap": 0,
            "start_pos": 34,
            "end_pos": 54,
            "text": "腹会阴联合直肠癌根治术（MILES手术）"
        },
        {
            "end_pos": 64,
            "label_type": "解剖部位",
            "overlap": 0,
            "start_pos": 62,
            "text": "腹腔"
        },
        {
            "end_pos": 67,
            "label_type": "解剖部位",
            "overlap": 0,
            "start_pos": 66,
            "text": "腹"
        },
        {
            "label_type": "解剖部位",
            "overlap": 0,
            "start_pos": 69,
            "end_pos": 70,
            "text": "腹"
        },
        {
            "end_pos": 77,
            "label_type": "解剖部位",
            "overlap": 0,
            "start_pos": 75,
            "text": "肝脏"
        },
        {
            "end_pos": 93,
            "label_type": "解剖部位",
            "overlap": 0,
            "start_pos": 89,
            "text": "直肠上段"
        },
        {
            "end_pos": 96,
            "label_type": "解剖部位",
            "overlap": 0,
            "start_pos": 94,
            "text": "腹腔"
        },
        {
            "label_type": "解剖部位",
            "overlap": 0,
            "start_pos": 102,
            "end_pos": 104,
            "text": "直肠"
        },
        {
            "end_pos": 168,
            "label_type": "解剖部位",
            "overlap": 0,
            "start_pos": 166,
            "text": "直肠"
        },
        {
            "label_type": "疾病和诊断",
            "overlap": 0,
            "start_pos": 169,
            "end_pos": 181,
            "text": "腺癌（中度分化），浸润型"
        },
        {
            "label_type": "解剖部位",
            "overlap": 0,
            "start_pos": 210,
            "end_pos": 243,
            "text": "一站（12个）、二站（4个）、中间组（5个）及中央组（1个）淋巴结"
        },
        {
            "end_pos": 297,
            "label_type": "解剖部位",
            "overlap": 0,
            "start_pos": 295,
            "text": "阴道"
        },
        {
            "label_type": "影像检查",
            "overlap": 0,
            "start_pos": 318,
            "end_pos": 323,
            "text": "腹盆部CT"
        },
        {
            "end_pos": 326,
            "label_type": "解剖部位",
            "overlap": 0,
            "start_pos": 324,
            "text": "盆腔"
        },
        {
            "label_type": "解剖部位",
            "overlap": 0,
            "start_pos": 344,
            "end_pos": 346,
            "text": "阴道"
        },
        {
            "label_type": "疾病和诊断",
            "overlap": 0,
            "start_pos": 358,
            "end_pos": 363,
            "text": "直肠癌术后"
        },
        {
            "end_pos": 402,
            "label_type": "解剖部位",
            "overlap": 0,
            "start_pos": 400,
            "text": "结肠"
        }
    ]
}