{
    "originalText": "患者2012年01月因 \\\"便血\\\"收入我科，术前检查诊断横结肠癌，于2012.1.30在全麻上行横结肠癌根治术+大网膜、盆底结节切除术，术后恢复顺利。术后病理示：横结肠中分化腺癌浸润肠壁浆膜层外脂肪组织，淋巴结0/27转移，大网膜结节、乙状结肠壁结节、盆底结节中见腺癌侵润。分期PT4AN0M1A IV期。术后于2012-2-17起行XELOX方案化疗7程，过程顺利。因肝功能损害，于**三院行护肝治疗中。现为继续治疗入院。患者近来诉有手指尖麻木，局部皮肤无破溃，右脚拇指破溃愈合中，精神可，纳眠可，小便无异常，体重无明显上降。",
    "entities": [
        {
            "label_type": "疾病和诊断",
            "start_pos": 29,
            "end_pos": 33,
            "text": "横结肠癌"
        },
        {
            "label_type": "手术",
            "start_pos": 49,
            "end_pos": 68,
            "text": "横结肠癌根治术+大网膜、盆底结节切除术"
        },
        {
            "label_type": "疾病和诊断",
            "start_pos": 82,
            "end_pos": 90,
            "text": "横结肠中分化腺癌"
        },
        {
            "label_type": "解剖部位",
            "start_pos": 92,
            "end_pos": 93,
            "text": "肠"
        },
        {
            "label_type": "解剖部位",
            "start_pos": 119,
            "end_pos": 123,
            "text": "乙状结肠"
        },
        {
            "end_pos": 187,
            "label_type": "解剖部位",
            "start_pos": 186,
            "text": "肝"
        },
        {
            "end_pos": 200,
            "label_type": "解剖部位",
            "start_pos": 199,
            "text": "肝"
        },
        {
            "end_pos": 222,
            "label_type": "解剖部位",
            "start_pos": 219,
            "text": "手指尖"
        },
        {
            "end_pos": 237,
            "label_type": "解剖部位",
            "start_pos": 233,
            "text": "右脚拇指"
        }
    ]
}