{
    "originalText": "，因“进食后胸骨不适半年”，当地胃镜提示：胃窦溃疡型隆起性病变。诊断胃癌癌。体重较前稍有上降。我院胃癌根治术行，术，病术后胃隆起型高分化腺癌病理：隆分起型高分化腺癌，伴11分泌，大小10.5×XXX6分型.肠型5癌CM，LAUREN，分型：型；癌癌侵及胃浆膜上纤十二指肠维脂肪组织；可见脉管癌癌栓；残端、（癌十二指残端）及网膜组织均未见癌；淋巴结未见癌转移（第1组0/2、第3组0/0、第4SB组0/7、第4D组0/2、第5组0/3、第6组0/21、第7组0/粘液、第8A组0/4、第8P组0/1、第9组0/9、第11P组0/1、病第分12A组0/0、第12P化组0/1)；，肿瘤病理分期：PT3N0。，免疫组化结果显示:B-CATENIN(+),CD147(+),CD44(－),CMET(1+),EGFR(3+),HER2(0),KI67(+90%),MLH1(+＜25%),MSH2(+＞75%),MSH6(+＞75%),P-CADHERIN(+＞75%术),PMS2(术+化25～50%),TTF-1(－)。术术后恢化复可，拟行术后化疗。",
    "entities": [
        {
            "end_pos": 8,
            "label_type": "解剖部位",
            "overlap": 0,
            "start_pos": 6,
            "text": "胸骨"
        },
        {
            "label_type": "疾病和诊断",
            "overlap": 0,
            "start_pos": 21,
            "end_pos": 31,
            "text": "胃窦溃疡型隆起性病变"
        },
        {
            "label_type": "疾病和诊断",
            "overlap": 0,
            "start_pos": 34,
            "end_pos": 36,
            "text": "胃癌"
        },
        {
            "end_pos": 54,
            "label_type": "手术",
            "overlap": 0,
            "start_pos": 49,
            "text": "胃癌根治术"
        },
        {
            "label_type": "疾病和诊断",
            "overlap": 0,
            "start_pos": 61,
            "end_pos": 70,
            "text": "胃隆起型高分化腺癌"
        },
        {
            "end_pos": 104,
            "label_type": "解剖部位",
            "overlap": 0,
            "start_pos": 103,
            "text": "肠"
        },
        {
            "end_pos": 127,
            "label_type": "解剖部位",
            "overlap": 0,
            "start_pos": 126,
            "text": "胃"
        },
        {
            "end_pos": 135,
            "label_type": "解剖部位",
            "overlap": 0,
            "start_pos": 131,
            "text": "十二指肠"
        }
    ]
}