{
    "originalText": "，2008-1于我院胃肠外科行胃癌姑息切除术后+远端胃大部切除+淋巴结清扫术，，术后病理：胃体胃窦小弯侧溃疡型粘液腺癌，侵透胃壁全层，淋巴结13/27，术前4周期、术后3周期化疗，方案T+X。定期复查。\\U0004\\U0004 2011.3因腹胀，考虑腹腔复发,重复PTX+X化疗4周期，末次化疗7-1.口服希罗达维持治疗至8.1后停药。腹胀加重，肿瘤标志物明显升高，复查CT可见腹水，肠系膜增厚。已行PTX+XELODA再次化疗7周期，自觉症状好转。，AE:HFS2度，复查CT提示腹膜轻度增厚，少量腹水.\\U0004\\U0004  2011.10，肿瘤标志物提示CEA、CA72.4较前明显上降，CA199、CA242明显升高，患者自觉症状较前明显好转，HFS已恢复正常。口服TS-1单药化疗后1周期后肿瘤标志物上降，但第2周期后复查肿瘤标志物CEA、CA199、CA72.4均较前明显升高。2012.2.7改为PTX+S-1化疗，无明显不适。第8天化疗因血尿停药。考虑尿路感染，抗炎治疗后，复查尿常规肾功正常，2012.3.，1北大一院CT:膀胱切除回肠代膀胱术后，吻合口及带膀胱回肠壁增厚。颈部B超（-）。\\U0004\\U0004  现小便正常。复查血常规、生化未见特殊异常，拟行开始化疗。",
    "entities": [
        {
            "label_type": "手术",
            "start_pos": 15,
            "end_pos": 38,
            "text": "胃癌姑息切除术后+远端胃大部切除+淋巴结清扫术"
        },
        {
            "label_type": "疾病和诊断",
            "start_pos": 45,
            "end_pos": 59,
            "text": "胃体胃窦小弯侧溃疡型粘液腺癌"
        },
        {
            "label_type": "解剖部位",
            "start_pos": 62,
            "end_pos": 63,
            "text": "胃"
        },
        {
            "end_pos": 122,
            "label_type": "解剖部位",
            "start_pos": 121,
            "text": "腹"
        },
        {
            "label_type": "解剖部位",
            "start_pos": 126,
            "end_pos": 127,
            "text": "腹"
        },
        {
            "end_pos": 136,
            "label_type": "药物",
            "start_pos": 133,
            "text": "PTX"
        },
        {
            "end_pos": 157,
            "label_type": "药物",
            "start_pos": 154,
            "text": "希罗达"
        },
        {
            "end_pos": 170,
            "label_type": "解剖部位",
            "start_pos": 169,
            "text": "腹"
        },
        {
            "label_type": "影像检查",
            "start_pos": 186,
            "end_pos": 188,
            "text": "CT"
        },
        {
            "end_pos": 191,
            "label_type": "解剖部位",
            "start_pos": 190,
            "text": "腹"
        },
        {
            "label_type": "解剖部位",
            "start_pos": 193,
            "end_pos": 194,
            "text": "肠"
        },
        {
            "end_pos": 204,
            "label_type": "药物",
            "start_pos": 201,
            "text": "PTX"
        },
        {
            "end_pos": 211,
            "label_type": "药物",
            "start_pos": 205,
            "text": "XELODA"
        },
        {
            "label_type": "影像检查",
            "start_pos": 238,
            "end_pos": 240,
            "text": "CT"
        },
        {
            "label_type": "解剖部位",
            "start_pos": 242,
            "end_pos": 243,
            "text": "腹"
        },
        {
            "end_pos": 252,
            "label_type": "解剖部位",
            "start_pos": 251,
            "text": "腹"
        },
        {
            "label_type": "实验室检验",
            "start_pos": 283,
            "end_pos": 286,
            "text": "CEA"
        },
        {
            "label_type": "实验室检验",
            "start_pos": 287,
            "end_pos": 293,
            "text": "CA72.4"
        },
        {
            "label_type": "实验室检验",
            "start_pos": 300,
            "end_pos": 305,
            "text": "CA199"
        },
        {
            "label_type": "实验室检验",
            "start_pos": 306,
            "end_pos": 311,
            "text": "CA242"
        },
        {
            "end_pos": 344,
            "label_type": "药物",
            "start_pos": 340,
            "text": "TS-1"
        },
        {
            "label_type": "实验室检验",
            "start_pos": 374,
            "end_pos": 377,
            "text": "CEA"
        },
        {
            "label_type": "实验室检验",
            "start_pos": 378,
            "end_pos": 383,
            "text": "CA199"
        },
        {
            "label_type": "实验室检验",
            "start_pos": 384,
            "end_pos": 390,
            "text": "CA72.4"
        },
        {
            "end_pos": 411,
            "label_type": "药物",
            "start_pos": 408,
            "text": "PTX"
        },
        {
            "end_pos": 415,
            "label_type": "药物",
            "start_pos": 412,
            "text": "S-1"
        },
        {
            "label_type": "影像检查",
            "start_pos": 471,
            "end_pos": 473,
            "text": "CT"
        },
        {
            "label_type": "疾病和诊断",
            "start_pos": 474,
            "end_pos": 485,
            "text": "膀胱切除回肠代膀胱术后"
        },
        {
            "end_pos": 496,
            "label_type": "解剖部位",
            "start_pos": 491,
            "text": "膀胱回肠壁"
        },
        {
            "label_type": "影像检查",
            "start_pos": 499,
            "end_pos": 503,
            "text": "颈部B超"
        }
    ]
}