{
    "originalText": "，，患者因直肠癌“”2于1201116-11-08于我院在直肠HARTMANN手术，术后全麻（上予行，术2后1病），理（3766.2，0直肠腺癌（中度分化），浸润溃疡型，13），回示：病理诊M，断 ，:，体积8，*6*0.6CM，侵达外膜脂癌肪组肠壁一站（1/22个）淋巴结癌织，未肠壁二站（2个）淋巴结累及切癌除低级别腺管状腺瘤面，。双端化切线未癌查正常。呈N（癌）转移RA。（未）查M见H1（癌）。M。H2（，）免M疫H组（化）染色M示2（癌）组织：术后SYN（-）、BRA，F（化-）、M，L2H11（12+）、2M1SH12（+）、化MSH6，，（+）、奥沙利铂2PMMS2（+）亚叶酸钙。患者术后2恢复好替加氟1。根据M患者病2情，除外，化疗禁忌症，于201肝6-12-8、201，-01化-08给予化疗双周期后，，，一方案为：200，MG DL，+0.，3GD2-6，+1酸000，MG D2-6，静滴，同时腹给予腹升白细胞、护、止吐、免疫增强治疗，无明显化疗，副反应。直肠癌术后自下次出院后，患者一般情况保状持良，好， 无乏力，感，无发热，，无恶心、呕，吐，无，反酸、，嗳气，无，明显进食不适，未化现",
    "entities": [
        {
            "label_type": "疾病和诊断",
            "overlap": 0,
            "start_pos": 5,
            "end_pos": 8,
            "text": "直肠癌"
        },
        {
            "end_pos": 41,
            "label_type": "手术",
            "overlap": 0,
            "start_pos": 29,
            "text": "直肠HARTMANN手术"
        },
        {
            "label_type": "疾病和诊断",
            "overlap": 0,
            "start_pos": 68,
            "end_pos": 84,
            "text": "直肠腺癌（中度分化），浸润溃疡型"
        },
        {
            "label_type": "解剖部位",
            "overlap": 0,
            "start_pos": 123,
            "end_pos": 137,
            "text": "肠壁一站（1/22个）淋巴结"
        },
        {
            "label_type": "解剖部位",
            "overlap": 0,
            "start_pos": 141,
            "end_pos": 152,
            "text": "肠壁二站（2个）淋巴结"
        },
        {
            "label_type": "疾病和诊断",
            "overlap": 0,
            "start_pos": 157,
            "end_pos": 165,
            "text": "低级别腺管状腺瘤"
        },
        {
            "end_pos": 285,
            "label_type": "药物",
            "overlap": 0,
            "start_pos": 281,
            "text": "奥沙利铂"
        },
        {
            "end_pos": 298,
            "label_type": "药物",
            "overlap": 0,
            "start_pos": 294,
            "text": "亚叶酸钙"
        },
        {
            "end_pos": 310,
            "label_type": "药物",
            "overlap": 0,
            "start_pos": 307,
            "text": "替加氟"
        },
        {
            "end_pos": 335,
            "label_type": "解剖部位",
            "overlap": 0,
            "start_pos": 334,
            "text": "肝"
        },
        {
            "end_pos": 411,
            "label_type": "解剖部位",
            "overlap": 0,
            "start_pos": 410,
            "text": "腹"
        },
        {
            "end_pos": 414,
            "label_type": "解剖部位",
            "overlap": 0,
            "start_pos": 413,
            "text": "腹"
        },
        {
            "label_type": "疾病和诊断",
            "overlap": 0,
            "start_pos": 441,
            "end_pos": 446,
            "text": "直肠癌术后"
        }
    ]
}