{
    "originalText": "因便潜血阳性检查诊断降结肠中分化腺癌。2012-5-15我院行乙状结肠癌根治术，溃疡型中低分化腺癌伴粘液腺癌，肠壁全层，未侵透浆膜层，无脉管癌栓，1/22，切缘阴性。MLH1（+），MSH2（+）。2012-6-12始XELOX*6，末次2012-9-25。第5周期化疗因头晕、食欲差等不良反应希罗达停服4日。化疗期间CA724进行性增高（2012-7-2：12--19.54--（2012-8-9）22.86) CEA 5.08，2012-09-19 7.71。\\U0004\\U0004 目前患者仍有腹部隐痛，左手麻木，进食可，大小便正常，体重稳定。",
    "entities": [
        {
            "label_type": "疾病和诊断",
            "start_pos": 10,
            "end_pos": 18,
            "text": "降结肠中分化腺癌"
        },
        {
            "end_pos": 39,
            "label_type": "手术",
            "start_pos": 31,
            "text": "乙状结肠癌根治术"
        },
        {
            "label_type": "疾病和诊断",
            "start_pos": 40,
            "end_pos": 54,
            "text": "溃疡型中低分化腺癌伴粘液腺癌"
        },
        {
            "label_type": "解剖部位",
            "start_pos": 55,
            "end_pos": 56,
            "text": "肠"
        },
        {
            "end_pos": 137,
            "label_type": "解剖部位",
            "start_pos": 136,
            "text": "头"
        },
        {
            "end_pos": 150,
            "label_type": "药物",
            "start_pos": 147,
            "text": "希罗达"
        },
        {
            "label_type": "实验室检验",
            "start_pos": 159,
            "end_pos": 164,
            "text": "CA724"
        },
        {
            "label_type": "实验室检验",
            "start_pos": 207,
            "end_pos": 210,
            "text": "CEA"
        },
        {
            "label_type": "解剖部位",
            "start_pos": 251,
            "end_pos": 252,
            "text": "腹"
        },
        {
            "end_pos": 258,
            "label_type": "解剖部位",
            "start_pos": 256,
            "text": "左手"
        }
    ]
}