{
    "originalText": "，患者2016-10因下腹不适外院胃镜发现食管粘膜病变，胃窦隆起性病变。，病理胃窦：慢性中度浅表性炎、急性活动（中度）。，食管粘膜：高级别下皮内瘤变。2016-10-18食管黏膜病变EPMR术，，术后病理：（食管）鳞形细胞癌，分化II～III级，癌组织浸润粘膜上层，因送检组织破碎，无法评估侧切缘情况，基底切缘未见病变累及。免疫组化(2016-N20634)2+3，号蜡块:DES(粘膜肌+),KI67(60%阳性),P16(-),P53(++)。患者术后因食管狭窄，分别于2016-11-11、2016-12-6、2017-5-24于我院行三次内镜上食管扩张术，现为求进一步治疗，收入我科。患者自发病以来精神可，胃纳可，夜眠可，二便无殊，体重无明显降低。",
    "entities": [
        {
            "end_pos": 13,
            "label_type": "解剖部位",
            "start_pos": 11,
            "text": "下腹"
        },
        {
            "label_type": "解剖部位",
            "start_pos": 21,
            "end_pos": 23,
            "text": "食管"
        },
        {
            "end_pos": 30,
            "label_type": "解剖部位",
            "start_pos": 28,
            "text": "胃窦"
        },
        {
            "end_pos": 41,
            "label_type": "解剖部位",
            "start_pos": 39,
            "text": "胃窦"
        },
        {
            "label_type": "解剖部位",
            "start_pos": 61,
            "end_pos": 63,
            "text": "食管"
        },
        {
            "label_type": "疾病和诊断",
            "start_pos": 66,
            "end_pos": 74,
            "text": "高级别下皮内瘤变"
        },
        {
            "end_pos": 96,
            "label_type": "手术",
            "start_pos": 85,
            "text": "食管黏膜病变EPMR术"
        },
        {
            "label_type": "疾病和诊断",
            "start_pos": 103,
            "end_pos": 112,
            "text": "（食管）鳞形细胞癌"
        },
        {
            "end_pos": 231,
            "label_type": "解剖部位",
            "start_pos": 229,
            "text": "食管"
        },
        {
            "end_pos": 281,
            "label_type": "手术",
            "start_pos": 273,
            "text": "内镜上食管扩张术"
        },
        {
            "end_pos": 308,
            "label_type": "解剖部位",
            "start_pos": 307,
            "text": "胃"
        }
    ]
}