{
    "originalText": "缘于入院前9天（（2013.12.2）4）卵巢癌因“”于我院全子宫+两附件切除术+阑尾+大网膜切除术+盆腔淋巴结清扫术行“术”。腹腔术中见内腹淡黄色水约200M腹L，取水30ML送细胞学子宫体检查，前大位右卵巢囊，性常大大，囊实性增大约10*大10*10CM大小，色灰膜白，表面光滑，包膜完整，组织粘脆烂，与周围组粘织无液体粘连，右输卵管内左附件见淡黄色粘肝稠脾样膈上咳肠管嗽肠流膜出腹膜，右及外观正常，切除右附件、、、管、系膜、（膜等未见明显异常。）切卵巢恶性下皮性肿瘤除送冰冻粘液性囊腺癌，输卵管病理肿瘤回报（2013下术4术07术后80）：术后，考（虑为，未见肿瘤细胞）（左侧）卵巢浸输卵管润。遂盆腔淋巴结行下术癌，术顺，大网膜术后恢网膜复好，术癌后病理（201（阑尾）阑尾3409癌02）及组织；均阑尾未见癌转移；（(大网膜)送检）腹网膜组织未肿瘤见癌细胞种植转移；（）组织未见癌细胞种植转移，呈周围炎腹改变腹。（C头13眼23胸34心）水涂片未见肿瘤细胞。余病理未报右卵巢粘液性囊腺癌IA期术后。现患者无畏冷、发热，无液体、咳痰，无痛、大胀，无晕、体花，闷、悸等不",
    "entities": [
        {
            "label_type": "疾病和诊断",
            "overlap": 0,
            "start_pos": 21,
            "end_pos": 24,
            "text": "卵巢癌"
        },
        {
            "label_type": "手术",
            "overlap": 0,
            "start_pos": 30,
            "end_pos": 59,
            "text": "全子宫+两附件切除术+阑尾+大网膜切除术+盆腔淋巴结清扫术"
        },
        {
            "end_pos": 66,
            "label_type": "解剖部位",
            "overlap": 0,
            "start_pos": 64,
            "text": "腹腔"
        },
        {
            "end_pos": 71,
            "label_type": "解剖部位",
            "overlap": 0,
            "start_pos": 70,
            "text": "腹"
        },
        {
            "end_pos": 81,
            "label_type": "解剖部位",
            "overlap": 0,
            "start_pos": 80,
            "text": "腹"
        },
        {
            "end_pos": 96,
            "label_type": "解剖部位",
            "overlap": 0,
            "start_pos": 93,
            "text": "子宫体"
        },
        {
            "end_pos": 105,
            "label_type": "解剖部位",
            "overlap": 0,
            "start_pos": 102,
            "text": "右卵巢"
        },
        {
            "end_pos": 169,
            "label_type": "解剖部位",
            "overlap": 0,
            "start_pos": 165,
            "text": "右输卵管"
        },
        {
            "end_pos": 173,
            "label_type": "解剖部位",
            "overlap": 0,
            "start_pos": 170,
            "text": "左附件"
        },
        {
            "end_pos": 179,
            "label_type": "解剖部位",
            "overlap": 0,
            "start_pos": 178,
            "text": "肝"
        },
        {
            "end_pos": 181,
            "label_type": "解剖部位",
            "overlap": 0,
            "start_pos": 180,
            "text": "脾"
        },
        {
            "end_pos": 184,
            "label_type": "解剖部位",
            "overlap": 0,
            "start_pos": 182,
            "text": "膈上"
        },
        {
            "end_pos": 187,
            "label_type": "解剖部位",
            "overlap": 0,
            "start_pos": 185,
            "text": "肠管"
        },
        {
            "label_type": "解剖部位",
            "overlap": 0,
            "start_pos": 188,
            "end_pos": 189,
            "text": "肠"
        },
        {
            "label_type": "解剖部位",
            "overlap": 0,
            "start_pos": 192,
            "end_pos": 193,
            "text": "腹"
        },
        {
            "end_pos": 207,
            "label_type": "解剖部位",
            "overlap": 0,
            "start_pos": 204,
            "text": "右附件"
        },
        {
            "label_type": "疾病和诊断",
            "overlap": 0,
            "start_pos": 227,
            "end_pos": 236,
            "text": "卵巢恶性下皮性肿瘤"
        },
        {
            "label_type": "疾病和诊断",
            "overlap": 0,
            "start_pos": 240,
            "end_pos": 246,
            "text": "粘液性囊腺癌"
        },
        {
            "end_pos": 250,
            "label_type": "解剖部位",
            "overlap": 0,
            "start_pos": 247,
            "text": "输卵管"
        },
        {
            "end_pos": 294,
            "label_type": "解剖部位",
            "overlap": 0,
            "start_pos": 288,
            "text": "（左侧）卵巢"
        },
        {
            "end_pos": 298,
            "label_type": "解剖部位",
            "overlap": 0,
            "start_pos": 295,
            "text": "输卵管"
        },
        {
            "end_pos": 306,
            "label_type": "解剖部位",
            "overlap": 0,
            "start_pos": 301,
            "text": "盆腔淋巴结"
        },
        {
            "end_pos": 337,
            "label_type": "解剖部位",
            "overlap": 0,
            "start_pos": 335,
            "text": "阑尾"
        },
        {
            "end_pos": 340,
            "label_type": "解剖部位",
            "overlap": 0,
            "start_pos": 338,
            "text": "阑尾"
        },
        {
            "end_pos": 355,
            "label_type": "解剖部位",
            "overlap": 0,
            "start_pos": 353,
            "text": "阑尾"
        },
        {
            "end_pos": 371,
            "label_type": "解剖部位",
            "overlap": 0,
            "start_pos": 370,
            "text": "腹"
        },
        {
            "end_pos": 406,
            "label_type": "解剖部位",
            "overlap": 0,
            "start_pos": 405,
            "text": "腹"
        },
        {
            "end_pos": 409,
            "label_type": "解剖部位",
            "overlap": 0,
            "start_pos": 408,
            "text": "腹"
        },
        {
            "end_pos": 413,
            "label_type": "解剖部位",
            "overlap": 0,
            "start_pos": 412,
            "text": "头"
        },
        {
            "label_type": "解剖部位",
            "overlap": 0,
            "start_pos": 415,
            "end_pos": 416,
            "text": "眼"
        },
        {
            "end_pos": 419,
            "label_type": "解剖部位",
            "overlap": 0,
            "start_pos": 418,
            "text": "胸"
        },
        {
            "end_pos": 422,
            "label_type": "解剖部位",
            "overlap": 0,
            "start_pos": 421,
            "text": "心"
        },
        {
            "label_type": "疾病和诊断",
            "overlap": 0,
            "start_pos": 438,
            "end_pos": 452,
            "text": "右卵巢粘液性囊腺癌IA期术后"
        }
    ]
}