{
    "originalText": "影像学提示肝多发占位，宫颈占位考虑恶性至宫旁。2015-12-17肝穿刺病理免疫组化结果支持为低分化癌浸润肝组织，结合病史考虑妇科肿瘤转移至肝脏。宫颈肿物凝血块及纤维组织内可见腺癌伴坏死及挤压退变。2015-12-28介入科行子宫动脉栓塞，2015-12-30我院妇科行两附件切除+腹盆腔淋巴结清扫，术后病理：右附件卵巢组织内可见脉管癌栓；输卵管管壁可见脉管癌栓；淋巴结可见癌转移14/39。2016-1-15、2-5行TP化疗2程。2-29行第3周期化疗，2016-3-4至4-14行放疗，GTVND（腹盆LN）60GY/CTV（L1-外阴）45GY/25F，后装腔内放疗4次，A点剂量28GY/4F/4W。4-19和6-1行第4、5周期化疗。2016.5复查宫颈、淋巴结及肝脏病灶均明显缩小。瘤标基本降至正常。白细胞低上3度，当地升白治疗。现基本回复正常。",
    "entities": [
        {
            "label_type": "解剖部位",
            "start_pos": 5,
            "end_pos": 6,
            "text": "肝"
        },
        {
            "label_type": "解剖部位",
            "start_pos": 11,
            "end_pos": 13,
            "text": "宫颈"
        },
        {
            "end_pos": 34,
            "label_type": "解剖部位",
            "start_pos": 33,
            "text": "肝"
        },
        {
            "end_pos": 54,
            "label_type": "解剖部位",
            "start_pos": 53,
            "text": "肝"
        },
        {
            "end_pos": 72,
            "label_type": "解剖部位",
            "start_pos": 70,
            "text": "肝脏"
        },
        {
            "end_pos": 75,
            "label_type": "解剖部位",
            "start_pos": 73,
            "text": "宫颈"
        },
        {
            "end_pos": 119,
            "label_type": "手术",
            "start_pos": 113,
            "text": "子宫动脉栓塞"
        },
        {
            "label_type": "手术",
            "start_pos": 135,
            "end_pos": 149,
            "text": "两附件切除+腹盆腔淋巴结清扫"
        },
        {
            "end_pos": 160,
            "label_type": "解剖部位",
            "start_pos": 155,
            "text": "右附件卵巢"
        },
        {
            "label_type": "解剖部位",
            "start_pos": 170,
            "end_pos": 173,
            "text": "输卵管"
        },
        {
            "end_pos": 256,
            "label_type": "解剖部位",
            "start_pos": 252,
            "text": "腹盆LN"
        },
        {
            "end_pos": 271,
            "label_type": "解剖部位",
            "start_pos": 269,
            "text": "外阴"
        },
        {
            "end_pos": 333,
            "label_type": "解剖部位",
            "start_pos": 331,
            "text": "宫颈"
        },
        {
            "end_pos": 340,
            "label_type": "解剖部位",
            "start_pos": 338,
            "text": "肝脏"
        },
        {
            "label_type": "实验室检验",
            "start_pos": 357,
            "end_pos": 360,
            "text": "白细胞"
        }
    ]
}