{
    "originalText": "患者于2014年7月7日因“卵巢癌”在全全麻上剖腹探查+卵巢癌细胞减灭术（全子宫、两侧附件、大网膜、阑尾、盆腔转移灶、直肠转移灶切除+盆腔淋巴结清扫术）行术后剖腹结探查+左卵巢浆液性乳头状腺癌细胞减直肠灭术转移灶、腹腔转移灶（全癌子宫、（大网膜）两侧癌附件、（右盆腔淋巴结、左盆腔淋巴结）大网癌转移（膜、阑、尾、盆）腔转移灶、转移灶术后切除+盆腔淋巴（紫杉醇结清扫术+顺铂腹腔），）术后病检结果为：； (表面转移灶、转移灶)见（紫杉醇癌组织。+顺铂腹腔（大）网膜）未见癌累及。（、）未见癌转移（0/6、0/6）。于7月2（紫杉醇+奈达铂）0日行术后第一次TP方案（化疗滴入+灌注）联合静脉，于2014年（紫杉醇+奈达铂）8月12日第二后次行TP（静脉滴入+灌注）方案化疗，于2014年9月2日行第三次化疗，化（紫杉醇+奈达铂）疗方案为TP方后案（+）静脉化疗，于2014年9月22日行第四次化疗，化疗方案为TP方（紫杉醇+奈达铂）案（+）静脉化后疗，化疗后无明显毒副后反期应查。于2014年10月13日行第五次化疗，化疗方案为TP卵巢浆液性乳头状腺癌IIIC期术后方案（+）静脉化疗，化疗后无明显毒副反应。于2014年、11月04日第六次大化疗，化疗方案为TP方案（",
    "entities": [
        {
            "label_type": "疾病和诊断",
            "overlap": 0,
            "start_pos": 14,
            "end_pos": 17,
            "text": "卵巢癌"
        },
        {
            "label_type": "手术",
            "overlap": 0,
            "start_pos": 23,
            "end_pos": 76,
            "text": "剖腹探查+卵巢癌细胞减灭术（全子宫、两侧附件、大网膜、阑尾、盆腔转移灶、直肠转移灶切除+盆腔淋巴结清扫术）"
        },
        {
            "label_type": "疾病和诊断",
            "overlap": 0,
            "start_pos": 85,
            "end_pos": 96,
            "text": "左卵巢浆液性乳头状腺癌"
        },
        {
            "end_pos": 101,
            "label_type": "解剖部位",
            "overlap": 0,
            "start_pos": 99,
            "text": "直肠"
        },
        {
            "end_pos": 109,
            "label_type": "解剖部位",
            "overlap": 0,
            "start_pos": 107,
            "text": "腹腔"
        },
        {
            "end_pos": 136,
            "label_type": "解剖部位",
            "overlap": 0,
            "start_pos": 130,
            "text": "右盆腔淋巴结"
        },
        {
            "end_pos": 143,
            "label_type": "解剖部位",
            "overlap": 0,
            "start_pos": 137,
            "text": "左盆腔淋巴结"
        },
        {
            "end_pos": 179,
            "label_type": "药物",
            "overlap": 0,
            "start_pos": 176,
            "text": "紫杉醇"
        },
        {
            "end_pos": 186,
            "label_type": "药物",
            "overlap": 0,
            "start_pos": 184,
            "text": "顺铂"
        },
        {
            "end_pos": 188,
            "label_type": "解剖部位",
            "overlap": 0,
            "start_pos": 186,
            "text": "腹腔"
        },
        {
            "end_pos": 217,
            "label_type": "药物",
            "overlap": 0,
            "start_pos": 214,
            "text": "紫杉醇"
        },
        {
            "end_pos": 224,
            "label_type": "药物",
            "overlap": 0,
            "start_pos": 222,
            "text": "顺铂"
        },
        {
            "end_pos": 226,
            "label_type": "解剖部位",
            "overlap": 0,
            "start_pos": 224,
            "text": "腹腔"
        },
        {
            "end_pos": 264,
            "label_type": "药物",
            "overlap": 0,
            "start_pos": 261,
            "text": "紫杉醇"
        },
        {
            "end_pos": 268,
            "label_type": "药物",
            "overlap": 0,
            "start_pos": 265,
            "text": "奈达铂"
        },
        {
            "end_pos": 305,
            "label_type": "药物",
            "overlap": 0,
            "start_pos": 302,
            "text": "紫杉醇"
        },
        {
            "end_pos": 309,
            "label_type": "药物",
            "overlap": 0,
            "start_pos": 306,
            "text": "奈达铂"
        },
        {
            "end_pos": 358,
            "label_type": "药物",
            "overlap": 0,
            "start_pos": 355,
            "text": "紫杉醇"
        },
        {
            "end_pos": 362,
            "label_type": "药物",
            "overlap": 0,
            "start_pos": 359,
            "text": "奈达铂"
        },
        {
            "end_pos": 410,
            "label_type": "药物",
            "overlap": 0,
            "start_pos": 407,
            "text": "紫杉醇"
        },
        {
            "end_pos": 414,
            "label_type": "药物",
            "overlap": 0,
            "start_pos": 411,
            "text": "奈达铂"
        },
        {
            "label_type": "疾病和诊断",
            "overlap": 0,
            "start_pos": 465,
            "end_pos": 482,
            "text": "卵巢浆液性乳头状腺癌IIIC期术后"
        }
    ]
}