{
    "originalText": "，缘于入院前6个月“进行性眼性黄、尿黄、皮肤黄染30天”为主诉入我科住院，考十二指肠乳头虑占位，并于全麻上行胰十二指肠切除术“切术除术腹腔”，腹术中腹见内盆底无水，壁及结未触肝脏及种植结节。表面胆张力高，呈淤胆小侵及，形态、大小正胆囊常，未触及肿物，约8×5×4CM3，表面张力高，无充结血、肝脏水胆囊肿，未触及结石，及与大网膜胆总管粘连明显，予松解。扩张，十二指肠降部直径约1.5CM。触术后及一肿物，质硬（胰十二指肠）。，十二指肠乳头部浸润型管状腺癌II-III级术后病理回报：1、（），：部浸胆总管润胰腺型管术状腺胃切癌I小肠切I-胰腺切II胆总管切I级，侵癌浸润犯神经胃周淋巴结，改变胰腺周淋巴结深肌层，未侵（肝十二指肠韧带）淋巴结犯及，（肝总动脉旁）淋巴结手术标本切癌端、切端、切胆囊端慢性胆囊炎及胆切端均术后未见癌浸润。找到1个、2个，及另送1个和4个腹均未见癌转移。2、，：慢性炎下腹部，胆石症。术后患者恢复好，皮肤黄腹染逐渐消退，无发热、呕吐、泻、血便等。近1个月患者偶有闷痛，行十二指肠癌术后走时明显，无发热、呕吐、胀、黑便、皮肤黄染等二不适。为进一步复查，再次求诊我",
    "entities": [
        {
            "end_pos": 14,
            "label_type": "解剖部位",
            "overlap": 0,
            "start_pos": 13,
            "text": "眼"
        },
        {
            "end_pos": 44,
            "label_type": "解剖部位",
            "overlap": 0,
            "start_pos": 38,
            "text": "十二指肠乳头"
        },
        {
            "end_pos": 62,
            "label_type": "手术",
            "overlap": 0,
            "start_pos": 54,
            "text": "胰十二指肠切除术"
        },
        {
            "end_pos": 69,
            "label_type": "解剖部位",
            "overlap": 0,
            "start_pos": 67,
            "text": "腹腔"
        },
        {
            "end_pos": 72,
            "label_type": "解剖部位",
            "overlap": 0,
            "start_pos": 71,
            "text": "腹"
        },
        {
            "label_type": "解剖部位",
            "overlap": 0,
            "start_pos": 74,
            "end_pos": 75,
            "text": "腹"
        },
        {
            "end_pos": 79,
            "label_type": "解剖部位",
            "overlap": 0,
            "start_pos": 77,
            "text": "盆底"
        },
        {
            "end_pos": 89,
            "label_type": "解剖部位",
            "overlap": 0,
            "start_pos": 87,
            "text": "肝脏"
        },
        {
            "end_pos": 117,
            "label_type": "解剖部位",
            "overlap": 0,
            "start_pos": 115,
            "text": "胆囊"
        },
        {
            "end_pos": 148,
            "label_type": "解剖部位",
            "overlap": 0,
            "start_pos": 146,
            "text": "肝脏"
        },
        {
            "end_pos": 151,
            "label_type": "解剖部位",
            "overlap": 0,
            "start_pos": 149,
            "text": "胆囊"
        },
        {
            "end_pos": 167,
            "label_type": "解剖部位",
            "overlap": 0,
            "start_pos": 164,
            "text": "胆总管"
        },
        {
            "end_pos": 185,
            "label_type": "解剖部位",
            "overlap": 0,
            "start_pos": 179,
            "text": "十二指肠降部"
        },
        {
            "end_pos": 210,
            "label_type": "解剖部位",
            "overlap": 0,
            "start_pos": 205,
            "text": "胰十二指肠"
        },
        {
            "label_type": "疾病和诊断",
            "overlap": 0,
            "start_pos": 213,
            "end_pos": 234,
            "text": "十二指肠乳头部浸润型管状腺癌II-III级"
        },
        {
            "end_pos": 252,
            "label_type": "解剖部位",
            "overlap": 0,
            "start_pos": 249,
            "text": "胆总管"
        },
        {
            "end_pos": 255,
            "label_type": "解剖部位",
            "overlap": 0,
            "start_pos": 253,
            "text": "胰腺"
        },
        {
            "end_pos": 261,
            "label_type": "解剖部位",
            "overlap": 0,
            "start_pos": 260,
            "text": "胃"
        },
        {
            "end_pos": 266,
            "label_type": "解剖部位",
            "overlap": 0,
            "start_pos": 264,
            "text": "小肠"
        },
        {
            "end_pos": 271,
            "label_type": "解剖部位",
            "overlap": 0,
            "start_pos": 269,
            "text": "胰腺"
        },
        {
            "end_pos": 277,
            "label_type": "解剖部位",
            "overlap": 0,
            "start_pos": 274,
            "text": "胆总管"
        },
        {
            "end_pos": 293,
            "label_type": "解剖部位",
            "overlap": 0,
            "start_pos": 288,
            "text": "胃周淋巴结"
        },
        {
            "end_pos": 302,
            "label_type": "解剖部位",
            "overlap": 0,
            "start_pos": 296,
            "text": "胰腺周淋巴结"
        },
        {
            "end_pos": 320,
            "label_type": "解剖部位",
            "overlap": 0,
            "start_pos": 308,
            "text": "（肝十二指肠韧带）淋巴结"
        },
        {
            "end_pos": 333,
            "label_type": "解剖部位",
            "overlap": 0,
            "start_pos": 323,
            "text": "（肝总动脉旁）淋巴结"
        },
        {
            "end_pos": 347,
            "label_type": "解剖部位",
            "overlap": 0,
            "start_pos": 345,
            "text": "胆囊"
        },
        {
            "label_type": "疾病和诊断",
            "overlap": 0,
            "start_pos": 348,
            "end_pos": 353,
            "text": "慢性胆囊炎"
        },
        {
            "end_pos": 383,
            "label_type": "解剖部位",
            "overlap": 0,
            "start_pos": 382,
            "text": "腹"
        },
        {
            "end_pos": 400,
            "label_type": "解剖部位",
            "overlap": 0,
            "start_pos": 397,
            "text": "下腹部"
        },
        {
            "end_pos": 417,
            "label_type": "解剖部位",
            "overlap": 0,
            "start_pos": 416,
            "text": "腹"
        },
        {
            "label_type": "疾病和诊断",
            "overlap": 0,
            "start_pos": 448,
            "end_pos": 455,
            "text": "十二指肠癌术后"
        }
    ]
}