{
    "originalText": "，患者既往月经规律。2年前无明显诱因出现间断接触性阴道出血，量不多，色鲜红，可自止，未在意未就诊。2月前出现阴道排液增多，似水样，1月前阴道排液伴腥臭，无不规则阴道出血、上腹疼痛、腰部酸痛等其他不适。2014-6-10于外院行阴道镜检查，见宫颈增大，可疑浸润癌，阴道穹窿变浅，前后穹窿消失，前穹窿及右侧穹窿顶端可及质硬结节，取宫颈活检，考虑为鳞癌。行盆腔MR示子宫颈粘膜增厚，以前唇明显，信号欠均匀，符合宫颈癌表现。未行任何治疗。于2014.6.27入住我院，病理会诊结果同前，于7.2行腹腔镜上宫颈癌根治术+两侧卵巢悬吊术。，术后病理：宫颈中至低分化鳞状细胞癌，浸润宫颈及宫颈管浅肌层；，阴道残端右：粘膜鳞状下皮重度不典型增生，原位癌变。，阴道残端前：部分下皮细胞细胞核深染，考虑有间质浸润，考虑为癌可能性大，余未见癌。诊断为宫颈低分化鳞状细胞癌IIA1期，于7月8日、7月31日予以术后辅助 化疗，方案为力扑素210MG+顺铂90MG。化疗过程顺利。末次化疗后患者未规律复查血常规，曾查白细胞低至3.5×109/L。为进一步诊治，收入我院。起病以来，患者一般情况可，睡眠、食欲稍差，二便正常，体重无明显变化。，外院治疗经过:无。",
    "entities": [
        {
            "end_pos": 27,
            "label_type": "解剖部位",
            "start_pos": 25,
            "text": "阴道"
        },
        {
            "end_pos": 56,
            "label_type": "解剖部位",
            "start_pos": 54,
            "text": "阴道"
        },
        {
            "end_pos": 70,
            "label_type": "解剖部位",
            "start_pos": 68,
            "text": "阴道"
        },
        {
            "end_pos": 82,
            "label_type": "解剖部位",
            "start_pos": 80,
            "text": "阴道"
        },
        {
            "end_pos": 87,
            "label_type": "解剖部位",
            "start_pos": 85,
            "text": "上腹"
        },
        {
            "end_pos": 92,
            "label_type": "解剖部位",
            "start_pos": 90,
            "text": "腰部"
        },
        {
            "end_pos": 122,
            "label_type": "解剖部位",
            "start_pos": 120,
            "text": "宫颈"
        },
        {
            "end_pos": 135,
            "label_type": "解剖部位",
            "start_pos": 131,
            "text": "阴道穹窿"
        },
        {
            "end_pos": 165,
            "label_type": "解剖部位",
            "start_pos": 163,
            "text": "宫颈"
        },
        {
            "label_type": "疾病和诊断",
            "start_pos": 171,
            "end_pos": 173,
            "text": "鳞癌"
        },
        {
            "label_type": "影像检查",
            "start_pos": 175,
            "end_pos": 179,
            "text": "盆腔MR"
        },
        {
            "label_type": "解剖部位",
            "start_pos": 180,
            "end_pos": 183,
            "text": "子宫颈"
        },
        {
            "label_type": "疾病和诊断",
            "start_pos": 202,
            "end_pos": 205,
            "text": "宫颈癌"
        },
        {
            "label_type": "手术",
            "start_pos": 244,
            "end_pos": 262,
            "text": "腹腔镜上宫颈癌根治术+两侧卵巢悬吊术"
        },
        {
            "label_type": "疾病和诊断",
            "start_pos": 269,
            "end_pos": 281,
            "text": "宫颈中至低分化鳞状细胞癌"
        },
        {
            "end_pos": 286,
            "label_type": "解剖部位",
            "start_pos": 284,
            "text": "宫颈"
        },
        {
            "label_type": "解剖部位",
            "start_pos": 287,
            "end_pos": 290,
            "text": "宫颈管"
        },
        {
            "end_pos": 297,
            "label_type": "解剖部位",
            "start_pos": 295,
            "text": "阴道"
        },
        {
            "end_pos": 323,
            "label_type": "解剖部位",
            "start_pos": 321,
            "text": "阴道"
        },
        {
            "label_type": "疾病和诊断",
            "start_pos": 364,
            "end_pos": 379,
            "text": "宫颈低分化鳞状细胞癌IIA1期"
        },
        {
            "end_pos": 407,
            "label_type": "药物",
            "start_pos": 404,
            "text": "力扑素"
        },
        {
            "end_pos": 415,
            "label_type": "药物",
            "start_pos": 413,
            "text": "顺铂"
        },
        {
            "label_type": "实验室检验",
            "start_pos": 445,
            "end_pos": 448,
            "text": "白细胞"
        }
    ]
}