{
    "originalText": "，患者4个月前因停止排便、排气、腹痛，，于我院行结肠镜及CT检查：升结肠癌，伴肝转移。因肠梗阻2012-9-21于我院肿瘤外科行左半结肠切除术，，术中见：腹腔内见少量浆液性腹水，肝脏可触及多发结节样肿物，以左后叶为主，肿物位于升结肠近回盲盲部，肿物巨大环周，肿物近侧全小肠扩张肠壁水肿。，术后病理：进展期回盲部癌，浸润溃疡型，高及中分化管状腺癌，断端无癌，淋巴结未见转移癌，癌结节1枚，DUKES分期D期，，病理号：142155。术后腹痛症状消失，排便及排气正常。于2012-10-22住我科后，行MFORFOX方案化疗4周期，，具体为：奥沙利铂（乐沙定）200毫克D1；氟尿嘧啶4200毫克D1；亚叶酸钙300毫克D1。第二周期开始联合贝伐单抗（安维汀）465毫克。化疗后出现Ｉ度胃肠反应。目前患者为继续治疗入我科。现无腹痛及其他部位疼痛，病来无发热，轻度腹泻，小便正常，睡眠一般，饮食一般，无腹部及其他部位疼痛，近1个月来体重减无变化，KPS评分90分。",
    "entities": [
        {
            "end_pos": 17,
            "label_type": "解剖部位",
            "start_pos": 16,
            "text": "腹"
        },
        {
            "label_type": "影像检查",
            "start_pos": 28,
            "end_pos": 30,
            "text": "CT"
        },
        {
            "label_type": "疾病和诊断",
            "start_pos": 33,
            "end_pos": 42,
            "text": "升结肠癌，伴肝转移"
        },
        {
            "label_type": "疾病和诊断",
            "start_pos": 44,
            "end_pos": 47,
            "text": "肠梗阻"
        },
        {
            "end_pos": 71,
            "label_type": "手术",
            "start_pos": 64,
            "text": "左半结肠切除术"
        },
        {
            "label_type": "解剖部位",
            "start_pos": 77,
            "end_pos": 78,
            "text": "腹"
        },
        {
            "end_pos": 87,
            "label_type": "解剖部位",
            "start_pos": 86,
            "text": "腹"
        },
        {
            "end_pos": 91,
            "label_type": "解剖部位",
            "start_pos": 89,
            "text": "肝脏"
        },
        {
            "end_pos": 106,
            "label_type": "解剖部位",
            "start_pos": 103,
            "text": "左后叶"
        },
        {
            "end_pos": 121,
            "label_type": "解剖部位",
            "start_pos": 113,
            "text": "升结肠近回盲盲部"
        },
        {
            "end_pos": 136,
            "label_type": "解剖部位",
            "start_pos": 134,
            "text": "小肠"
        },
        {
            "label_type": "解剖部位",
            "start_pos": 138,
            "end_pos": 139,
            "text": "肠"
        },
        {
            "label_type": "疾病和诊断",
            "start_pos": 149,
            "end_pos": 172,
            "text": "进展期回盲部癌，浸润溃疡型，高及中分化管状腺癌"
        },
        {
            "end_pos": 218,
            "label_type": "解剖部位",
            "start_pos": 217,
            "text": "腹"
        },
        {
            "label_type": "药物",
            "start_pos": 269,
            "end_pos": 278,
            "text": "奥沙利铂（乐沙定）"
        },
        {
            "end_pos": 290,
            "label_type": "药物",
            "start_pos": 286,
            "text": "氟尿嘧啶"
        },
        {
            "end_pos": 303,
            "label_type": "药物",
            "start_pos": 299,
            "text": "亚叶酸钙"
        },
        {
            "label_type": "药物",
            "start_pos": 319,
            "end_pos": 328,
            "text": "贝伐单抗（安维汀）"
        },
        {
            "end_pos": 362,
            "label_type": "解剖部位",
            "start_pos": 361,
            "text": "腹"
        },
        {
            "end_pos": 380,
            "label_type": "解剖部位",
            "start_pos": 379,
            "text": "腹"
        },
        {
            "label_type": "解剖部位",
            "start_pos": 398,
            "end_pos": 399,
            "text": "腹"
        }
    ]
}