{
    "originalText": "缘于入院前1++月,于我院诊断子宫内膜癌“”，全在全麻上全子宫切除术+两侧附件切除术+肿瘤细胞减灭术+骶韧带悬吊术+大网膜肿物切除术行“术切除术+两侧附件切除术+肿瘤细胞减灭术术+骶韧带悬吊术+大网膜肿物切除全子宫术”恶性苗勒氏管混合瘤，术后宫体予膜以预防感染度、补液、营养支持等治疗宫颈，术后内病理肿瘤（20宫体1340184瘤）慢性宫颈炎（术）：，侵子宫恶性苗勒氏管混合瘤IIIA期及浆膜层(浸润深度&GT;1/2肌层)，组织学内口见肿瘤浸润。肌间多异环磷酰胺发平滑肌瘤。慢性+洛铂炎。术后腹腔诊断“子宫IIIA期”肝，于2013.12.今为及2014.01.21骨髓抑制II度行化疗惠尔血，化疗方案为“2G静滴D1-3+40MG腔子宫恶性苗勒氏管混合瘤IIIA期注射”，并辅以止吐、保、抗过敏、补液等支持治腹疗，腹2次化疗过大程中均出现体，予“”升白处理。",
    "entities": [
        {
            "label_type": "疾病和诊断",
            "overlap": 0,
            "start_pos": 15,
            "end_pos": 20,
            "text": "子宫内膜癌"
        },
        {
            "label_type": "手术",
            "overlap": 0,
            "start_pos": 28,
            "end_pos": 66,
            "text": "全子宫切除术+两侧附件切除术+肿瘤细胞减灭术+骶韧带悬吊术+大网膜肿物切除术"
        },
        {
            "end_pos": 107,
            "label_type": "解剖部位",
            "overlap": 0,
            "start_pos": 104,
            "text": "全子宫"
        },
        {
            "label_type": "疾病和诊断",
            "overlap": 0,
            "start_pos": 109,
            "end_pos": 118,
            "text": "恶性苗勒氏管混合瘤"
        },
        {
            "label_type": "解剖部位",
            "overlap": 0,
            "start_pos": 121,
            "end_pos": 123,
            "text": "宫体"
        },
        {
            "label_type": "解剖部位",
            "overlap": 0,
            "start_pos": 142,
            "end_pos": 144,
            "text": "宫颈"
        },
        {
            "end_pos": 157,
            "label_type": "解剖部位",
            "overlap": 0,
            "start_pos": 155,
            "text": "宫体"
        },
        {
            "label_type": "疾病和诊断",
            "overlap": 0,
            "start_pos": 166,
            "end_pos": 171,
            "text": "慢性宫颈炎"
        },
        {
            "label_type": "疾病和诊断",
            "overlap": 0,
            "start_pos": 177,
            "end_pos": 193,
            "text": "子宫恶性苗勒氏管混合瘤IIIA期"
        },
        {
            "label_type": "药物",
            "overlap": 0,
            "start_pos": 227,
            "end_pos": 232,
            "text": "异环磷酰胺"
        },
        {
            "end_pos": 243,
            "label_type": "药物",
            "overlap": 0,
            "start_pos": 241,
            "text": "洛铂"
        },
        {
            "end_pos": 249,
            "label_type": "解剖部位",
            "overlap": 0,
            "start_pos": 247,
            "text": "腹腔"
        },
        {
            "end_pos": 261,
            "label_type": "解剖部位",
            "overlap": 0,
            "start_pos": 260,
            "text": "肝"
        },
        {
            "label_type": "疾病和诊断",
            "overlap": 0,
            "start_pos": 284,
            "end_pos": 291,
            "text": "骨髓抑制II度"
        },
        {
            "end_pos": 297,
            "label_type": "药物",
            "overlap": 0,
            "start_pos": 294,
            "text": "惠尔血"
        },
        {
            "label_type": "疾病和诊断",
            "overlap": 0,
            "start_pos": 318,
            "end_pos": 334,
            "text": "子宫恶性苗勒氏管混合瘤IIIA期"
        },
        {
            "end_pos": 357,
            "label_type": "解剖部位",
            "overlap": 0,
            "start_pos": 356,
            "text": "腹"
        },
        {
            "end_pos": 360,
            "label_type": "解剖部位",
            "overlap": 0,
            "start_pos": 359,
            "text": "腹"
        }
    ]
}