{
    "originalText": "患者因“便血伴腹泻5月”入院，经肠镜及病理检查确诊乙状结肠腺癌，子宫肿物，卵巢囊肿。影像学分期为CT4N0M0，II期。2011年12月23日全麻上行DIXON术+子宫肌瘤剔除术，术后恢复良好。病理示：乙状结肠中分化腺癌，浸润至外膜层，淋巴结1/14（+），PT4AN1M0，IIIB，子宫腺肌症。免疫组化提示微卫星稳定。2012-1-11至2012-5-17予XELOX方案化疗6周期，过程顺利，无明显副反应。患者现为进一步检查入院。自出院以来，患者无发热、咳嗽、身目黄染，无骶部痛等，精神可，纳眠可，小便无异常，体重上降不明显。",
    "entities": [
        {
            "end_pos": 8,
            "label_type": "解剖部位",
            "start_pos": 7,
            "text": "腹"
        },
        {
            "label_type": "疾病和诊断",
            "start_pos": 25,
            "end_pos": 31,
            "text": "乙状结肠腺癌"
        },
        {
            "end_pos": 34,
            "label_type": "解剖部位",
            "start_pos": 32,
            "text": "子宫"
        },
        {
            "label_type": "疾病和诊断",
            "start_pos": 37,
            "end_pos": 41,
            "text": "卵巢囊肿"
        },
        {
            "label_type": "手术",
            "start_pos": 75,
            "end_pos": 89,
            "text": "DIXON术+子宫肌瘤剔除术"
        },
        {
            "label_type": "疾病和诊断",
            "start_pos": 101,
            "end_pos": 110,
            "text": "乙状结肠中分化腺癌"
        },
        {
            "label_type": "疾病和诊断",
            "start_pos": 143,
            "end_pos": 148,
            "text": "子宫腺肌症"
        },
        {
            "end_pos": 241,
            "label_type": "解剖部位",
            "start_pos": 239,
            "text": "骶部"
        }
    ]
}