{
    "originalText": "术前化化疗XELOX转移2周期，根治性远端胃大部切除行根治性远端胃窦小弯侧溃疡型中-低分化腺癌大大小部切除，术后病理：，大小胃1.6×1.6CM，侵至壁深肌部分层（约4/性5固有肌层），部分肿瘤细癌胞变性坏死（3癌0％），未见脉管癌栓，淋巴结未见癌方案（第3组0/4、4D组0/2、第6组0/5、第7+9组0/6、第8组0/2、第11P组0/1、第12A、第1组0/0、第4SB组0/0胃、端第十二指肠5端组0癌/0、第8P组0/0），断端及断",
    "entities": [
        {
            "end_pos": 26,
            "label_type": "手术",
            "overlap": 0,
            "start_pos": 16,
            "text": "根治性远端胃大部切除"
        },
        {
            "label_type": "疾病和诊断",
            "overlap": 0,
            "start_pos": 32,
            "end_pos": 47,
            "text": "胃窦小弯侧溃疡型中-低分化腺癌"
        },
        {
            "label_type": "解剖部位",
            "overlap": 0,
            "start_pos": 62,
            "end_pos": 63,
            "text": "胃"
        },
        {
            "end_pos": 194,
            "label_type": "解剖部位",
            "overlap": 0,
            "start_pos": 193,
            "text": "胃"
        },
        {
            "end_pos": 201,
            "label_type": "解剖部位",
            "overlap": 0,
            "start_pos": 197,
            "text": "十二指肠"
        }
    ]
}