{
    "originalText": "患者2+月前因宫颈癌IIA期在我院行经腹广泛子宫+两附件切除+盆腔淋巴清扫术。手术顺利，术后病理示（宫颈）中-低分化腺癌，菜花型，肿瘤切面积1.6*0.8CM，浸润至宫颈壁近1/2处，阴道壁断端未查见癌，右左宫旁未查见癌，右闭孔淋巴结15枚，左闭孔淋巴结9枚，右髂血管淋巴结7枚及左髂血管淋巴结4枚，其内均未查见癌。子宫平滑肌瘤；增殖期子宫内膜。（两侧）卵巢白体，输卵管粘膜慢性炎。术后恢复好，分别于2016.2.29、2016.03.19及2016.04.13行多西他赛140MG+顺铂120MG方案化疗，化疗过程顺利，副反应不重。现为求第4次化疗就诊我院，门诊以“宫颈癌术后化疗”收住院。患者自下次出院以来，饮食睡眠可，大小便正常，体重增加1.5KG。\"。",
    "entities": [
        {
            "label_type": "疾病和诊断",
            "start_pos": 7,
            "end_pos": 14,
            "text": "宫颈癌IIA期"
        },
        {
            "label_type": "手术",
            "start_pos": 18,
            "end_pos": 38,
            "text": "经腹广泛子宫+两附件切除+盆腔淋巴清扫术"
        },
        {
            "label_type": "疾病和诊断",
            "start_pos": 49,
            "end_pos": 64,
            "text": "（宫颈）中-低分化腺癌，菜花型"
        },
        {
            "label_type": "解剖部位",
            "start_pos": 83,
            "end_pos": 85,
            "text": "宫颈"
        },
        {
            "label_type": "解剖部位",
            "start_pos": 92,
            "end_pos": 94,
            "text": "阴道"
        },
        {
            "end_pos": 117,
            "label_type": "解剖部位",
            "start_pos": 111,
            "text": "右闭孔淋巴结"
        },
        {
            "end_pos": 127,
            "label_type": "解剖部位",
            "start_pos": 121,
            "text": "左闭孔淋巴结"
        },
        {
            "end_pos": 137,
            "label_type": "解剖部位",
            "start_pos": 130,
            "text": "右髂血管淋巴结"
        },
        {
            "end_pos": 147,
            "label_type": "解剖部位",
            "start_pos": 140,
            "text": "左髂血管淋巴结"
        },
        {
            "label_type": "疾病和诊断",
            "start_pos": 158,
            "end_pos": 164,
            "text": "子宫平滑肌瘤"
        },
        {
            "label_type": "解剖部位",
            "start_pos": 168,
            "end_pos": 170,
            "text": "子宫"
        },
        {
            "end_pos": 179,
            "label_type": "解剖部位",
            "start_pos": 173,
            "text": "（两侧）卵巢"
        },
        {
            "label_type": "解剖部位",
            "start_pos": 182,
            "end_pos": 185,
            "text": "输卵管"
        },
        {
            "end_pos": 236,
            "label_type": "药物",
            "start_pos": 232,
            "text": "多西他赛"
        },
        {
            "end_pos": 244,
            "label_type": "药物",
            "start_pos": 242,
            "text": "顺铂"
        },
        {
            "label_type": "疾病和诊断",
            "start_pos": 284,
            "end_pos": 289,
            "text": "宫颈癌术后"
        }
    ]
}