{
    "originalText": "，，患者于21017-5-22在全麻3D腹上行3直肠癌根治术（DIXON）D腔术镜上。手，术后术过程顺利，术术后后患（者恢1复11良1好），。直肠管状粘液腺癌（低分化），浸润溃疡型，术后3病理（20117，浸润11714），：，体（积3*12.5、*1CM，）夜间浆一站（11/11个）、二站（3/3个）淋巴结癌膜上层，。未侵化犯切线癌（近切线1N（2）、CM、远（切）、线甚近1（））、。 呈癌（转）、移。，免（疫）、组化染色（示）癌术后组织：S，Y后N（-）、B化R（AF（-）），、MLH术后1（+）、化M治SH2，（+）、直肠癌术后MSH6（+）、P，M头S、头2，（胸+、）。，术后恢、复顺，利腹，、腹先，后给予、2次辅助化疗（具体用药为），，今日为，行术后复查及再，次化疗治疗，来院，门诊/以，“”收入，。患者无发热，无，痛、晕状，无闷、心，慌，无恶心、呕吐",
    "entities": [
        {
            "label_type": "手术",
            "overlap": 0,
            "start_pos": 24,
            "end_pos": 37,
            "text": "直肠癌根治术（DIXON）"
        },
        {
            "label_type": "疾病和诊断",
            "overlap": 0,
            "start_pos": 71,
            "end_pos": 90,
            "text": "直肠管状粘液腺癌（低分化），浸润溃疡型"
        },
        {
            "label_type": "解剖部位",
            "overlap": 0,
            "start_pos": 133,
            "end_pos": 155,
            "text": "一站（11/11个）、二站（3/3个）淋巴结"
        },
        {
            "label_type": "疾病和诊断",
            "overlap": 0,
            "start_pos": 265,
            "end_pos": 270,
            "text": "直肠癌术后"
        },
        {
            "end_pos": 282,
            "label_type": "解剖部位",
            "overlap": 0,
            "start_pos": 281,
            "text": "头"
        },
        {
            "end_pos": 285,
            "label_type": "解剖部位",
            "overlap": 0,
            "start_pos": 284,
            "text": "头"
        },
        {
            "end_pos": 289,
            "label_type": "解剖部位",
            "overlap": 0,
            "start_pos": 288,
            "text": "胸"
        },
        {
            "end_pos": 303,
            "label_type": "解剖部位",
            "overlap": 0,
            "start_pos": 302,
            "text": "腹"
        },
        {
            "end_pos": 306,
            "label_type": "解剖部位",
            "overlap": 0,
            "start_pos": 305,
            "text": "腹"
        }
    ]
}