{
    "originalText": "，缘患者因“大便带血6月余”来我院就诊，确诊乙状结肠癌，于2017.1.6全麻上行“腹腔镜乙状结肠切除+肠粘连松解”术,，术后病理：1（肠大体）镜检为肠中至低分化腺癌，癌组织浸润至肠壁浆膜上层，可见脉管内癌栓及神经束侵犯。（近切缘）（远切缘）未见癌。LN 0/5（+）（病理科已经仔细寻找）。，免疫组化：，1A：PMMR，HER-2（2+），KI67（70%+）。术后恢复可，2017-2-13行XELOX化疗一程。近2周出现胸闷，2017-3-3，心电图：加速性房性心律，偶见窦性夺获。病人至**教授就诊，并查心肌酶，**教授示，心肌酶无明显异常，可予继续化疗，密切观察心脏情况，已向病人反复强调化疗可能加重心脏毒性，病人表示理解，仍签名要求化疗。2017-03-09、2017-03-30、2017-04-20行XELOX方案化疗3程，现为行上程化疗，按主诊教授意见收入我科。",
    "entities": [
        {
            "label_type": "疾病和诊断",
            "start_pos": 22,
            "end_pos": 27,
            "text": "乙状结肠癌"
        },
        {
            "label_type": "手术",
            "start_pos": 42,
            "end_pos": 57,
            "text": "腹腔镜乙状结肠切除+肠粘连松解"
        },
        {
            "end_pos": 69,
            "label_type": "解剖部位",
            "start_pos": 68,
            "text": "肠"
        },
        {
            "label_type": "疾病和诊断",
            "start_pos": 75,
            "end_pos": 83,
            "text": "肠中至低分化腺癌"
        },
        {
            "label_type": "解剖部位",
            "start_pos": 90,
            "end_pos": 91,
            "text": "肠"
        },
        {
            "end_pos": 214,
            "label_type": "解剖部位",
            "start_pos": 213,
            "text": "胸"
        },
        {
            "end_pos": 288,
            "label_type": "解剖部位",
            "start_pos": 286,
            "text": "心脏"
        },
        {
            "end_pos": 307,
            "label_type": "解剖部位",
            "start_pos": 305,
            "text": "心脏"
        }
    ]
}