{
    "originalText": "，缘于入院前3个月于我院诊为胃癌，于2012-12-290全1上5根治性全胃切除术（食管空肠ROUX-Y吻合、D2+、R0)-术后12（201-429在全）麻上行(全胃)，术胃体－胃窦溃疡型管状腺癌II级后病理（201547566管组），示术：(下切全、上切)，:，（下切侵）及浆膜癌层，侵犯神贲门周淋巴结2经14及脉小弯侧淋巴结0管1组织大弯侧淋巴结0。1手术幽门下淋巴结0标1本下幽门上淋巴结0切端、上切端(第8组)淋巴结0及1另、(第9组）淋巴结0送4（、(第11D组)淋巴结0下2切、(第11P组)淋巴结0端）均、(第14V组)淋巴结0未2见癌癌浸润。找到(第12组淋巴结)2上/14个，组0/1个，组0结/1个，0/1个，0（+）/5个20（+）及VI另送I0（+）/1DX-2（+）个、0/（+）4个、R-2（2+）0/I2个（40、+）0术后/6个、、0/2个见治癌转移。另送()镜上合II为纤维脂201肪组01织2。、201，免02疫1组、201化结0果：0肿瘤细奥沙利铂（艾恒）200胞示CKD1+氟尿嘧啶40007（+）48，CK20（+），VILL、I胃、N肝（+）治，CDX-2（利+），CEA（+），HER-第42（2+），KI67门（4胃癌术后0%+）。术下后给予对症、营、养支、持食等治疗腹，、腹恢、复良好大小,伤口愈体合II/甲。于20",
    "entities": [
        {
            "label_type": "疾病和诊断",
            "overlap": 0,
            "start_pos": 14,
            "end_pos": 16,
            "text": "胃癌"
        },
        {
            "label_type": "手术",
            "overlap": 0,
            "start_pos": 33,
            "end_pos": 62,
            "text": "根治性全胃切除术（食管空肠ROUX-Y吻合、D2+、R0)"
        },
        {
            "end_pos": 84,
            "label_type": "解剖部位",
            "overlap": 0,
            "start_pos": 83,
            "text": "胃"
        },
        {
            "label_type": "疾病和诊断",
            "overlap": 0,
            "start_pos": 87,
            "end_pos": 102,
            "text": "胃体－胃窦溃疡型管状腺癌II级"
        },
        {
            "end_pos": 153,
            "label_type": "解剖部位",
            "overlap": 0,
            "start_pos": 147,
            "text": "贲门周淋巴结"
        },
        {
            "end_pos": 165,
            "label_type": "解剖部位",
            "overlap": 0,
            "start_pos": 159,
            "text": "小弯侧淋巴结"
        },
        {
            "end_pos": 176,
            "label_type": "解剖部位",
            "overlap": 0,
            "start_pos": 170,
            "text": "大弯侧淋巴结"
        },
        {
            "end_pos": 187,
            "label_type": "解剖部位",
            "overlap": 0,
            "start_pos": 181,
            "text": "幽门下淋巴结"
        },
        {
            "end_pos": 198,
            "label_type": "解剖部位",
            "overlap": 0,
            "start_pos": 192,
            "text": "幽门上淋巴结"
        },
        {
            "label_type": "解剖部位",
            "overlap": 0,
            "start_pos": 205,
            "end_pos": 213,
            "text": "(第8组)淋巴结"
        },
        {
            "label_type": "解剖部位",
            "overlap": 0,
            "start_pos": 218,
            "end_pos": 226,
            "text": "(第9组）淋巴结"
        },
        {
            "label_type": "解剖部位",
            "overlap": 0,
            "start_pos": 231,
            "end_pos": 241,
            "text": "(第11D组)淋巴结"
        },
        {
            "label_type": "解剖部位",
            "overlap": 0,
            "start_pos": 246,
            "end_pos": 256,
            "text": "(第11P组)淋巴结"
        },
        {
            "label_type": "解剖部位",
            "overlap": 0,
            "start_pos": 261,
            "end_pos": 271,
            "text": "(第14V组)淋巴结"
        },
        {
            "label_type": "解剖部位",
            "overlap": 0,
            "start_pos": 283,
            "end_pos": 290,
            "text": "第12组淋巴结"
        },
        {
            "end_pos": 444,
            "label_type": "药物",
            "overlap": 0,
            "start_pos": 440,
            "text": "奥沙利铂"
        },
        {
            "end_pos": 447,
            "label_type": "药物",
            "overlap": 0,
            "start_pos": 445,
            "text": "艾恒"
        },
        {
            "end_pos": 462,
            "label_type": "药物",
            "overlap": 0,
            "start_pos": 458,
            "text": "氟尿嘧啶"
        },
        {
            "end_pos": 488,
            "label_type": "解剖部位",
            "overlap": 0,
            "start_pos": 487,
            "text": "胃"
        },
        {
            "end_pos": 491,
            "label_type": "解剖部位",
            "overlap": 0,
            "start_pos": 490,
            "text": "肝"
        },
        {
            "label_type": "疾病和诊断",
            "overlap": 0,
            "start_pos": 532,
            "end_pos": 536,
            "text": "胃癌术后"
        },
        {
            "end_pos": 560,
            "label_type": "解剖部位",
            "overlap": 0,
            "start_pos": 559,
            "text": "腹"
        },
        {
            "end_pos": 563,
            "label_type": "解剖部位",
            "overlap": 0,
            "start_pos": 562,
            "text": "腹"
        }
    ]
}