{
    "originalText": "，，缘于入前1院前1月于为我胃窦癌院，诊2016为10“27”，于2上0腹腔镜上根治性远端胃大部切除术（D2,ROUX-EN-Y吻合）1，6术年10上月腹腔镜27日腹腔在全麻上腹行，盆腔镜腹壁上大根治性远端结大，肝脏部切大小除术，（D2,ROUX-腹腔镜上EN-Y吻合胃窦小弯侧，）。，手术经，过如上:镜探查大淋巴结，见内无明显腹腔镜辅助上根治性远端胃大部切除+残胃空肠ROUX-Y吻合术（D2）水，术后、、大性网膜无转移结节，位于大小正常，未见治明，显转移病,灶。镜合II上探查，术后肿瘤质1地（远端胃），，胃体胃窦交界前壁早期（0-I型）管状腺癌II级，部分为黏液腺癌，未侵黏及上浆膜层术，周围未上切端及明显（肿切端）大淋巴癌结，遂决定行“（第1组）淋巴结0”4。，（第3组）淋巴结0术2后，（第4SB组）淋巴结0予4预，（第4D组）淋巴结0防4性，（第6组）淋巴结0抗5感，（第7组）淋巴结0染8、，（第8A组）淋巴结0制1酸，（第9组）淋巴结0、1免，（第11P组）淋巴结0疫1调，（第12A组）淋巴结1节1及，营癌养支持2等（第5组淋巴结），治疗，为恢复良好,伤口管组愈合，II组/甲。I67（50，+），术后7（+++），病理20（：1、（远性），端I），IN（+++），：D56（-），侵及为黏膜上层。手术标，本下、上胃窦癌术后切端及另送（下切端）均未见癌浸润。找到另，送腹0/腹4个，0，大小/2个，体，0前/4个，0/",
    "entities": [
        {
            "label_type": "疾病和诊断",
            "overlap": 0,
            "start_pos": 14,
            "end_pos": 17,
            "text": "胃窦癌"
        },
        {
            "label_type": "手术",
            "overlap": 0,
            "start_pos": 36,
            "end_pos": 67,
            "text": "腹腔镜上根治性远端胃大部切除术（D2,ROUX-EN-Y吻合）"
        },
        {
            "label_type": "解剖部位",
            "overlap": 0,
            "start_pos": 76,
            "end_pos": 78,
            "text": "腹腔"
        },
        {
            "end_pos": 84,
            "label_type": "解剖部位",
            "overlap": 0,
            "start_pos": 82,
            "text": "腹腔"
        },
        {
            "end_pos": 89,
            "label_type": "解剖部位",
            "overlap": 0,
            "start_pos": 88,
            "text": "腹"
        },
        {
            "end_pos": 93,
            "label_type": "解剖部位",
            "overlap": 0,
            "start_pos": 91,
            "text": "盆腔"
        },
        {
            "end_pos": 96,
            "label_type": "解剖部位",
            "overlap": 0,
            "start_pos": 94,
            "text": "腹壁"
        },
        {
            "end_pos": 108,
            "label_type": "解剖部位",
            "overlap": 0,
            "start_pos": 106,
            "text": "肝脏"
        },
        {
            "end_pos": 139,
            "label_type": "解剖部位",
            "overlap": 0,
            "start_pos": 134,
            "text": "胃窦小弯侧"
        },
        {
            "label_type": "手术",
            "overlap": 0,
            "start_pos": 164,
            "end_pos": 198,
            "text": "腹腔镜辅助上根治性远端胃大部切除+残胃空肠ROUX-Y吻合术（D2）"
        },
        {
            "end_pos": 252,
            "label_type": "解剖部位",
            "overlap": 0,
            "start_pos": 251,
            "text": "胃"
        },
        {
            "label_type": "疾病和诊断",
            "overlap": 0,
            "start_pos": 255,
            "end_pos": 286,
            "text": "胃体胃窦交界前壁早期（0-I型）管状腺癌II级，部分为黏液腺癌"
        },
        {
            "label_type": "解剖部位",
            "overlap": 0,
            "start_pos": 322,
            "end_pos": 330,
            "text": "（第1组）淋巴结"
        },
        {
            "label_type": "解剖部位",
            "overlap": 0,
            "start_pos": 335,
            "end_pos": 343,
            "text": "（第3组）淋巴结"
        },
        {
            "label_type": "解剖部位",
            "overlap": 0,
            "start_pos": 348,
            "end_pos": 358,
            "text": "（第4SB组）淋巴结"
        },
        {
            "label_type": "解剖部位",
            "overlap": 0,
            "start_pos": 363,
            "end_pos": 372,
            "text": "（第4D组）淋巴结"
        },
        {
            "label_type": "解剖部位",
            "overlap": 0,
            "start_pos": 377,
            "end_pos": 385,
            "text": "（第6组）淋巴结"
        },
        {
            "label_type": "解剖部位",
            "overlap": 0,
            "start_pos": 390,
            "end_pos": 398,
            "text": "（第7组）淋巴结"
        },
        {
            "label_type": "解剖部位",
            "overlap": 0,
            "start_pos": 403,
            "end_pos": 412,
            "text": "（第8A组）淋巴结"
        },
        {
            "label_type": "解剖部位",
            "overlap": 0,
            "start_pos": 417,
            "end_pos": 425,
            "text": "（第9组）淋巴结"
        },
        {
            "label_type": "解剖部位",
            "overlap": 0,
            "start_pos": 430,
            "end_pos": 440,
            "text": "（第11P组）淋巴结"
        },
        {
            "label_type": "解剖部位",
            "overlap": 0,
            "start_pos": 445,
            "end_pos": 455,
            "text": "（第12A组）淋巴结"
        },
        {
            "label_type": "解剖部位",
            "overlap": 0,
            "start_pos": 468,
            "end_pos": 474,
            "text": "第5组淋巴结"
        },
        {
            "label_type": "疾病和诊断",
            "overlap": 0,
            "start_pos": 566,
            "end_pos": 571,
            "text": "胃窦癌术后"
        },
        {
            "end_pos": 594,
            "label_type": "解剖部位",
            "overlap": 0,
            "start_pos": 593,
            "text": "腹"
        },
        {
            "end_pos": 597,
            "label_type": "解剖部位",
            "overlap": 0,
            "start_pos": 596,
            "text": "腹"
        }
    ]
}