{
    "originalText": "，患者既往月经规则，绝经15年，2014-01-10因“阴道流血5+月”就诊外院，妇检见宫颈肿物，遂行阴道镜上宫颈活检，，病理示：宫颈中至低分化鳞癌。诊为“宫颈癌IB2期”入******健院，因宫颈出血不止于2014-01-17行“两侧子宫动脉化疗栓塞术”，术中予5-FU0.5G+卡铂0.25G行左侧髂内动脉灌注化疗。过程顺利，无明显副反应。现为进一步治疗入我院。近1月来患者无发热咳嗽，无恶心呕吐，无腹痛腹泻，精神食欲可，睡眠良好，大小便如常，体重无明显改变。，外院治疗经过:无。",
    "entities": [
        {
            "end_pos": 30,
            "label_type": "解剖部位",
            "start_pos": 28,
            "text": "阴道"
        },
        {
            "end_pos": 46,
            "label_type": "解剖部位",
            "start_pos": 44,
            "text": "宫颈"
        },
        {
            "end_pos": 59,
            "label_type": "手术",
            "start_pos": 51,
            "text": "阴道镜上宫颈活检"
        },
        {
            "label_type": "疾病和诊断",
            "start_pos": 65,
            "end_pos": 74,
            "text": "宫颈中至低分化鳞癌"
        },
        {
            "label_type": "疾病和诊断",
            "start_pos": 78,
            "end_pos": 85,
            "text": "宫颈癌IB2期"
        },
        {
            "end_pos": 99,
            "label_type": "解剖部位",
            "start_pos": 97,
            "text": "宫颈"
        },
        {
            "end_pos": 127,
            "label_type": "手术",
            "start_pos": 116,
            "text": "两侧子宫动脉化疗栓塞术"
        },
        {
            "end_pos": 136,
            "label_type": "药物",
            "start_pos": 132,
            "text": "5-FU"
        },
        {
            "end_pos": 143,
            "label_type": "药物",
            "start_pos": 141,
            "text": "卡铂"
        },
        {
            "end_pos": 155,
            "label_type": "解剖部位",
            "start_pos": 149,
            "text": "左侧髂内动脉"
        },
        {
            "end_pos": 203,
            "label_type": "解剖部位",
            "start_pos": 202,
            "text": "腹"
        },
        {
            "end_pos": 205,
            "label_type": "解剖部位",
            "start_pos": 204,
            "text": "腹"
        }
    ]
}