{
    "originalText": "，患者2016-05单位体检CT示：右肾下腺肿物，不伴发热、腰痛、血尿等症。就诊于我院泌尿科，入院后右腰痛逐渐加重，但因妊娠暂停手术治疗。2016-05终止妊娠手术后，于2016年6月2日在全麻上行“右肾下腺巨大肿瘤切除+右肾切除+肠粘连松解术”，，术后病理示：1（右肾下腺肿瘤及右肾下腺），镜上：肾组织、肾下腺组织及肾周脂肪中见肿瘤细胞大小形态较一致，核大、深染，可见核仁，胞浆丰富，核分裂像可见，结合免疫组化结合，病变诊断为B细胞性非霍奇金淋巴瘤，符合弥漫性大B细胞淋巴瘤，非GCB亚型。2（腹主动脉上段淋巴结），镜上：送检淋巴结3枚，未见肿瘤，另于脂肪组织中见肿瘤浸润。3（腹主动脉旁淋巴结），镜上：送检脂肪组织中见肿瘤浸润。，免疫组化：KI67（60%-70%+），BCL-2（+），BCL-6（+），MUM1（+），CD10（-），CYCLIND1（-），C-MYC（5%+），，原位杂交：EBERS（-）。于2016-06-23、2016-07-19、2016-8-13、2016-9-3在我科行R-CHOP方案化疗4程，2，程治疗后疗效：PR。现患者因化疗后IV度骨髓抑制，I度恶心反应，未出现发热等症状。为求进一步治疗遂收入我科行对症支持治疗。起病以来，患者精神不佳，睡眠不佳，大小便正常，体重未见明显上降。",
    "entities": [
        {
            "label_type": "影像检查",
            "start_pos": 14,
            "end_pos": 16,
            "text": "CT"
        },
        {
            "end_pos": 22,
            "label_type": "解剖部位",
            "start_pos": 18,
            "text": "右肾下腺"
        },
        {
            "end_pos": 31,
            "label_type": "解剖部位",
            "start_pos": 30,
            "text": "腰"
        },
        {
            "end_pos": 52,
            "label_type": "解剖部位",
            "start_pos": 50,
            "text": "右腰"
        },
        {
            "label_type": "疾病和诊断",
            "start_pos": 60,
            "end_pos": 62,
            "text": "妊娠"
        },
        {
            "label_type": "手术",
            "start_pos": 100,
            "end_pos": 122,
            "text": "右肾下腺巨大肿瘤切除+右肾切除+肠粘连松解术"
        },
        {
            "end_pos": 137,
            "label_type": "解剖部位",
            "start_pos": 133,
            "text": "右肾下腺"
        },
        {
            "end_pos": 144,
            "label_type": "解剖部位",
            "start_pos": 140,
            "text": "右肾下腺"
        },
        {
            "end_pos": 150,
            "label_type": "解剖部位",
            "start_pos": 149,
            "text": "肾"
        },
        {
            "end_pos": 156,
            "label_type": "解剖部位",
            "start_pos": 153,
            "text": "肾下腺"
        },
        {
            "label_type": "解剖部位",
            "start_pos": 159,
            "end_pos": 160,
            "text": "肾"
        },
        {
            "label_type": "疾病和诊断",
            "start_pos": 214,
            "end_pos": 225,
            "text": "B细胞性非霍奇金淋巴瘤"
        },
        {
            "label_type": "疾病和诊断",
            "start_pos": 228,
            "end_pos": 245,
            "text": "弥漫性大B细胞淋巴瘤，非GCB亚型"
        },
        {
            "end_pos": 257,
            "label_type": "解剖部位",
            "start_pos": 248,
            "text": "腹主动脉上段淋巴结"
        },
        {
            "end_pos": 298,
            "label_type": "解剖部位",
            "start_pos": 290,
            "text": "腹主动脉旁淋巴结"
        },
        {
            "label_type": "疾病和诊断",
            "start_pos": 486,
            "end_pos": 493,
            "text": "IV度骨髓抑制"
        }
    ]
}