{
    "originalText": "，，患者3月余前“因“1便加血11”年加重1，天”后入住我院，入，，结肠院结后完善直肠癌，相关检查，，，结肠镜结（直肠）腺癌（201果0示：，4）取病理送术检。，，201病理0示：1（20“直肠MILES术”，1术7利，术后099，，术后74）（，。查无手201术10禁忌0）（直肠）腺癌（中度分化），浸润溃疡型，，于2017-005-1M，浸润5腹日行“”结直肠，手组术，顺利，术后恢复癌可，“中间组”（2/10个）淋巴结，术后一站(4个）淋巴结病理：癌（，，病组化理号：癌组20S17（1）0980）（，）体ML积1（5）*MS32（.）5MS*0（.）8CMS2（M），术后浸润非膜化覆，，盖的周围组织奥沙利铂200M，双1端亚叶酸钙0切线未查见2癌。呈转替加氟（方克）1移。未2查见癌。，免疫组化染色示癌组织：SYN（-）、BRAF（-）、M利，LH1（+）、后MSH2，（+）、一MSH6（+），、PM“直肠癌术后”S2（+）。术后给予3程化疗，，，具体用药，为间：20，0MG，D1+0.，3G D2-6 ",
    "entities": [
        {
            "label_type": "疾病和诊断",
            "overlap": 0,
            "start_pos": 41,
            "end_pos": 44,
            "text": "直肠癌"
        },
        {
            "label_type": "疾病和诊断",
            "overlap": 0,
            "start_pos": 56,
            "end_pos": 62,
            "text": "（直肠）腺癌"
        },
        {
            "end_pos": 103,
            "label_type": "手术",
            "overlap": 0,
            "start_pos": 95,
            "text": "直肠MILES术"
        },
        {
            "label_type": "疾病和诊断",
            "overlap": 0,
            "start_pos": 138,
            "end_pos": 156,
            "text": "（直肠）腺癌（中度分化），浸润溃疡型"
        },
        {
            "label_type": "解剖部位",
            "overlap": 0,
            "start_pos": 174,
            "end_pos": 175,
            "text": "腹"
        },
        {
            "end_pos": 182,
            "label_type": "解剖部位",
            "overlap": 0,
            "start_pos": 179,
            "text": "结直肠"
        },
        {
            "label_type": "解剖部位",
            "overlap": 0,
            "start_pos": 197,
            "end_pos": 212,
            "text": "“中间组”（2/10个）淋巴结"
        },
        {
            "label_type": "解剖部位",
            "overlap": 0,
            "start_pos": 215,
            "end_pos": 224,
            "text": "一站(4个）淋巴结"
        },
        {
            "end_pos": 308,
            "label_type": "药物",
            "overlap": 0,
            "start_pos": 304,
            "text": "奥沙利铂"
        },
        {
            "end_pos": 320,
            "label_type": "药物",
            "overlap": 0,
            "start_pos": 316,
            "text": "亚叶酸钙"
        },
        {
            "end_pos": 334,
            "label_type": "药物",
            "overlap": 0,
            "start_pos": 331,
            "text": "替加氟"
        },
        {
            "end_pos": 337,
            "label_type": "药物",
            "overlap": 0,
            "start_pos": 335,
            "text": "方克"
        },
        {
            "label_type": "疾病和诊断",
            "overlap": 0,
            "start_pos": 407,
            "end_pos": 412,
            "text": "直肠癌术后"
        }
    ]
}