{
    "originalText": "，，患者4个月前因“便秘2月余”入住我院化消化，内胸、腹、，盆腔CT科，两肺上叶行胸、，肝多发囊肿、肾囊肿，直肠壁增、、，盆直肠CA腔CT示：纤术治维，灶，、，增厚、符术合直C后，A表现。为行手术治疗，转直肠癌根治术，，术后我科。直肠腺癌（中低度分化），部分呈粘液腺癌图像，浸润溃疡型，完善补液术前检查后，于C2016达-02-15行直癌根治术直肠，，术后、病直肠理：，体积6.癌5*呈肠壁5*（0.6CM）。 侵癌达被膜。 双炎性增生性息肉端切，线及另化送“直近T切部分（线）、”、“（直）远术后切线”液，未查见癌。 呈治壁一站（希罗达2化/治11个）淋巴结癌转移。 符合。 ，，发免，疫腹组腹化染色示，：TS部分（+）、SY化N（-）。术后给，予相关，直肠术后换药及对症支持治疗并口服行化学治疗，。  ， 院外，期间患者，一般情况可，，无发热，无化痛",
    "entities": [
        {
            "label_type": "影像检查",
            "overlap": 0,
            "start_pos": 25,
            "end_pos": 34,
            "text": "胸、腹、，盆腔CT"
        },
        {
            "end_pos": 40,
            "label_type": "解剖部位",
            "overlap": 0,
            "start_pos": 36,
            "text": "两肺上叶"
        },
        {
            "label_type": "疾病和诊断",
            "overlap": 0,
            "start_pos": 44,
            "end_pos": 49,
            "text": "肝多发囊肿"
        },
        {
            "label_type": "疾病和诊断",
            "overlap": 0,
            "start_pos": 50,
            "end_pos": 53,
            "text": "肾囊肿"
        },
        {
            "end_pos": 57,
            "label_type": "解剖部位",
            "overlap": 0,
            "start_pos": 54,
            "text": "直肠壁"
        },
        {
            "label_type": "疾病和诊断",
            "overlap": 0,
            "start_pos": 62,
            "end_pos": 66,
            "text": "直肠CA"
        },
        {
            "end_pos": 108,
            "label_type": "手术",
            "overlap": 0,
            "start_pos": 102,
            "text": "直肠癌根治术"
        },
        {
            "label_type": "疾病和诊断",
            "overlap": 0,
            "start_pos": 115,
            "end_pos": 142,
            "text": "直肠腺癌（中低度分化），部分呈粘液腺癌图像，浸润溃疡型"
        },
        {
            "end_pos": 174,
            "label_type": "解剖部位",
            "overlap": 0,
            "start_pos": 172,
            "text": "直肠"
        },
        {
            "end_pos": 182,
            "label_type": "解剖部位",
            "overlap": 0,
            "start_pos": 180,
            "text": "直肠"
        },
        {
            "label_type": "解剖部位",
            "overlap": 0,
            "start_pos": 193,
            "end_pos": 194,
            "text": "肠"
        },
        {
            "label_type": "疾病和诊断",
            "overlap": 0,
            "start_pos": 214,
            "end_pos": 221,
            "text": "炎性增生性息肉"
        },
        {
            "end_pos": 269,
            "label_type": "药物",
            "overlap": 0,
            "start_pos": 266,
            "text": "希罗达"
        },
        {
            "end_pos": 296,
            "label_type": "解剖部位",
            "overlap": 0,
            "start_pos": 295,
            "text": "腹"
        },
        {
            "end_pos": 298,
            "label_type": "解剖部位",
            "overlap": 0,
            "start_pos": 297,
            "text": "腹"
        },
        {
            "label_type": "疾病和诊断",
            "overlap": 0,
            "start_pos": 328,
            "end_pos": 332,
            "text": "直肠术后"
        }
    ]
}