{
    "originalText": "，患者3月前出现粘液血便，色鲜红，大便最多6-7次/日，里急后重感明显，量少，无明显腹痛、腹胀，，外院检查示：入肛10CM直肠肿物，，活检病理示：腺瘤恶变。，就诊我院行超声肠镜示：入肛10CM全周肿物，UT4AN0M0,，活检病理示：高级别下皮内瘤变与腺癌鉴别。2014-3-31、2014-04-21行双程XELODA单药化疗双程，2014-04-21到2014-05-24同期行50GY/25F放疗，放化疗期间患者出现腹泻双天，对症处理后症状缓解。于2014-07-11全麻上行“腹腔镜上DIXON'S”，术顺，术后恢复可，，术后病理结果回示：中分化腺癌，浸润肠壁外膜层，局部区域伴纤维组织增生，结合病史，符合治疗后改变（TRG分级3级）。切缘及送检淋巴结0/10未见转移。术后2014-08-08、08-26、09-26、10-17、2014-11-07予CAPEOX化疗5程。为求上一步治疗入院。一般情况可。",
    "entities": [
        {
            "end_pos": 43,
            "label_type": "解剖部位",
            "start_pos": 42,
            "text": "腹"
        },
        {
            "end_pos": 46,
            "label_type": "解剖部位",
            "start_pos": 45,
            "text": "腹"
        },
        {
            "end_pos": 63,
            "label_type": "解剖部位",
            "start_pos": 61,
            "text": "直肠"
        },
        {
            "label_type": "疾病和诊断",
            "start_pos": 73,
            "end_pos": 75,
            "text": "腺瘤"
        },
        {
            "label_type": "疾病和诊断",
            "start_pos": 117,
            "end_pos": 125,
            "text": "高级别下皮内瘤变"
        },
        {
            "label_type": "疾病和诊断",
            "start_pos": 126,
            "end_pos": 128,
            "text": "腺癌"
        },
        {
            "end_pos": 160,
            "label_type": "药物",
            "start_pos": 154,
            "text": "XELODA"
        },
        {
            "end_pos": 212,
            "label_type": "解剖部位",
            "start_pos": 211,
            "text": "腹"
        },
        {
            "end_pos": 253,
            "label_type": "手术",
            "start_pos": 242,
            "text": "腹腔镜上DIXON'S"
        },
        {
            "label_type": "疾病和诊断",
            "start_pos": 274,
            "end_pos": 279,
            "text": "中分化腺癌"
        },
        {
            "label_type": "解剖部位",
            "start_pos": 282,
            "end_pos": 283,
            "text": "肠"
        }
    ]
}