{
    "originalText": "，患者入院完善相关检查，诊断\\\"乙状结肠癌 右肾下腺转移乙 状癌 右转移术？ \\\"，未见手术禁忌，2015-乙状结肠切除+右肾下腺切除术0术中7-31全麻上行乙状结肠切除+右切除术术，术中见肿瘤侵乙状结肠犯浆膜，近端中分化腺癌不全梗阻肠，，术后病理回报：1（乙状明确）镜检为，浸润至壁浆膜上层，未切见大体脉癌管及神经切束侵犯，癌并可见中央淋巴结脓肿形成。2结（近切缘）未癌见癌。中间淋巴结3（远切缘）癌未见癌肠旁淋巴结。4（）镜上为癌脂肪结右肾下腺缔组织，未见肾下腺癌。5（）癌5枚，未见化癌。6（）10枚，未见癌。+7（右肿物）镜上为组织，未见癌+。，免疫组化：+ER（-），E+RCC1（+），MS+H2（-术），MSH6（+），PMS2术（+），MLH1（+），KI67（60%+）。患者术后恢复可。并于今",
    "entities": [
        {
            "label_type": "疾病和诊断",
            "overlap": 0,
            "start_pos": 16,
            "end_pos": 28,
            "text": "乙状结肠癌 右肾下腺转移"
        },
        {
            "label_type": "手术",
            "overlap": 0,
            "start_pos": 54,
            "end_pos": 68,
            "text": "乙状结肠切除+右肾下腺切除术"
        },
        {
            "end_pos": 83,
            "label_type": "解剖部位",
            "overlap": 0,
            "start_pos": 81,
            "text": "结肠"
        },
        {
            "end_pos": 102,
            "label_type": "解剖部位",
            "overlap": 0,
            "start_pos": 98,
            "text": "乙状结肠"
        },
        {
            "label_type": "疾病和诊断",
            "overlap": 0,
            "start_pos": 108,
            "end_pos": 113,
            "text": "中分化腺癌"
        },
        {
            "label_type": "解剖部位",
            "overlap": 0,
            "start_pos": 117,
            "end_pos": 118,
            "text": "肠"
        },
        {
            "label_type": "解剖部位",
            "overlap": 0,
            "start_pos": 167,
            "end_pos": 172,
            "text": "中央淋巴结"
        },
        {
            "label_type": "解剖部位",
            "overlap": 0,
            "start_pos": 189,
            "end_pos": 194,
            "text": "中间淋巴结"
        },
        {
            "end_pos": 209,
            "label_type": "解剖部位",
            "overlap": 0,
            "start_pos": 204,
            "text": "肠旁淋巴结"
        },
        {
            "end_pos": 224,
            "label_type": "解剖部位",
            "overlap": 0,
            "start_pos": 220,
            "text": "右肾下腺"
        },
        {
            "end_pos": 233,
            "label_type": "解剖部位",
            "overlap": 0,
            "start_pos": 230,
            "text": "肾下腺"
        }
    ]
}