{
    "originalText": "入院前2天，患者因受凉后出现以咽痛为主要表现，伴发热（具体不详）、流涕、鼻塞、咳嗽，不伴抽搐、胸痛、胸闷、恶心、呕吐、腹痛、腹泻。1天前来我院急诊科就诊，查肾功：尿酸 447.8 μmol/l ↑，电解质1：钠 138.6 mmol/l、氯 98.6 mmol/l ↓，血常规：白细胞数 19.7×10^9/L ↑、血红蛋白浓度 171 g/L、中性粒细胞百分比 84.91 % ↑、淋巴细胞百分比 10.72 % ↓，随机指血糖： 19.3 mmol/l ↑，CRP：40 mg/l ↑，考虑“急性下呼吸道感染、糖尿病”，给予“头孢呋辛抗感染、痰热清清热解毒”等治疗，今日未在发热、仍有咽痛、咳嗽、鼻塞，今日为求进一步治疗，门诊以“急性下呼吸道感染、糖尿病”收入我科。1+年前，患者因体重上降、多饮、多食，在外院检查诊断为“糖尿病”，服用半年多“盐酸二甲两胍缓释片”降糖，血糖控制在10mmol/l右左，目前有半年未服药，未监测血糖。自患病以来，患者精神、饮食、睡眠差，体重无上降，大小便未见明显异常。",
    "entities": [
        {
            "label_type": "解剖部位",
            "start_pos": 15,
            "end_pos": 16,
            "text": "咽"
        },
        {
            "label_type": "解剖部位",
            "start_pos": 36,
            "end_pos": 37,
            "text": "鼻"
        },
        {
            "label_type": "解剖部位",
            "start_pos": 47,
            "end_pos": 48,
            "text": "胸"
        },
        {
            "label_type": "解剖部位",
            "start_pos": 50,
            "end_pos": 51,
            "text": "胸"
        },
        {
            "label_type": "解剖部位",
            "start_pos": 59,
            "end_pos": 60,
            "text": "腹"
        },
        {
            "label_type": "解剖部位",
            "start_pos": 62,
            "end_pos": 63,
            "text": "腹"
        },
        {
            "label_type": "实验室检验",
            "start_pos": 81,
            "end_pos": 83,
            "text": "尿酸"
        },
        {
            "label_type": "实验室检验",
            "start_pos": 99,
            "end_pos": 102,
            "text": "电解质"
        },
        {
            "label_type": "实验室检验",
            "start_pos": 104,
            "end_pos": 105,
            "text": "钠"
        },
        {
            "label_type": "实验室检验",
            "start_pos": 119,
            "end_pos": 120,
            "text": "氯"
        },
        {
            "label_type": "实验室检验",
            "start_pos": 139,
            "end_pos": 143,
            "text": "白细胞数"
        },
        {
            "label_type": "实验室检验",
            "start_pos": 158,
            "end_pos": 164,
            "text": "血红蛋白浓度"
        },
        {
            "label_type": "实验室检验",
            "start_pos": 173,
            "end_pos": 181,
            "text": "中性粒细胞百分比"
        },
        {
            "label_type": "实验室检验",
            "start_pos": 192,
            "end_pos": 199,
            "text": "淋巴细胞百分比"
        },
        {
            "label_type": "实验室检验",
            "start_pos": 210,
            "end_pos": 215,
            "text": "随机指血糖"
        },
        {
            "label_type": "实验室检验",
            "start_pos": 231,
            "end_pos": 234,
            "text": "CRP"
        },
        {
            "label_type": "疾病和诊断",
            "start_pos": 248,
            "end_pos": 256,
            "text": "急性下呼吸道感染"
        },
        {
            "label_type": "疾病和诊断",
            "start_pos": 257,
            "end_pos": 260,
            "text": "糖尿病"
        },
        {
            "label_type": "药物",
            "start_pos": 265,
            "end_pos": 269,
            "text": "头孢呋辛"
        },
        {
            "label_type": "药物",
            "start_pos": 273,
            "end_pos": 276,
            "text": "痰热清"
        },
        {
            "label_type": "解剖部位",
            "start_pos": 294,
            "end_pos": 295,
            "text": "咽"
        },
        {
            "label_type": "解剖部位",
            "start_pos": 300,
            "end_pos": 301,
            "text": "鼻"
        },
        {
            "label_type": "疾病和诊断",
            "start_pos": 317,
            "end_pos": 325,
            "text": "急性下呼吸道感染"
        },
        {
            "label_type": "疾病和诊断",
            "start_pos": 326,
            "end_pos": 329,
            "text": "糖尿病"
        },
        {
            "label_type": "疾病和诊断",
            "start_pos": 363,
            "end_pos": 366,
            "text": "糖尿病"
        },
        {
            "label_type": "药物",
            "start_pos": 374,
            "end_pos": 383,
            "text": "盐酸二甲两胍缓释片"
        },
        {
            "label_type": "实验室检验",
            "start_pos": 387,
            "end_pos": 389,
            "text": "血糖"
        }
    ]
}