{
    "originalText": "入院前3+月，患者无明显诱因出现心悸、气促，活动后明显，感爬楼梯时症状更为明显，休息后可缓解，曾间断出现两上肢轻度浮肿，伴乏力、纳差，进食较差，感心前区及下腹部不适，未重视病情。入院前10+天，患者感心悸、气促加重，但无夜间阵发性呼吸困难、咯血，无明显心前区压榨感，当时未就诊，近3日患者感症状加重，并出现咳嗽、咳痰，咳出白色粘痰，无畏寒、发热，无恶心、呕吐，无端坐呼吸、阵发性呼吸困难，无大汗淋漓、咯血等，于昨日在外输液后无明显缓解（具体用药不详），故今日就诊我院，查“血常规：白细胞数 5.7 10^9/L、血红蛋白浓度 111 g/L、中性粒细胞百分比 73.81 %、淋巴细胞百分比 18.12 %，肾功：尿素 2.81 mmol/L，电解质：钾 2.82 mmol/l。腹部彩超示肝多发囊肿。胸片示1，两上肺少许感染，随访复查。2，轻度肺气肿。3，右侧肋膈胸膜稍增厚，随访”，为进一步治疗，急诊科以“心悸、气促待查”收入我科住院。患者自发病以来精神、食欲差，大小便未诉异常。近期体重无明显减轻。",
    "entities": [
        {
            "label_type": "解剖部位",
            "start_pos": 16,
            "end_pos": 17,
            "text": "心"
        },
        {
            "label_type": "解剖部位",
            "start_pos": 52,
            "end_pos": 55,
            "text": "两上肢"
        },
        {
            "label_type": "解剖部位",
            "start_pos": 73,
            "end_pos": 76,
            "text": "心前区"
        },
        {
            "label_type": "解剖部位",
            "start_pos": 77,
            "end_pos": 80,
            "text": "下腹部"
        },
        {
            "label_type": "解剖部位",
            "start_pos": 100,
            "end_pos": 101,
            "text": "心"
        },
        {
            "label_type": "解剖部位",
            "start_pos": 126,
            "end_pos": 129,
            "text": "心前区"
        },
        {
            "label_type": "实验室检验",
            "start_pos": 240,
            "end_pos": 244,
            "text": "白细胞数"
        },
        {
            "label_type": "实验室检验",
            "start_pos": 256,
            "end_pos": 262,
            "text": "血红蛋白浓度"
        },
        {
            "label_type": "实验室检验",
            "start_pos": 271,
            "end_pos": 279,
            "text": "中性粒细胞百分比"
        },
        {
            "label_type": "实验室检验",
            "start_pos": 288,
            "end_pos": 295,
            "text": "淋巴细胞百分比"
        },
        {
            "label_type": "实验室检验",
            "start_pos": 307,
            "end_pos": 309,
            "text": "尿素"
        },
        {
            "label_type": "实验室检验",
            "start_pos": 322,
            "end_pos": 325,
            "text": "电解质"
        },
        {
            "label_type": "实验室检验",
            "start_pos": 326,
            "end_pos": 327,
            "text": "钾"
        },
        {
            "label_type": "影像检查",
            "start_pos": 340,
            "end_pos": 344,
            "text": "腹部彩超"
        },
        {
            "label_type": "疾病和诊断",
            "start_pos": 345,
            "end_pos": 350,
            "text": "肝多发囊肿"
        },
        {
            "label_type": "影像检查",
            "start_pos": 351,
            "end_pos": 353,
            "text": "胸片"
        },
        {
            "label_type": "疾病和诊断",
            "start_pos": 356,
            "end_pos": 363,
            "text": "两上肺少许感染"
        },
        {
            "label_type": "疾病和诊断",
            "start_pos": 371,
            "end_pos": 376,
            "text": "轻度肺气肿"
        },
        {
            "label_type": "解剖部位",
            "start_pos": 379,
            "end_pos": 385,
            "text": "右侧肋膈胸膜"
        },
        {
            "label_type": "疾病和诊断",
            "start_pos": 405,
            "end_pos": 412,
            "text": "心悸、气促待查"
        }
    ]
}