{
    "originalText": "，患者20112年底开始出现接触性出血，21013年4月宫颈曾行细检胞学HPV检检查及检查未（发现异）常（未1见单），2014年8月我院门诊就诊，，T型腺CT:镜上见腺癌异型腺（宫颈肿物）活检术细胞术，考虑为。检遂低分化癌行（肿检物）活宫颈下唇检术结，，肿物术后病理：镜检为。妇科检宫颈癌IB1期查可见下唇1可见结节状1肿物约3宫颈癌根治术(II型子宫切除+两侧附件切除+盆腔淋巴结清扫术+腹主动脉旁淋巴结活检术）X2.术5C检结M，考（全子宫+两附件）虑检“宫颈低分化癌癌结IB1期化结”，于2低分化腺鳞癌014宫颈-宫颈管09-（16在行1“癌根治）术(II阴道穹窿型子宫体子宫切除+两侧脉管附癌件切除+盆腔淋巴淋巴结结精肿神术+腹术主动脉旁1淋巴结活检术）”。，1术后1病检结1果示P：（（紫杉醇+顺铂）化+）镜检下为化，结结合白免疫组低化结果1，1符合，浸润及瑞白管白治浅肌层（&LT;1/2肌层），化未累及穹窿及上段；未见明确脉管内癌栓及神经束侵阴道犯。淋巴结未见肿瘤体转移。术后于2",
    "entities": [
        {
            "label_type": "实验室检验",
            "overlap": 0,
            "start_pos": 36,
            "end_pos": 39,
            "text": "HPV"
        },
        {
            "label_type": "疾病和诊断",
            "overlap": 0,
            "start_pos": 83,
            "end_pos": 85,
            "text": "腺癌"
        },
        {
            "end_pos": 97,
            "label_type": "手术",
            "overlap": 0,
            "start_pos": 88,
            "text": "（宫颈肿物）活检术"
        },
        {
            "label_type": "疾病和诊断",
            "overlap": 0,
            "start_pos": 107,
            "end_pos": 111,
            "text": "低分化癌"
        },
        {
            "end_pos": 122,
            "label_type": "解剖部位",
            "overlap": 0,
            "start_pos": 118,
            "text": "宫颈下唇"
        },
        {
            "label_type": "疾病和诊断",
            "overlap": 0,
            "start_pos": 141,
            "end_pos": 148,
            "text": "宫颈癌IB1期"
        },
        {
            "label_type": "手术",
            "overlap": 0,
            "start_pos": 164,
            "end_pos": 207,
            "text": "宫颈癌根治术(II型子宫切除+两侧附件切除+盆腔淋巴结清扫术+腹主动脉旁淋巴结活检术）"
        },
        {
            "end_pos": 222,
            "label_type": "解剖部位",
            "overlap": 0,
            "start_pos": 219,
            "text": "全子宫"
        },
        {
            "end_pos": 226,
            "label_type": "解剖部位",
            "overlap": 0,
            "start_pos": 223,
            "text": "两附件"
        },
        {
            "label_type": "疾病和诊断",
            "overlap": 0,
            "start_pos": 230,
            "end_pos": 236,
            "text": "宫颈低分化癌"
        },
        {
            "label_type": "疾病和诊断",
            "overlap": 0,
            "start_pos": 248,
            "end_pos": 254,
            "text": "低分化腺鳞癌"
        },
        {
            "end_pos": 259,
            "label_type": "解剖部位",
            "overlap": 0,
            "start_pos": 257,
            "text": "宫颈"
        },
        {
            "end_pos": 263,
            "label_type": "解剖部位",
            "overlap": 0,
            "start_pos": 260,
            "text": "宫颈管"
        },
        {
            "end_pos": 285,
            "label_type": "解剖部位",
            "overlap": 0,
            "start_pos": 281,
            "text": "阴道穹窿"
        },
        {
            "label_type": "解剖部位",
            "overlap": 0,
            "start_pos": 286,
            "end_pos": 289,
            "text": "子宫体"
        },
        {
            "end_pos": 351,
            "label_type": "药物",
            "overlap": 0,
            "start_pos": 348,
            "text": "紫杉醇"
        },
        {
            "end_pos": 354,
            "label_type": "药物",
            "overlap": 0,
            "start_pos": 352,
            "text": "顺铂"
        },
        {
            "end_pos": 386,
            "label_type": "药物",
            "overlap": 0,
            "start_pos": 384,
            "text": "瑞白"
        },
        {
            "end_pos": 430,
            "label_type": "解剖部位",
            "overlap": 0,
            "start_pos": 428,
            "text": "阴道"
        }
    ]
}