{
    "originalText": "，缘于入院前1月因门门胃诊镜检查示：贲门溃疡型胃癌“贲门溃疡型腺癌癌门”，，贲门癌病理：，门诊拟“后”收住入院，入院后完善术相关检查20未见明0显手0术禁忌全症上，2根治性全胃切除术（食道空肠ROUX-Y吻合、D2、R0）01术4年术后07月、07、日在、全麻心上、行“”，术顺，术治后予换术后药、结止血、、补全胃液食管胃交界溃疡型管状腺癌II、营养肌膜、维持电解质平脉管衡等癌发热。术，术上切后病理癌结果：1、贲门周淋巴结，全：食管小弯淋巴结2交界溃疡大弯淋巴结0型管状I幽门下淋巴结0I，侵出幽门上淋巴结0浆膜层，侵犯神经（第8组）淋巴结0，脉管内（第9组）淋巴结0见癌栓，（第十一组）淋巴结0手术标本（腹主动脉旁）淋巴结0上切端未（空肠系膜）淋巴结0见癌浸润癌。找到2、（食管上段旁）、（第十组）1/7个脉管、，2/6个组，0/、（大4膜结个），0/1个，0/组4个，癌及另送的0/3个，0/5个，0门/1胃癌术后个，（主动脉下旁）淋巴结0/、1个、，食0/1腹个、腹见、癌转移大小。2、（旁）、（第十组），：",
    "entities": [
        {
            "label_type": "疾病和诊断",
            "overlap": 0,
            "start_pos": 18,
            "end_pos": 25,
            "text": "贲门溃疡型胃癌"
        },
        {
            "label_type": "疾病和诊断",
            "overlap": 0,
            "start_pos": 31,
            "end_pos": 33,
            "text": "腺癌"
        },
        {
            "label_type": "疾病和诊断",
            "overlap": 0,
            "start_pos": 38,
            "end_pos": 41,
            "text": "贲门癌"
        },
        {
            "label_type": "手术",
            "overlap": 0,
            "start_pos": 83,
            "end_pos": 111,
            "text": "根治性全胃切除术（食道空肠ROUX-Y吻合、D2、R0）"
        },
        {
            "label_type": "解剖部位",
            "overlap": 0,
            "start_pos": 130,
            "end_pos": 131,
            "text": "心"
        },
        {
            "end_pos": 157,
            "label_type": "解剖部位",
            "overlap": 0,
            "start_pos": 156,
            "text": "胃"
        },
        {
            "label_type": "疾病和诊断",
            "overlap": 0,
            "start_pos": 158,
            "end_pos": 172,
            "text": "食管胃交界溃疡型管状腺癌II"
        },
        {
            "end_pos": 212,
            "label_type": "解剖部位",
            "overlap": 0,
            "start_pos": 206,
            "text": "贲门周淋巴结"
        },
        {
            "end_pos": 222,
            "label_type": "解剖部位",
            "overlap": 0,
            "start_pos": 217,
            "text": "小弯淋巴结"
        },
        {
            "end_pos": 232,
            "label_type": "解剖部位",
            "overlap": 0,
            "start_pos": 227,
            "text": "大弯淋巴结"
        },
        {
            "end_pos": 243,
            "label_type": "解剖部位",
            "overlap": 0,
            "start_pos": 237,
            "text": "幽门下淋巴结"
        },
        {
            "end_pos": 254,
            "label_type": "解剖部位",
            "overlap": 0,
            "start_pos": 248,
            "text": "幽门上淋巴结"
        },
        {
            "label_type": "解剖部位",
            "overlap": 0,
            "start_pos": 263,
            "end_pos": 271,
            "text": "（第8组）淋巴结"
        },
        {
            "label_type": "解剖部位",
            "overlap": 0,
            "start_pos": 276,
            "end_pos": 284,
            "text": "（第9组）淋巴结"
        },
        {
            "label_type": "解剖部位",
            "overlap": 0,
            "start_pos": 289,
            "end_pos": 298,
            "text": "（第十一组）淋巴结"
        },
        {
            "end_pos": 313,
            "label_type": "解剖部位",
            "overlap": 0,
            "start_pos": 303,
            "text": "（腹主动脉旁）淋巴结"
        },
        {
            "end_pos": 327,
            "label_type": "解剖部位",
            "overlap": 0,
            "start_pos": 318,
            "text": "（空肠系膜）淋巴结"
        },
        {
            "end_pos": 343,
            "label_type": "解剖部位",
            "overlap": 0,
            "start_pos": 339,
            "text": "食管上段"
        },
        {
            "label_type": "疾病和诊断",
            "overlap": 0,
            "start_pos": 406,
            "end_pos": 410,
            "text": "胃癌术后"
        },
        {
            "label_type": "解剖部位",
            "overlap": 0,
            "start_pos": 433,
            "end_pos": 434,
            "text": "腹"
        },
        {
            "end_pos": 437,
            "label_type": "解剖部位",
            "overlap": 0,
            "start_pos": 436,
            "text": "腹"
        }
    ]
}