{
    "originalText": "入院前10+年患者反复出现咳嗽、咳痰，多于冬春季及受凉后发作，抗感染治疗有效，每年发作超过3个月。入院前6+年开始出现咳嗽咳痰时伴喘累，逐渐出现活动后心累，于下坡时出现，病程中曾在我院行心脏彩超示右房、左房、左室增大，多瓣膜反流，肺动脉重度高压，心包腔积液；心电图提示心房纤颤，院外长期服用“华法林”，并间断口服利尿剂及支气管解痉药物，病情稳定期可耐受平地慢步活动。近2年患者多次在*******医院及我院住院治疗，经抗感染、止咳祛痰、平喘、利尿等治疗病情好转。入院前3天，患者受凉后出现咳嗽，咳痰不明显，喘累气促明显加重，不能耐受平地一般活动，伴有纳差、乏力，夜间需高枕卧位休息，伴鼻塞、流涕、喷嚏，无咽痛，无畏寒、发热，无潮热、盗汗，无胸痛、咯血，无心慌、胸闷，无恶心、呕吐，无腹胀、腹痛，无颜面四肢浮肿，无呼吸困难等不适，今为求进一步治疗来我院就诊，门诊以“慢性阻塞性肺疾病 肺源性心脏病”收入我科。本次发病以来患者精神食欲较差，大便如常，小便色黄，睡眠一般，体力明显上降，体重无明显改变。",
    "entities": [
        {
            "label_type": "解剖部位",
            "start_pos": 75,
            "end_pos": 76,
            "text": "心"
        },
        {
            "label_type": "影像检查",
            "start_pos": 93,
            "end_pos": 97,
            "text": "心脏彩超"
        },
        {
            "label_type": "解剖部位",
            "start_pos": 98,
            "end_pos": 100,
            "text": "右房"
        },
        {
            "label_type": "解剖部位",
            "start_pos": 101,
            "end_pos": 103,
            "text": "左房"
        },
        {
            "label_type": "解剖部位",
            "start_pos": 104,
            "end_pos": 106,
            "text": "左室"
        },
        {
            "label_type": "解剖部位",
            "start_pos": 110,
            "end_pos": 112,
            "text": "瓣膜"
        },
        {
            "label_type": "疾病和诊断",
            "start_pos": 115,
            "end_pos": 122,
            "text": "肺动脉重度高压"
        },
        {
            "label_type": "疾病和诊断",
            "start_pos": 123,
            "end_pos": 128,
            "text": "心包腔积液"
        },
        {
            "label_type": "影像检查",
            "start_pos": 129,
            "end_pos": 132,
            "text": "心电图"
        },
        {
            "label_type": "疾病和诊断",
            "start_pos": 134,
            "end_pos": 138,
            "text": "心房纤颤"
        },
        {
            "label_type": "药物",
            "start_pos": 146,
            "end_pos": 149,
            "text": "华法林"
        },
        {
            "label_type": "解剖部位",
            "start_pos": 292,
            "end_pos": 293,
            "text": "鼻"
        },
        {
            "label_type": "解剖部位",
            "start_pos": 302,
            "end_pos": 303,
            "text": "咽"
        },
        {
            "label_type": "解剖部位",
            "start_pos": 320,
            "end_pos": 321,
            "text": "胸"
        },
        {
            "label_type": "解剖部位",
            "start_pos": 327,
            "end_pos": 328,
            "text": "心"
        },
        {
            "label_type": "解剖部位",
            "start_pos": 330,
            "end_pos": 331,
            "text": "胸"
        },
        {
            "label_type": "解剖部位",
            "start_pos": 341,
            "end_pos": 342,
            "text": "腹"
        },
        {
            "label_type": "解剖部位",
            "start_pos": 344,
            "end_pos": 345,
            "text": "腹"
        },
        {
            "label_type": "解剖部位",
            "start_pos": 348,
            "end_pos": 350,
            "text": "颜面"
        },
        {
            "label_type": "解剖部位",
            "start_pos": 350,
            "end_pos": 352,
            "text": "四肢"
        },
        {
            "label_type": "疾病和诊断",
            "start_pos": 382,
            "end_pos": 390,
            "text": "慢性阻塞性肺疾病"
        },
        {
            "label_type": "疾病和诊断",
            "start_pos": 391,
            "end_pos": 397,
            "text": "肺源性心脏病"
        }
    ]
}