{
    "originalText": "患者于约4月前无明显诱因上开始出现阴道特殊，于******健院行宫颈活检提示中分化鳞癌，后至我院行病理会诊提示低分化癌，考虑为低分化鳞状细胞癌。临床考虑宫颈癌IIA2期。22016-01-1、28、20216-2-15力朴素于顺铂我院2行+2方案2程。2016-03-III型子宫切除、两附件切除、盆腔淋巴结清扫15全麻上行。子宫术后病理宫颈低分化鳞状细胞癌：（子宫颈宫宫颈管）镜检为，浸阴道穹窿润及管深管内癌肌层；累及穹窿；可见脉管内癌栓子宫内膜，未见明确神经束侵左髂内淋巴结犯；萎缩性癌；平滑肌瘤。送淋巴结检（）1枚癌，见癌转移，其余多组淋巴结送检均未见癌。术后恢复化好，2现患者按主诊教授意见入院行术力扑素2后辅助化疗，2顺铂016-04-07化给予T顺C（240MGD1+50MGD1）方案化疗、1程、顺利，无不适。查体无出血。患者发病以来,精神",
    "entities": [
        {
            "end_pos": 19,
            "label_type": "解剖部位",
            "overlap": 0,
            "start_pos": 17,
            "text": "阴道"
        },
        {
            "end_pos": 34,
            "label_type": "解剖部位",
            "overlap": 0,
            "start_pos": 32,
            "text": "宫颈"
        },
        {
            "label_type": "疾病和诊断",
            "overlap": 0,
            "start_pos": 38,
            "end_pos": 43,
            "text": "中分化鳞癌"
        },
        {
            "label_type": "疾病和诊断",
            "overlap": 0,
            "start_pos": 55,
            "end_pos": 59,
            "text": "低分化癌"
        },
        {
            "label_type": "疾病和诊断",
            "overlap": 0,
            "start_pos": 63,
            "end_pos": 71,
            "text": "低分化鳞状细胞癌"
        },
        {
            "label_type": "疾病和诊断",
            "overlap": 0,
            "start_pos": 76,
            "end_pos": 84,
            "text": "宫颈癌IIA2期"
        },
        {
            "end_pos": 112,
            "label_type": "药物",
            "overlap": 0,
            "start_pos": 109,
            "text": "力朴素"
        },
        {
            "end_pos": 115,
            "label_type": "药物",
            "overlap": 0,
            "start_pos": 113,
            "text": "顺铂"
        },
        {
            "label_type": "手术",
            "overlap": 0,
            "start_pos": 134,
            "end_pos": 156,
            "text": "III型子宫切除、两附件切除、盆腔淋巴结清扫"
        },
        {
            "label_type": "疾病和诊断",
            "overlap": 0,
            "start_pos": 169,
            "end_pos": 179,
            "text": "宫颈低分化鳞状细胞癌"
        },
        {
            "end_pos": 184,
            "label_type": "解剖部位",
            "overlap": 0,
            "start_pos": 182,
            "text": "宫颈"
        },
        {
            "end_pos": 188,
            "label_type": "解剖部位",
            "overlap": 0,
            "start_pos": 185,
            "text": "宫颈管"
        },
        {
            "end_pos": 198,
            "label_type": "解剖部位",
            "overlap": 0,
            "start_pos": 194,
            "text": "阴道穹窿"
        },
        {
            "label_type": "解剖部位",
            "overlap": 0,
            "start_pos": 220,
            "end_pos": 224,
            "text": "子宫内膜"
        },
        {
            "end_pos": 239,
            "label_type": "解剖部位",
            "overlap": 0,
            "start_pos": 233,
            "text": "左髂内淋巴结"
        },
        {
            "end_pos": 306,
            "label_type": "药物",
            "overlap": 0,
            "start_pos": 303,
            "text": "力扑素"
        },
        {
            "end_pos": 316,
            "label_type": "药物",
            "overlap": 0,
            "start_pos": 314,
            "text": "顺铂"
        }
    ]
}