{
    "originalText": "，门诊2个2个月下腹部前因不适于我院就诊，，后入胃院后行镜检查胃体示部、胃角后壁：于体上部、角性后壁处可胃见1/2较深凹陷性病变，占腔1/2周，中央可见巨大溃疡，表面覆污苔，周围粘膜不规则，有明显部浸胃润并周边呈堤形隆起；病贲门部变部位腔狭胃小，内（2镜1尚能通过；9）部未受（胃角、胃体后壁）低分化腺癌侵犯2。1镜病理1（1201600根治性胃癌根治术+毕I式吻合64术后9），示（2：1（角、925）胃体、胃窦低分化腺癌体后壁）低分化体腺1癌。9于12016-01-14在全部分麻上行，，癌术后病理示：（201600925“），浸润”溃疡型癌，体三组（3/3个）、四组（11/17个）、六组（9/11个）、“胃1、3、7组”（2/5个）淋巴结癌积14*“胃第六组”（1个）淋巴结9*1癌.6癌组CM，组化侵穿浆膜，并于1（部）、分脉管内（+）、查见癌栓II部分（+）、。累及近端切线，I远端III（切）、线及另（送）、“远端切线”2（未）查术后见癌。呈癌转、移。、 “、未查白蛋白、见癌。，癌组治织免疫组化染色示：RRM1（-）、TS化局灶（+）门、T“胃癌术后”OPOII部分（+）、 β-TUBULIN-III（-）、SYN（-体）体、CERBB-",
    "entities": [
        {
            "end_pos": 11,
            "label_type": "解剖部位",
            "overlap": 0,
            "start_pos": 8,
            "text": "下腹部"
        },
        {
            "label_type": "解剖部位",
            "overlap": 0,
            "start_pos": 31,
            "end_pos": 32,
            "text": "胃"
        },
        {
            "label_type": "解剖部位",
            "overlap": 0,
            "start_pos": 36,
            "end_pos": 37,
            "text": "胃"
        },
        {
            "end_pos": 53,
            "label_type": "解剖部位",
            "overlap": 0,
            "start_pos": 52,
            "text": "胃"
        },
        {
            "end_pos": 101,
            "label_type": "解剖部位",
            "overlap": 0,
            "start_pos": 100,
            "text": "胃"
        },
        {
            "end_pos": 114,
            "label_type": "解剖部位",
            "overlap": 0,
            "start_pos": 112,
            "text": "贲门"
        },
        {
            "label_type": "疾病和诊断",
            "overlap": 0,
            "start_pos": 138,
            "end_pos": 152,
            "text": "（胃角、胃体后壁）低分化腺癌"
        },
        {
            "label_type": "手术",
            "overlap": 0,
            "start_pos": 169,
            "end_pos": 183,
            "text": "根治性胃癌根治术+毕I式吻合"
        },
        {
            "label_type": "疾病和诊断",
            "overlap": 0,
            "start_pos": 202,
            "end_pos": 212,
            "text": "胃体、胃窦低分化腺癌"
        },
        {
            "label_type": "解剖部位",
            "overlap": 0,
            "start_pos": 275,
            "end_pos": 323,
            "text": "三组（3/3个）、四组（11/17个）、六组（9/11个）、“胃1、3、7组”（2/5个）淋巴结"
        },
        {
            "label_type": "解剖部位",
            "overlap": 0,
            "start_pos": 329,
            "end_pos": 341,
            "text": "胃第六组”（1个）淋巴结"
        },
        {
            "end_pos": 442,
            "label_type": "药物",
            "overlap": 0,
            "start_pos": 439,
            "text": "白蛋白"
        },
        {
            "label_type": "疾病和诊断",
            "overlap": 0,
            "start_pos": 479,
            "end_pos": 483,
            "text": "胃癌术后"
        }
    ]
}