{
    "originalText": "孕妇既往月经规律，末次月经：2016年07月19日，预产期：2017年4月25日，早孕彩超符合孕周。停经11天因急性阴道炎，外院给予保妇康栓及定君生阴道下药、复方黄藤洗液外用、宫炎平片口服治疗。孕早期彩超提示子宫多发肌瘤，较大约1.8cm*1.4cm,患者未诉不适，门诊予观察。孕20周自觉胎动至今。孕中晚期无明显头昏、眼花、皮肤瘙痒不适。孕期正规产检，早期唐氏筛查低风险，因孕早期用药治疗，建议行无创DNA检查，患者未采纳，四维彩超未见异常。孕期查甲功、肝功结果正常，OGTT提示空腹血糖高于正常，诊断\\\"妊娠期糖尿病\\\",予饮食控制后监测血糖大致正常。患者入院前5+小时（4:00）无明显诱因出现少量阴道流液，色清亮，伴不规律腹痛，其后出现少量血性分泌物，入院前40分钟（09:00）自觉腹痛较前加重，遂来院，阴道检查未见明显羊水流出，测胰岛素样生长因子阳性，胎监提示规律宫缩，门诊以\\\"胎膜早破，妊娠期糖尿病，临产\\\"收入院。患者孕期以来，精神食欲好，二便正常，孕期体重增长约20.5Kg。",
    "entities": [
        {
            "label_type": "影像检查",
            "start_pos": 41,
            "end_pos": 45,
            "text": "早孕彩超"
        },
        {
            "label_type": "疾病和诊断",
            "start_pos": 56,
            "end_pos": 61,
            "text": "急性阴道炎"
        },
        {
            "label_type": "药物",
            "start_pos": 66,
            "end_pos": 70,
            "text": "保妇康栓"
        },
        {
            "label_type": "药物",
            "start_pos": 71,
            "end_pos": 74,
            "text": "定君生"
        },
        {
            "label_type": "解剖部位",
            "start_pos": 74,
            "end_pos": 76,
            "text": "阴道"
        },
        {
            "label_type": "药物",
            "start_pos": 79,
            "end_pos": 85,
            "text": "复方黄藤洗液"
        },
        {
            "label_type": "药物",
            "start_pos": 88,
            "end_pos": 92,
            "text": "宫炎平片"
        },
        {
            "label_type": "影像检查",
            "start_pos": 97,
            "end_pos": 102,
            "text": "孕早期彩超"
        },
        {
            "label_type": "疾病和诊断",
            "start_pos": 104,
            "end_pos": 110,
            "text": "子宫多发肌瘤"
        },
        {
            "label_type": "解剖部位",
            "start_pos": 157,
            "end_pos": 158,
            "text": "头"
        },
        {
            "label_type": "解剖部位",
            "start_pos": 160,
            "end_pos": 161,
            "text": "眼"
        },
        {
            "label_type": "解剖部位",
            "start_pos": 163,
            "end_pos": 165,
            "text": "皮肤"
        },
        {
            "label_type": "影像检查",
            "start_pos": 213,
            "end_pos": 217,
            "text": "四维彩超"
        },
        {
            "label_type": "实验室检验",
            "start_pos": 235,
            "end_pos": 239,
            "text": "OGTT"
        },
        {
            "label_type": "实验室检验",
            "start_pos": 241,
            "end_pos": 245,
            "text": "空腹血糖"
        },
        {
            "label_type": "疾病和诊断",
            "start_pos": 254,
            "end_pos": 260,
            "text": "妊娠期糖尿病"
        },
        {
            "label_type": "实验室检验",
            "start_pos": 271,
            "end_pos": 273,
            "text": "血糖"
        },
        {
            "label_type": "解剖部位",
            "start_pos": 302,
            "end_pos": 304,
            "text": "阴道"
        },
        {
            "label_type": "解剖部位",
            "start_pos": 315,
            "end_pos": 316,
            "text": "腹"
        },
        {
            "label_type": "解剖部位",
            "start_pos": 346,
            "end_pos": 347,
            "text": "腹"
        },
        {
            "label_type": "解剖部位",
            "start_pos": 357,
            "end_pos": 359,
            "text": "阴道"
        },
        {
            "label_type": "实验室检验",
            "start_pos": 371,
            "end_pos": 379,
            "text": "胰岛素样生长因子"
        },
        {
            "label_type": "疾病和诊断",
            "start_pos": 396,
            "end_pos": 400,
            "text": "胎膜早破"
        },
        {
            "label_type": "疾病和诊断",
            "start_pos": 401,
            "end_pos": 407,
            "text": "妊娠期糖尿病"
        }
    ]
}