{
    "originalText": "2+年前患者无明显诱因解黑便，解成形黑便1次/日，伴头昏、乏力、皮肤黏膜苍白，无反酸、嗳气、烧心，无呕血、腹痛、腹胀、腹泻，无恶心、呕吐、晕厥，无腹围增大。多次就诊，考虑“丙肝肝硬化失代偿 胃底静脉曲张破裂出血”，多次内科输血、抑酸护胃治疗。院外反复黑便，1-3次/月，住院内科保守治疗。1年前，因黑便与********医院就诊：胃镜胃体瘢痕,胃底静脉曲张（轻度）；胃体活检：黏膜内癌，中-低分化。下腹部CIA：肝硬化，脾大，门脉高压，食管上段、胃底静脉曲张；右肾小囊肿，胆囊小结石；血常规HB 58G/L;给予内科止血，输血SAG 4U，抑酸保肝治疗缓解自行出院，拒绝进一步检查。1周前患者间断解成形黑便，伴血色素上降，血常规HB 51g/l,全身乏力，伴心悸，无恶心、呕吐，给予输血、止血、抑酸等治疗后解黄便出院。今晨进食后感腹部不适，随即解黑色糊状大便3次，量约400ml右左，无呕吐，已“下消化道出血”收入住院。病程中精神、睡眠欠佳，饮食尚可，大便如下述，小便正常。体重无明显减轻。",
    "entities": [
        {
            "label_type": "解剖部位",
            "start_pos": 26,
            "end_pos": 27,
            "text": "头"
        },
        {
            "label_type": "解剖部位",
            "start_pos": 73,
            "end_pos": 74,
            "text": "腹"
        },
        {
            "label_type": "疾病和诊断",
            "start_pos": 86,
            "end_pos": 94,
            "text": "丙肝肝硬化失代偿"
        },
        {
            "label_type": "疾病和诊断",
            "start_pos": 95,
            "end_pos": 105,
            "text": "胃底静脉曲张破裂出血"
        },
        {
            "label_type": "解剖部位",
            "start_pos": 117,
            "end_pos": 118,
            "text": "胃"
        },
        {
            "label_type": "解剖部位",
            "start_pos": 167,
            "end_pos": 169,
            "text": "胃体"
        },
        {
            "label_type": "疾病和诊断",
            "start_pos": 172,
            "end_pos": 182,
            "text": "胃底静脉曲张（轻度）"
        },
        {
            "label_type": "解剖部位",
            "start_pos": 183,
            "end_pos": 185,
            "text": "胃体"
        },
        {
            "label_type": "疾病和诊断",
            "start_pos": 188,
            "end_pos": 198,
            "text": "黏膜内癌，中-低分化"
        },
        {
            "label_type": "影像检查",
            "start_pos": 200,
            "end_pos": 205,
            "text": "腹部CIA"
        },
        {
            "label_type": "疾病和诊断",
            "start_pos": 206,
            "end_pos": 209,
            "text": "肝硬化"
        },
        {
            "label_type": "解剖部位",
            "start_pos": 210,
            "end_pos": 211,
            "text": "脾"
        },
        {
            "label_type": "疾病和诊断",
            "start_pos": 213,
            "end_pos": 217,
            "text": "门脉高压"
        },
        {
            "label_type": "疾病和诊断",
            "start_pos": 218,
            "end_pos": 229,
            "text": "食管上段、胃底静脉曲张"
        },
        {
            "label_type": "疾病和诊断",
            "start_pos": 230,
            "end_pos": 235,
            "text": "右肾小囊肿"
        },
        {
            "label_type": "疾病和诊断",
            "start_pos": 236,
            "end_pos": 241,
            "text": "胆囊小结石"
        },
        {
            "label_type": "实验室检验",
            "start_pos": 245,
            "end_pos": 247,
            "text": "HB"
        },
        {
            "label_type": "实验室检验",
            "start_pos": 314,
            "end_pos": 316,
            "text": "HB"
        },
        {
            "label_type": "解剖部位",
            "start_pos": 365,
            "end_pos": 367,
            "text": "腹部"
        },
        {
            "label_type": "疾病和诊断",
            "start_pos": 398,
            "end_pos": 404,
            "text": "下消化道出血"
        }
    ]
}