{
    "originalText": "入院前3月，组织因结肠结镜发左半结肠肿瘤现左半结肿瘤就诊于我院我科，于2015-09-23我院剖腹探查、结肠癌根治术、肠粘连松解术在全麻术上行“术后剖探查、、结性癌根治、术液、、粘连治松解术后术”（，手术顺利，术）后（升结肠）粘液性腺癌予止血、预防性、抗感染、补癌液、对肠症等治疗。术后病结检（癌15（080）2（肠8）结：）（癌升结（）粘）液（腹性结腺）癌，癌侵及全术后层，远、近切缘未见癌累及，周脂肪组织中淋巴结未见癌转移（0/8），（系膜结节）见癌患者（2枚）、，（膜结节）、未见癌组织心、。术后恢腹复、腹可，病胸情、胸好、心转出院。于2015-10-20及2左半结肠癌术后015-11-10在我科行化疗，目治前患",
    "entities": [
        {
            "label_type": "疾病和诊断",
            "overlap": 0,
            "start_pos": 14,
            "end_pos": 20,
            "text": "左半结肠肿瘤"
        },
        {
            "label_type": "手术",
            "overlap": 0,
            "start_pos": 47,
            "end_pos": 65,
            "text": "剖腹探查、结肠癌根治术、肠粘连松解术"
        },
        {
            "label_type": "疾病和诊断",
            "overlap": 0,
            "start_pos": 108,
            "end_pos": 118,
            "text": "（升结肠）粘液性腺癌"
        },
        {
            "label_type": "解剖部位",
            "overlap": 0,
            "start_pos": 135,
            "end_pos": 136,
            "text": "肠"
        },
        {
            "label_type": "解剖部位",
            "overlap": 0,
            "start_pos": 157,
            "end_pos": 158,
            "text": "肠"
        },
        {
            "label_type": "解剖部位",
            "overlap": 0,
            "start_pos": 173,
            "end_pos": 174,
            "text": "腹"
        },
        {
            "end_pos": 253,
            "label_type": "解剖部位",
            "overlap": 0,
            "start_pos": 252,
            "text": "腹"
        },
        {
            "end_pos": 256,
            "label_type": "解剖部位",
            "overlap": 0,
            "start_pos": 255,
            "text": "腹"
        },
        {
            "end_pos": 260,
            "label_type": "解剖部位",
            "overlap": 0,
            "start_pos": 259,
            "text": "胸"
        },
        {
            "end_pos": 263,
            "label_type": "解剖部位",
            "overlap": 0,
            "start_pos": 262,
            "text": "胸"
        },
        {
            "end_pos": 266,
            "label_type": "解剖部位",
            "overlap": 0,
            "start_pos": 265,
            "text": "心"
        },
        {
            "label_type": "疾病和诊断",
            "overlap": 0,
            "start_pos": 283,
            "end_pos": 290,
            "text": "左半结肠癌术后"
        }
    ]
}