{
    "originalText": "患者7月前于见癌行剖腹探查+胃癌根治（D2，R1）+放射性粒子植入术，，术手术，术顺利，术后，术安返病房，、术后、给予补液、消肿、营，术养支持等对症处，术理，术后查结患者（胃窦）低分化腺癌恢胃第八组淋巴结）复顺癌利，（1术1）后（胃窦）溃疡型低分化腺癌，病理胃检查结，果：。癌第八，组管淋巴癌结，）可见癌癌转移，（1/食管1）。，浸及壁全型层，，胃小弯、大弯淋巴结神癌经我（院侵犯，脉、管中见），癌栓，上切癌端见，癌累及，下切端复鳞下皮1轻度不典型增生，见癌转移（，各食为7/，8、7、/8，）腹，，网膜中未见癌转移，，患者出院后无特治处，不入适。1周前无明显诱因出现全身乏力，且食欲减，退，无畏，胃寒、发，大热，无，小痛，无，恶心呕吐等症状，为",
    "entities": [
        {
            "label_type": "手术",
            "overlap": 0,
            "start_pos": 9,
            "end_pos": 34,
            "text": "剖腹探查+胃癌根治（D2，R1）+放射性粒子植入术"
        },
        {
            "label_type": "疾病和诊断",
            "overlap": 0,
            "start_pos": 85,
            "end_pos": 94,
            "text": "（胃窦）低分化腺癌"
        },
        {
            "end_pos": 102,
            "label_type": "解剖部位",
            "overlap": 0,
            "start_pos": 95,
            "text": "胃第八组淋巴结"
        },
        {
            "label_type": "疾病和诊断",
            "overlap": 0,
            "start_pos": 114,
            "end_pos": 126,
            "text": "（胃窦）溃疡型低分化腺癌"
        },
        {
            "label_type": "解剖部位",
            "overlap": 0,
            "start_pos": 129,
            "end_pos": 130,
            "text": "胃"
        },
        {
            "end_pos": 161,
            "label_type": "解剖部位",
            "overlap": 0,
            "start_pos": 159,
            "text": "食管"
        },
        {
            "label_type": "解剖部位",
            "overlap": 0,
            "start_pos": 173,
            "end_pos": 182,
            "text": "胃小弯、大弯淋巴结"
        },
        {
            "end_pos": 248,
            "label_type": "解剖部位",
            "overlap": 0,
            "start_pos": 247,
            "text": "腹"
        }
    ]
}