{
    "originalText": "入院前3月患者无明显诱因出现剑突上胀痛，呈阵发性发作，无肩背部放射痛，与进食及体位无明显关系，无明显缓解方式。伴烧心、嗳气，伴纳差。无胸闷、胸痛、心累、气促。在外未予处理。入院前1月出现活动后心累、气促，以爬坡及下楼后明显，休息后可稍缓解。无夜间阵发性呼吸困难，无咯粉红色泡沫痰，无咳嗽、咳痰畏寒、发热。入院前3天出现两上肢浮肿，伴剑突上胀痛、心累、气促，伴咳嗽、咳痰，痰液较少，咯痰费力。无畏寒、发热、咯血、胸痛。于2015-07-11在我院门诊行“腹部彩超提示餐后胆囊，两侧胸腔积液，左侧较深间距11.5cm，心电图示：频发室性早搏，顺钟向转位，ST-T改变，窦性心动过速。胸片：1.两上肺感染。2.心后多发结节影，建议CT检查，了解是否转移性病变。3.左侧胸腔中等量积液，有包裹趋势。腹部立卧位未见明显异常。4.主动脉硬化。”，当时由于私人原因未予处理。今日来我院要求住院治疗，为进一步诊治，门诊以“腹痛待查，心衰”收入我科。病程中精神、饮食较差，大小便正常，体重无明显改变。",
    "entities": [
        {
            "label_type": "解剖部位",
            "start_pos": 14,
            "end_pos": 16,
            "text": "剑突"
        },
        {
            "label_type": "解剖部位",
            "start_pos": 28,
            "end_pos": 31,
            "text": "肩背部"
        },
        {
            "label_type": "解剖部位",
            "start_pos": 67,
            "end_pos": 68,
            "text": "胸"
        },
        {
            "label_type": "解剖部位",
            "start_pos": 70,
            "end_pos": 71,
            "text": "胸"
        },
        {
            "label_type": "解剖部位",
            "start_pos": 73,
            "end_pos": 74,
            "text": "心"
        },
        {
            "label_type": "解剖部位",
            "start_pos": 96,
            "end_pos": 97,
            "text": "心"
        },
        {
            "label_type": "解剖部位",
            "start_pos": 159,
            "end_pos": 162,
            "text": "两上肢"
        },
        {
            "label_type": "解剖部位",
            "start_pos": 166,
            "end_pos": 169,
            "text": "剑突上"
        },
        {
            "label_type": "解剖部位",
            "start_pos": 172,
            "end_pos": 173,
            "text": "心"
        },
        {
            "label_type": "影像检查",
            "start_pos": 226,
            "end_pos": 230,
            "text": "腹部彩超"
        },
        {
            "label_type": "解剖部位",
            "start_pos": 234,
            "end_pos": 236,
            "text": "胆囊"
        },
        {
            "label_type": "疾病和诊断",
            "start_pos": 237,
            "end_pos": 243,
            "text": "两侧胸腔积液"
        },
        {
            "label_type": "影像检查",
            "start_pos": 257,
            "end_pos": 260,
            "text": "心电图"
        },
        {
            "label_type": "疾病和诊断",
            "start_pos": 264,
            "end_pos": 268,
            "text": "室性早搏"
        },
        {
            "label_type": "疾病和诊断",
            "start_pos": 282,
            "end_pos": 288,
            "text": "窦性心动过速"
        },
        {
            "label_type": "影像检查",
            "start_pos": 289,
            "end_pos": 291,
            "text": "胸片"
        },
        {
            "label_type": "疾病和诊断",
            "start_pos": 294,
            "end_pos": 299,
            "text": "两上肺感染"
        },
        {
            "label_type": "解剖部位",
            "start_pos": 302,
            "end_pos": 303,
            "text": "心"
        },
        {
            "label_type": "影像检查",
            "start_pos": 312,
            "end_pos": 314,
            "text": "CT"
        },
        {
            "label_type": "疾病和诊断",
            "start_pos": 329,
            "end_pos": 338,
            "text": "左侧胸腔中等量积液"
        },
        {
            "label_type": "影像检查",
            "start_pos": 345,
            "end_pos": 350,
            "text": "腹部立卧位"
        },
        {
            "label_type": "疾病和诊断",
            "start_pos": 359,
            "end_pos": 364,
            "text": "主动脉硬化"
        },
        {
            "label_type": "疾病和诊断",
            "start_pos": 403,
            "end_pos": 407,
            "text": "腹痛待查"
        },
        {
            "label_type": "疾病和诊断",
            "start_pos": 408,
            "end_pos": 410,
            "text": "心衰"
        }
    ]
}