{
    "originalText": "患者6月余前（（2015-7-1）6结肠癌）因于我左半结肠切除术+淋巴结清扫术院术后行，术后常规（CM示：（252）（左半结肠）中低分化腺癌32.15切），溃疡型，切C面积6*4膜.5病切理，阑尾侵达外膜，下切上切缘、及癌另肠周淋巴结送吻合器切中缘均未查见癌（。14枚），其中肠系膜根部淋巴结7枚查见转移（7癌（/14））术后；另送1枚，未查见转移癌（0/后1）。后术后给予术后肠梗阻消炎营养支持治疗，病情好转后后出院后。后患者因“”奥沙利铂+CF+替加氟再次化入院周，行保守治疗好转后出院。后周患化者再次返院行++方案化疗5结肠癌术后化周期，耐受好。现患者为行上一周期化疗治疗再次来我院，门诊以“术后化疗”收入院",
    "entities": [
        {
            "label_type": "疾病和诊断",
            "overlap": 0,
            "start_pos": 18,
            "end_pos": 21,
            "text": "结肠癌"
        },
        {
            "label_type": "手术",
            "overlap": 0,
            "start_pos": 25,
            "end_pos": 39,
            "text": "左半结肠切除术+淋巴结清扫术"
        },
        {
            "label_type": "疾病和诊断",
            "overlap": 0,
            "start_pos": 58,
            "end_pos": 70,
            "text": "（左半结肠）中低分化腺癌"
        },
        {
            "end_pos": 98,
            "label_type": "解剖部位",
            "overlap": 0,
            "start_pos": 96,
            "text": "阑尾"
        },
        {
            "end_pos": 117,
            "label_type": "解剖部位",
            "overlap": 0,
            "start_pos": 112,
            "text": "肠周淋巴结"
        },
        {
            "end_pos": 146,
            "label_type": "解剖部位",
            "overlap": 0,
            "start_pos": 138,
            "text": "肠系膜根部淋巴结"
        },
        {
            "label_type": "疾病和诊断",
            "overlap": 0,
            "start_pos": 187,
            "end_pos": 192,
            "text": "术后肠梗阻"
        },
        {
            "end_pos": 221,
            "label_type": "药物",
            "overlap": 0,
            "start_pos": 217,
            "text": "奥沙利铂"
        },
        {
            "end_pos": 224,
            "label_type": "药物",
            "overlap": 0,
            "start_pos": 222,
            "text": "CF"
        },
        {
            "end_pos": 228,
            "label_type": "药物",
            "overlap": 0,
            "start_pos": 225,
            "text": "替加氟"
        },
        {
            "label_type": "疾病和诊断",
            "overlap": 0,
            "start_pos": 263,
            "end_pos": 268,
            "text": "结肠癌术后"
        }
    ]
}