{
    "originalText": "患者入院前2+年无明显诱因突发活动后心累、气促，并胸闷，伴咳嗽，咳痰，咯少许白色泡沫痰，无咯血，无胸痛，无胸骨后压榨感，无上肢浮肿等不适，患者于*******医院就诊，完善辅助检查考虑“肺栓塞、肺心病”，是否溶栓治疗患者不清楚，此后规律服用华法林，并于*******医院门诊监测凝血象，复查CTPA等，2015-04-15患者复查肺部CTA提示：右肺上叶、左肺中叶级上叶肺叶及肺段肺动脉及其分支表现考虑血栓形成，两肺轻度肺气肿，两肺上叶间质改变，其内少许斑片状磨玻璃影，考虑肺动脉栓塞继发性改变，心脏增大，心包少量积液。近期服用华法林 3.75mg qd。2015-12-22查凝血象 INR 2.14。近1周患者受凉后感咳嗽，咯少许白色泡沫痰，并活动后心累、气促，休息后可好转，无胸痛，无胸骨后压榨感，无上肢浮肿，无夜间阵发性呼吸困难，无咯血，无头晕，无晕厥等不适，今日来院就诊为进一步治疗收入我科住院。病程中患者精神、饮食一般，大小便正常，体力减弱，体重无明显上降。",
    "entities": [
        {
            "label_type": "解剖部位",
            "start_pos": 18,
            "end_pos": 19,
            "text": "心"
        },
        {
            "label_type": "解剖部位",
            "start_pos": 25,
            "end_pos": 26,
            "text": "胸"
        },
        {
            "label_type": "解剖部位",
            "start_pos": 49,
            "end_pos": 50,
            "text": "胸"
        },
        {
            "label_type": "解剖部位",
            "start_pos": 53,
            "end_pos": 55,
            "text": "胸骨"
        },
        {
            "label_type": "解剖部位",
            "start_pos": 61,
            "end_pos": 63,
            "text": "上肢"
        },
        {
            "label_type": "疾病和诊断",
            "start_pos": 93,
            "end_pos": 96,
            "text": "肺栓塞"
        },
        {
            "label_type": "疾病和诊断",
            "start_pos": 97,
            "end_pos": 100,
            "text": "肺心病"
        },
        {
            "label_type": "药物",
            "start_pos": 120,
            "end_pos": 123,
            "text": "华法林"
        },
        {
            "label_type": "影像检查",
            "start_pos": 145,
            "end_pos": 149,
            "text": "CTPA"
        },
        {
            "label_type": "影像检查",
            "start_pos": 165,
            "end_pos": 170,
            "text": "肺部CTA"
        },
        {
            "label_type": "解剖部位",
            "start_pos": 173,
            "end_pos": 177,
            "text": "右肺上叶"
        },
        {
            "label_type": "解剖部位",
            "start_pos": 178,
            "end_pos": 182,
            "text": "左肺中叶"
        },
        {
            "label_type": "解剖部位",
            "start_pos": 183,
            "end_pos": 187,
            "text": "上叶肺叶"
        },
        {
            "label_type": "解剖部位",
            "start_pos": 188,
            "end_pos": 193,
            "text": "肺段肺动脉"
        },
        {
            "label_type": "疾病和诊断",
            "start_pos": 206,
            "end_pos": 213,
            "text": "两肺轻度肺气肿"
        },
        {
            "label_type": "解剖部位",
            "start_pos": 214,
            "end_pos": 218,
            "text": "两肺上叶"
        },
        {
            "label_type": "疾病和诊断",
            "start_pos": 237,
            "end_pos": 247,
            "text": "肺动脉栓塞继发性改变"
        },
        {
            "label_type": "解剖部位",
            "start_pos": 248,
            "end_pos": 250,
            "text": "心脏"
        },
        {
            "label_type": "疾病和诊断",
            "start_pos": 253,
            "end_pos": 259,
            "text": "心包少量积液"
        },
        {
            "label_type": "药物",
            "start_pos": 264,
            "end_pos": 267,
            "text": "华法林"
        },
        {
            "label_type": "实验室检验",
            "start_pos": 293,
            "end_pos": 296,
            "text": "INR"
        },
        {
            "label_type": "解剖部位",
            "start_pos": 327,
            "end_pos": 328,
            "text": "心"
        },
        {
            "label_type": "解剖部位",
            "start_pos": 345,
            "end_pos": 347,
            "text": "胸骨"
        },
        {
            "label_type": "解剖部位",
            "start_pos": 353,
            "end_pos": 355,
            "text": "上肢"
        }
    ]
}