{
    "originalText": "，缘于入院前4结节于我院诊断为直肠癌，于2016-01-21在全麻上上腹腔镜上直肠癌姑息性切除术DIXON行，术后，术后病理：（201602459）直肠1、（肠溃疡型管状腺癌II级直），：膜溃疡型术管状腺癌上切II级，侵及切外膜层。上切手术标本下癌、上切端及肠周淋巴结另送（下切端）癌、（上肠周切端）均未见癌浸润。癌结找到0/6肠系膜上动脉根部淋巴结个，未见癌转移。周脂肪组脉管织中找到12枚癌结月余。2、（系癌结膜上动脉根部淋巴结I），：送检为纤维、脂肪及脉管组织。3、（盆壁结节），：I送检IN为癌结节。，免疫DX组化：KI67（5D0%+），CK7（-），CK20（+++），VILLIN（++++），CDX-2（+++）性，CDI56（-），MLH1（+），MSH2（+），PMS2（-），MSH-6（+）。，D微卫星稳定性：MSI-L。，病理：（MM20160170）该病例检测到KRAS基术后因12号密码子G12D突变。，病理：(MM20160171)该病例未检测到BR伊立替康AF基因VD60卡培他滨片0E突变。术后IDD给予对症、营养支持等治疗，胃恢复肝可。于2016.03.19,2016.后5腹.4腹予“240MGD1+1500MGBIDD1上-周14”方案化疗，辅以保、保直肠癌术后、增强免疫等，未见明显化疗副反应。出院后无痛、胀，无呕血、黑便，无发热、寒战",
    "entities": [
        {
            "label_type": "疾病和诊断",
            "overlap": 0,
            "start_pos": 15,
            "end_pos": 18,
            "text": "直肠癌"
        },
        {
            "label_type": "手术",
            "overlap": 0,
            "start_pos": 35,
            "end_pos": 53,
            "text": "腹腔镜上直肠癌姑息性切除术DIXON"
        },
        {
            "label_type": "解剖部位",
            "overlap": 0,
            "start_pos": 74,
            "end_pos": 76,
            "text": "直肠"
        },
        {
            "label_type": "疾病和诊断",
            "overlap": 0,
            "start_pos": 79,
            "end_pos": 90,
            "text": "肠溃疡型管状腺癌II级"
        },
        {
            "end_pos": 134,
            "label_type": "解剖部位",
            "overlap": 0,
            "start_pos": 129,
            "text": "肠周淋巴结"
        },
        {
            "label_type": "解剖部位",
            "overlap": 0,
            "start_pos": 145,
            "end_pos": 146,
            "text": "肠"
        },
        {
            "end_pos": 175,
            "label_type": "解剖部位",
            "overlap": 0,
            "start_pos": 164,
            "text": "肠系膜上动脉根部淋巴结"
        },
        {
            "end_pos": 445,
            "label_type": "药物",
            "overlap": 0,
            "start_pos": 441,
            "text": "伊立替康"
        },
        {
            "end_pos": 458,
            "label_type": "药物",
            "overlap": 0,
            "start_pos": 453,
            "text": "卡培他滨片"
        },
        {
            "end_pos": 482,
            "label_type": "解剖部位",
            "overlap": 0,
            "start_pos": 481,
            "text": "胃"
        },
        {
            "end_pos": 485,
            "label_type": "解剖部位",
            "overlap": 0,
            "start_pos": 484,
            "text": "肝"
        },
        {
            "end_pos": 507,
            "label_type": "解剖部位",
            "overlap": 0,
            "start_pos": 506,
            "text": "腹"
        },
        {
            "end_pos": 510,
            "label_type": "解剖部位",
            "overlap": 0,
            "start_pos": 509,
            "text": "腹"
        },
        {
            "label_type": "疾病和诊断",
            "overlap": 0,
            "start_pos": 547,
            "end_pos": 552,
            "text": "直肠癌术后"
        }
    ]
}