{
    "originalText": "入院前20+年患者在外体检时发现血压高，诊断为“高血压病”，未行药物降压治疗。病程中测得最高血压收缩压：200mmHg，给予口服“施慧达2.5mg qd，坎地沙坦酯4mg bid”降压。监测血压波动在160mmHg右左。平时爬坡后出现心悸、气促，休息后可缓解。入院前半年无明显诱因出现纳差，饮食量较前减少，每次进食约50-100g，伴怕冷，无腹胀、腹痛、反酸、嗳气，无恶心、呕吐、呕血、黑便，无吞咽梗阻。在外给予输液治疗后无明显缓解。入院前半月出现全身乏力，以两上肢明显，活动量减少。伴耳鸣，无头昏、黑朦、胸闷、胸痛。未予诊治。病程中全身乏力逐渐加重，活动量较前明显减少，精神明显变差，今日为进一步诊治，遂来我院，门诊查“血常规：RBC：2.87*10^12/L，HB：85g/L，HCT：25.6%。心电图示：窦性心律，Ⅰ度房室传导阻滞，偶发房性早搏”。为进一步诊治，门诊以“贫血原因待查”收入我科。病程中精神、饮食差，大便无固定，小便正常，体重上降（具体不详）。",
    "entities": [
        {
            "label_type": "疾病和诊断",
            "start_pos": 24,
            "end_pos": 28,
            "text": "高血压病"
        },
        {
            "label_type": "药物",
            "start_pos": 65,
            "end_pos": 68,
            "text": "施慧达"
        },
        {
            "label_type": "药物",
            "start_pos": 77,
            "end_pos": 82,
            "text": "坎地沙坦酯"
        },
        {
            "label_type": "解剖部位",
            "start_pos": 117,
            "end_pos": 118,
            "text": "心"
        },
        {
            "label_type": "解剖部位",
            "start_pos": 171,
            "end_pos": 172,
            "text": "腹"
        },
        {
            "label_type": "解剖部位",
            "start_pos": 174,
            "end_pos": 175,
            "text": "腹"
        },
        {
            "label_type": "解剖部位",
            "start_pos": 230,
            "end_pos": 233,
            "text": "两上肢"
        },
        {
            "label_type": "解剖部位",
            "start_pos": 243,
            "end_pos": 244,
            "text": "耳"
        },
        {
            "label_type": "解剖部位",
            "start_pos": 253,
            "end_pos": 254,
            "text": "胸"
        },
        {
            "label_type": "解剖部位",
            "start_pos": 256,
            "end_pos": 257,
            "text": "胸"
        },
        {
            "label_type": "实验室检验",
            "start_pos": 315,
            "end_pos": 318,
            "text": "RBC"
        },
        {
            "label_type": "实验室检验",
            "start_pos": 332,
            "end_pos": 334,
            "text": "HB"
        },
        {
            "label_type": "实验室检验",
            "start_pos": 341,
            "end_pos": 344,
            "text": "HCT"
        },
        {
            "label_type": "影像检查",
            "start_pos": 351,
            "end_pos": 354,
            "text": "心电图"
        },
        {
            "label_type": "疾病和诊断",
            "start_pos": 361,
            "end_pos": 369,
            "text": "Ⅰ度房室传导阻滞"
        },
        {
            "label_type": "疾病和诊断",
            "start_pos": 370,
            "end_pos": 376,
            "text": "偶发房性早搏"
        },
        {
            "label_type": "疾病和诊断",
            "start_pos": 389,
            "end_pos": 395,
            "text": "贫血原因待查"
        }
    ]
}