{
    "originalText": "缘于入院前4月余于我院诊为为胃癌“直肠癌癌，、”，于2016.6.全1上1在全腹腔镜上根治性远端胃大部切除术+直肠癌根治术全麻术后上行“全腔远端胃)胃角溃疡型低黏附性癌(低分化腺癌，部分为印戒细胞癌)，镜上根膜治，性远端大及部切除术，+术根治下术上切端及”。(胃下切端)术后病癌理示“（远胃小弯淋巴结端)，侵出，大弯及网膜淋巴结浆膜层，，幽门下淋巴结侵犯神经，幽门上淋巴结及脉管组，织癌，手术小弯标本下、上切端及胰腺另送(，术后下切端)均未见癌浸润治；，找到淋巴结0口/18个，0/术后分9个，1/1个，0/8个，见癌转移。侧脂肪组织见少量组织”，术后乐沙定给予对症、营养支持等治疗，恢+卡培他滨复分别,伤口愈合II/甲。术后良好于20化16.7.13、2016.8回肠造口还纳术，术后.3、，20为16.化8.23予，门“2胃癌0直肠癌术后0MGI下VGTTQDD1+片1500，M腹GP腹OBID，大小D1-，14”方案化疗。化于",
    "entities": [
        {
            "label_type": "疾病和诊断",
            "overlap": 0,
            "start_pos": 14,
            "end_pos": 16,
            "text": "胃癌"
        },
        {
            "label_type": "疾病和诊断",
            "overlap": 0,
            "start_pos": 17,
            "end_pos": 20,
            "text": "直肠癌"
        },
        {
            "label_type": "手术",
            "overlap": 0,
            "start_pos": 38,
            "end_pos": 61,
            "text": "全腹腔镜上根治性远端胃大部切除术+直肠癌根治术"
        },
        {
            "end_pos": 73,
            "label_type": "解剖部位",
            "overlap": 0,
            "start_pos": 72,
            "text": "胃"
        },
        {
            "label_type": "疾病和诊断",
            "overlap": 0,
            "start_pos": 74,
            "end_pos": 100,
            "text": "胃角溃疡型低黏附性癌(低分化腺癌，部分为印戒细胞癌)"
        },
        {
            "end_pos": 131,
            "label_type": "解剖部位",
            "overlap": 0,
            "start_pos": 130,
            "text": "胃"
        },
        {
            "end_pos": 150,
            "label_type": "解剖部位",
            "overlap": 0,
            "start_pos": 144,
            "text": "胃小弯淋巴结"
        },
        {
            "label_type": "解剖部位",
            "overlap": 0,
            "start_pos": 156,
            "end_pos": 164,
            "text": "大弯及网膜淋巴结"
        },
        {
            "end_pos": 175,
            "label_type": "解剖部位",
            "overlap": 0,
            "start_pos": 169,
            "text": "幽门下淋巴结"
        },
        {
            "end_pos": 186,
            "label_type": "解剖部位",
            "overlap": 0,
            "start_pos": 180,
            "text": "幽门上淋巴结"
        },
        {
            "label_type": "解剖部位",
            "overlap": 0,
            "start_pos": 196,
            "end_pos": 198,
            "text": "小弯"
        },
        {
            "end_pos": 208,
            "label_type": "解剖部位",
            "overlap": 0,
            "start_pos": 206,
            "text": "胰腺"
        },
        {
            "end_pos": 279,
            "label_type": "药物",
            "overlap": 0,
            "start_pos": 276,
            "text": "乐沙定"
        },
        {
            "end_pos": 298,
            "label_type": "药物",
            "overlap": 0,
            "start_pos": 294,
            "text": "卡培他滨"
        },
        {
            "end_pos": 340,
            "label_type": "手术",
            "overlap": 0,
            "start_pos": 333,
            "text": "回肠造口还纳术"
        },
        {
            "label_type": "疾病和诊断",
            "overlap": 0,
            "start_pos": 363,
            "end_pos": 365,
            "text": "胃癌"
        },
        {
            "label_type": "疾病和诊断",
            "overlap": 0,
            "start_pos": 366,
            "end_pos": 371,
            "text": "直肠癌术后"
        },
        {
            "end_pos": 393,
            "label_type": "解剖部位",
            "overlap": 0,
            "start_pos": 392,
            "text": "腹"
        },
        {
            "end_pos": 396,
            "label_type": "解剖部位",
            "overlap": 0,
            "start_pos": 395,
            "text": "腹"
        }
    ]
}