{
    "originalText": "入院前16+年在院外体检发现血糖升高，但患者未引起重视未就医诊治。10+年前患者无明显诱因出现口干多饮多尿，具体量回忆不起，后于当地医院诊治，检查后诊断“2型糖尿病”，开始服用“格列吡嗪”(具体剂量不详)，偶自测空腹血糖低于7.0mmol/L。7+年患者因血糖控制欠佳院外换用甘精8-10u降糖。5+年患者加服二甲两胍 每晚1颗，最近服用甘精12u 每早一次，院外自测空腹在8-10mmol/L，餐后2h血糖在15mmol/L右左，病程中有视物模糊、左下肢麻木感。入院前2+月患者无明显诱因感左下腹隐痛，与进食关系不大，与呼吸无关，常伴恶心、反酸，自行缓解，间断伴两上肢凹陷性水肿，上午或活动后显著，休息后消退，爬坡后稍感心累，无头昏头痛，无意识障碍大小便失禁，无胸闷胸痛，无呼吸困难气促，无腹胀黑便，无尿急尿痛等不适，今为进一步治疗，门诊以\\\"糖尿病、左下腹痛隐痛待查\\\"收入我科住院治疗。病程中患者精神、饮食一般，大便正常，小便色黄，尿频，体重无明显上降。",
    "entities": [
        {
            "label_type": "实验室检验",
            "start_pos": 14,
            "end_pos": 16,
            "text": "血糖"
        },
        {
            "label_type": "疾病和诊断",
            "start_pos": 77,
            "end_pos": 82,
            "text": "2型糖尿病"
        },
        {
            "label_type": "药物",
            "start_pos": 89,
            "end_pos": 93,
            "text": "格列吡嗪"
        },
        {
            "label_type": "实验室检验",
            "start_pos": 106,
            "end_pos": 110,
            "text": "空腹血糖"
        },
        {
            "label_type": "药物",
            "start_pos": 138,
            "end_pos": 140,
            "text": "甘精"
        },
        {
            "label_type": "药物",
            "start_pos": 155,
            "end_pos": 159,
            "text": "二甲两胍"
        },
        {
            "label_type": "药物",
            "start_pos": 169,
            "end_pos": 171,
            "text": "甘精"
        },
        {
            "label_type": "实验室检验",
            "start_pos": 198,
            "end_pos": 204,
            "text": "餐后2h血糖"
        },
        {
            "label_type": "解剖部位",
            "start_pos": 225,
            "end_pos": 228,
            "text": "左下肢"
        },
        {
            "label_type": "解剖部位",
            "start_pos": 246,
            "end_pos": 249,
            "text": "左下腹"
        },
        {
            "label_type": "解剖部位",
            "start_pos": 282,
            "end_pos": 285,
            "text": "两上肢"
        },
        {
            "label_type": "解剖部位",
            "start_pos": 311,
            "end_pos": 312,
            "text": "心"
        },
        {
            "label_type": "解剖部位",
            "start_pos": 315,
            "end_pos": 316,
            "text": "头"
        },
        {
            "label_type": "解剖部位",
            "start_pos": 317,
            "end_pos": 318,
            "text": "头"
        },
        {
            "label_type": "解剖部位",
            "start_pos": 332,
            "end_pos": 333,
            "text": "胸"
        },
        {
            "label_type": "解剖部位",
            "start_pos": 334,
            "end_pos": 335,
            "text": "胸"
        },
        {
            "label_type": "解剖部位",
            "start_pos": 346,
            "end_pos": 347,
            "text": "腹"
        },
        {
            "label_type": "疾病和诊断",
            "start_pos": 373,
            "end_pos": 376,
            "text": "糖尿病"
        },
        {
            "label_type": "疾病和诊断",
            "start_pos": 377,
            "end_pos": 385,
            "text": "左下腹痛隐痛待查"
        }
    ]
}