{
    "originalText": "，，缘于入院2前2月余胃癌因“2癌1”于11227全0上15腹腔镜辅助上根治性全胃切除术（.2）1，术后1.27（2全1麻上行27“），腹（全胃），腔胃体小弯侧浸润型管状腺癌II-III级，部分为粘液腺癌和低粘附性癌，镜辅助上根，治管性全癌切除术术（D下2上切）”，术（下切后）标本癌浸润回报（贲门左淋巴结20211，小弯淋巴结115143，大弯淋巴结1277，幽门下淋巴结0）2，，幽门上淋巴结1：8（，全）（第7组）淋巴结，：，侵，（第8组）淋巴结1及浆膜，（第9组）淋巴结7层7，，（第11组）淋巴结脉管内见，（第12A组）淋巴结癌栓1。，（第12P组）淋巴结手术1病，理癌下、上，切端组及另送I（7（下切端）未见癌浸性），润。7（找），到02/（-），2I1个I，（11/），1318（个，1），/7个-2（-），，0A（/2个），，-1A/8个，I另（送3/），4个，8（1/3），个，17/（-），7个，3（/5个），，2-0/（1），个，01（/1个），，见癌转（-），移。，（-），免疫A（-）组化2：1KI12627（2610%肿1瘤1细胞阳性伊立替康2），CKI7（+），1C替吉奥K20（P-）I，V1-1ILLIN（+为++）术后，CK18（，门++胃癌术后+），HE，下R-2（-，），CEA（+++，大），小，E-，体CADHERI",
    "entities": [
        {
            "label_type": "疾病和诊断",
            "overlap": 0,
            "start_pos": 11,
            "end_pos": 13,
            "text": "胃癌"
        },
        {
            "end_pos": 44,
            "label_type": "手术",
            "overlap": 0,
            "start_pos": 30,
            "text": "腹腔镜辅助上根治性全胃切除术"
        },
        {
            "end_pos": 72,
            "label_type": "解剖部位",
            "overlap": 0,
            "start_pos": 71,
            "text": "胃"
        },
        {
            "label_type": "疾病和诊断",
            "overlap": 0,
            "start_pos": 75,
            "end_pos": 108,
            "text": "胃体小弯侧浸润型管状腺癌II-III级，部分为粘液腺癌和低粘附性癌"
        },
        {
            "end_pos": 153,
            "label_type": "解剖部位",
            "overlap": 0,
            "start_pos": 147,
            "text": "贲门左淋巴结"
        },
        {
            "end_pos": 164,
            "label_type": "解剖部位",
            "overlap": 0,
            "start_pos": 159,
            "text": "小弯淋巴结"
        },
        {
            "end_pos": 176,
            "label_type": "解剖部位",
            "overlap": 0,
            "start_pos": 171,
            "text": "大弯淋巴结"
        },
        {
            "end_pos": 187,
            "label_type": "解剖部位",
            "overlap": 0,
            "start_pos": 181,
            "text": "幽门下淋巴结"
        },
        {
            "end_pos": 198,
            "label_type": "解剖部位",
            "overlap": 0,
            "start_pos": 192,
            "text": "幽门上淋巴结"
        },
        {
            "label_type": "解剖部位",
            "overlap": 0,
            "start_pos": 205,
            "end_pos": 213,
            "text": "（第7组）淋巴结"
        },
        {
            "label_type": "解剖部位",
            "overlap": 0,
            "start_pos": 218,
            "end_pos": 226,
            "text": "（第8组）淋巴结"
        },
        {
            "label_type": "解剖部位",
            "overlap": 0,
            "start_pos": 231,
            "end_pos": 239,
            "text": "（第9组）淋巴结"
        },
        {
            "label_type": "解剖部位",
            "overlap": 0,
            "start_pos": 244,
            "end_pos": 253,
            "text": "（第11组）淋巴结"
        },
        {
            "label_type": "解剖部位",
            "overlap": 0,
            "start_pos": 258,
            "end_pos": 268,
            "text": "（第12A组）淋巴结"
        },
        {
            "label_type": "解剖部位",
            "overlap": 0,
            "start_pos": 273,
            "end_pos": 283,
            "text": "（第12P组）淋巴结"
        },
        {
            "end_pos": 485,
            "label_type": "药物",
            "overlap": 0,
            "start_pos": 481,
            "text": "伊立替康"
        },
        {
            "end_pos": 501,
            "label_type": "药物",
            "overlap": 0,
            "start_pos": 498,
            "text": "替吉奥"
        },
        {
            "label_type": "疾病和诊断",
            "overlap": 0,
            "start_pos": 537,
            "end_pos": 541,
            "text": "胃癌术后"
        }
    ]
}