{
    "originalText": "无明显诱因反复全身疼痛4+年，以颈、腰、两膝为主，感两上肢冷痛、麻木，时轻时重，受凉后加重，两上肢乏力，阵发性头昏痛，有下肢麻木，视物模糊，长期睡眠差，无心慌、胸闷、咳嗽、发热、盗汗等，无间歇性跛行及大小便障碍，先后在*******医院及我科住院治疗诊断为“重度骨质疏松症，腰椎间盘突出症、两膝退行性骨关节炎、睡眠障碍、高脂血症、老年性痴呆、右侧锁骨上动脉盗血综合征、腔隙性脑梗死”，经治疗后症状缓解（具体不详）；无诱因以下复发加重2天，为进一步治疗，遂来我科就诊，门诊以“骨质疏松症”收治入院。2型糖尿病12+年，目前口服阿卡波糖片、格列美脲及甘精胰岛素降血糖，明确有糖尿病眼病、糖尿病肾病 糖尿病周围神经病，目前血糖控制可。既往高血压病史12+年，血压最高180/？mmHg，未规律服药降压药，自诉血压控制可，于*******医院诊断为“原发性高血压3级 极高危 高血压性心脏病 心功能Ⅱ级”。患者患病以来精神一般，食欲可，大小便正常，近期无明显体重减轻。",
    "entities": [
        {
            "label_type": "解剖部位",
            "start_pos": 16,
            "end_pos": 17,
            "text": "颈"
        },
        {
            "label_type": "解剖部位",
            "start_pos": 18,
            "end_pos": 19,
            "text": "腰"
        },
        {
            "label_type": "解剖部位",
            "start_pos": 20,
            "end_pos": 22,
            "text": "两膝"
        },
        {
            "label_type": "解剖部位",
            "start_pos": 26,
            "end_pos": 29,
            "text": "两上肢"
        },
        {
            "label_type": "解剖部位",
            "start_pos": 46,
            "end_pos": 49,
            "text": "两上肢"
        },
        {
            "label_type": "解剖部位",
            "start_pos": 55,
            "end_pos": 56,
            "text": "头"
        },
        {
            "label_type": "解剖部位",
            "start_pos": 60,
            "end_pos": 62,
            "text": "下肢"
        },
        {
            "label_type": "解剖部位",
            "start_pos": 77,
            "end_pos": 78,
            "text": "心"
        },
        {
            "label_type": "解剖部位",
            "start_pos": 80,
            "end_pos": 81,
            "text": "胸"
        },
        {
            "label_type": "疾病和诊断",
            "start_pos": 129,
            "end_pos": 136,
            "text": "重度骨质疏松症"
        },
        {
            "label_type": "疾病和诊断",
            "start_pos": 137,
            "end_pos": 144,
            "text": "腰椎间盘突出症"
        },
        {
            "label_type": "疾病和诊断",
            "start_pos": 145,
            "end_pos": 154,
            "text": "两膝退行性骨关节炎"
        },
        {
            "label_type": "疾病和诊断",
            "start_pos": 155,
            "end_pos": 159,
            "text": "睡眠障碍"
        },
        {
            "label_type": "疾病和诊断",
            "start_pos": 160,
            "end_pos": 164,
            "text": "高脂血症"
        },
        {
            "label_type": "疾病和诊断",
            "start_pos": 165,
            "end_pos": 170,
            "text": "老年性痴呆"
        },
        {
            "label_type": "疾病和诊断",
            "start_pos": 171,
            "end_pos": 183,
            "text": "右侧锁骨上动脉盗血综合征"
        },
        {
            "label_type": "疾病和诊断",
            "start_pos": 184,
            "end_pos": 190,
            "text": "腔隙性脑梗死"
        },
        {
            "label_type": "疾病和诊断",
            "start_pos": 237,
            "end_pos": 242,
            "text": "骨质疏松症"
        },
        {
            "label_type": "疾病和诊断",
            "start_pos": 248,
            "end_pos": 253,
            "text": "2型糖尿病"
        },
        {
            "label_type": "药物",
            "start_pos": 262,
            "end_pos": 267,
            "text": "阿卡波糖片"
        },
        {
            "label_type": "药物",
            "start_pos": 268,
            "end_pos": 272,
            "text": "格列美脲"
        },
        {
            "label_type": "药物",
            "start_pos": 273,
            "end_pos": 278,
            "text": "甘精胰岛素"
        },
        {
            "label_type": "疾病和诊断",
            "start_pos": 285,
            "end_pos": 290,
            "text": "糖尿病眼病"
        },
        {
            "label_type": "疾病和诊断",
            "start_pos": 291,
            "end_pos": 296,
            "text": "糖尿病肾病"
        },
        {
            "label_type": "疾病和诊断",
            "start_pos": 297,
            "end_pos": 305,
            "text": "糖尿病周围神经病"
        },
        {
            "label_type": "疾病和诊断",
            "start_pos": 371,
            "end_pos": 383,
            "text": "原发性高血压3级 极高危"
        },
        {
            "label_type": "疾病和诊断",
            "start_pos": 384,
            "end_pos": 391,
            "text": "高血压性心脏病"
        },
        {
            "label_type": "疾病和诊断",
            "start_pos": 392,
            "end_pos": 397,
            "text": "心功能Ⅱ级"
        }
    ]
}