{
    "originalText": "患者2-月前因诊断为升结肠恶性肿瘤及肝内外胆管结石行根治性左半结肠切除术+胆总管探查术。升结肠肿瘤肿瘤病型理左半结肠溃疡型中分化管状乳头状腺癌类型：，化免疫组化 CK7（－） C+++K20（+++++） CEA（+++++） VILLIN++（+++） CD+++X－2（++） KI+-67（+++）＞90% P53（++） CERBB-+2（－） EGFR++（+） GS+T－π（+） TOPOII（++） PGP（+） SYN（－） CGA（－++） NSE（－）+++ CD56（－）+++ MLH－1（++++）分 MSH－2（+++） MSH－6（+++） P化MS－2（升结肠肿瘤根治术后++）；分期T3N化1M0治。今可按照FOXFOL方案行第二次化疗。遂以“2胃-月，拟行第2次化疗”收治入院。\\U0004",
    "entities": [
        {
            "label_type": "疾病和诊断",
            "overlap": 0,
            "start_pos": 10,
            "end_pos": 17,
            "text": "升结肠恶性肿瘤"
        },
        {
            "label_type": "疾病和诊断",
            "overlap": 0,
            "start_pos": 18,
            "end_pos": 25,
            "text": "肝内外胆管结石"
        },
        {
            "label_type": "手术",
            "overlap": 0,
            "start_pos": 26,
            "end_pos": 43,
            "text": "根治性左半结肠切除术+胆总管探查术"
        },
        {
            "end_pos": 47,
            "label_type": "解剖部位",
            "overlap": 0,
            "start_pos": 44,
            "text": "升结肠"
        },
        {
            "label_type": "疾病和诊断",
            "overlap": 0,
            "start_pos": 54,
            "end_pos": 71,
            "text": "左半结肠溃疡型中分化管状乳头状腺癌"
        },
        {
            "label_type": "疾病和诊断",
            "overlap": 0,
            "start_pos": 294,
            "end_pos": 303,
            "text": "升结肠肿瘤根治术后"
        },
        {
            "end_pos": 342,
            "label_type": "解剖部位",
            "overlap": 0,
            "start_pos": 341,
            "text": "胃"
        }
    ]
}