{
    "originalText": "患者于入院前3天无明显诱因出现解黑大便，每天2次，无畏寒、发热、恶心、恶心、腹胀、腹痛、呕血、头昏头晕、里急后重及肛缘包块突出等不适，患者未引起重视，1天前患者出现数次便后滴血，呈鲜红色，无脓血，每次约100ml，伴肛门坠胀，出现晕厥3次，每次持续时间约10min，醒来无法回忆起晕厥经过，伴头昏，无畏寒、发热、恶心、恶心、腹胀、腹痛、呕血等不适，今日患者为求治疗，遂到我院急诊科就诊，急诊科检查随机指血糖：7.4mmol/l,床旁心电图：窦性心律，T波低平；肾功：UA 746umol/l,CREA 150.6umol/l,UREA 15.72mmol/l；血常规：EO% 0.10%，RBC 3.57*1012/l,WBC 61.6*109/l,NENT 12.36*109/l,LYMPH 77.20%,心肌酶谱、肌钙蛋白检查未见异常，门诊检查后以“便血待查”收入我科继续治疗。患者自患病以来神清，精神、睡眠、饮食差，小便正常，体重无明显变化。。",
    "entities": [
        {
            "label_type": "解剖部位",
            "start_pos": 38,
            "end_pos": 39,
            "text": "腹"
        },
        {
            "label_type": "解剖部位",
            "start_pos": 41,
            "end_pos": 42,
            "text": "腹"
        },
        {
            "label_type": "解剖部位",
            "start_pos": 57,
            "end_pos": 59,
            "text": "肛缘"
        },
        {
            "label_type": "解剖部位",
            "start_pos": 108,
            "end_pos": 110,
            "text": "肛门"
        },
        {
            "label_type": "解剖部位",
            "start_pos": 146,
            "end_pos": 147,
            "text": "头"
        },
        {
            "label_type": "解剖部位",
            "start_pos": 162,
            "end_pos": 163,
            "text": "腹"
        },
        {
            "label_type": "解剖部位",
            "start_pos": 165,
            "end_pos": 166,
            "text": "腹"
        },
        {
            "label_type": "实验室检验",
            "start_pos": 198,
            "end_pos": 203,
            "text": "随机指血糖"
        },
        {
            "label_type": "影像检查",
            "start_pos": 214,
            "end_pos": 219,
            "text": "床旁心电图"
        },
        {
            "label_type": "实验室检验",
            "start_pos": 233,
            "end_pos": 235,
            "text": "UA"
        },
        {
            "label_type": "实验室检验",
            "start_pos": 246,
            "end_pos": 250,
            "text": "CREA"
        },
        {
            "label_type": "实验室检验",
            "start_pos": 263,
            "end_pos": 267,
            "text": "UREA"
        },
        {
            "label_type": "实验室检验",
            "start_pos": 284,
            "end_pos": 287,
            "text": "EO%"
        },
        {
            "label_type": "实验室检验",
            "start_pos": 294,
            "end_pos": 297,
            "text": "RBC"
        },
        {
            "label_type": "实验室检验",
            "start_pos": 310,
            "end_pos": 313,
            "text": "WBC"
        },
        {
            "label_type": "实验室检验",
            "start_pos": 325,
            "end_pos": 329,
            "text": "NENT"
        },
        {
            "label_type": "实验室检验",
            "start_pos": 342,
            "end_pos": 347,
            "text": "LYMPH"
        },
        {
            "label_type": "实验室检验",
            "start_pos": 360,
            "end_pos": 364,
            "text": "肌钙蛋白"
        },
        {
            "label_type": "疾病和诊断",
            "start_pos": 378,
            "end_pos": 382,
            "text": "便血待查"
        }
    ]
}