{
    "originalText": "缘于入院前4年因“乙状结肠癌”就诊我院，于我院行“腹腔镜辅助上乙状结肠癌根治术腔镜术中辅助上根治术乙状结肠中段”，术中见“肿瘤位于，系膜约3*2膜.5CM，周对系膜侧周侵出浆膜层，淋巴结未侵术后犯周(围组织，周围无明显)肿大淋(乙状)结肠蕈伞型管状腺癌II级巴结”，膜术后病术理(2、上01131(8、上62))回癌报“，侵及肠周淋巴结浆膜层，手术癌转移标本下(肠系膜上动脉根部淋巴结)、上切脉管结端及另送(术后下、上切端)未见癌后浸润，找到1发1肝、肺、骨多发转移个均未见癌转移，另送()为希罗达脂中肪治脉管结缔腹组、腹织”，术后、发病情恢复良好出院，治后门诊定期复乙状结肠癌术后伴肝、肺骨多发转移查发治现。入院发前2年前开始给予口服及中药治疗，无诉痛、胀，二便冷、发热等不适。今为",
    "entities": [
        {
            "label_type": "疾病和诊断",
            "overlap": 0,
            "start_pos": 9,
            "end_pos": 14,
            "text": "乙状结肠癌"
        },
        {
            "end_pos": 39,
            "label_type": "手术",
            "overlap": 0,
            "start_pos": 25,
            "text": "腹腔镜辅助上乙状结肠癌根治术"
        },
        {
            "label_type": "解剖部位",
            "overlap": 0,
            "start_pos": 49,
            "end_pos": 55,
            "text": "乙状结肠中段"
        },
        {
            "label_type": "疾病和诊断",
            "overlap": 0,
            "start_pos": 113,
            "end_pos": 129,
            "text": "(乙状)结肠蕈伞型管状腺癌II级"
        },
        {
            "end_pos": 168,
            "label_type": "解剖部位",
            "overlap": 0,
            "start_pos": 163,
            "text": "肠周淋巴结"
        },
        {
            "end_pos": 192,
            "label_type": "解剖部位",
            "overlap": 0,
            "start_pos": 181,
            "text": "肠系膜上动脉根部淋巴结"
        },
        {
            "label_type": "疾病和诊断",
            "overlap": 0,
            "start_pos": 224,
            "end_pos": 233,
            "text": "肝、肺、骨多发转移"
        },
        {
            "end_pos": 249,
            "label_type": "药物",
            "overlap": 0,
            "start_pos": 246,
            "text": "希罗达"
        },
        {
            "end_pos": 258,
            "label_type": "解剖部位",
            "overlap": 0,
            "start_pos": 257,
            "text": "腹"
        },
        {
            "end_pos": 261,
            "label_type": "解剖部位",
            "overlap": 0,
            "start_pos": 260,
            "text": "腹"
        },
        {
            "label_type": "疾病和诊断",
            "overlap": 0,
            "start_pos": 284,
            "end_pos": 300,
            "text": "乙状结肠癌术后伴肝、肺骨多发转移"
        }
    ]
}