{
    "originalText": "，缘于入院前4月余诊为直肠癌，于2014年11月19日在全麻上上行腹腔镜上直肠癌根治术（MILES）“腔镜术上利根术后治术（MILES）”，手）术顺利（直肠）直肠溃疡型管状腺癌II级。术后化疗(20144019状5），：“（）溃疡型管上状腺癌I周I级并坏死癌，侵出外膜周层淋巴结，未侵肠周淋巴结及齿状线，癌侵犯神经组织，下、上切端及环周M切缘II均未见癌术后浸润。肿物周围淋治巴结6个、14个未见癌II转移。，病理分期：PT4AN0M0，IIB期。”术后给予对症、抗感染治奥沙利铂（齐沙）疗，恢M复I良好,伤口愈合希罗达II/甲M。于20I15年1月7日、2015年2月4日、2015年3月4日行“（周）250MGIV直肠癌术后GTTD1+150后0MGPOBID腹D1腹-14”方案3次病理，未见明显",
    "entities": [
        {
            "label_type": "疾病和诊断",
            "overlap": 0,
            "start_pos": 11,
            "end_pos": 14,
            "text": "直肠癌"
        },
        {
            "label_type": "手术",
            "overlap": 0,
            "start_pos": 33,
            "end_pos": 50,
            "text": "腹腔镜上直肠癌根治术（MILES）"
        },
        {
            "end_pos": 78,
            "label_type": "解剖部位",
            "overlap": 0,
            "start_pos": 76,
            "text": "直肠"
        },
        {
            "label_type": "疾病和诊断",
            "overlap": 0,
            "start_pos": 79,
            "end_pos": 91,
            "text": "直肠溃疡型管状腺癌II级"
        },
        {
            "end_pos": 147,
            "label_type": "解剖部位",
            "overlap": 0,
            "start_pos": 142,
            "text": "肠周淋巴结"
        },
        {
            "end_pos": 240,
            "label_type": "药物",
            "overlap": 0,
            "start_pos": 236,
            "text": "奥沙利铂"
        },
        {
            "end_pos": 243,
            "label_type": "药物",
            "overlap": 0,
            "start_pos": 241,
            "text": "齐沙"
        },
        {
            "end_pos": 260,
            "label_type": "药物",
            "overlap": 0,
            "start_pos": 257,
            "text": "希罗达"
        },
        {
            "label_type": "疾病和诊断",
            "overlap": 0,
            "start_pos": 309,
            "end_pos": 314,
            "text": "直肠癌术后"
        },
        {
            "end_pos": 333,
            "label_type": "解剖部位",
            "overlap": 0,
            "start_pos": 332,
            "text": "腹"
        },
        {
            "end_pos": 336,
            "label_type": "解剖部位",
            "overlap": 0,
            "start_pos": 335,
            "text": "腹"
        }
    ]
}