{
    "originalText": "，，缘于入院前5月，余，以“排便次数增多伴血便1个月。”为主诉，入院直肠癌，，诊断，遂于2013-5-上7腹腔镜上直肠癌根治术+预防性回肠造瘘，术在，术后全防麻体重，术顺治，术，后予防感染、大肠溃疡型管状腺癌II级，补液等治疗，。术，病理示：1、，侵癌及深，肌术层，手术标本吻合切端见少量癌浸润上，手术标本另癌一切端及另肿物周淋巴结送（，肠周淋巴结下切端）、癌（上切端）均肠系膜上动脉根部淋巴结未见癌浸润脉管。找到6个，9个大肠管状腺瘤，均未级见癌转移瘤。另，送（）为结脂肪、脉管及神经，组织。2、++，，伴I低级I别下+++皮，内瘤变。+++，，免疫组化结果+++：，CK7（-），，CIK20（+++），VILLIN（，+++）造瘘，，CEA（直肠癌术后，回肠造瘘术后+++），，CDX-，2（+++），CD5，大6（造瘘-），K，I67（，50%+）。今患",
    "entities": [
        {
            "label_type": "疾病和诊断",
            "overlap": 0,
            "start_pos": 34,
            "end_pos": 37,
            "text": "直肠癌"
        },
        {
            "label_type": "手术",
            "overlap": 0,
            "start_pos": 53,
            "end_pos": 71,
            "text": "腹腔镜上直肠癌根治术+预防性回肠造瘘"
        },
        {
            "label_type": "疾病和诊断",
            "overlap": 0,
            "start_pos": 95,
            "end_pos": 107,
            "text": "大肠溃疡型管状腺癌II级"
        },
        {
            "label_type": "解剖部位",
            "overlap": 0,
            "start_pos": 160,
            "end_pos": 166,
            "text": "肿物周淋巴结"
        },
        {
            "end_pos": 174,
            "label_type": "解剖部位",
            "overlap": 0,
            "start_pos": 169,
            "text": "肠周淋巴结"
        },
        {
            "end_pos": 197,
            "label_type": "解剖部位",
            "overlap": 0,
            "start_pos": 186,
            "text": "肠系膜上动脉根部淋巴结"
        },
        {
            "label_type": "疾病和诊断",
            "overlap": 0,
            "start_pos": 212,
            "end_pos": 218,
            "text": "大肠管状腺瘤"
        },
        {
            "label_type": "疾病和诊断",
            "overlap": 0,
            "start_pos": 324,
            "end_pos": 336,
            "text": "直肠癌术后，回肠造瘘术后"
        }
    ]
}