{
    "originalText": "入院前10+年患者无明显诱因出现活动后心累、气促，休息后可缓解，无夜间阵发性呼吸困难，无胸闷、胸痛、胸前区压榨感，无畏寒、发热、咳嗽、咳痰、盗汗、咳血。患者可耐受，未予诊治。下述症状反复发作，逐渐出现平时一般活动即感心累、气促，否认两上肢水肿，在外口服药物后可缓解。入院前7月下述症状再发，夜间高枕卧位，曾在我院住院治疗，考虑诊断“冠心病、心衰”，并查心脏彩超（2017-1-16）：右房、右室增大；主动脉瓣钙化；室间隔、右室后壁动度降低；肺动脉瓣局限性反流；主动脉瓣中度反流；三尖瓣、二尖瓣重度反流；右室收缩、舒张功能减退。估测肺动脉轻度高压，予以改善循环、减轻心脏负荷治疗后好转出院。入院前2天，患者无明显诱因再次自诉心累、气促反复出现，并逐渐加重，夜间睡眠较差，无咳嗽、咳痰，无胸闷、胸痛，无恶心、呕吐，无畏寒、发热等，今日遂再来我院就诊，以“冠心病”收入我科。本次发病以来患者精神食欲较好，食量无减少，大小便如常，睡眠如常，体重无明显上降。",
    "entities": [
        {
            "label_type": "解剖部位",
            "start_pos": 19,
            "end_pos": 20,
            "text": "心"
        },
        {
            "label_type": "解剖部位",
            "start_pos": 44,
            "end_pos": 45,
            "text": "胸"
        },
        {
            "label_type": "解剖部位",
            "start_pos": 47,
            "end_pos": 48,
            "text": "胸"
        },
        {
            "label_type": "解剖部位",
            "start_pos": 50,
            "end_pos": 53,
            "text": "胸前区"
        },
        {
            "label_type": "解剖部位",
            "start_pos": 108,
            "end_pos": 109,
            "text": "心"
        },
        {
            "label_type": "解剖部位",
            "start_pos": 116,
            "end_pos": 119,
            "text": "两上肢"
        },
        {
            "label_type": "疾病和诊断",
            "start_pos": 166,
            "end_pos": 169,
            "text": "冠心病"
        },
        {
            "label_type": "疾病和诊断",
            "start_pos": 170,
            "end_pos": 172,
            "text": "心衰"
        },
        {
            "label_type": "影像检查",
            "start_pos": 176,
            "end_pos": 180,
            "text": "心脏彩超"
        },
        {
            "label_type": "解剖部位",
            "start_pos": 192,
            "end_pos": 194,
            "text": "右房"
        },
        {
            "label_type": "解剖部位",
            "start_pos": 195,
            "end_pos": 197,
            "text": "右室"
        },
        {
            "label_type": "解剖部位",
            "start_pos": 200,
            "end_pos": 204,
            "text": "主动脉瓣"
        },
        {
            "label_type": "解剖部位",
            "start_pos": 207,
            "end_pos": 210,
            "text": "室间隔"
        },
        {
            "label_type": "解剖部位",
            "start_pos": 211,
            "end_pos": 213,
            "text": "右室"
        },
        {
            "label_type": "疾病和诊断",
            "start_pos": 220,
            "end_pos": 229,
            "text": "肺动脉瓣局限性反流"
        },
        {
            "label_type": "疾病和诊断",
            "start_pos": 230,
            "end_pos": 238,
            "text": "主动脉瓣中度反流"
        },
        {
            "label_type": "疾病和诊断",
            "start_pos": 239,
            "end_pos": 250,
            "text": "三尖瓣、二尖瓣重度反流"
        },
        {
            "label_type": "解剖部位",
            "start_pos": 251,
            "end_pos": 253,
            "text": "右室"
        },
        {
            "label_type": "疾病和诊断",
            "start_pos": 265,
            "end_pos": 272,
            "text": "肺动脉轻度高压"
        },
        {
            "label_type": "解剖部位",
            "start_pos": 311,
            "end_pos": 312,
            "text": "心"
        },
        {
            "label_type": "解剖部位",
            "start_pos": 342,
            "end_pos": 343,
            "text": "胸"
        },
        {
            "label_type": "解剖部位",
            "start_pos": 345,
            "end_pos": 346,
            "text": "胸"
        },
        {
            "label_type": "疾病和诊断",
            "start_pos": 375,
            "end_pos": 378,
            "text": "冠心病"
        }
    ]
}