{
    "originalText": "入院前5+年，患者因右侧肢体乏力，伴口齿不清，在外院明确诊断“脑梗死”，经治疗后好转出院，出院后遗留右侧肢体活动轻度障碍及口齿稍含糊，平素生活自理，但未服用脑血管疾病二级预防用药。入院前3天，患者反复出现头昏，阵发性发作，发作时自觉乏力、站立不稳、心悸，并出现左下肢抽动，伴流涎，无恶心、呕吐，无大小便失禁、意识丧失，无畏寒、发热，偶有咳嗽、咳痰，无胸闷、胸痛，无喘累、气促，无端坐呼吸、阵发性呼吸困难，无大汗淋漓、咯血，无晕厥等，今晨患者活动后再次发作头昏，发作时伴站立不稳、流涎，故就诊我院急诊科，查头颅CT示1、考虑两侧基底节区及侧脑室体旁腔隙性脑梗死。2、右侧顶叶软化灶。3、脑白质脱髓鞘改变；脑萎缩。4、右侧下颌窦炎症或息肉。5、两侧筛窦炎。心电图示窦性心律，右室肥大。血常规、电解质、肾功、心肌酶谱、凝血试验未见明显异常。为进一步治疗，以“急性脑梗死？”收入我科住院。患者自发病以来精神、食欲一般，大小便未诉异常。近期体重无明显减轻。",
    "entities": [
        {
            "label_type": "解剖部位",
            "start_pos": 10,
            "end_pos": 14,
            "text": "右侧肢体"
        },
        {
            "label_type": "疾病和诊断",
            "start_pos": 31,
            "end_pos": 34,
            "text": "脑梗死"
        },
        {
            "label_type": "解剖部位",
            "start_pos": 50,
            "end_pos": 54,
            "text": "右侧肢体"
        },
        {
            "label_type": "解剖部位",
            "start_pos": 78,
            "end_pos": 79,
            "text": "脑"
        },
        {
            "label_type": "解剖部位",
            "start_pos": 102,
            "end_pos": 103,
            "text": "头"
        },
        {
            "label_type": "解剖部位",
            "start_pos": 124,
            "end_pos": 125,
            "text": "心"
        },
        {
            "label_type": "解剖部位",
            "start_pos": 130,
            "end_pos": 133,
            "text": "左下肢"
        },
        {
            "label_type": "解剖部位",
            "start_pos": 175,
            "end_pos": 176,
            "text": "胸"
        },
        {
            "label_type": "解剖部位",
            "start_pos": 178,
            "end_pos": 179,
            "text": "胸"
        },
        {
            "label_type": "解剖部位",
            "start_pos": 227,
            "end_pos": 228,
            "text": "头"
        },
        {
            "label_type": "影像检查",
            "start_pos": 252,
            "end_pos": 256,
            "text": "头颅CT"
        },
        {
            "label_type": "疾病和诊断",
            "start_pos": 261,
            "end_pos": 279,
            "text": "两侧基底节区及侧脑室体旁腔隙性脑梗死"
        },
        {
            "label_type": "解剖部位",
            "start_pos": 282,
            "end_pos": 286,
            "text": "右侧顶叶"
        },
        {
            "label_type": "疾病和诊断",
            "start_pos": 292,
            "end_pos": 300,
            "text": "脑白质脱髓鞘改变"
        },
        {
            "label_type": "疾病和诊断",
            "start_pos": 301,
            "end_pos": 304,
            "text": "脑萎缩"
        },
        {
            "label_type": "疾病和诊断",
            "start_pos": 307,
            "end_pos": 314,
            "text": "右侧下颌窦炎症"
        },
        {
            "label_type": "疾病和诊断",
            "start_pos": 320,
            "end_pos": 325,
            "text": "两侧筛窦炎"
        },
        {
            "label_type": "影像检查",
            "start_pos": 326,
            "end_pos": 329,
            "text": "心电图"
        },
        {
            "label_type": "疾病和诊断",
            "start_pos": 376,
            "end_pos": 381,
            "text": "急性脑梗死"
        }
    ]
}