{
    "originalText": "患者于1月余前因“直肠癌”在我科行“腹腔镜上直肠癌根治术（MILES）+放射性粒子植入术腔镜上术根治术术后（M结ILE（直肠）溃疡型中分化管状腺癌S）肠壁+放射性粒子植入术癌”，手肠壁淋巴结术癌顺利（，术后病）理术后结果为：（直）溃疡后型中分腹化管腹状腺癌浸及壁深肌会阴部层，双切端未见癌累及，壁淋巴结见癌转移（1/10）。术后患者术后愈合较好，出院化后患者无痛、胀，无畏寒直肠癌（MILES）术后发热入，切口逐步恢复，现已明显变浅变小，肉芽组织生长良好，今患者为求术后第1次全身静脉化疗来我院就诊，门上诊以",
    "entities": [
        {
            "label_type": "疾病和诊断",
            "overlap": 0,
            "start_pos": 9,
            "end_pos": 12,
            "text": "直肠癌"
        },
        {
            "label_type": "手术",
            "overlap": 0,
            "start_pos": 18,
            "end_pos": 44,
            "text": "腹腔镜上直肠癌根治术（MILES）+放射性粒子植入术"
        },
        {
            "label_type": "疾病和诊断",
            "overlap": 0,
            "start_pos": 59,
            "end_pos": 73,
            "text": "（直肠）溃疡型中分化管状腺癌"
        },
        {
            "label_type": "解剖部位",
            "overlap": 0,
            "start_pos": 75,
            "end_pos": 76,
            "text": "肠"
        },
        {
            "end_pos": 95,
            "label_type": "解剖部位",
            "overlap": 0,
            "start_pos": 90,
            "text": "肠壁淋巴结"
        },
        {
            "end_pos": 122,
            "label_type": "解剖部位",
            "overlap": 0,
            "start_pos": 121,
            "text": "腹"
        },
        {
            "end_pos": 125,
            "label_type": "解剖部位",
            "overlap": 0,
            "start_pos": 124,
            "text": "腹"
        },
        {
            "end_pos": 136,
            "label_type": "解剖部位",
            "overlap": 0,
            "start_pos": 133,
            "text": "会阴部"
        },
        {
            "label_type": "疾病和诊断",
            "overlap": 0,
            "start_pos": 187,
            "end_pos": 199,
            "text": "直肠癌（MILES）术后"
        }
    ]
}