{
    "originalText": "，患者于4月前（前（2015-09-）07）因盆腔“1（卵巢CA.）包块（糖尿病？）全；2.剖腹探查+全子宫两附件切除+大网膜切除+阑尾切除+放射性粒子置入术”在术全麻上右侧附件行剖探查+全两大附件实性+切除+C切除+性放射性粒子置入术。紫，术中见：失去正常形态，大小约10X9X8C盆壁M，宫底、乙状结肠切除，表面充性血水肿，呈紫蓝子宫色大，子宫底、前壁可见烂癌鱼肉左侧输卵管样组织，质脆，左卵巢易触血，侵大网膜及后、盆腔腹膜盆壁状结，病与、形大成粘C连。术钝切除右附件性分离粘连后，病见常大，切子、前（右附件）卵巢浆液性乳头状囊腺癌壁见输卵管转移癌灶子宫、左侧附件、大网膜、阑尾切除术。见少量病转移灶术，病形态正常、（。增厚、）膜见散状浆液性乳头状囊腺癌结节、子宫病灶，癌最大约3C宫腔、宫颈M右附件。术中癌切除交家、大网膜属阑尾过目后癌送病理行冰冻切片示“（顺铂）卵巢浸及腹腔”，、遂行、、、后紫杉醇标本送病检，，术后病检示：1、（肿瘤组织）送检物为。、2、表面见癌组织累及，、及均紫杉醇（特素未见癌累及。+奥沙利铂3、及均未见癌转移。并于09-11行顺利100MG、灌注、09-状15行210M特G静滴第一次化疗。分别于2015-10-20、2015病-12-01予患者行（)210MG+180MG化大疗2个疗程，化疗过程较为顺利，患者",
    "entities": [
        {
            "end_pos": 25,
            "label_type": "解剖部位",
            "overlap": 0,
            "start_pos": 23,
            "text": "盆腔"
        },
        {
            "label_type": "疾病和诊断",
            "overlap": 0,
            "start_pos": 28,
            "end_pos": 32,
            "text": "卵巢CA"
        },
        {
            "label_type": "疾病和诊断",
            "overlap": 0,
            "start_pos": 37,
            "end_pos": 40,
            "text": "糖尿病"
        },
        {
            "label_type": "手术",
            "overlap": 0,
            "start_pos": 46,
            "end_pos": 79,
            "text": "剖腹探查+全子宫两附件切除+大网膜切除+阑尾切除+放射性粒子置入术"
        },
        {
            "end_pos": 89,
            "label_type": "解剖部位",
            "overlap": 0,
            "start_pos": 85,
            "text": "右侧附件"
        },
        {
            "end_pos": 148,
            "label_type": "解剖部位",
            "overlap": 0,
            "start_pos": 146,
            "text": "宫底"
        },
        {
            "end_pos": 153,
            "label_type": "解剖部位",
            "overlap": 0,
            "start_pos": 149,
            "text": "乙状结肠"
        },
        {
            "end_pos": 169,
            "label_type": "解剖部位",
            "overlap": 0,
            "start_pos": 167,
            "text": "子宫"
        },
        {
            "label_type": "解剖部位",
            "overlap": 0,
            "start_pos": 172,
            "end_pos": 178,
            "text": "子宫底、前壁"
        },
        {
            "end_pos": 189,
            "label_type": "解剖部位",
            "overlap": 0,
            "start_pos": 184,
            "text": "左侧输卵管"
        },
        {
            "end_pos": 199,
            "label_type": "解剖部位",
            "overlap": 0,
            "start_pos": 196,
            "text": "左卵巢"
        },
        {
            "label_type": "解剖部位",
            "overlap": 0,
            "start_pos": 210,
            "end_pos": 212,
            "text": "盆腔"
        },
        {
            "label_type": "解剖部位",
            "overlap": 0,
            "start_pos": 212,
            "end_pos": 213,
            "text": "腹"
        },
        {
            "end_pos": 236,
            "label_type": "解剖部位",
            "overlap": 0,
            "start_pos": 233,
            "text": "右附件"
        },
        {
            "label_type": "疾病和诊断",
            "overlap": 0,
            "start_pos": 252,
            "end_pos": 268,
            "text": "（右附件）卵巢浆液性乳头状囊腺癌"
        },
        {
            "end_pos": 273,
            "label_type": "解剖部位",
            "overlap": 0,
            "start_pos": 270,
            "text": "输卵管"
        },
        {
            "end_pos": 279,
            "label_type": "解剖部位",
            "overlap": 0,
            "start_pos": 277,
            "text": "子宫"
        },
        {
            "end_pos": 284,
            "label_type": "解剖部位",
            "overlap": 0,
            "start_pos": 280,
            "text": "左侧附件"
        },
        {
            "end_pos": 288,
            "label_type": "解剖部位",
            "overlap": 0,
            "start_pos": 285,
            "text": "大网膜"
        },
        {
            "end_pos": 294,
            "label_type": "手术",
            "overlap": 0,
            "start_pos": 289,
            "text": "阑尾切除术"
        },
        {
            "label_type": "疾病和诊断",
            "overlap": 0,
            "start_pos": 320,
            "end_pos": 329,
            "text": "浆液性乳头状囊腺癌"
        },
        {
            "end_pos": 334,
            "label_type": "解剖部位",
            "overlap": 0,
            "start_pos": 332,
            "text": "子宫"
        },
        {
            "end_pos": 345,
            "label_type": "解剖部位",
            "overlap": 0,
            "start_pos": 343,
            "text": "宫腔"
        },
        {
            "end_pos": 348,
            "label_type": "解剖部位",
            "overlap": 0,
            "start_pos": 346,
            "text": "宫颈"
        },
        {
            "end_pos": 352,
            "label_type": "解剖部位",
            "overlap": 0,
            "start_pos": 349,
            "text": "右附件"
        },
        {
            "end_pos": 367,
            "label_type": "解剖部位",
            "overlap": 0,
            "start_pos": 365,
            "text": "阑尾"
        },
        {
            "end_pos": 384,
            "label_type": "药物",
            "overlap": 0,
            "start_pos": 382,
            "text": "顺铂"
        },
        {
            "end_pos": 391,
            "label_type": "解剖部位",
            "overlap": 0,
            "start_pos": 389,
            "text": "腹腔"
        },
        {
            "end_pos": 403,
            "label_type": "药物",
            "overlap": 0,
            "start_pos": 400,
            "text": "紫杉醇"
        },
        {
            "end_pos": 447,
            "label_type": "药物",
            "overlap": 0,
            "start_pos": 444,
            "text": "紫杉醇"
        },
        {
            "end_pos": 450,
            "label_type": "药物",
            "overlap": 0,
            "start_pos": 448,
            "text": "特素"
        },
        {
            "end_pos": 461,
            "label_type": "药物",
            "overlap": 0,
            "start_pos": 457,
            "text": "奥沙利铂"
        }
    ]
}