{
    "originalText": "，普通3月前因“反复腹痛、腹泻110余天，加重3天”入院，于21016-0183-18在乙状结肠部分切除+乙状结肠单腔造瘘术全麻术上行乙状结部术分切除+结肠腺癌（中度分化）乙状结单腔造瘘术，手术4过程顺利。，术后病理：结腺癌（中度分切化），浸润部切除溃疡型，癌体肠壁一站（8/14个）淋巴结癌积5*4*结肠炎性息肉0.9CM化，侵达癌浆膜脂肪组织（。）双端切线（+）及环周底部切造口旁除面未查性见癌。站壁一站（8/14个）淋巴结癌转移。符合造口结炎性肠息肉。，免疫组化染色示一癌组织：SYN（造口旁疝-）、TS弱（+）。2月前患者造口旁出现可复性肿物，站立和用力后增大，化平",
    "entities": [
        {
            "end_pos": 11,
            "label_type": "解剖部位",
            "overlap": 0,
            "start_pos": 10,
            "text": "腹"
        },
        {
            "end_pos": 14,
            "label_type": "解剖部位",
            "overlap": 0,
            "start_pos": 13,
            "text": "腹"
        },
        {
            "label_type": "手术",
            "overlap": 0,
            "start_pos": 44,
            "end_pos": 62,
            "text": "乙状结肠部分切除+乙状结肠单腔造瘘术"
        },
        {
            "label_type": "疾病和诊断",
            "overlap": 0,
            "start_pos": 76,
            "end_pos": 86,
            "text": "结肠腺癌（中度分化）"
        },
        {
            "label_type": "解剖部位",
            "overlap": 0,
            "start_pos": 131,
            "end_pos": 145,
            "text": "肠壁一站（8/14个）淋巴结"
        },
        {
            "label_type": "疾病和诊断",
            "overlap": 0,
            "start_pos": 151,
            "end_pos": 157,
            "text": "结肠炎性息肉"
        },
        {
            "label_type": "解剖部位",
            "overlap": 0,
            "start_pos": 225,
            "end_pos": 226,
            "text": "肠"
        },
        {
            "label_type": "疾病和诊断",
            "overlap": 0,
            "start_pos": 246,
            "end_pos": 250,
            "text": "造口旁疝"
        }
    ]
}