{
    "originalText": "入院前13年患者检查发现血压、血糖升高，最高收缩压达180mmHg，血糖具体值不详，有口干多饮多尿等症状，无明显头昏头痛，长期降压治疗（药名不详），并服用“格列美脲、伏格列波糖、罗格列酮”等降血糖，血压血糖控制情况不详。病程中患者出现四肢麻木，视物模糊多年，并有感觉异常，自觉肢体冰凉，无颜面四肢浮肿，无皮肤瘙痒，无肢体乏力，无恶心呕吐，无腹胀腹痛，无便秘腹泻交替，无心累气促等不适，既往长期在***第三人民医院住院，诊断“原发性高血压3级极高危、高血压性心脏病、2型糖尿病、糖尿病周围神经病变、糖尿病眼病”。入院前1月患者无明显诱因出现活动后心累心悸，自觉心跳明显，偶有干咳，感肢体麻木冰凉较明显，伴有腰部及上肢疼痛，自觉健忘症状加重，无肢体活动障碍，无颜面四肢水肿，无胸痛及心前区压榨感，无夜间不能平卧，无呼吸困难。为进一步诊疗今日患者到我科住院。患者此次发病以来精神食欲可，长期睡眠差，经常服用“安眠药”，大小便正常，体力体重无明显上降。",
    "entities": [
        {
            "label_type": "解剖部位",
            "start_pos": 43,
            "end_pos": 44,
            "text": "口"
        },
        {
            "label_type": "解剖部位",
            "start_pos": 56,
            "end_pos": 57,
            "text": "头"
        },
        {
            "label_type": "药物",
            "start_pos": 78,
            "end_pos": 82,
            "text": "格列美脲"
        },
        {
            "label_type": "药物",
            "start_pos": 83,
            "end_pos": 88,
            "text": "伏格列波糖"
        },
        {
            "label_type": "药物",
            "start_pos": 89,
            "end_pos": 93,
            "text": "罗格列酮"
        },
        {
            "label_type": "解剖部位",
            "start_pos": 117,
            "end_pos": 119,
            "text": "四肢"
        },
        {
            "label_type": "解剖部位",
            "start_pos": 145,
            "end_pos": 146,
            "text": "面"
        },
        {
            "label_type": "解剖部位",
            "start_pos": 146,
            "end_pos": 148,
            "text": "四肢"
        },
        {
            "label_type": "解剖部位",
            "start_pos": 158,
            "end_pos": 160,
            "text": "肢体"
        },
        {
            "label_type": "解剖部位",
            "start_pos": 170,
            "end_pos": 171,
            "text": "腹"
        },
        {
            "label_type": "解剖部位",
            "start_pos": 172,
            "end_pos": 173,
            "text": "腹"
        },
        {
            "label_type": "解剖部位",
            "start_pos": 184,
            "end_pos": 185,
            "text": "心"
        },
        {
            "label_type": "疾病和诊断",
            "start_pos": 212,
            "end_pos": 223,
            "text": "原发性高血压3级极高危"
        },
        {
            "label_type": "疾病和诊断",
            "start_pos": 224,
            "end_pos": 231,
            "text": "高血压性心脏病"
        },
        {
            "label_type": "疾病和诊断",
            "start_pos": 232,
            "end_pos": 237,
            "text": "2型糖尿病"
        },
        {
            "label_type": "疾病和诊断",
            "start_pos": 238,
            "end_pos": 247,
            "text": "糖尿病周围神经病变"
        },
        {
            "label_type": "疾病和诊断",
            "start_pos": 248,
            "end_pos": 253,
            "text": "糖尿病眼病"
        },
        {
            "label_type": "解剖部位",
            "start_pos": 272,
            "end_pos": 273,
            "text": "心"
        },
        {
            "label_type": "解剖部位",
            "start_pos": 274,
            "end_pos": 275,
            "text": "心"
        },
        {
            "label_type": "解剖部位",
            "start_pos": 290,
            "end_pos": 292,
            "text": "肢体"
        },
        {
            "label_type": "解剖部位",
            "start_pos": 302,
            "end_pos": 304,
            "text": "腰部"
        },
        {
            "label_type": "解剖部位",
            "start_pos": 305,
            "end_pos": 307,
            "text": "上肢"
        },
        {
            "label_type": "解剖部位",
            "start_pos": 320,
            "end_pos": 322,
            "text": "肢体"
        },
        {
            "label_type": "解剖部位",
            "start_pos": 329,
            "end_pos": 330,
            "text": "面"
        },
        {
            "label_type": "解剖部位",
            "start_pos": 330,
            "end_pos": 332,
            "text": "四肢"
        },
        {
            "label_type": "解剖部位",
            "start_pos": 336,
            "end_pos": 337,
            "text": "胸"
        },
        {
            "label_type": "解剖部位",
            "start_pos": 339,
            "end_pos": 342,
            "text": "心前区"
        }
    ]
}