{
    "originalText": "，缘于入院前1月余于我院诊为回盲部肿瘤，于2013-12-10在全麻上行根治性左半结肠切除术根术后治性左半切除术，体重病理（2回盲部浸润型粘液腺癌01339034术）示回肠切，侵结肠切犯浆膜外癌浸润，手术标本结切端癌、切端术后均未见癌浸润，送检淋治巴结术后未见癌转移，术后给予对症、营术后养支持等治疗，术后恢复良好,伤治口愈F合IFI/甲，术后替加氟于2014.01CF.02，行化疗治奥沙利铂疗：FOLFOX，方案肝：3.4持续泵入/0.3D1-2+2利00MGD1，辅以保、制酸、止吐、提高免疫力，回盲部腺癌术后化疗过程顺利，无明显化疗不良反应，今为再次化疗腹入院腹，门诊拟化疗收入院。下次出院以来精神、睡眠",
    "entities": [
        {
            "label_type": "疾病和诊断",
            "overlap": 0,
            "start_pos": 14,
            "end_pos": 19,
            "text": "回盲部肿瘤"
        },
        {
            "end_pos": 46,
            "label_type": "手术",
            "overlap": 0,
            "start_pos": 36,
            "text": "根治性左半结肠切除术"
        },
        {
            "label_type": "疾病和诊断",
            "overlap": 0,
            "start_pos": 63,
            "end_pos": 73,
            "text": "回盲部浸润型粘液腺癌"
        },
        {
            "end_pos": 86,
            "label_type": "解剖部位",
            "overlap": 0,
            "start_pos": 84,
            "text": "回肠"
        },
        {
            "end_pos": 91,
            "label_type": "解剖部位",
            "overlap": 0,
            "start_pos": 89,
            "text": "结肠"
        },
        {
            "end_pos": 175,
            "label_type": "药物",
            "overlap": 0,
            "start_pos": 172,
            "text": "替加氟"
        },
        {
            "end_pos": 185,
            "label_type": "药物",
            "overlap": 0,
            "start_pos": 183,
            "text": "CF"
        },
        {
            "end_pos": 197,
            "label_type": "药物",
            "overlap": 0,
            "start_pos": 193,
            "text": "奥沙利铂"
        },
        {
            "end_pos": 209,
            "label_type": "解剖部位",
            "overlap": 0,
            "start_pos": 208,
            "text": "肝"
        },
        {
            "label_type": "疾病和诊断",
            "overlap": 0,
            "start_pos": 251,
            "end_pos": 258,
            "text": "回盲部腺癌术后"
        },
        {
            "end_pos": 282,
            "label_type": "解剖部位",
            "overlap": 0,
            "start_pos": 281,
            "text": "腹"
        },
        {
            "end_pos": 285,
            "label_type": "解剖部位",
            "overlap": 0,
            "start_pos": 284,
            "text": "腹"
        }
    ]
}