{
    "originalText": "1+年前患者反复黑便，成形大便，无呕血、血便，多次我院住院，均内科止血、输血、抑酸治疗好转出院。期间反复解成形8次余，我院无痛胃镜示胃底静脉曲张（1条），F1，红色征阴性；胃体黏膜隆起，不除外静脉曲张；十二指肠球炎，出血原因不能明确，建议行小肠镜、腹部血管DSA检查，患者拒绝。1月前患者无明显诱因自觉全身乏力，活动后感心悸，伴头晕，中途解2次黑色稀软大便，总量约500g，否认呕血，自服“云南白药”，自诉大便颜色转黄。感乏力、心悸症状进行性加重。今日到我院就诊查，查血常规:WBC 2.5 10^9/L↓、HGB 37 g/L↓↓、PLT 108 10^9/L↓、NEUT% 36.22 %↓、LYMPH% 57.51 %↑、HCT 14.4 %↓、MCV 64.3 fL↓、MCH 16.5 pg↓、MCHC 257 g/L↓。为进一步诊治，门诊以“重度贫血”收入我科。病程中精神、睡眠欠佳，饮食尚可，大便如下述，小便正常。体重无明显减轻。",
    "entities": [
        {
            "label_type": "疾病和诊断",
            "start_pos": 66,
            "end_pos": 72,
            "text": "胃底静脉曲张"
        },
        {
            "label_type": "解剖部位",
            "start_pos": 86,
            "end_pos": 88,
            "text": "胃体"
        },
        {
            "label_type": "疾病和诊断",
            "start_pos": 101,
            "end_pos": 107,
            "text": "十二指肠球炎"
        },
        {
            "label_type": "影像检查",
            "start_pos": 124,
            "end_pos": 131,
            "text": "腹部血管DSA"
        },
        {
            "label_type": "解剖部位",
            "start_pos": 160,
            "end_pos": 161,
            "text": "心"
        },
        {
            "label_type": "解剖部位",
            "start_pos": 214,
            "end_pos": 215,
            "text": "心"
        },
        {
            "label_type": "实验室检验",
            "start_pos": 238,
            "end_pos": 241,
            "text": "WBC"
        },
        {
            "label_type": "实验室检验",
            "start_pos": 254,
            "end_pos": 257,
            "text": "HGB"
        },
        {
            "label_type": "实验室检验",
            "start_pos": 267,
            "end_pos": 270,
            "text": "PLT"
        },
        {
            "label_type": "实验室检验",
            "start_pos": 283,
            "end_pos": 288,
            "text": "NEUT%"
        },
        {
            "label_type": "实验室检验",
            "start_pos": 298,
            "end_pos": 304,
            "text": "LYMPH%"
        },
        {
            "label_type": "实验室检验",
            "start_pos": 314,
            "end_pos": 317,
            "text": "HCT"
        },
        {
            "label_type": "实验室检验",
            "start_pos": 326,
            "end_pos": 329,
            "text": "MCV"
        },
        {
            "label_type": "实验室检验",
            "start_pos": 339,
            "end_pos": 342,
            "text": "MCH"
        },
        {
            "label_type": "实验室检验",
            "start_pos": 352,
            "end_pos": 356,
            "text": "MCHC"
        },
        {
            "label_type": "疾病和诊断",
            "start_pos": 377,
            "end_pos": 381,
            "text": "重度贫血"
        }
    ]
}