{
    "originalText": "，患者因患“乙状结肠癌”于20114-02-525于我院在全麻上乙状结肠癌根治术予术后行；术后病1理(2051）402（乙状结肠）腺癌（中、低度分化）452），示：3，5隆起型，面积3.5*2组CM，侵达睡眠脂肪组织，双端切、线及另送“近端切线癌”一站（13个）、中间组（3个）、中央组（5个）淋巴结、“远癌端切线”组化未查见癌组癌。未查见癌1。，（免）、疫组（化）染色示癌分组织：ER3CC1少数（+）、TS（-）。，病理分期术后为：化PT3N0M0 化IIA后期 后DUK个ESB。化依情行术后化辅助化疗指奥沙利铂15证存在，排1除亚叶酸钙化疗3禁忌替加氟1后，先后给予6个周期辅助化疗，，具体、化肝、疗胃、方案、为：15治0MG D1，后0.3一G+1.0G D2-D6，同时给予升白细、胞、保、胸护、、止吐、头免、头疫增强治酸、疗。自下次出院后，患者一般情况腹保、腹持良好，无乏力感，无发热，无恶心、呕吐，无闷、心慌，无乙状结肠癌术后晕、痛，无反酸、嗳气，无明显状进食不适，、未现明显痛间、胀；大小便情况良好。现患者为行复查化来",
    "entities": [
        {
            "label_type": "疾病和诊断",
            "overlap": 0,
            "start_pos": 6,
            "end_pos": 11,
            "text": "乙状结肠癌"
        },
        {
            "end_pos": 40,
            "label_type": "手术",
            "overlap": 0,
            "start_pos": 32,
            "text": "乙状结肠癌根治术"
        },
        {
            "label_type": "疾病和诊断",
            "overlap": 0,
            "start_pos": 59,
            "end_pos": 75,
            "text": "（乙状结肠）腺癌（中、低度分化）"
        },
        {
            "label_type": "解剖部位",
            "overlap": 0,
            "start_pos": 124,
            "end_pos": 150,
            "text": "一站（13个）、中间组（3个）、中央组（5个）淋巴结"
        },
        {
            "end_pos": 259,
            "label_type": "药物",
            "overlap": 0,
            "start_pos": 255,
            "text": "奥沙利铂"
        },
        {
            "end_pos": 272,
            "label_type": "药物",
            "overlap": 0,
            "start_pos": 268,
            "text": "亚叶酸钙"
        },
        {
            "end_pos": 280,
            "label_type": "药物",
            "overlap": 0,
            "start_pos": 277,
            "text": "替加氟"
        },
        {
            "end_pos": 302,
            "label_type": "解剖部位",
            "overlap": 0,
            "start_pos": 301,
            "text": "肝"
        },
        {
            "end_pos": 305,
            "label_type": "解剖部位",
            "overlap": 0,
            "start_pos": 304,
            "text": "胃"
        },
        {
            "end_pos": 352,
            "label_type": "解剖部位",
            "overlap": 0,
            "start_pos": 351,
            "text": "胸"
        },
        {
            "end_pos": 359,
            "label_type": "解剖部位",
            "overlap": 0,
            "start_pos": 358,
            "text": "头"
        },
        {
            "end_pos": 362,
            "label_type": "解剖部位",
            "overlap": 0,
            "start_pos": 361,
            "text": "头"
        },
        {
            "end_pos": 384,
            "label_type": "解剖部位",
            "overlap": 0,
            "start_pos": 383,
            "text": "腹"
        },
        {
            "end_pos": 387,
            "label_type": "解剖部位",
            "overlap": 0,
            "start_pos": 386,
            "text": "腹"
        },
        {
            "label_type": "疾病和诊断",
            "overlap": 0,
            "start_pos": 414,
            "end_pos": 421,
            "text": "乙状结肠癌术后"
        }
    ]
}