{
    "originalText": "入院6天前患者无明显诱因出现呕血，共三次（自诉约2kg），为咖啡色样物质，非喷射状，伴解黑大便（具体量不详），伴四肢乏力、头晕，伴口渴，伴咳嗽、咯痰，咯少量白色黏痰，伴稍活动后即感心累、气促，伴胸痛，可放射至右侧肩背部，为持续性胀痛，咳嗽后加重，伴心悸，无腹痛、腹胀，无胸闷、胸痛及心前区压榨感，无畏寒、发热，无呼吸困难，无意识障碍，遂入我院收入我科，予以大量输血、止血、抑酸护胃等对症治疗，消化道仍有活动性出血，遂于2017-03-17转入**医院ICU，予以输红细胞悬液8u、新鲜冰冻血浆800ml，血小板1u，目前患者血压逐渐稳定，去甲肾下腺素已减量至0.1ug/kg.min，心率波动在90-105次/分，血压波动在115-130/55-65mmhg，尿量好。家属因为经济原因今日要求转回我院，因病情危重，急诊遂以“急性下消化道出血，失血性休克”收入我科抢救治疗。患者发病以来，精神、食欲、睡眠差，小便正常，大便如下述，体重无明显变化。",
    "entities": [
        {
            "label_type": "解剖部位",
            "start_pos": 56,
            "end_pos": 58,
            "text": "四肢"
        },
        {
            "label_type": "解剖部位",
            "start_pos": 61,
            "end_pos": 62,
            "text": "头"
        },
        {
            "label_type": "解剖部位",
            "start_pos": 90,
            "end_pos": 91,
            "text": "心"
        },
        {
            "label_type": "解剖部位",
            "start_pos": 97,
            "end_pos": 98,
            "text": "胸"
        },
        {
            "label_type": "解剖部位",
            "start_pos": 104,
            "end_pos": 109,
            "text": "右侧肩背部"
        },
        {
            "label_type": "解剖部位",
            "start_pos": 124,
            "end_pos": 125,
            "text": "心"
        },
        {
            "label_type": "解剖部位",
            "start_pos": 128,
            "end_pos": 129,
            "text": "腹"
        },
        {
            "label_type": "解剖部位",
            "start_pos": 131,
            "end_pos": 132,
            "text": "腹"
        },
        {
            "label_type": "解剖部位",
            "start_pos": 135,
            "end_pos": 136,
            "text": "胸"
        },
        {
            "label_type": "解剖部位",
            "start_pos": 138,
            "end_pos": 139,
            "text": "胸"
        },
        {
            "label_type": "解剖部位",
            "start_pos": 141,
            "end_pos": 144,
            "text": "心前区"
        },
        {
            "label_type": "解剖部位",
            "start_pos": 189,
            "end_pos": 190,
            "text": "胃"
        },
        {
            "label_type": "药物",
            "start_pos": 269,
            "end_pos": 275,
            "text": "去甲肾下腺素"
        },
        {
            "label_type": "疾病和诊断",
            "start_pos": 362,
            "end_pos": 370,
            "text": "急性下消化道出血"
        },
        {
            "label_type": "疾病和诊断",
            "start_pos": 371,
            "end_pos": 376,
            "text": "失血性休克"
        }
    ]
}