{
    "originalText": "1+年前患者服用“头痛粉”后解黑色成形大便，共3次，量约250g/次，伴头昏、乏力、皮肤黏膜苍白，无反酸、嗳气、烧心，无呕血、腹痛、腹胀、腹泻，无恶心、呕吐、晕厥，无口干、颜面肢体水肿、腹围增大。于我院查“Hb32g/L”，诊断为“1、消化道出血原因待查 2、重度贫血3、丙肝肝硬化”，拒绝行胃镜检查，给予止血、纠正贫血、抑酸等对症治疗，未解黑便后自动出院。期间反复解成形黑便，我院无痛胃镜示胃底静脉曲张（1条），F1，红色征阴性；胃体黏膜隆起，不除外静脉曲张；十二指肠球炎”，下消化道出血原因不能明确，建议行小肠镜、腹部血管DSA检查，患者拒绝，给予止血、输血纠正贫血、抑酸等对症处理后症状好转出院，未再正规检查及治疗。1天前患者无明显诱因自觉全身乏力，再次解成形黑便，约100g,无呕血，无烧心、反酸，无心悸，无意识丧失，为求进一步处理，门诊以“消化道出血”收入住院。病程中精神、睡眠欠佳，饮食尚可，大便如下述，小便正常。体重无明显减轻。",
    "entities": [
        {
            "label_type": "药物",
            "start_pos": 9,
            "end_pos": 12,
            "text": "头痛粉"
        },
        {
            "label_type": "解剖部位",
            "start_pos": 36,
            "end_pos": 37,
            "text": "头"
        },
        {
            "label_type": "解剖部位",
            "start_pos": 63,
            "end_pos": 64,
            "text": "腹"
        },
        {
            "label_type": "解剖部位",
            "start_pos": 66,
            "end_pos": 67,
            "text": "腹"
        },
        {
            "label_type": "解剖部位",
            "start_pos": 69,
            "end_pos": 70,
            "text": "腹"
        },
        {
            "label_type": "解剖部位",
            "start_pos": 83,
            "end_pos": 84,
            "text": "口"
        },
        {
            "label_type": "解剖部位",
            "start_pos": 87,
            "end_pos": 88,
            "text": "面"
        },
        {
            "label_type": "解剖部位",
            "start_pos": 88,
            "end_pos": 90,
            "text": "肢体"
        },
        {
            "label_type": "解剖部位",
            "start_pos": 93,
            "end_pos": 94,
            "text": "腹"
        },
        {
            "label_type": "实验室检验",
            "start_pos": 103,
            "end_pos": 105,
            "text": "Hb"
        },
        {
            "label_type": "疾病和诊断",
            "start_pos": 118,
            "end_pos": 123,
            "text": "消化道出血"
        },
        {
            "label_type": "疾病和诊断",
            "start_pos": 130,
            "end_pos": 134,
            "text": "重度贫血"
        },
        {
            "label_type": "疾病和诊断",
            "start_pos": 136,
            "end_pos": 141,
            "text": "丙肝肝硬化"
        },
        {
            "label_type": "疾病和诊断",
            "start_pos": 196,
            "end_pos": 202,
            "text": "胃底静脉曲张"
        },
        {
            "label_type": "解剖部位",
            "start_pos": 216,
            "end_pos": 218,
            "text": "胃体"
        },
        {
            "label_type": "疾病和诊断",
            "start_pos": 231,
            "end_pos": 237,
            "text": "十二指肠球炎"
        },
        {
            "label_type": "疾病和诊断",
            "start_pos": 239,
            "end_pos": 247,
            "text": "下消化道出血原因"
        },
        {
            "label_type": "影像检查",
            "start_pos": 259,
            "end_pos": 266,
            "text": "腹部血管DSA"
        },
        {
            "label_type": "疾病和诊断",
            "start_pos": 375,
            "end_pos": 380,
            "text": "消化道出血"
        }
    ]
}