{
    "originalText": "缘于3月前因残胃癌在我院于2014年01月02日在全麻上行根治性残胃癌切除术手术术利顺术利。癌栓（残胃）胃近贲门处溃疡型管状腺癌II-III级病理示（粘液腺癌残）近处溃疡型管状腺癌II管-I癌II级，部分食管胃为，侵及浆术膜层，切侵犯神经肠管，切脉管内见（术切后），未见癌侵犯交界区贲门。手术标本下小弯侧淋巴结切端、吻合大弯侧淋巴结管双切端及另癌送（下术切端）均未见癌利浸润，找到**术/8个，0/腹6个肛门，0/2个，见癌转移。术后恢复良好，粘连性小肠梗阻顺利出食院胃肠。出院后肠于术后2周液出现“痛伴停止排气、排便治”再次就诊腹我院，考虑“”予禁食、性腹减压、灌性加、抑制消化液分泌、营养支持等积极保守剖腹探查+小肠粘连松解术治疗术后，术患者痛一度好转后再次腹呈持腹续性痛伴阵发性加剧，遂于2014.1.25全麻上行“剖探查+小粘连松解术”，术顺，术后恢奥沙利铂复良好，出院后I无痛、胀+亚叶酸钙、恶心、呕吐等-不I适，20+替加氟14.02I.17、术2014.3.3、201利4.4.1于我院行“100MGD1IVGTT+食200MGD腹1-腹2IVGTT+3.0GCIV”",
    "entities": [
        {
            "label_type": "疾病和诊断",
            "overlap": 0,
            "start_pos": 6,
            "end_pos": 9,
            "text": "残胃癌"
        },
        {
            "end_pos": 38,
            "label_type": "手术",
            "overlap": 0,
            "start_pos": 29,
            "text": "根治性残胃癌切除术"
        },
        {
            "label_type": "疾病和诊断",
            "overlap": 0,
            "start_pos": 48,
            "end_pos": 71,
            "text": "（残胃）胃近贲门处溃疡型管状腺癌II-III级"
        },
        {
            "label_type": "疾病和诊断",
            "overlap": 0,
            "start_pos": 75,
            "end_pos": 79,
            "text": "粘液腺癌"
        },
        {
            "label_type": "解剖部位",
            "overlap": 0,
            "start_pos": 102,
            "end_pos": 104,
            "text": "食管"
        },
        {
            "label_type": "解剖部位",
            "overlap": 0,
            "start_pos": 104,
            "end_pos": 105,
            "text": "胃"
        },
        {
            "label_type": "解剖部位",
            "overlap": 0,
            "start_pos": 119,
            "end_pos": 120,
            "text": "肠"
        },
        {
            "end_pos": 143,
            "label_type": "解剖部位",
            "overlap": 0,
            "start_pos": 141,
            "text": "贲门"
        },
        {
            "end_pos": 155,
            "label_type": "解剖部位",
            "overlap": 0,
            "start_pos": 149,
            "text": "小弯侧淋巴结"
        },
        {
            "end_pos": 166,
            "label_type": "解剖部位",
            "overlap": 0,
            "start_pos": 160,
            "text": "大弯侧淋巴结"
        },
        {
            "end_pos": 200,
            "label_type": "解剖部位",
            "overlap": 0,
            "start_pos": 199,
            "text": "腹"
        },
        {
            "end_pos": 204,
            "label_type": "解剖部位",
            "overlap": 0,
            "start_pos": 202,
            "text": "肛门"
        },
        {
            "label_type": "疾病和诊断",
            "overlap": 0,
            "start_pos": 222,
            "end_pos": 229,
            "text": "粘连性小肠梗阻"
        },
        {
            "label_type": "解剖部位",
            "overlap": 0,
            "start_pos": 234,
            "end_pos": 235,
            "text": "胃"
        },
        {
            "label_type": "解剖部位",
            "overlap": 0,
            "start_pos": 235,
            "end_pos": 236,
            "text": "肠"
        },
        {
            "end_pos": 241,
            "label_type": "解剖部位",
            "overlap": 0,
            "start_pos": 240,
            "text": "肠"
        },
        {
            "end_pos": 266,
            "label_type": "解剖部位",
            "overlap": 0,
            "start_pos": 265,
            "text": "腹"
        },
        {
            "end_pos": 279,
            "label_type": "解剖部位",
            "overlap": 0,
            "start_pos": 278,
            "text": "腹"
        },
        {
            "label_type": "手术",
            "overlap": 0,
            "start_pos": 303,
            "end_pos": 315,
            "text": "剖腹探查+小肠粘连松解术"
        },
        {
            "end_pos": 332,
            "label_type": "解剖部位",
            "overlap": 0,
            "start_pos": 331,
            "text": "腹"
        },
        {
            "end_pos": 335,
            "label_type": "解剖部位",
            "overlap": 0,
            "start_pos": 334,
            "text": "腹"
        },
        {
            "end_pos": 383,
            "label_type": "药物",
            "overlap": 0,
            "start_pos": 379,
            "text": "奥沙利铂"
        },
        {
            "end_pos": 400,
            "label_type": "药物",
            "overlap": 0,
            "start_pos": 396,
            "text": "亚叶酸钙"
        },
        {
            "end_pos": 418,
            "label_type": "药物",
            "overlap": 0,
            "start_pos": 415,
            "text": "替加氟"
        },
        {
            "end_pos": 473,
            "label_type": "解剖部位",
            "overlap": 0,
            "start_pos": 472,
            "text": "腹"
        },
        {
            "end_pos": 476,
            "label_type": "解剖部位",
            "overlap": 0,
            "start_pos": 475,
            "text": "腹"
        }
    ]
}