{
    "originalText": "，，缘于入院前1月于我院诊胃角癌，2为角癌，2015年09月0上7腹腔镜辅助上根治性远端胃大部切除术（毕II式，D2），术后日在全性麻上行，术后予预防性抗感治染、术后制酸（2、补液支2持等2），治(远端胃大部疗。，术胃角溃疡型管状腺癌II级，后病理（2，0术153切端219(下切端2），：癌(远端大部小弯淋巴结2分2)，:大弯淋巴结，侵2及浆幽门下淋巴结膜层2，手幽门上淋巴结术标本双切，端及另(胃右A根部）淋巴结送(下切端(第8P）淋巴结)均未见，癌癌浸润。术后找到2/21个、0II/2个、0/2个、1/11个，门，及胃角癌术后另送0/下3个、1/6个，见癌转移。术，后腹恢复腹良好,伤，大小口愈合，II/甲。此次为化疗",
    "entities": [
        {
            "label_type": "疾病和诊断",
            "overlap": 0,
            "start_pos": 13,
            "end_pos": 16,
            "text": "胃角癌"
        },
        {
            "label_type": "手术",
            "overlap": 0,
            "start_pos": 33,
            "end_pos": 59,
            "text": "腹腔镜辅助上根治性远端胃大部切除术（毕II式，D2）"
        },
        {
            "label_type": "解剖部位",
            "overlap": 0,
            "start_pos": 101,
            "end_pos": 102,
            "text": "胃"
        },
        {
            "label_type": "疾病和诊断",
            "overlap": 0,
            "start_pos": 108,
            "end_pos": 120,
            "text": "胃角溃疡型管状腺癌II级"
        },
        {
            "end_pos": 156,
            "label_type": "解剖部位",
            "overlap": 0,
            "start_pos": 151,
            "text": "小弯淋巴结"
        },
        {
            "end_pos": 167,
            "label_type": "解剖部位",
            "overlap": 0,
            "start_pos": 162,
            "text": "大弯淋巴结"
        },
        {
            "end_pos": 178,
            "label_type": "解剖部位",
            "overlap": 0,
            "start_pos": 172,
            "text": "幽门下淋巴结"
        },
        {
            "end_pos": 189,
            "label_type": "解剖部位",
            "overlap": 0,
            "start_pos": 183,
            "text": "幽门上淋巴结"
        },
        {
            "label_type": "解剖部位",
            "overlap": 0,
            "start_pos": 198,
            "end_pos": 208,
            "text": "(胃右A根部）淋巴结"
        },
        {
            "label_type": "解剖部位",
            "overlap": 0,
            "start_pos": 213,
            "end_pos": 221,
            "text": "(第8P）淋巴结"
        },
        {
            "label_type": "疾病和诊断",
            "overlap": 0,
            "start_pos": 262,
            "end_pos": 267,
            "text": "胃角癌术后"
        },
        {
            "end_pos": 289,
            "label_type": "解剖部位",
            "overlap": 0,
            "start_pos": 288,
            "text": "腹"
        },
        {
            "end_pos": 292,
            "label_type": "解剖部位",
            "overlap": 0,
            "start_pos": 291,
            "text": "腹"
        }
    ]
}