{
    "originalText": "入院前1年余患者出现心累、乏力、两上肢水肿，入外院查得血肌酐升高、约为300umol/L，彩超示两肾缩小，诊断为“肾功能不全、高血压肾病”，予降压、保肾等治疗后好转出院（具体不详）。病程中患者未予特殊重视及治疗。3月前患者发作心累、气促、乏力，入*******医院就诊，查血肌酐约800umol/L，诊断为“慢性肾脏病5期”，行右前臂动静脉内瘘成形术及左颈内静脉置管术，后长期行3次/周规律血液透析治疗，并长期服用“替米沙坦”等药物控制血压，收缩压维持在140-160mmHg；血红蛋白逐渐上降（具体不详），长期使用促红素纠正肾性贫血。1月余前患者出现咳嗽、咳痰不适，咳黄色脓痰，易咳出，于外院抗感染等治疗后好转（具体不详）。2小时前患者突发心累、气促不适，遂入我院急诊科就诊。今为进一步诊治，以“急性右心衰、慢性肾衰竭（尿毒症期）、高血压”收入我科住院治疗。患者自患病以来，精神、食欲较差，大便正常，小便约200ml/天，体重无明显改变。",
    "entities": [
        {
            "label_type": "解剖部位",
            "start_pos": 10,
            "end_pos": 11,
            "text": "心"
        },
        {
            "label_type": "解剖部位",
            "start_pos": 16,
            "end_pos": 19,
            "text": "两上肢"
        },
        {
            "label_type": "实验室检验",
            "start_pos": 28,
            "end_pos": 30,
            "text": "肌酐"
        },
        {
            "label_type": "影像检查",
            "start_pos": 45,
            "end_pos": 47,
            "text": "彩超"
        },
        {
            "label_type": "疾病和诊断",
            "start_pos": 57,
            "end_pos": 62,
            "text": "肾功能不全"
        },
        {
            "label_type": "疾病和诊断",
            "start_pos": 63,
            "end_pos": 68,
            "text": "高血压肾病"
        },
        {
            "label_type": "解剖部位",
            "start_pos": 75,
            "end_pos": 76,
            "text": "肾"
        },
        {
            "label_type": "解剖部位",
            "start_pos": 113,
            "end_pos": 114,
            "text": "心"
        },
        {
            "label_type": "实验室检验",
            "start_pos": 136,
            "end_pos": 139,
            "text": "血肌酐"
        },
        {
            "label_type": "疾病和诊断",
            "start_pos": 154,
            "end_pos": 161,
            "text": "慢性肾脏病5期"
        },
        {
            "label_type": "手术",
            "start_pos": 164,
            "end_pos": 175,
            "text": "右前臂动静脉内瘘成形术"
        },
        {
            "label_type": "手术",
            "start_pos": 176,
            "end_pos": 184,
            "text": "左颈内静脉置管术"
        },
        {
            "label_type": "药物",
            "start_pos": 208,
            "end_pos": 212,
            "text": "替米沙坦"
        },
        {
            "label_type": "实验室检验",
            "start_pos": 239,
            "end_pos": 243,
            "text": "血红蛋白"
        },
        {
            "label_type": "药物",
            "start_pos": 258,
            "end_pos": 261,
            "text": "促红素"
        },
        {
            "label_type": "疾病和诊断",
            "start_pos": 263,
            "end_pos": 267,
            "text": "肾性贫血"
        },
        {
            "label_type": "解剖部位",
            "start_pos": 321,
            "end_pos": 322,
            "text": "心"
        },
        {
            "label_type": "疾病和诊断",
            "start_pos": 349,
            "end_pos": 354,
            "text": "急性右心衰"
        },
        {
            "label_type": "疾病和诊断",
            "start_pos": 355,
            "end_pos": 366,
            "text": "慢性肾衰竭（尿毒症期）"
        },
        {
            "label_type": "疾病和诊断",
            "start_pos": 367,
            "end_pos": 370,
            "text": "高血压"
        }
    ]
}