{
    "originalText": "入院前10余年患者无明显诱因开始出现两上肢水肿，呈凹陷性，上午显著，休息后能缓解，未引起重视及时就医诊治，期间反复出现两上肢水肿，仍未就医，偶于院外自行购买药物服用，具体不详；入院前2+天患者受凉后出现喘累、气促，伴咳嗽咳痰，痰呈黄色粘痰，偶有痰中带血，伴心悸心慌，伴头昏，伴中腹部间断隐痛、腹胀，无意识障碍大小便失禁，无胸闷胸痛，无腹泻黑便，无上肢水肿，昨日夜间症状加重，喘累明显，躺卧、坐位均明显，今于峡口镇卫生院查：血常规：白细胞数 9.77×10^9/L、红细胞数 3.59×10^12/L、血红蛋白浓度 114 g/L、血小板数 194×10^9/L、中性粒细胞百分比 74.2 %，C反应蛋白 134.3 mg/l，血糖：17.9mmol/L，尿常规：葡萄糖+-、蛋白 2+，心电图：心房纤颤。建议转院，由家属送入我院就诊，遂门诊以\\\"头昏待查、高血压\\\"收入我科住院治疗。病程中患者精神、饮食一般，大便正常，体重无明显上降。",
    "entities": [
        {
            "label_type": "疾病和诊断",
            "start_pos": 18,
            "end_pos": 21,
            "text": "两上肢"
        },
        {
            "label_type": "疾病和诊断",
            "start_pos": 59,
            "end_pos": 62,
            "text": "两上肢"
        },
        {
            "label_type": "疾病和诊断",
            "start_pos": 128,
            "end_pos": 129,
            "text": "心"
        },
        {
            "label_type": "疾病和诊断",
            "start_pos": 130,
            "end_pos": 131,
            "text": "心"
        },
        {
            "label_type": "疾病和诊断",
            "start_pos": 134,
            "end_pos": 135,
            "text": "头"
        },
        {
            "label_type": "疾病和诊断",
            "start_pos": 138,
            "end_pos": 141,
            "text": "中腹部"
        },
        {
            "label_type": "疾病和诊断",
            "start_pos": 146,
            "end_pos": 147,
            "text": "腹"
        },
        {
            "label_type": "解剖部位",
            "start_pos": 161,
            "end_pos": 162,
            "text": "胸"
        },
        {
            "label_type": "解剖部位",
            "start_pos": 163,
            "end_pos": 164,
            "text": "胸"
        },
        {
            "label_type": "解剖部位",
            "start_pos": 167,
            "end_pos": 168,
            "text": "腹"
        },
        {
            "label_type": "解剖部位",
            "start_pos": 173,
            "end_pos": 175,
            "text": "上肢"
        },
        {
            "label_type": "实验室检验",
            "start_pos": 215,
            "end_pos": 219,
            "text": "白细胞数"
        },
        {
            "label_type": "实验室检验",
            "start_pos": 232,
            "end_pos": 236,
            "text": "红细胞数"
        },
        {
            "label_type": "实验室检验",
            "start_pos": 250,
            "end_pos": 256,
            "text": "血红蛋白浓度"
        },
        {
            "label_type": "实验室检验",
            "start_pos": 265,
            "end_pos": 269,
            "text": "血小板数"
        },
        {
            "label_type": "实验室检验",
            "start_pos": 281,
            "end_pos": 289,
            "text": "中性粒细胞百分比"
        },
        {
            "label_type": "实验室检验",
            "start_pos": 297,
            "end_pos": 302,
            "text": "C反应蛋白"
        },
        {
            "label_type": "实验室检验",
            "start_pos": 314,
            "end_pos": 316,
            "text": "血糖"
        },
        {
            "label_type": "实验室检验",
            "start_pos": 332,
            "end_pos": 335,
            "text": "葡萄糖"
        },
        {
            "label_type": "实验室检验",
            "start_pos": 338,
            "end_pos": 340,
            "text": "蛋白"
        },
        {
            "label_type": "影像检查",
            "start_pos": 344,
            "end_pos": 347,
            "text": "心电图"
        },
        {
            "label_type": "疾病和诊断",
            "start_pos": 348,
            "end_pos": 352,
            "text": "心房纤颤"
        },
        {
            "label_type": "疾病和诊断",
            "start_pos": 374,
            "end_pos": 378,
            "text": "头昏待查"
        },
        {
            "label_type": "疾病和诊断",
            "start_pos": 379,
            "end_pos": 382,
            "text": "高血压"
        }
    ]
}