{
    "originalText": "，缘于入院前5月余于我院诊断为“直肠癌伴两肺多发转移瘤”，予2016-07-08行“腹腔镜上直肠部分切除术（姑息性）+乙状结肠造瘘术”，，术术中见腹腔：腔内无明显出血，没有明显粘连腹，无水瘤，位于下腹膜缘肿瘤膜反M折下2CM右左，膜明显累及浆膜面，侵犯瘤上左侧腹腔盆壁，肿瘤上术缘于腔内直肠癌伴肺转移不可探及，瘤术中诊断“癌伴肺转移”，考腹腔镜上姑息性直肠癌切除术（HARTMANN）+乙状结肠造瘘术虑肿术瘤晚术后期，外侵明显，遂决定胃行“肝腔镜上姑息性癌切除术（HARTMANN）+乙术后状结肠造瘘直肠术”。肠溃疡型管状腺癌II级术部分顺，状术后型予伴止血、止痛，抑酸脉管保、脉管保癌，增强免疫膜，加强术营养支持上切等治疗，癌恢复良好。肠周淋巴结，术后病理示：癌转移()，癌结：，部分为筛状肠系膜上动脉根部淋巴结粉镜上刺型，伴坏管死，侵结犯神经及脉管，见脉管内结癌栓，I侵及（浆膜层。性）手术标本R（+）下、上切（+）端均未见（+）癌浸润。找到2/12个，见癌转移，找到癌结节3个。另送()镜上为脂肪、血管及纤维结缔组织。，伊立替康免疫组M化I染色TT结果+卡培他滨：KI6M7（80I%阳性），E+洛铂GFMR腹腔（+），P53（+），P16（+）。于2016伊立替康.07M.I30TT、2+卡培他滨016.M8.20I、2016.09.10、2016.10.14行“240MG直肠癌术后IVGTTD1+15发00MGPOBIDD1-14+40MG腔灌注D1”方案化疗。于201",
    "entities": [
        {
            "label_type": "疾病和诊断",
            "overlap": 0,
            "start_pos": 16,
            "end_pos": 27,
            "text": "直肠癌伴两肺多发转移瘤"
        },
        {
            "label_type": "手术",
            "overlap": 0,
            "start_pos": 42,
            "end_pos": 66,
            "text": "腹腔镜上直肠部分切除术（姑息性）+乙状结肠造瘘术"
        },
        {
            "end_pos": 75,
            "label_type": "解剖部位",
            "overlap": 0,
            "start_pos": 73,
            "text": "腹腔"
        },
        {
            "end_pos": 91,
            "label_type": "解剖部位",
            "overlap": 0,
            "start_pos": 90,
            "text": "腹"
        },
        {
            "label_type": "解剖部位",
            "overlap": 0,
            "start_pos": 99,
            "end_pos": 100,
            "text": "腹"
        },
        {
            "end_pos": 132,
            "label_type": "解剖部位",
            "overlap": 0,
            "start_pos": 130,
            "text": "腹腔"
        },
        {
            "label_type": "疾病和诊断",
            "overlap": 0,
            "start_pos": 143,
            "end_pos": 150,
            "text": "直肠癌伴肺转移"
        },
        {
            "label_type": "手术",
            "overlap": 0,
            "start_pos": 169,
            "end_pos": 200,
            "text": "腹腔镜上姑息性直肠癌切除术（HARTMANN）+乙状结肠造瘘术"
        },
        {
            "end_pos": 218,
            "label_type": "解剖部位",
            "overlap": 0,
            "start_pos": 217,
            "text": "胃"
        },
        {
            "end_pos": 221,
            "label_type": "解剖部位",
            "overlap": 0,
            "start_pos": 220,
            "text": "肝"
        },
        {
            "label_type": "解剖部位",
            "overlap": 0,
            "start_pos": 250,
            "end_pos": 252,
            "text": "直肠"
        },
        {
            "label_type": "疾病和诊断",
            "overlap": 0,
            "start_pos": 255,
            "end_pos": 266,
            "text": "肠溃疡型管状腺癌II级"
        },
        {
            "end_pos": 324,
            "label_type": "解剖部位",
            "overlap": 0,
            "start_pos": 319,
            "text": "肠周淋巴结"
        },
        {
            "end_pos": 357,
            "label_type": "解剖部位",
            "overlap": 0,
            "start_pos": 346,
            "text": "肠系膜上动脉根部淋巴结"
        },
        {
            "end_pos": 467,
            "label_type": "药物",
            "overlap": 0,
            "start_pos": 463,
            "text": "伊立替康"
        },
        {
            "end_pos": 484,
            "label_type": "药物",
            "overlap": 0,
            "start_pos": 480,
            "text": "卡培他滨"
        },
        {
            "end_pos": 503,
            "label_type": "药物",
            "overlap": 0,
            "start_pos": 501,
            "text": "洛铂"
        },
        {
            "end_pos": 509,
            "label_type": "解剖部位",
            "overlap": 0,
            "start_pos": 507,
            "text": "腹腔"
        },
        {
            "end_pos": 536,
            "label_type": "药物",
            "overlap": 0,
            "start_pos": 532,
            "text": "伊立替康"
        },
        {
            "end_pos": 553,
            "label_type": "药物",
            "overlap": 0,
            "start_pos": 549,
            "text": "卡培他滨"
        },
        {
            "label_type": "疾病和诊断",
            "overlap": 0,
            "start_pos": 592,
            "end_pos": 597,
            "text": "直肠癌术后"
        }
    ]
}