{
    "originalText": "，患者5个半月前前(2014-12-23)因直肠癌“”，在我院全麻上浆直肠高位前切除术膜术中。术中探查H0P0，病灶大小约3*2.5*1.0位C直肠下段M，前位于，左前壁，上行为脂腹肪遮盖。余膜内未术见异常：。，术后直肠癌：隆起型　中分化管状腺癌　病理：癌，进展结期：隆癌起型　中分化管状腺癌　断分端无癌。淋巴结见：转移癌（1/15术枚）DUKES分前期C胆囊炎、胆囊结石期（，病理号：178胆囊切除术036），术后3周（4个半月前）因，希罗达、艾恒化在我院普外科行急诊化。恢复顺利，2015-5-4于我科行、化疗一次，现为再次行化疗而入我科，患者病来",
    "entities": [
        {
            "label_type": "疾病和诊断",
            "overlap": 0,
            "start_pos": 22,
            "end_pos": 25,
            "text": "直肠癌"
        },
        {
            "end_pos": 43,
            "label_type": "手术",
            "overlap": 0,
            "start_pos": 35,
            "text": "直肠高位前切除术"
        },
        {
            "label_type": "解剖部位",
            "overlap": 0,
            "start_pos": 72,
            "end_pos": 76,
            "text": "直肠下段"
        },
        {
            "label_type": "解剖部位",
            "overlap": 0,
            "start_pos": 90,
            "end_pos": 91,
            "text": "腹"
        },
        {
            "label_type": "疾病和诊断",
            "overlap": 0,
            "start_pos": 108,
            "end_pos": 123,
            "text": "直肠癌：隆起型　中分化管状腺癌"
        },
        {
            "label_type": "疾病和诊断",
            "overlap": 0,
            "start_pos": 178,
            "end_pos": 186,
            "text": "胆囊炎、胆囊结石"
        },
        {
            "label_type": "手术",
            "overlap": 0,
            "start_pos": 196,
            "end_pos": 201,
            "text": "胆囊切除术"
        },
        {
            "end_pos": 222,
            "label_type": "药物",
            "overlap": 0,
            "start_pos": 219,
            "text": "希罗达"
        },
        {
            "end_pos": 225,
            "label_type": "药物",
            "overlap": 0,
            "start_pos": 223,
            "text": "艾恒"
        }
    ]
}