{
    "originalText": "患者入院前2年，患者无明确诱因反复出现胸闷、心累，以劳累后明显，发作时伴头晕、肢体麻木、视物模糊，无确切胸痛，无胸骨后压榨感，无恶心呕吐等不适，每次发作时间不等，缓解因素不确定。于3月前（2014.4月）再次发作，于我院就诊，行心电图提示“心房纤颤”，遂于我科住院治疗后症状好转。并建议其下级医院进一步治疗，遂就诊于“**医院”，行冠脉造影检查提示“四支血管病变”，最严重者狭窄85%（具体不详）。遂于“**医院行冠脉搭桥手术及射频消融术”，术后常感伤口疼痛，胸闷、心累好转。长期口服药物治疗（具体用药不详）。2小时前，患者无明显诱因觉剑突上疼痛，成波动性疼痛，可忍受，无大汗淋漓、心前区压榨感及胸闷等不适，遂就诊于我院，门诊查心电图提示：窦性心律，电轴轻中度右偏，ST-T改变，心肌酶谱未见异常。遂为进一步明确诊断及治疗，以“冠心病 冠脉搭桥术后”收入我科住院。患者此次患病以来精神食尚可，大小便正常，睡眠尚可,体力及体重无明显改变.",
    "entities": [
        {
            "label_type": "解剖部位",
            "start_pos": 19,
            "end_pos": 20,
            "text": "胸"
        },
        {
            "label_type": "解剖部位",
            "start_pos": 22,
            "end_pos": 23,
            "text": "心"
        },
        {
            "label_type": "解剖部位",
            "start_pos": 36,
            "end_pos": 37,
            "text": "头"
        },
        {
            "label_type": "解剖部位",
            "start_pos": 39,
            "end_pos": 41,
            "text": "肢体"
        },
        {
            "label_type": "解剖部位",
            "start_pos": 52,
            "end_pos": 53,
            "text": "胸"
        },
        {
            "label_type": "解剖部位",
            "start_pos": 56,
            "end_pos": 58,
            "text": "胸骨"
        },
        {
            "label_type": "影像检查",
            "start_pos": 114,
            "end_pos": 117,
            "text": "心电图"
        },
        {
            "label_type": "疾病和诊断",
            "start_pos": 120,
            "end_pos": 124,
            "text": "心房纤颤"
        },
        {
            "label_type": "影像检查",
            "start_pos": 166,
            "end_pos": 170,
            "text": "冠脉造影"
        },
        {
            "label_type": "手术",
            "start_pos": 207,
            "end_pos": 219,
            "text": "冠脉搭桥手术及射频消融术"
        },
        {
            "label_type": "解剖部位",
            "start_pos": 230,
            "end_pos": 231,
            "text": "胸"
        },
        {
            "label_type": "解剖部位",
            "start_pos": 233,
            "end_pos": 234,
            "text": "心"
        },
        {
            "label_type": "解剖部位",
            "start_pos": 268,
            "end_pos": 271,
            "text": "剑突上"
        },
        {
            "label_type": "解剖部位",
            "start_pos": 291,
            "end_pos": 294,
            "text": "心前区"
        },
        {
            "label_type": "解剖部位",
            "start_pos": 298,
            "end_pos": 299,
            "text": "胸"
        },
        {
            "label_type": "影像检查",
            "start_pos": 314,
            "end_pos": 317,
            "text": "心电图"
        },
        {
            "label_type": "疾病和诊断",
            "start_pos": 364,
            "end_pos": 367,
            "text": "冠心病"
        },
        {
            "label_type": "疾病和诊断",
            "start_pos": 368,
            "end_pos": 374,
            "text": "冠脉搭桥术后"
        }
    ]
}