{
    "originalText": "，罹患残胃癌残癌01于2013-9-6在全我院全胃切除术（空肠J字代胃）予行术全麻上全切腹腔除术（空肠J腹腔字代腹）；肝脏，术中探查盆底腹见：腔内严肿瘤重粘残胃后连，腔内性肿无水，10无法探查，膜无肿瘤异常；肿瘤位于残术后后壁，溃疡性肿块，约10 X 利8CM。肿瘤术侵出浆膜01层。11患者术）后积极残胃低分化腺癌予相关对症支持治疗并恢复顺利良好。相关手术病理(20切13 11胃24切8），示：癌残贲门周围（10个）淋巴结低分化癌腺癌，体积化7.5癌*7*3.2C1（M），蕈伞型，侵达浆膜。双端切线（及）另送“（远）端切线”1（未）查见癌。未查见（癌性。，0免）疫组化染色示癌组（织）：ERCC1（肿瘤+）、分β-TUB术后化ULIN-III（+）、TS（后-）01、RRM101（-10）、术后TO化PO周II（阳性数60%奥沙利铂）00、CER1B亚叶酸钙0B-2（-）。合患者替加氟1000病情及肿瘤病理与分期继续予行术后化疗相血关辅助治疗指征存在；反酸（化先后予2013-9性、2013血-1外周血白细胞0予行术瑞白后血辅助）化疗2周期，（，01具体10用药为）：200MG D1+0.3G D2-6恶 +1000MG 酸D2-6 静滴，同时辅以镇吐、升腹血、腹免疫调节等对症支持性治疗（化疗期间后患者总体耐受性良好；复查血像示减少，胃恶性肿瘤术后予升血处理）。自下次出院（2013-10-23）以来，患者一后般情况保持良好；无化发",
    "entities": [
        {
            "label_type": "疾病和诊断",
            "overlap": 0,
            "start_pos": 3,
            "end_pos": 6,
            "text": "残胃癌"
        },
        {
            "label_type": "手术",
            "overlap": 0,
            "start_pos": 23,
            "end_pos": 36,
            "text": "全胃切除术（空肠J字代胃）"
        },
        {
            "end_pos": 46,
            "label_type": "解剖部位",
            "overlap": 0,
            "start_pos": 44,
            "text": "腹腔"
        },
        {
            "end_pos": 54,
            "label_type": "解剖部位",
            "overlap": 0,
            "start_pos": 52,
            "text": "腹腔"
        },
        {
            "end_pos": 57,
            "label_type": "解剖部位",
            "overlap": 0,
            "start_pos": 56,
            "text": "腹"
        },
        {
            "end_pos": 61,
            "label_type": "解剖部位",
            "overlap": 0,
            "start_pos": 59,
            "text": "肝脏"
        },
        {
            "end_pos": 68,
            "label_type": "解剖部位",
            "overlap": 0,
            "start_pos": 66,
            "text": "盆底"
        },
        {
            "label_type": "解剖部位",
            "overlap": 0,
            "start_pos": 68,
            "end_pos": 69,
            "text": "腹"
        },
        {
            "label_type": "解剖部位",
            "overlap": 0,
            "start_pos": 79,
            "end_pos": 80,
            "text": "胃"
        },
        {
            "label_type": "疾病和诊断",
            "overlap": 0,
            "start_pos": 151,
            "end_pos": 158,
            "text": "残胃低分化腺癌"
        },
        {
            "label_type": "解剖部位",
            "overlap": 0,
            "start_pos": 190,
            "end_pos": 191,
            "text": "胃"
        },
        {
            "label_type": "解剖部位",
            "overlap": 0,
            "start_pos": 201,
            "end_pos": 213,
            "text": "贲门周围（10个）淋巴结"
        },
        {
            "end_pos": 370,
            "label_type": "药物",
            "overlap": 0,
            "start_pos": 366,
            "text": "奥沙利铂"
        },
        {
            "end_pos": 383,
            "label_type": "药物",
            "overlap": 0,
            "start_pos": 379,
            "text": "亚叶酸钙"
        },
        {
            "end_pos": 397,
            "label_type": "药物",
            "overlap": 0,
            "start_pos": 394,
            "text": "替加氟"
        },
        {
            "label_type": "实验室检验",
            "overlap": 0,
            "start_pos": 453,
            "end_pos": 459,
            "text": "外周血白细胞"
        },
        {
            "end_pos": 465,
            "label_type": "药物",
            "overlap": 0,
            "start_pos": 463,
            "text": "瑞白"
        },
        {
            "end_pos": 535,
            "label_type": "解剖部位",
            "overlap": 0,
            "start_pos": 534,
            "text": "腹"
        },
        {
            "end_pos": 538,
            "label_type": "解剖部位",
            "overlap": 0,
            "start_pos": 537,
            "text": "腹"
        },
        {
            "label_type": "疾病和诊断",
            "overlap": 0,
            "start_pos": 574,
            "end_pos": 581,
            "text": "胃恶性肿瘤术后"
        }
    ]
}