{
    "originalText": "，，患者于2016-11-04全在全麻上行胃癌根治术(全胃）\\\"，，术癌根治术(全）\\胃\"，），术后中至低分化腺癌，LAUREN，分病理回报，癌:“（大至胃体）镜检为，，分型食管：肠型，癌组织侵犯至管壁癌浆，膜上层，并累及壁外膜层；未见癌明确脉管内癌栓，，可见癌神经束侵犯；网）膜组癌织未术见癌。淋巴结41分枚，2枚见癌。（远、近切缘，）未见，癌”。术后预防感染、抑制分泌、术静脉营化养，等对症行上处理化，恢复好，，2016，-12-05，食已予行，一程术后辅，助化疗，以现为支",
    "entities": [
        {
            "label_type": "手术",
            "overlap": 0,
            "start_pos": 21,
            "end_pos": 30,
            "text": "胃癌根治术(全胃）"
        },
        {
            "label_type": "解剖部位",
            "overlap": 0,
            "start_pos": 43,
            "end_pos": 44,
            "text": "胃"
        },
        {
            "label_type": "疾病和诊断",
            "overlap": 0,
            "start_pos": 50,
            "end_pos": 64,
            "text": "中至低分化腺癌，LAUREN"
        },
        {
            "label_type": "解剖部位",
            "overlap": 0,
            "start_pos": 77,
            "end_pos": 78,
            "text": "胃"
        },
        {
            "label_type": "解剖部位",
            "overlap": 0,
            "start_pos": 87,
            "end_pos": 89,
            "text": "食管"
        }
    ]
}