{
    "originalText": "1+年前（2015年6月）患者到*******医院行取环术，术前行彩超示：盆腔包块（具体大小不详，未见报告单），建议随访。1-年前（2015年10月）患者我院复查彩超示：左侧附件区见一囊性回声，大小约4.1cm×3.5cm，建议随访。7天前患者来我院复查彩超示：左附件囊性包块（大小4.2m×3.2cm，其内见多个不规则稍增强回声），考虑畸胎瘤可能。肿瘤标志物（AFP、CEA、CA125+HE4+罗马指数）均正常。门诊查TCT未见下皮内病变及恶性病变，轻度炎症。白带常规III度，查见霉菌，无明显外阴瘙痒，予阴道下药治疗，昨日复查白带常规III度，未查见其他异常。患者平素无恶心、呕吐，无潮热、盗汗，无腹胀、腹痛，无性交出血及性交痛，无异常阴道流血、流液，无尿频、尿急、尿不尽等不适，无大便性状改变。今日患者来院要求手术治疗。门诊以“盆腔包块待查：畸胎瘤？”收治入院。患者患病以来，精神、食欲尚可，睡眠好，大小便正常，体重无明显改变。",
    "entities": [
        {
            "label_type": "手术",
            "start_pos": 26,
            "end_pos": 29,
            "text": "取环术"
        },
        {
            "label_type": "影像检查",
            "start_pos": 33,
            "end_pos": 35,
            "text": "彩超"
        },
        {
            "label_type": "解剖部位",
            "start_pos": 37,
            "end_pos": 39,
            "text": "盆腔"
        },
        {
            "label_type": "影像检查",
            "start_pos": 81,
            "end_pos": 83,
            "text": "彩超"
        },
        {
            "label_type": "解剖部位",
            "start_pos": 85,
            "end_pos": 89,
            "text": "左侧附件"
        },
        {
            "label_type": "影像检查",
            "start_pos": 127,
            "end_pos": 129,
            "text": "彩超"
        },
        {
            "label_type": "解剖部位",
            "start_pos": 131,
            "end_pos": 134,
            "text": "左附件"
        },
        {
            "label_type": "疾病和诊断",
            "start_pos": 169,
            "end_pos": 172,
            "text": "畸胎瘤"
        },
        {
            "label_type": "实验室检验",
            "start_pos": 181,
            "end_pos": 184,
            "text": "AFP"
        },
        {
            "label_type": "实验室检验",
            "start_pos": 185,
            "end_pos": 188,
            "text": "CEA"
        },
        {
            "label_type": "实验室检验",
            "start_pos": 189,
            "end_pos": 194,
            "text": "CA125"
        },
        {
            "label_type": "实验室检验",
            "start_pos": 195,
            "end_pos": 198,
            "text": "HE4"
        },
        {
            "label_type": "实验室检验",
            "start_pos": 199,
            "end_pos": 203,
            "text": "罗马指数"
        },
        {
            "label_type": "解剖部位",
            "start_pos": 249,
            "end_pos": 251,
            "text": "外阴"
        },
        {
            "label_type": "解剖部位",
            "start_pos": 255,
            "end_pos": 257,
            "text": "阴道"
        },
        {
            "label_type": "解剖部位",
            "start_pos": 302,
            "end_pos": 303,
            "text": "腹"
        },
        {
            "label_type": "解剖部位",
            "start_pos": 305,
            "end_pos": 306,
            "text": "腹"
        },
        {
            "label_type": "解剖部位",
            "start_pos": 321,
            "end_pos": 323,
            "text": "阴道"
        },
        {
            "label_type": "疾病和诊断",
            "start_pos": 368,
            "end_pos": 374,
            "text": "盆腔包块待查"
        },
        {
            "label_type": "疾病和诊断",
            "start_pos": 375,
            "end_pos": 378,
            "text": "畸胎瘤"
        }
    ]
}