{
    "originalText": "入院前5年患者反复于受凉后及寒冷季节出现咳嗽、咳痰、喘累，痰呈白色脓痰，每年均发作1-2次，每年发病持续3个月，曾于*******医院就诊，诊断为“慢性阻塞性肺疾病”，给予抗感染、化痰、平喘等治疗(具体不详)后好转。2年余（2015年9月）前在我院查胸片：慢性支气管炎，胸椎骨质增生，主动脉弓壁少许钙化；心脏彩超：心脏各腔室大小正常，二尖瓣瓣环钙化，三尖瓣重度反流，右室舒张功能减退，肺动脉轻度高压；诊断为“慢性阻塞性肺疾病伴急性加重 肺源性心脏病 心律失常”。既往多次发病后入我院治疗后好转。10余天前患者咳嗽、咳痰、喘累症状再发加重，痰呈白色脓痰，能自行咳出，无畏寒、发热，无咯血、胸痛。10天前入**医院住院治疗，予“头孢类抗生素、止咳、化痰”等（具体不详）治疗9天无明显好转。今为进一步诊治，以“慢性阻塞性肺疾病急性加重”收入我科住院治疗。自患病以来，患者食欲、精神、睡眠稍差，大便干燥、约2天/次，小便正常，体重无明显上降。",
    "entities": [
        {
            "label_type": "疾病和诊断",
            "start_pos": 74,
            "end_pos": 82,
            "text": "慢性阻塞性肺疾病"
        },
        {
            "label_type": "影像检查",
            "start_pos": 125,
            "end_pos": 127,
            "text": "胸片"
        },
        {
            "label_type": "疾病和诊断",
            "start_pos": 128,
            "end_pos": 134,
            "text": "慢性支气管炎"
        },
        {
            "label_type": "疾病和诊断",
            "start_pos": 135,
            "end_pos": 141,
            "text": "胸椎骨质增生"
        },
        {
            "label_type": "疾病和诊断",
            "start_pos": 142,
            "end_pos": 151,
            "text": "主动脉弓壁少许钙化"
        },
        {
            "label_type": "影像检查",
            "start_pos": 152,
            "end_pos": 156,
            "text": "心脏彩超"
        },
        {
            "label_type": "解剖部位",
            "start_pos": 157,
            "end_pos": 159,
            "text": "心脏"
        },
        {
            "label_type": "疾病和诊断",
            "start_pos": 167,
            "end_pos": 174,
            "text": "二尖瓣瓣环钙化"
        },
        {
            "label_type": "疾病和诊断",
            "start_pos": 175,
            "end_pos": 182,
            "text": "三尖瓣重度反流"
        },
        {
            "label_type": "解剖部位",
            "start_pos": 183,
            "end_pos": 185,
            "text": "右室"
        },
        {
            "label_type": "疾病和诊断",
            "start_pos": 192,
            "end_pos": 199,
            "text": "肺动脉轻度高压"
        },
        {
            "label_type": "疾病和诊断",
            "start_pos": 204,
            "end_pos": 217,
            "text": "慢性阻塞性肺疾病伴急性加重"
        },
        {
            "label_type": "疾病和诊断",
            "start_pos": 218,
            "end_pos": 224,
            "text": "肺源性心脏病"
        },
        {
            "label_type": "疾病和诊断",
            "start_pos": 225,
            "end_pos": 229,
            "text": "心律失常"
        },
        {
            "label_type": "解剖部位",
            "start_pos": 293,
            "end_pos": 294,
            "text": "胸"
        },
        {
            "label_type": "疾病和诊断",
            "start_pos": 352,
            "end_pos": 364,
            "text": "慢性阻塞性肺疾病急性加重"
        }
    ]
}