{
    "originalText": "入院前10年患者无明显诱因出现口渴、多饮、多尿等症状，在外院检查诊断为2型糖尿病，予以口服药物降血糖，病程中血糖控制不佳，出现视力上降、两上肢偶尔水肿、远端肢体麻木等表现，未引起重视，3年前患者改为胰岛素治疗，1年前患者发现两上肢凹陷性水肿，查血肌酐185umol/l，10月前在**医院检查诊断为“糖尿病肾病 糖尿病周围神经病变 糖尿病视网膜病变”，对症治疗后好转出院。1月前患者两上肢重度水肿，伴夜间阵发性呼吸困难，血肌酐268.1ummol/l、Hb 90g/l,伴血钾升高，遂在**医院诊断“慢性肾功能衰竭 肾性贫血、2型糖尿病 糖尿病周围神经病变 糖尿病视网膜病变”，行临时深静脉置管后行血液透析治疗，遂回当地医院继续行每周2次维持性血液净化治疗，今日患者两上肢水肿好转，但夜间仍不能平卧休息，为建立动静脉内瘘，遂来我院住院治疗。病程中患者精神、饮食稍差，大便干燥，2-3天1次，小便300-500ml/天，体重无明显上降。",
    "entities": [
        {
            "label_type": "解剖部位",
            "start_pos": 15,
            "end_pos": 16,
            "text": "口"
        },
        {
            "label_type": "疾病和诊断",
            "start_pos": 35,
            "end_pos": 40,
            "text": "2型糖尿病"
        },
        {
            "label_type": "实验室检验",
            "start_pos": 48,
            "end_pos": 50,
            "text": "血糖"
        },
        {
            "label_type": "实验室检验",
            "start_pos": 54,
            "end_pos": 56,
            "text": "血糖"
        },
        {
            "label_type": "解剖部位",
            "start_pos": 68,
            "end_pos": 71,
            "text": "两上肢"
        },
        {
            "label_type": "解剖部位",
            "start_pos": 78,
            "end_pos": 80,
            "text": "肢体"
        },
        {
            "label_type": "药物",
            "start_pos": 99,
            "end_pos": 102,
            "text": "胰岛素"
        },
        {
            "label_type": "解剖部位",
            "start_pos": 112,
            "end_pos": 115,
            "text": "两上肢"
        },
        {
            "label_type": "实验室检验",
            "start_pos": 122,
            "end_pos": 125,
            "text": "血肌酐"
        },
        {
            "label_type": "疾病和诊断",
            "start_pos": 150,
            "end_pos": 155,
            "text": "糖尿病肾病"
        },
        {
            "label_type": "疾病和诊断",
            "start_pos": 156,
            "end_pos": 165,
            "text": "糖尿病周围神经病变"
        },
        {
            "label_type": "疾病和诊断",
            "start_pos": 166,
            "end_pos": 174,
            "text": "糖尿病视网膜病变"
        },
        {
            "label_type": "解剖部位",
            "start_pos": 191,
            "end_pos": 194,
            "text": "两上肢"
        },
        {
            "label_type": "实验室检验",
            "start_pos": 210,
            "end_pos": 213,
            "text": "血肌酐"
        },
        {
            "label_type": "实验室检验",
            "start_pos": 226,
            "end_pos": 228,
            "text": "Hb"
        },
        {
            "label_type": "实验室检验",
            "start_pos": 236,
            "end_pos": 238,
            "text": "血钾"
        },
        {
            "label_type": "疾病和诊断",
            "start_pos": 250,
            "end_pos": 257,
            "text": "慢性肾功能衰竭"
        },
        {
            "label_type": "疾病和诊断",
            "start_pos": 258,
            "end_pos": 262,
            "text": "肾性贫血"
        },
        {
            "label_type": "疾病和诊断",
            "start_pos": 263,
            "end_pos": 268,
            "text": "2型糖尿病"
        },
        {
            "label_type": "疾病和诊断",
            "start_pos": 269,
            "end_pos": 278,
            "text": "糖尿病周围神经病变"
        },
        {
            "label_type": "疾病和诊断",
            "start_pos": 279,
            "end_pos": 287,
            "text": "糖尿病视网膜病变"
        },
        {
            "label_type": "解剖部位",
            "start_pos": 333,
            "end_pos": 336,
            "text": "两上肢"
        }
    ]
}