{
    "originalText": "，缘于入院前1月于我院诊为直肠癌癌，于2014-03-03在全上麻腹腔镜上直肠癌根治术DIXON上行术腔镜上腹腔癌膜根盆底治术D结IXO腹N，肝，术中见：胃腔空肠网膜及光滑无结直肠腹膜节，无水肛门，表面光滑，及空未见明显大病变。膜返折距离约10CM可触及一膜肿物肠系膜上，大根小约3CM*2大CM腹，数个，未侵犯浆膜层，肠管周系膜上动大淋巴结脉大根直部可触及多枚肿大，与腹腔镜直肠癌根治切除术壁明显术后粘连，予分离，见管周围质硬肿大，大肠溃疡型管状腺癌II级大者直径约1C周M肠管，膜决定膜上行淋巴“腔镜癌根治切除术术”。切。术后病（理切(）2（上切0）140癌5649)肠周淋巴结示1.，侵犯浅肌层（肠系膜上血管旁）淋巴结。周围管粘癌膜及粘膜上层淋巴结组织增生活（跃）。手术标本（双）切端I及另IN（送（下）切端）、（（上切）端）DX均未（见癌浸）润。找到（1）/1D8个（，）及另送（0）/7I个见（癌转移。），免疫大肠管状腺瘤组化结级果：CK瘤7（-术后），CK20（+），治VILLIN（+++）II，CEA（+++），CDX-2（+++），CGA（-），CD56（-），SY（-），KI奥沙利铂67（60I%+）。D2.替加氟，伴低级别I下D皮内亚叶酸钙瘤变。，术I后给予对D症、营养支持等治疗，恢复良好,术后伤口愈合II/甲。于20门14直肠癌术后.3.25、2014.4.9、2014.4腹.2腹4、201大4.5.14予“150MGIV",
    "entities": [
        {
            "label_type": "疾病和诊断",
            "overlap": 0,
            "start_pos": 13,
            "end_pos": 16,
            "text": "直肠癌"
        },
        {
            "label_type": "手术",
            "overlap": 0,
            "start_pos": 33,
            "end_pos": 48,
            "text": "腹腔镜上直肠癌根治术DIXON"
        },
        {
            "label_type": "解剖部位",
            "overlap": 0,
            "start_pos": 54,
            "end_pos": 55,
            "text": "腹"
        },
        {
            "end_pos": 61,
            "label_type": "解剖部位",
            "overlap": 0,
            "start_pos": 59,
            "text": "盆底"
        },
        {
            "end_pos": 69,
            "label_type": "解剖部位",
            "overlap": 0,
            "start_pos": 68,
            "text": "腹"
        },
        {
            "end_pos": 72,
            "label_type": "解剖部位",
            "overlap": 0,
            "start_pos": 71,
            "text": "肝"
        },
        {
            "end_pos": 78,
            "label_type": "解剖部位",
            "overlap": 0,
            "start_pos": 77,
            "text": "胃"
        },
        {
            "end_pos": 81,
            "label_type": "解剖部位",
            "overlap": 0,
            "start_pos": 79,
            "text": "空肠"
        },
        {
            "end_pos": 90,
            "label_type": "解剖部位",
            "overlap": 0,
            "start_pos": 88,
            "text": "直肠"
        },
        {
            "label_type": "解剖部位",
            "overlap": 0,
            "start_pos": 90,
            "end_pos": 91,
            "text": "腹"
        },
        {
            "end_pos": 98,
            "label_type": "解剖部位",
            "overlap": 0,
            "start_pos": 96,
            "text": "肛门"
        },
        {
            "label_type": "解剖部位",
            "overlap": 0,
            "start_pos": 131,
            "end_pos": 132,
            "text": "肠"
        },
        {
            "label_type": "解剖部位",
            "overlap": 0,
            "start_pos": 148,
            "end_pos": 149,
            "text": "腹"
        },
        {
            "label_type": "解剖部位",
            "overlap": 0,
            "start_pos": 160,
            "end_pos": 161,
            "text": "肠"
        },
        {
            "end_pos": 171,
            "label_type": "解剖部位",
            "overlap": 0,
            "start_pos": 168,
            "text": "淋巴结"
        },
        {
            "end_pos": 196,
            "label_type": "手术",
            "overlap": 0,
            "start_pos": 185,
            "text": "腹腔镜直肠癌根治切除术"
        },
        {
            "label_type": "疾病和诊断",
            "overlap": 0,
            "start_pos": 217,
            "end_pos": 229,
            "text": "大肠溃疡型管状腺癌II级"
        },
        {
            "label_type": "解剖部位",
            "overlap": 0,
            "start_pos": 238,
            "end_pos": 239,
            "text": "肠"
        },
        {
            "end_pos": 291,
            "label_type": "解剖部位",
            "overlap": 0,
            "start_pos": 286,
            "text": "肠周淋巴结"
        },
        {
            "label_type": "解剖部位",
            "overlap": 0,
            "start_pos": 300,
            "end_pos": 312,
            "text": "（肠系膜上血管旁）淋巴结"
        },
        {
            "label_type": "疾病和诊断",
            "overlap": 0,
            "start_pos": 410,
            "end_pos": 416,
            "text": "大肠管状腺瘤"
        },
        {
            "end_pos": 502,
            "label_type": "药物",
            "overlap": 0,
            "start_pos": 498,
            "text": "奥沙利铂"
        },
        {
            "end_pos": 518,
            "label_type": "药物",
            "overlap": 0,
            "start_pos": 515,
            "text": "替加氟"
        },
        {
            "end_pos": 532,
            "label_type": "药物",
            "overlap": 0,
            "start_pos": 528,
            "text": "亚叶酸钙"
        },
        {
            "label_type": "疾病和诊断",
            "overlap": 0,
            "start_pos": 575,
            "end_pos": 580,
            "text": "直肠癌术后"
        },
        {
            "end_pos": 602,
            "label_type": "解剖部位",
            "overlap": 0,
            "start_pos": 601,
            "text": "腹"
        },
        {
            "end_pos": 605,
            "label_type": "解剖部位",
            "overlap": 0,
            "start_pos": 604,
            "text": "腹"
        }
    ]
}