{
    "originalText": "，患者20余天月前行姑息性乙状结肠部分切除术，术后术后（病理（201413）92乙状结肠粘液腺癌8），：，体积10*8*2.5CM，浸润溃疡型，侵达浆膜并侵穿纤维组膜达脂肪切组织。双端切切线及、另送切“近切线”癌、肠壁一站（7个）、中间组（6个）淋巴结“远切癌线”未查组见癌。未癌组查见癌。，部分（免）、疫组化（染）色改变组织：TS大部分腹（、+）胃、SYN（-）、。患者于1天前开始出现胀、呕吐一内容物，未排气、排结肠术后便。急来我院门诊就诊，为行进一步诊治、门诊依情以“”、收入、院。患者自发病以来，无反复发热、畏寒，未现尿频、尿急、尿痛及排",
    "entities": [
        {
            "end_pos": 22,
            "label_type": "手术",
            "overlap": 0,
            "start_pos": 10,
            "text": "姑息性乙状结肠部分切除术"
        },
        {
            "label_type": "疾病和诊断",
            "overlap": 0,
            "start_pos": 40,
            "end_pos": 48,
            "text": "乙状结肠粘液腺癌"
        },
        {
            "label_type": "解剖部位",
            "overlap": 0,
            "start_pos": 107,
            "end_pos": 126,
            "text": "肠壁一站（7个）、中间组（6个）淋巴结"
        },
        {
            "end_pos": 170,
            "label_type": "解剖部位",
            "overlap": 0,
            "start_pos": 169,
            "text": "腹"
        },
        {
            "end_pos": 175,
            "label_type": "解剖部位",
            "overlap": 0,
            "start_pos": 174,
            "text": "胃"
        },
        {
            "label_type": "疾病和诊断",
            "overlap": 0,
            "start_pos": 208,
            "end_pos": 212,
            "text": "结肠术后"
        }
    ]
}