{
    "originalText": "12+小时前患者出现腹痛，以中下腹胀痛为主，恶心、呕吐胃内容物3次，无腹泻，无心悸、胸闷，无胸骨后压榨样疼痛，无畏寒、发热，未予特处理，腹痛持续加重，伴呕吐胃内容物，未见咖啡色样物，无呕血，护理人员发现后与家属沟通，家属到达养老院后拨打我院急救电话求救，院前查指血糖：5.8mmol/L,床旁心电图：窦性心律，ST改变，由急救人员送入我院急诊科，行全腹CT提示：1，考虑肠梗阻，小肠梗阻可能？不完全排除动力性肠梗阻？建议结合临床密切随访复查或必要时CT增强进一步明确梗阻部位及有无合并肠道占位性病变。2，胆囊结石；肝左叶斑点状钙化。3，腹腔少量积液。4，腹主动脉壁钙化。5，腰椎骨质增生，腰2椎体陈旧压缩并骨水泥填充表现。6，扫描野两肺底慢性或间质性炎症，两侧胸膜稍增厚。急诊科请我科会诊后以“腹痛待查”收入我科进一步诊治。患病以来患者精神睡眠较差，食欲不佳,小便正常，大便一次，质干成型，黑褐色，排出欠通畅，体重无明显变化。",
    "entities": [
        {
            "label_type": "解剖部位",
            "start_pos": 10,
            "end_pos": 11,
            "text": "腹"
        },
        {
            "label_type": "解剖部位",
            "start_pos": 14,
            "end_pos": 17,
            "text": "中下腹"
        },
        {
            "label_type": "解剖部位",
            "start_pos": 35,
            "end_pos": 36,
            "text": "腹"
        },
        {
            "label_type": "解剖部位",
            "start_pos": 46,
            "end_pos": 48,
            "text": "胸骨"
        },
        {
            "label_type": "解剖部位",
            "start_pos": 68,
            "end_pos": 69,
            "text": "腹"
        },
        {
            "label_type": "实验室检验",
            "start_pos": 130,
            "end_pos": 133,
            "text": "指血糖"
        },
        {
            "label_type": "影像检查",
            "start_pos": 144,
            "end_pos": 149,
            "text": "床旁心电图"
        },
        {
            "label_type": "影像检查",
            "start_pos": 174,
            "end_pos": 178,
            "text": "全腹CT"
        },
        {
            "label_type": "疾病和诊断",
            "start_pos": 185,
            "end_pos": 188,
            "text": "肠梗阻"
        },
        {
            "label_type": "疾病和诊断",
            "start_pos": 189,
            "end_pos": 193,
            "text": "小肠梗阻"
        },
        {
            "label_type": "疾病和诊断",
            "start_pos": 201,
            "end_pos": 207,
            "text": "动力性肠梗阻"
        },
        {
            "label_type": "影像检查",
            "start_pos": 224,
            "end_pos": 228,
            "text": "CT增强"
        },
        {
            "label_type": "解剖部位",
            "start_pos": 242,
            "end_pos": 244,
            "text": "肠道"
        },
        {
            "label_type": "疾病和诊断",
            "start_pos": 252,
            "end_pos": 256,
            "text": "胆囊结石"
        },
        {
            "label_type": "解剖部位",
            "start_pos": 257,
            "end_pos": 260,
            "text": "肝左叶"
        },
        {
            "label_type": "疾病和诊断",
            "start_pos": 268,
            "end_pos": 274,
            "text": "腹腔少量积液"
        },
        {
            "label_type": "疾病和诊断",
            "start_pos": 277,
            "end_pos": 284,
            "text": "腹主动脉壁钙化"
        },
        {
            "label_type": "疾病和诊断",
            "start_pos": 287,
            "end_pos": 293,
            "text": "腰椎骨质增生"
        },
        {
            "label_type": "疾病和诊断",
            "start_pos": 294,
            "end_pos": 298,
            "text": "腰2椎体"
        },
        {
            "label_type": "解剖部位",
            "start_pos": 303,
            "end_pos": 304,
            "text": "骨"
        },
        {
            "label_type": "疾病和诊断",
            "start_pos": 316,
            "end_pos": 327,
            "text": "两肺底慢性或间质性炎症"
        },
        {
            "label_type": "解剖部位",
            "start_pos": 330,
            "end_pos": 332,
            "text": "胸膜"
        },
        {
            "label_type": "疾病和诊断",
            "start_pos": 347,
            "end_pos": 351,
            "text": "腹痛待查"
        }
    ]
}