{
    "originalText": "，缘于入院前5月余于我院诊断为“贲门癌”，于2210-12-211全5上-腹腔镜上根治性全胃切除术+胆囊切除术1术2-211在（全胃）全麻食管胃交界溃疡型管状腺癌II-III级上行。术后病理示1、（组全），术：，下切侵出癌浆膜层，术侵犯上切神经组织（下切。）手术标癌本++端见贲门左淋巴结癌浸9润。贲门右淋巴结手术1标本小弯淋巴结1上1切端大弯淋巴结及另送（下幽门下淋巴结切端）均未幽门上淋巴结见癌1浸润。找到（第7组）淋巴结141/9（第8组）淋巴结个，10/（第11组）淋巴结21个，1（第12组）淋巴结/1个，0/癌0个，0/3组个，0I/7（81个，及另送1性）/1个7（++），0/21（-）个，I2/I3（+++）个，0/（+++）6个，见癌（-）转移。，（-）免疫组化（-）：KI6-2（-）72（（第9组淋巴结）80%肿瘤细胞阳管组性），C（胆囊）K7胆囊组（下术切），CK2201（-）1，21V2I1LLI2N1（+2+1+），CEA8（2+1++），CD15261（-），C28GA伊立替康2（-），ISYN（-1+替吉奥），HER-2I（-1-1）。2、，：送检脂肪及脉管组织。3、（），：治组织。术后恢复可，于2016.01.2第1、2016.02.1门4、门201贲门腺癌（6.03.08、2III01）术6.04.01、2下016.04.28予“2食40大小MGIVGTTD1+40MG",
    "entities": [
        {
            "label_type": "疾病和诊断",
            "overlap": 0,
            "start_pos": 16,
            "end_pos": 19,
            "text": "贲门癌"
        },
        {
            "label_type": "手术",
            "overlap": 0,
            "start_pos": 37,
            "end_pos": 55,
            "text": "腹腔镜上根治性全胃切除术+胆囊切除术"
        },
        {
            "end_pos": 66,
            "label_type": "解剖部位",
            "overlap": 0,
            "start_pos": 65,
            "text": "胃"
        },
        {
            "label_type": "疾病和诊断",
            "overlap": 0,
            "start_pos": 69,
            "end_pos": 88,
            "text": "食管胃交界溃疡型管状腺癌II-III级"
        },
        {
            "end_pos": 144,
            "label_type": "解剖部位",
            "overlap": 0,
            "start_pos": 138,
            "text": "贲门左淋巴结"
        },
        {
            "end_pos": 155,
            "label_type": "解剖部位",
            "overlap": 0,
            "start_pos": 149,
            "text": "贲门右淋巴结"
        },
        {
            "end_pos": 165,
            "label_type": "解剖部位",
            "overlap": 0,
            "start_pos": 160,
            "text": "小弯淋巴结"
        },
        {
            "end_pos": 175,
            "label_type": "解剖部位",
            "overlap": 0,
            "start_pos": 170,
            "text": "大弯淋巴结"
        },
        {
            "end_pos": 186,
            "label_type": "解剖部位",
            "overlap": 0,
            "start_pos": 180,
            "text": "幽门下淋巴结"
        },
        {
            "end_pos": 197,
            "label_type": "解剖部位",
            "overlap": 0,
            "start_pos": 191,
            "text": "幽门上淋巴结"
        },
        {
            "label_type": "解剖部位",
            "overlap": 0,
            "start_pos": 205,
            "end_pos": 213,
            "text": "（第7组）淋巴结"
        },
        {
            "label_type": "解剖部位",
            "overlap": 0,
            "start_pos": 218,
            "end_pos": 226,
            "text": "（第8组）淋巴结"
        },
        {
            "label_type": "解剖部位",
            "overlap": 0,
            "start_pos": 231,
            "end_pos": 240,
            "text": "（第11组）淋巴结"
        },
        {
            "label_type": "解剖部位",
            "overlap": 0,
            "start_pos": 245,
            "end_pos": 254,
            "text": "（第12组）淋巴结"
        },
        {
            "label_type": "解剖部位",
            "overlap": 0,
            "start_pos": 356,
            "end_pos": 364,
            "text": "（第9组淋巴结）"
        },
        {
            "end_pos": 381,
            "label_type": "解剖部位",
            "overlap": 0,
            "start_pos": 379,
            "text": "胆囊"
        },
        {
            "end_pos": 386,
            "label_type": "解剖部位",
            "overlap": 0,
            "start_pos": 384,
            "text": "胆囊"
        },
        {
            "end_pos": 456,
            "label_type": "药物",
            "overlap": 0,
            "start_pos": 452,
            "text": "伊立替康"
        },
        {
            "end_pos": 472,
            "label_type": "药物",
            "overlap": 0,
            "start_pos": 469,
            "text": "替吉奥"
        },
        {
            "label_type": "疾病和诊断",
            "overlap": 0,
            "start_pos": 546,
            "end_pos": 550,
            "text": "贲门腺癌"
        }
    ]
}