{
    "originalText": "，，患者约3于3年前乙状结肠癌因“乙状癌”于2014-02-19日乙状结肠部分切除、乙状结肠单腔造瘘，阑尾切除术在全术麻上行利，术后乙状部分切除、乙状单腔造，瘘，阑尾切除，术后术。手结肠腺癌(中低度分化)术过程顺利，术后给予抗感染及营养支持，治疗，患，者恢复好。，术癌后病理：切腺癌(中癌低结肠肠壁部分度分、化)，肠,浸润肠壁溃疡型,面积化2、.2*肠壁一站（3个）淋巴结1.2癌C慢性阑尾炎M，，侵达化浆膜，癌少数脉管内查见癌（栓）、。双（端）切术后线未查以化来。壁部，，分坏死、奥沙利铂穿孔，系膜及壁周围亚叶酸钙脂肪3组织化脓、坏死。替加氟壁一站（3个）淋巴结未查见癌，。。，免疫组化染、色肝、示癌、组织：ERC，C1化（+）、TS后（+）。术后化给，予患者化疗4周期，，，方案为：2，0腹0腹MG ，D1+0.3G D2-6 +100，0M乙状结肠癌术后、乙状结肠造瘘术后G D2-6 静滴，同时给与升白细，胞、护，、止吐，、免疫，增、强治疗，，患者化疗过程平化稳",
    "entities": [
        {
            "label_type": "疾病和诊断",
            "overlap": 0,
            "start_pos": 10,
            "end_pos": 15,
            "text": "乙状结肠癌"
        },
        {
            "label_type": "手术",
            "overlap": 0,
            "start_pos": 33,
            "end_pos": 56,
            "text": "乙状结肠部分切除、乙状结肠单腔造瘘，阑尾切除术"
        },
        {
            "label_type": "疾病和诊断",
            "overlap": 0,
            "start_pos": 91,
            "end_pos": 102,
            "text": "结肠腺癌(中低度分化)"
        },
        {
            "label_type": "解剖部位",
            "overlap": 0,
            "start_pos": 145,
            "end_pos": 147,
            "text": "结肠"
        },
        {
            "label_type": "解剖部位",
            "overlap": 0,
            "start_pos": 147,
            "end_pos": 148,
            "text": "肠"
        },
        {
            "label_type": "解剖部位",
            "overlap": 0,
            "start_pos": 157,
            "end_pos": 158,
            "text": "肠"
        },
        {
            "label_type": "解剖部位",
            "overlap": 0,
            "start_pos": 161,
            "end_pos": 162,
            "text": "肠"
        },
        {
            "label_type": "解剖部位",
            "overlap": 0,
            "start_pos": 175,
            "end_pos": 186,
            "text": "肠壁一站（3个）淋巴结"
        },
        {
            "label_type": "疾病和诊断",
            "overlap": 0,
            "start_pos": 191,
            "end_pos": 196,
            "text": "慢性阑尾炎"
        },
        {
            "end_pos": 245,
            "label_type": "药物",
            "overlap": 0,
            "start_pos": 241,
            "text": "奥沙利铂"
        },
        {
            "end_pos": 258,
            "label_type": "药物",
            "overlap": 0,
            "start_pos": 254,
            "text": "亚叶酸钙"
        },
        {
            "end_pos": 272,
            "label_type": "药物",
            "overlap": 0,
            "start_pos": 269,
            "text": "替加氟"
        },
        {
            "end_pos": 298,
            "label_type": "解剖部位",
            "overlap": 0,
            "start_pos": 297,
            "text": "肝"
        },
        {
            "end_pos": 347,
            "label_type": "解剖部位",
            "overlap": 0,
            "start_pos": 346,
            "text": "腹"
        },
        {
            "end_pos": 349,
            "label_type": "解剖部位",
            "overlap": 0,
            "start_pos": 348,
            "text": "腹"
        },
        {
            "label_type": "疾病和诊断",
            "overlap": 0,
            "start_pos": 373,
            "end_pos": 380,
            "text": "乙状结肠癌术后"
        },
        {
            "label_type": "疾病和诊断",
            "overlap": 0,
            "start_pos": 381,
            "end_pos": 389,
            "text": "乙状结肠造瘘术后"
        }
    ]
}