{
    "originalText": "3+小时前，患者在自家门口不慎跌倒，跌倒后感右大腿疼痛伴活动障碍，不能站起，并感右肩部及右侧胸壁疼痛，无头痛、恶心、呕吐，无畏寒、发热、呼吸困难，无意识障碍及逆行性遗忘，无腹痛、尿血、大小便失禁。遂被家人急送我院门诊就诊，在检查过程中出现血压上降，血压80/50mmHg，考虑“创伤性休克”，予以深静脉置管，快速补液纠正休克治疗，患者血压恢复正常。行CT检查提示头皮软组织稍肿胀，鼻骨骨折；两侧下颌窦少许炎症或积血，两侧下颌窦壁不除外线性骨折；右肺炎症，不除外肺挫伤；左肺底少许慢性炎症；右侧胸膜增厚或少许积液；右侧肱骨下端近外科颈粉碎性骨折，右肩关节盂部分线性骨折；右肩半脱位可疑？右侧股骨下段及转子间粉碎性骨折，伴周围血肿形成；右侧耻骨上支线性骨折；颈椎、胸椎及腰椎退行性变，脊柱侧弯，未见明显压缩骨折，右肾囊肿。并请骨科会诊后考虑目前血压不稳定，暂不宜手术，遂收住我科。患者患病以来，精神可，未进食，大便未解，小便正常。",
    "entities": [
        {
            "label_type": "解剖部位",
            "start_pos": 23,
            "end_pos": 25,
            "text": "大腿"
        },
        {
            "label_type": "解剖部位",
            "start_pos": 40,
            "end_pos": 43,
            "text": "右肩部"
        },
        {
            "label_type": "解剖部位",
            "start_pos": 44,
            "end_pos": 48,
            "text": "右侧胸壁"
        },
        {
            "label_type": "解剖部位",
            "start_pos": 52,
            "end_pos": 53,
            "text": "头"
        },
        {
            "label_type": "解剖部位",
            "start_pos": 86,
            "end_pos": 87,
            "text": "腹"
        },
        {
            "label_type": "疾病和诊断",
            "start_pos": 139,
            "end_pos": 144,
            "text": "创伤性休克"
        },
        {
            "label_type": "影像检查",
            "start_pos": 175,
            "end_pos": 177,
            "text": "CT"
        },
        {
            "label_type": "解剖部位",
            "start_pos": 181,
            "end_pos": 183,
            "text": "头皮"
        },
        {
            "label_type": "疾病和诊断",
            "start_pos": 190,
            "end_pos": 194,
            "text": "鼻骨骨折"
        },
        {
            "label_type": "疾病和诊断",
            "start_pos": 195,
            "end_pos": 207,
            "text": "两侧下颌窦少许炎症或积血"
        },
        {
            "label_type": "疾病和诊断",
            "start_pos": 208,
            "end_pos": 221,
            "text": "两侧下颌窦壁不除外线性骨折"
        },
        {
            "label_type": "疾病和诊断",
            "start_pos": 222,
            "end_pos": 226,
            "text": "右肺炎症"
        },
        {
            "label_type": "疾病和诊断",
            "start_pos": 230,
            "end_pos": 233,
            "text": "肺挫伤"
        },
        {
            "label_type": "疾病和诊断",
            "start_pos": 234,
            "end_pos": 243,
            "text": "左肺底少许慢性炎症"
        },
        {
            "label_type": "解剖部位",
            "start_pos": 244,
            "end_pos": 247,
            "text": "右侧胸"
        },
        {
            "label_type": "疾病和诊断",
            "start_pos": 256,
            "end_pos": 271,
            "text": "右侧肱骨下端近外科颈粉碎性骨折"
        },
        {
            "label_type": "疾病和诊断",
            "start_pos": 272,
            "end_pos": 283,
            "text": "右肩关节盂部分线性骨折"
        },
        {
            "label_type": "疾病和诊断",
            "start_pos": 284,
            "end_pos": 289,
            "text": "右肩半脱位"
        },
        {
            "label_type": "疾病和诊断",
            "start_pos": 292,
            "end_pos": 315,
            "text": "右侧股骨下段及转子间粉碎性骨折，伴周围血肿形成"
        },
        {
            "label_type": "疾病和诊断",
            "start_pos": 316,
            "end_pos": 326,
            "text": "右侧耻骨上支线性骨折"
        },
        {
            "label_type": "疾病和诊断",
            "start_pos": 327,
            "end_pos": 339,
            "text": "颈椎、胸椎及腰椎退行性变"
        },
        {
            "label_type": "疾病和诊断",
            "start_pos": 340,
            "end_pos": 344,
            "text": "脊柱侧弯"
        },
        {
            "label_type": "疾病和诊断",
            "start_pos": 351,
            "end_pos": 353,
            "text": "骨折"
        },
        {
            "label_type": "疾病和诊断",
            "start_pos": 354,
            "end_pos": 358,
            "text": "右肾囊肿"
        }
    ]
}