{
    "originalText": "患者30+年前检查发现血压高，最高时收缩压超过200/？mmHg，长期服用降压药物（硝苯地平缓释片、替米沙坦等），自诉血压控制尚可，起初无头昏、头痛，无心悸、无活动后心累、乏力等不适。10+天前患者无明确诱因反复出现头晕，阵性发作，每次发作持续时间约数分钟，平躺休息后好转，感活动喘累明显，无视物旋转、视物模糊，无恶心呕吐，无心悸、胸痛，无腹痛腹泻，未予以重视。半天前患者在床下突感头晕，症状加重，伴视物旋转，恶心，呕吐2次，非喷射性，呕吐胃容物，感肢体乏力，无头痛，无胸痛心慌，无偏瘫，无视野缺损，无四肢抽搐，无黑矇晕厥，为求进一步治疗，遂入我院急诊科，查左下肢血压209/104mmhg，右下肢血压225/98mmhg，予以乌拉地尔5ml静脉注射，后血压降至170/75mmhg，以“高血压 头晕”收入我科。患者此次患病以来精神食欲尚可，大便正常，夜尿次数增多，睡眠尚可,体力及体重无明显改变.近来诉咳嗽，咳黄色浓痰。",
    "entities": [
        {
            "label_type": "药物",
            "start_pos": 42,
            "end_pos": 49,
            "text": "硝苯地平缓释片"
        },
        {
            "label_type": "药物",
            "start_pos": 50,
            "end_pos": 54,
            "text": "替米沙坦"
        },
        {
            "label_type": "解剖部位",
            "start_pos": 69,
            "end_pos": 70,
            "text": "头"
        },
        {
            "label_type": "解剖部位",
            "start_pos": 72,
            "end_pos": 73,
            "text": "头"
        },
        {
            "label_type": "解剖部位",
            "start_pos": 76,
            "end_pos": 77,
            "text": "心"
        },
        {
            "label_type": "解剖部位",
            "start_pos": 83,
            "end_pos": 84,
            "text": "心"
        },
        {
            "label_type": "解剖部位",
            "start_pos": 108,
            "end_pos": 109,
            "text": "头"
        },
        {
            "label_type": "解剖部位",
            "start_pos": 163,
            "end_pos": 164,
            "text": "心"
        },
        {
            "label_type": "解剖部位",
            "start_pos": 166,
            "end_pos": 167,
            "text": "胸"
        },
        {
            "label_type": "解剖部位",
            "start_pos": 170,
            "end_pos": 171,
            "text": "腹"
        },
        {
            "label_type": "解剖部位",
            "start_pos": 191,
            "end_pos": 192,
            "text": "头"
        },
        {
            "label_type": "解剖部位",
            "start_pos": 220,
            "end_pos": 221,
            "text": "胃"
        },
        {
            "label_type": "解剖部位",
            "start_pos": 235,
            "end_pos": 236,
            "text": "胸"
        },
        {
            "label_type": "解剖部位",
            "start_pos": 237,
            "end_pos": 238,
            "text": "心"
        },
        {
            "label_type": "解剖部位",
            "start_pos": 251,
            "end_pos": 253,
            "text": "四肢"
        },
        {
            "label_type": "解剖部位",
            "start_pos": 279,
            "end_pos": 282,
            "text": "左下肢"
        },
        {
            "label_type": "解剖部位",
            "start_pos": 296,
            "end_pos": 299,
            "text": "右下肢"
        },
        {
            "label_type": "药物",
            "start_pos": 314,
            "end_pos": 318,
            "text": "乌拉地尔"
        },
        {
            "label_type": "疾病和诊断",
            "start_pos": 344,
            "end_pos": 347,
            "text": "高血压"
        }
    ]
}