{
    "originalText": "，患者11月前“腹部不因伴“不1适伴”黑便1月腰骶部平扫余”腰1压缩性骨折入院腰椎退行性变，腰2/3、3/4、4/5椎间盘突出，腰4/5水平双侧隐窝狭窄示骶1-3水平椎管局限性膨大：不除外骶管囊肿，，腹部CT：并胆囊结石，胃，。，、幽门部CT示：，腔行胃扩张、胃癌伴幽门梗阻部周围壁厚。（胃窦、幽门）腺癌，行镜幽门螺旋杆菌染色示：；性（1+），病2理16-示4-12：。 行根治性胃大部切除+毕I式吻合术，示术后：阳性（（2116+747））胃窦腺癌（中低度分化）。于2016-044-412C2全麻上行。，术组后病部分理示：（2双0切16另送“07”切470）癌，浸六组（2/9个）淋巴结癌润溃疡三组（2个）、四组（3个）、另送“1、3、7组”（6个）淋巴结型，体癌积4*4组化染色*癌组2CCM，侵达-2（-）、浆膜脂（-）、肪-T组织，部I分-III部分（+）、T侵部分穿（+）、浆膜。1部分（+）、T食欲切II部分（+）线及另送“远端”切治线未查见癌。呈门癌转“胃癌术后”移。未查见癌。，免疫组化染色示癌组织：C大ERBB-2（-）、SY变化N",
    "entities": [
        {
            "end_pos": 10,
            "label_type": "解剖部位",
            "overlap": 0,
            "start_pos": 8,
            "text": "腹部"
        },
        {
            "label_type": "影像检查",
            "overlap": 0,
            "start_pos": 23,
            "end_pos": 28,
            "text": "腰骶部平扫"
        },
        {
            "label_type": "疾病和诊断",
            "overlap": 0,
            "start_pos": 30,
            "end_pos": 37,
            "text": "腰1压缩性骨折"
        },
        {
            "label_type": "疾病和诊断",
            "overlap": 0,
            "start_pos": 39,
            "end_pos": 45,
            "text": "腰椎退行性变"
        },
        {
            "label_type": "疾病和诊断",
            "overlap": 0,
            "start_pos": 46,
            "end_pos": 63,
            "text": "腰2/3、3/4、4/5椎间盘突出"
        },
        {
            "label_type": "疾病和诊断",
            "overlap": 0,
            "start_pos": 64,
            "end_pos": 76,
            "text": "腰4/5水平双侧隐窝狭窄"
        },
        {
            "label_type": "疾病和诊断",
            "overlap": 0,
            "start_pos": 77,
            "end_pos": 90,
            "text": "骶1-3水平椎管局限性膨大"
        },
        {
            "label_type": "疾病和诊断",
            "overlap": 0,
            "start_pos": 91,
            "end_pos": 98,
            "text": "不除外骶管囊肿"
        },
        {
            "label_type": "影像检查",
            "overlap": 0,
            "start_pos": 100,
            "end_pos": 104,
            "text": "腹部CT"
        },
        {
            "label_type": "疾病和诊断",
            "overlap": 0,
            "start_pos": 106,
            "end_pos": 110,
            "text": "胆囊结石"
        },
        {
            "end_pos": 112,
            "label_type": "解剖部位",
            "overlap": 0,
            "start_pos": 111,
            "text": "胃"
        },
        {
            "end_pos": 118,
            "label_type": "解剖部位",
            "overlap": 0,
            "start_pos": 116,
            "text": "幽门"
        },
        {
            "label_type": "疾病和诊断",
            "overlap": 0,
            "start_pos": 130,
            "end_pos": 137,
            "text": "胃癌伴幽门梗阻"
        },
        {
            "label_type": "疾病和诊断",
            "overlap": 0,
            "start_pos": 143,
            "end_pos": 152,
            "text": "（胃窦、幽门）腺癌"
        },
        {
            "label_type": "实验室检验",
            "overlap": 0,
            "start_pos": 155,
            "end_pos": 163,
            "text": "幽门螺旋杆菌染色"
        },
        {
            "label_type": "手术",
            "overlap": 0,
            "start_pos": 187,
            "end_pos": 202,
            "text": "根治性胃大部切除+毕I式吻合术"
        },
        {
            "label_type": "疾病和诊断",
            "overlap": 0,
            "start_pos": 221,
            "end_pos": 232,
            "text": "胃窦腺癌（中低度分化）"
        },
        {
            "label_type": "解剖部位",
            "overlap": 0,
            "start_pos": 284,
            "end_pos": 295,
            "text": "六组（2/9个）淋巴结"
        },
        {
            "label_type": "解剖部位",
            "overlap": 0,
            "start_pos": 299,
            "end_pos": 330,
            "text": "三组（2个）、四组（3个）、另送“1、3、7组”（6个）淋巴结"
        },
        {
            "label_type": "疾病和诊断",
            "overlap": 0,
            "start_pos": 435,
            "end_pos": 439,
            "text": "胃癌术后"
        }
    ]
}