{
    "originalText": "患者6周周前“因“血便伴大便习惯改变1月余”,确“诊为乙状结肠腺癌并肝转移“1两肺结节 转移瘤、并肝转移2、？”后，完善检查，无手术禁忌症，于2013-12姑息性“乙状结肠切除-27全麻上行姑息性“切除”，结术顺，术后咳乙状结肠嗽 可，术结肠中至低分化管状腺癌后癌组病理结至肠果回示：1（）结 组镜检为结中至低分化管状管，癌癌组织浸润切至壁浆膜癌层外脂肪切结缔组织癌，可见中央组淋巴结神经束侵犯及癌脉管内中间组淋巴结癌栓。2（近癌切缘）未见肿瘤癌。结节3（远肠周淋巴结切缘）未见癌。4腺癌转移（）4枚，未见癌。5（）2枚，未见癌，另见2乙状结肠腺癌并肝转移 枚肿瘤种植结节。 6（）6枚，两肺结节 转移瘤1/6子宫肌瘤见转慢性胆囊炎 移。左肾囊肿术后预防感染周、对症、支持治疗，术后诊断1.并肝转移 PT4AN1M1 IV期;2.？3.4. 胃5.。现术后第6周，今为进一步治疗",
    "entities": [
        {
            "label_type": "疾病和诊断",
            "overlap": 0,
            "start_pos": 27,
            "end_pos": 37,
            "text": "乙状结肠腺癌并肝转移"
        },
        {
            "label_type": "疾病和诊断",
            "overlap": 0,
            "start_pos": 39,
            "end_pos": 47,
            "text": "两肺结节 转移瘤"
        },
        {
            "end_pos": 88,
            "label_type": "手术",
            "overlap": 0,
            "start_pos": 78,
            "text": "姑息性“乙状结肠切除"
        },
        {
            "end_pos": 114,
            "label_type": "解剖部位",
            "overlap": 0,
            "start_pos": 110,
            "text": "乙状结肠"
        },
        {
            "label_type": "疾病和诊断",
            "overlap": 0,
            "start_pos": 119,
            "end_pos": 130,
            "text": "结肠中至低分化管状腺癌"
        },
        {
            "label_type": "解剖部位",
            "overlap": 0,
            "start_pos": 137,
            "end_pos": 138,
            "text": "肠"
        },
        {
            "end_pos": 192,
            "label_type": "解剖部位",
            "overlap": 0,
            "start_pos": 186,
            "text": "中央组淋巴结"
        },
        {
            "end_pos": 208,
            "label_type": "解剖部位",
            "overlap": 0,
            "start_pos": 202,
            "text": "中间组淋巴结"
        },
        {
            "end_pos": 234,
            "label_type": "解剖部位",
            "overlap": 0,
            "start_pos": 229,
            "text": "肠周淋巴结"
        },
        {
            "label_type": "疾病和诊断",
            "overlap": 0,
            "start_pos": 242,
            "end_pos": 244,
            "text": "腺癌"
        },
        {
            "label_type": "疾病和诊断",
            "overlap": 0,
            "start_pos": 268,
            "end_pos": 278,
            "text": "乙状结肠腺癌并肝转移"
        },
        {
            "label_type": "疾病和诊断",
            "overlap": 0,
            "start_pos": 294,
            "end_pos": 302,
            "text": "两肺结节 转移瘤"
        },
        {
            "label_type": "疾病和诊断",
            "overlap": 0,
            "start_pos": 305,
            "end_pos": 309,
            "text": "子宫肌瘤"
        },
        {
            "label_type": "疾病和诊断",
            "overlap": 0,
            "start_pos": 311,
            "end_pos": 316,
            "text": "慢性胆囊炎"
        },
        {
            "label_type": "疾病和诊断",
            "overlap": 0,
            "start_pos": 319,
            "end_pos": 323,
            "text": "左肾囊肿"
        },
        {
            "end_pos": 372,
            "label_type": "解剖部位",
            "overlap": 0,
            "start_pos": 371,
            "text": "胃"
        }
    ]
}