{
    "originalText": "无明显诱因反复全身疼痛1+年，以颈、腰、两膝为主，感两上肢冷痛、麻木，时轻时重，受凉后加重，两上肢乏力，阵发性头昏痛，有下肢麻木，视物模糊，长期睡眠差，无心慌、胸闷、咳嗽、发热、盗汗等，无间歇性跛行及大小便障碍，曾于*******医院住院治疗诊断为“重度骨质疏松症，腰椎间盘突出症、两膝退行性骨关节炎、睡眠障碍、高脂血症、老年性痴呆、右侧锁骨上动脉盗血综合征”，经治疗后症状缓解（具体不详）；无诱因以下复发加重1+月，为进一步治疗，遂来我科就诊，门诊以“骨质疏松症”收治入院。2型糖尿病12+年，长期口服伏格列波糖分散片、格列美脲降血糖，未规范监测血糖，明确有糖尿病眼病、糖尿病周围神经病。既往高血压病史12+年，血压最高180/？mmHg，未规律服药降压药，自诉血压控制可,于*******医院诊断为“原发性高血压3级 极高危 高血压性心脏病 心功能Ⅱ级”。患者患病以来精神一般，食欲可，大小便正常，近期无明显体重减轻。",
    "entities": [
        {
            "label_type": "解剖部位",
            "start_pos": 16,
            "end_pos": 17,
            "text": "颈"
        },
        {
            "label_type": "解剖部位",
            "start_pos": 18,
            "end_pos": 19,
            "text": "腰"
        },
        {
            "label_type": "解剖部位",
            "start_pos": 20,
            "end_pos": 22,
            "text": "两膝"
        },
        {
            "label_type": "解剖部位",
            "start_pos": 26,
            "end_pos": 29,
            "text": "两上肢"
        },
        {
            "label_type": "解剖部位",
            "start_pos": 46,
            "end_pos": 49,
            "text": "两上肢"
        },
        {
            "label_type": "解剖部位",
            "start_pos": 55,
            "end_pos": 56,
            "text": "头"
        },
        {
            "label_type": "解剖部位",
            "start_pos": 60,
            "end_pos": 62,
            "text": "下肢"
        },
        {
            "label_type": "疾病和诊断",
            "start_pos": 125,
            "end_pos": 132,
            "text": "重度骨质疏松症"
        },
        {
            "label_type": "疾病和诊断",
            "start_pos": 133,
            "end_pos": 140,
            "text": "腰椎间盘突出症"
        },
        {
            "label_type": "疾病和诊断",
            "start_pos": 141,
            "end_pos": 150,
            "text": "两膝退行性骨关节炎"
        },
        {
            "label_type": "疾病和诊断",
            "start_pos": 151,
            "end_pos": 155,
            "text": "睡眠障碍"
        },
        {
            "label_type": "疾病和诊断",
            "start_pos": 156,
            "end_pos": 160,
            "text": "高脂血症"
        },
        {
            "label_type": "疾病和诊断",
            "start_pos": 161,
            "end_pos": 166,
            "text": "老年性痴呆"
        },
        {
            "label_type": "疾病和诊断",
            "start_pos": 167,
            "end_pos": 179,
            "text": "右侧锁骨上动脉盗血综合征"
        },
        {
            "label_type": "疾病和诊断",
            "start_pos": 227,
            "end_pos": 232,
            "text": "骨质疏松症"
        },
        {
            "label_type": "疾病和诊断",
            "start_pos": 238,
            "end_pos": 243,
            "text": "2型糖尿病"
        },
        {
            "label_type": "药物",
            "start_pos": 252,
            "end_pos": 260,
            "text": "伏格列波糖分散片"
        },
        {
            "label_type": "药物",
            "start_pos": 261,
            "end_pos": 265,
            "text": "格列美脲"
        },
        {
            "label_type": "疾病和诊断",
            "start_pos": 280,
            "end_pos": 285,
            "text": "糖尿病眼病"
        },
        {
            "label_type": "疾病和诊断",
            "start_pos": 286,
            "end_pos": 294,
            "text": "糖尿病周围神经病"
        },
        {
            "label_type": "疾病和诊断",
            "start_pos": 297,
            "end_pos": 300,
            "text": "高血压"
        },
        {
            "label_type": "疾病和诊断",
            "start_pos": 352,
            "end_pos": 364,
            "text": "原发性高血压3级 极高危"
        },
        {
            "label_type": "疾病和诊断",
            "start_pos": 365,
            "end_pos": 372,
            "text": "高血压性心脏病"
        },
        {
            "label_type": "疾病和诊断",
            "start_pos": 373,
            "end_pos": 378,
            "text": "心功能Ⅱ级"
        }
    ]
}