{
    "originalText": "患者入院前3天无明显诱因感尿频、尿痛，并少许咳嗽，无明显咳痰，咳嗽时感腰部隐痛，以左侧腰部明显，于当地卫生院就诊，口服“三金片”治疗，自觉无效，症状无好转。入院前1天患者感畏寒，未觉明显发热，余症状同前，患者未及时就诊。入院前2小时患者再发感畏寒，随后出现乏力，自觉发热，无咽痛流涕，无胸闷胸痛，无气喘心累，无心悸，无恶心呕吐，无腹胀等不适，家属送其于我院门诊就诊，测体温40.5℃，急查血常规：白细胞数 5.2×10^9/L、中性粒细胞百分比 90.74 %；胸部CT提示：1.左肺下叶前段小结节影，建议短期内复查。2.两肺间质性改变；两肺底少许模糊影，考虑坠积效应或少许感染，建议结合临床。3.主动脉壁及冠状动脉壁钙化。门诊予以静滴“复方电解质注射液 500mg”，为进一步治疗以“高热待查：肺部感染？”收治入院。病程中患者精神、饮食一般，大小便正常，体重无明显上降。患者自家养有“鸡、鸭”，但其他家属无类似症状。",
    "entities": [
        {
            "label_type": "解剖部位",
            "start_pos": 35,
            "end_pos": 37,
            "text": "腰部"
        },
        {
            "label_type": "解剖部位",
            "start_pos": 41,
            "end_pos": 45,
            "text": "左侧腰部"
        },
        {
            "label_type": "解剖部位",
            "start_pos": 143,
            "end_pos": 144,
            "text": "胸"
        },
        {
            "label_type": "解剖部位",
            "start_pos": 145,
            "end_pos": 146,
            "text": "胸"
        },
        {
            "label_type": "解剖部位",
            "start_pos": 151,
            "end_pos": 152,
            "text": "心"
        },
        {
            "label_type": "解剖部位",
            "start_pos": 155,
            "end_pos": 156,
            "text": "心"
        },
        {
            "label_type": "实验室检验",
            "start_pos": 198,
            "end_pos": 202,
            "text": "白细胞数"
        },
        {
            "label_type": "实验室检验",
            "start_pos": 214,
            "end_pos": 222,
            "text": "中性粒细胞百分比"
        },
        {
            "label_type": "影像检查",
            "start_pos": 231,
            "end_pos": 235,
            "text": "胸部CT"
        },
        {
            "label_type": "解剖部位",
            "start_pos": 240,
            "end_pos": 246,
            "text": "左肺下叶前段"
        },
        {
            "label_type": "解剖部位",
            "start_pos": 261,
            "end_pos": 263,
            "text": "两肺"
        },
        {
            "label_type": "解剖部位",
            "start_pos": 269,
            "end_pos": 271,
            "text": "两肺"
        },
        {
            "label_type": "疾病和诊断",
            "start_pos": 299,
            "end_pos": 311,
            "text": "主动脉壁及冠状动脉壁钙化"
        },
        {
            "label_type": "药物",
            "start_pos": 319,
            "end_pos": 327,
            "text": "复方电解质注射液"
        },
        {
            "label_type": "疾病和诊断",
            "start_pos": 343,
            "end_pos": 352,
            "text": "高热待查：肺部感染"
        }
    ]
}