{
    "originalText": "缩至因\\\"体检发发肝现占位10天\\\"于2012年1月到我院就诊，经完善检查诊断结肠腺癌并肝多发转移为,无术手术禁忌症，于20-12--02-06日全DIXON'S+肠粘连松解术麻上术行“术”，术顺，术术后恢复顺中分化腺癌利。术后病理示，浸润结至浆膜转移上，术淋巴结3/9转FO移FI。I于开普拓+5-FU术CF后化3周始返院行安维汀FOLFIRI（-+-/）化CT疗肝脏8周期，多发加7周期。2012-6-20查示脏各叶可见多发异常密度5影，病变较前缩小（最大者由20×多31MM患者15开普拓×安维汀28MM5FU）CF维，化病变结数射频目大致同前。多学科讨论决定暂停及，继肝转移瘤射频消融术续术予/维持化疗，结合射频治疗。后患者于2012年7月11日行，术程顺利。腹现为腹进一步治疗入住我科，患者精神、饮",
    "entities": [
        {
            "end_pos": 10,
            "label_type": "解剖部位",
            "overlap": 0,
            "start_pos": 9,
            "text": "肝"
        },
        {
            "label_type": "疾病和诊断",
            "overlap": 0,
            "start_pos": 39,
            "end_pos": 49,
            "text": "结肠腺癌并肝多发转移"
        },
        {
            "label_type": "手术",
            "overlap": 0,
            "start_pos": 74,
            "end_pos": 88,
            "text": "DIXON'S+肠粘连松解术"
        },
        {
            "label_type": "疾病和诊断",
            "overlap": 0,
            "start_pos": 105,
            "end_pos": 110,
            "text": "中分化腺癌"
        },
        {
            "end_pos": 147,
            "label_type": "药物",
            "overlap": 0,
            "start_pos": 144,
            "text": "开普拓"
        },
        {
            "end_pos": 152,
            "label_type": "药物",
            "overlap": 0,
            "start_pos": 148,
            "text": "5-FU"
        },
        {
            "end_pos": 155,
            "label_type": "药物",
            "overlap": 0,
            "start_pos": 153,
            "text": "CF"
        },
        {
            "end_pos": 166,
            "label_type": "药物",
            "overlap": 0,
            "start_pos": 163,
            "text": "安维汀"
        },
        {
            "label_type": "影像检查",
            "overlap": 0,
            "start_pos": 180,
            "end_pos": 182,
            "text": "CT"
        },
        {
            "end_pos": 185,
            "label_type": "解剖部位",
            "overlap": 0,
            "start_pos": 183,
            "text": "肝脏"
        },
        {
            "end_pos": 247,
            "label_type": "药物",
            "overlap": 0,
            "start_pos": 244,
            "text": "开普拓"
        },
        {
            "end_pos": 251,
            "label_type": "药物",
            "overlap": 0,
            "start_pos": 248,
            "text": "安维汀"
        },
        {
            "end_pos": 258,
            "label_type": "药物",
            "overlap": 0,
            "start_pos": 255,
            "text": "5FU"
        },
        {
            "end_pos": 261,
            "label_type": "药物",
            "overlap": 0,
            "start_pos": 259,
            "text": "CF"
        },
        {
            "end_pos": 297,
            "label_type": "手术",
            "overlap": 0,
            "start_pos": 288,
            "text": "肝转移瘤射频消融术"
        },
        {
            "end_pos": 335,
            "label_type": "解剖部位",
            "overlap": 0,
            "start_pos": 334,
            "text": "腹"
        },
        {
            "end_pos": 338,
            "label_type": "解剖部位",
            "overlap": 0,
            "start_pos": 337,
            "text": "腹"
        }
    ]
}