{
    "originalText": "，缘于3月前因“反复进食食受阻2月余。”为主诉入院，诊食管占位断，除排术除手术后禁忌症后于-20-16-全0上1胸腔镜上全胸段食管切除+食管-胃底右颈部吻合术-术顺2术后0在全麻术后上行，术顺，术后恢复可，术后病(食管理胃底)（2食管溃疡型鳞状细胞癌II级01602316术），下：上切(及)，癌：溃疡型鳞胃周淋巴结状细胞癌个II级(隆突上)淋巴结，侵及个外(右喉返喉返神经旁)淋巴结膜层，个手(左喉返喉返神经旁)淋巴结个术标本下(右锁骨下)淋巴结、上切个端(下段食管旁)淋巴结均未见个癌(颈段食管旁)淋巴结浸润，个找(上段食管旁)个淋巴结到1/个17癌个，另送除0/2个、后0/8个、个0/5、0/4个、0/1个、0/2个、0/1个，见癌转移。顺铂排除化疗禁忌-症后紫杉醇于泰素2016.02.19、2016.肝03胃.13、2016.04.08以“40MGD1-2，（）180MGD2”行化疗食管癌术后，辅后以保、护、我院免疫力等处理神，未见明显食化疗副反应，现为求第4期化疗，就诊",
    "entities": [
        {
            "label_type": "疾病和诊断",
            "overlap": 0,
            "start_pos": 27,
            "end_pos": 31,
            "text": "食管占位"
        },
        {
            "label_type": "手术",
            "overlap": 0,
            "start_pos": 56,
            "end_pos": 79,
            "text": "胸腔镜上全胸段食管切除+食管-胃底右颈部吻合术"
        },
        {
            "end_pos": 109,
            "label_type": "解剖部位",
            "overlap": 0,
            "start_pos": 107,
            "text": "食管"
        },
        {
            "end_pos": 112,
            "label_type": "解剖部位",
            "overlap": 0,
            "start_pos": 110,
            "text": "胃底"
        },
        {
            "label_type": "疾病和诊断",
            "overlap": 0,
            "start_pos": 115,
            "end_pos": 128,
            "text": "食管溃疡型鳞状细胞癌II级"
        },
        {
            "end_pos": 158,
            "label_type": "解剖部位",
            "overlap": 0,
            "start_pos": 153,
            "text": "胃周淋巴结"
        },
        {
            "end_pos": 174,
            "label_type": "解剖部位",
            "overlap": 0,
            "start_pos": 166,
            "text": "(隆突上)淋巴结"
        },
        {
            "end_pos": 192,
            "label_type": "解剖部位",
            "overlap": 0,
            "start_pos": 179,
            "text": "(右喉返喉返神经旁)淋巴结"
        },
        {
            "end_pos": 210,
            "label_type": "解剖部位",
            "overlap": 0,
            "start_pos": 197,
            "text": "(左喉返喉返神经旁)淋巴结"
        },
        {
            "end_pos": 224,
            "label_type": "解剖部位",
            "overlap": 0,
            "start_pos": 215,
            "text": "(右锁骨下)淋巴结"
        },
        {
            "end_pos": 239,
            "label_type": "解剖部位",
            "overlap": 0,
            "start_pos": 229,
            "text": "(下段食管旁)淋巴结"
        },
        {
            "end_pos": 254,
            "label_type": "解剖部位",
            "overlap": 0,
            "start_pos": 244,
            "text": "(颈段食管旁)淋巴结"
        },
        {
            "end_pos": 270,
            "label_type": "解剖部位",
            "overlap": 0,
            "start_pos": 259,
            "text": "(上段食管旁)个淋巴结"
        },
        {
            "end_pos": 325,
            "label_type": "药物",
            "overlap": 0,
            "start_pos": 323,
            "text": "顺铂"
        },
        {
            "end_pos": 337,
            "label_type": "药物",
            "overlap": 0,
            "start_pos": 334,
            "text": "紫杉醇"
        },
        {
            "end_pos": 340,
            "label_type": "药物",
            "overlap": 0,
            "start_pos": 338,
            "text": "泰素"
        },
        {
            "end_pos": 357,
            "label_type": "解剖部位",
            "overlap": 0,
            "start_pos": 356,
            "text": "肝"
        },
        {
            "end_pos": 360,
            "label_type": "解剖部位",
            "overlap": 0,
            "start_pos": 359,
            "text": "胃"
        },
        {
            "label_type": "疾病和诊断",
            "overlap": 0,
            "start_pos": 398,
            "end_pos": 403,
            "text": "食管癌术后"
        }
    ]
}