{
    "originalText": "入院前10+年患者无明显诱因出现胸痛，剑突上，呈钝痛，持续约3-5分钟，可自行缓解，不伴上颌及肩背部的放射性疼痛，院外进行中药治疗（具体不详）后稍有缓解。此后胸痛反复发生，未引起重视进行治疗。入院前10+月曾因“胸痛”于我院内一科住院治疗（具体不详）后好转出院，出院后症状有反复，但较之前明显好转。入院前4+月患者感无明显诱因胸痛症状加重，伴心累、气促，轻微活动时明显，每天均有发作，具体次数不详，每次持续约10-20分钟后可稍微缓解，不伴上颌及肩背部放射痛，院外治疗（具体不详）后无明显缓解，无畏寒发热，无潮热盗汗，无头痛头晕，无黑蒙晕厥，无咽痛咽痒，无咳嗽咳痰，无反酸嗳气，无恶心呕吐，无腹痛腹胀，无咳粉红色泡沫痰，无夜间阵发性呼吸困难，无端坐呼吸，无两上肢凹陷性水肿，于今日来我院就诊，为进一步治疗，门诊以\\\"冠心病\\\"收入我科住院治疗。病程中患者精神、饮食一般，大便正常，夜尿次数4-5次/分，体重无明显上降。",
    "entities": [
        {
            "label_type": "解剖部位",
            "start_pos": 16,
            "end_pos": 17,
            "text": "胸"
        },
        {
            "label_type": "解剖部位",
            "start_pos": 19,
            "end_pos": 21,
            "text": "剑突"
        },
        {
            "label_type": "解剖部位",
            "start_pos": 44,
            "end_pos": 46,
            "text": "上颌"
        },
        {
            "label_type": "解剖部位",
            "start_pos": 47,
            "end_pos": 50,
            "text": "肩背部"
        },
        {
            "label_type": "解剖部位",
            "start_pos": 79,
            "end_pos": 80,
            "text": "胸"
        },
        {
            "label_type": "解剖部位",
            "start_pos": 106,
            "end_pos": 107,
            "text": "胸"
        },
        {
            "label_type": "解剖部位",
            "start_pos": 163,
            "end_pos": 164,
            "text": "胸"
        },
        {
            "label_type": "解剖部位",
            "start_pos": 171,
            "end_pos": 172,
            "text": "心"
        },
        {
            "label_type": "解剖部位",
            "start_pos": 220,
            "end_pos": 222,
            "text": "上颌"
        },
        {
            "label_type": "解剖部位",
            "start_pos": 223,
            "end_pos": 226,
            "text": "肩背部"
        },
        {
            "label_type": "解剖部位",
            "start_pos": 260,
            "end_pos": 261,
            "text": "头"
        },
        {
            "label_type": "解剖部位",
            "start_pos": 262,
            "end_pos": 263,
            "text": "头"
        },
        {
            "label_type": "解剖部位",
            "start_pos": 272,
            "end_pos": 273,
            "text": "咽"
        },
        {
            "label_type": "解剖部位",
            "start_pos": 274,
            "end_pos": 275,
            "text": "咽"
        },
        {
            "label_type": "解剖部位",
            "start_pos": 296,
            "end_pos": 297,
            "text": "腹"
        },
        {
            "label_type": "解剖部位",
            "start_pos": 298,
            "end_pos": 299,
            "text": "腹"
        },
        {
            "label_type": "解剖部位",
            "start_pos": 328,
            "end_pos": 331,
            "text": "两上肢"
        },
        {
            "label_type": "疾病和诊断",
            "start_pos": 358,
            "end_pos": 361,
            "text": "冠心病"
        }
    ]
}