{
    "originalText": "入院前1周患者无明显诱因出现下腹胀，餐后明显，伴早饱、纳差，进食量减少2/3，无腹痛、腹泻、黑便，无反酸、嗳气、烧心，无乏力、头昏、心悸，无恶心、呕吐，未予重视。入院前1-天患者出现解暗红色血便，为软便，无血凝块，共7-8次，总量约500g，伴呕吐暗红色血性物质1次，总量约200ml，伴晕厥1次，晕厥后摔倒面部朝上，致门牙松动，下嘴唇出血，后自行醒转（具体持续时间不详），伴心悸、大汗、乏力，无大小便失禁、头痛、身体疼痛，无口吐白沫、肢体抽搐，无畏寒、发热、寒战，无胸闷、胸痛。今日家属将其送至我院就诊，急诊查血常规：白细胞数 10.3×10^9/L、红细胞数 3.98×10^12/L、血红蛋白浓度 116 g/L、血小板数 187×10^9/L、中性粒细胞百分比 77.64 %、红细胞压积 35.7 %，以“下消化道出血”收入我科。患者此次患病以来，精神尚可，食欲减退，大便同前，小便尚可，近期体重无明显减轻。",
    "entities": [
        {
            "label_type": "解剖部位",
            "start_pos": 14,
            "end_pos": 16,
            "text": "下腹"
        },
        {
            "label_type": "解剖部位",
            "start_pos": 40,
            "end_pos": 41,
            "text": "腹"
        },
        {
            "label_type": "解剖部位",
            "start_pos": 43,
            "end_pos": 44,
            "text": "腹"
        },
        {
            "label_type": "解剖部位",
            "start_pos": 63,
            "end_pos": 64,
            "text": "头"
        },
        {
            "label_type": "解剖部位",
            "start_pos": 66,
            "end_pos": 67,
            "text": "心"
        },
        {
            "label_type": "解剖部位",
            "start_pos": 154,
            "end_pos": 156,
            "text": "面部"
        },
        {
            "label_type": "解剖部位",
            "start_pos": 160,
            "end_pos": 162,
            "text": "门牙"
        },
        {
            "label_type": "解剖部位",
            "start_pos": 165,
            "end_pos": 168,
            "text": "下嘴唇"
        },
        {
            "label_type": "解剖部位",
            "start_pos": 188,
            "end_pos": 189,
            "text": "心"
        },
        {
            "label_type": "解剖部位",
            "start_pos": 204,
            "end_pos": 205,
            "text": "头"
        },
        {
            "label_type": "解剖部位",
            "start_pos": 213,
            "end_pos": 214,
            "text": "口"
        },
        {
            "label_type": "解剖部位",
            "start_pos": 234,
            "end_pos": 235,
            "text": "胸"
        },
        {
            "label_type": "解剖部位",
            "start_pos": 237,
            "end_pos": 238,
            "text": "胸"
        },
        {
            "label_type": "实验室检验",
            "start_pos": 260,
            "end_pos": 264,
            "text": "白细胞数"
        },
        {
            "label_type": "实验室检验",
            "start_pos": 277,
            "end_pos": 281,
            "text": "红细胞数"
        },
        {
            "label_type": "实验室检验",
            "start_pos": 295,
            "end_pos": 301,
            "text": "血红蛋白浓度"
        },
        {
            "label_type": "实验室检验",
            "start_pos": 310,
            "end_pos": 314,
            "text": "血小板数"
        },
        {
            "label_type": "实验室检验",
            "start_pos": 326,
            "end_pos": 334,
            "text": "中性粒细胞百分比"
        },
        {
            "label_type": "实验室检验",
            "start_pos": 343,
            "end_pos": 348,
            "text": "红细胞压积"
        },
        {
            "label_type": "疾病和诊断",
            "start_pos": 358,
            "end_pos": 364,
            "text": "下消化道出血"
        }
    ]
}