{
    "originalText": "入院前5++，月，患胃癌者因于2014.5.全21全腹腔镜胃癌根治术中转开腹全胃切除空肠食管ROUX-ENY吻合术+横结肠部分切除术麻术后上行。术后抗感染补液治及营术后养支持治疗。术后病检7：&（T;胃&GT;低分化腺癌，部分为印戒细胞癌，14全0，40切47）癌&L，大弯淋巴结T;癌转胃&GT;，1小弯淋巴结0癌转全层，双侧切缘未见&癌T;7、8、9组&GT;淋巴结累癌转及，8未9见，大癌转组移(0癌/3，),见癌转移(侵及/1奥沙利铂+氟尿嘧啶化5),&治LT;见癌转移(78/9)，大网术后膜组织化未，见癌累及，经8科内8讨论于6术后月2日化行，+化疗及对症9治疗。2014术后年0化7，月0化3日患者行术，化后后第二、食次、化疗，2，014年，08月18日，患者行、术后，第三次化为疗，201化4，年09月25日，患者行术胃癌术后后四次化化疗，患者化疗副治反应",
    "entities": [
        {
            "label_type": "疾病和诊断",
            "overlap": 0,
            "start_pos": 10,
            "end_pos": 12,
            "text": "胃癌"
        },
        {
            "label_type": "手术",
            "overlap": 0,
            "start_pos": 26,
            "end_pos": 66,
            "text": "腹腔镜胃癌根治术中转开腹全胃切除空肠食管ROUX-ENY吻合术+横结肠部分切除术"
        },
        {
            "label_type": "疾病和诊断",
            "overlap": 0,
            "start_pos": 105,
            "end_pos": 119,
            "text": "低分化腺癌，部分为印戒细胞癌"
        },
        {
            "end_pos": 140,
            "label_type": "解剖部位",
            "overlap": 0,
            "start_pos": 135,
            "text": "大弯淋巴结"
        },
        {
            "end_pos": 156,
            "label_type": "解剖部位",
            "overlap": 0,
            "start_pos": 151,
            "text": "小弯淋巴结"
        },
        {
            "label_type": "解剖部位",
            "overlap": 0,
            "start_pos": 172,
            "end_pos": 185,
            "text": "7、8、9组&GT;淋巴结"
        },
        {
            "end_pos": 221,
            "label_type": "药物",
            "overlap": 0,
            "start_pos": 217,
            "text": "奥沙利铂"
        },
        {
            "end_pos": 226,
            "label_type": "药物",
            "overlap": 0,
            "start_pos": 222,
            "text": "氟尿嘧啶"
        },
        {
            "label_type": "疾病和诊断",
            "overlap": 0,
            "start_pos": 367,
            "end_pos": 371,
            "text": "胃癌术后"
        }
    ]
}