{
    "originalText": "入院前8年余患者出现头晕、头痛、乏力、两上肢水肿，入**********医院查得血肌酐升高（具体不详），诊断为“慢性肾功能衰竭，梗阻性肾病”，后长期行2次/周规律血液透析，并行右前臂动静脉内瘘成形术。病程中患者血压逐渐升高，最高收缩压达160mmHg，服用降压药物控制血压，后患者血压逐渐降至正常，停用降压药物；血红蛋白逐渐上降（具体不详），长期使用促红素纠正肾性贫血。入院前3+天患者无明显诱因出现发热、腰痛，自觉腰椎疼痛，予止痛膏药外敷后腰痛缓解，未特殊诊治。入院前半天患者于我科行规律血液透析治疗，透析顺利，体重上降约3.1kg，无特殊不适。入院前1小时患者无明显诱因出现寒颤、心累、气促，少许进食后呕吐胃内容物1次，无明显咳嗽、咳痰，无咯血，无发热、胸闷、胸痛、呼吸困难。立即来院，以“慢性肾脏病5期”收入我科。患者自患病以来，精神、食欲差，5天未解大便，长期留置导尿、小便约50ml/天，平车推入未称体重。",
    "entities": [
        {
            "label_type": "解剖部位",
            "start_pos": 10,
            "end_pos": 11,
            "text": "头"
        },
        {
            "label_type": "解剖部位",
            "start_pos": 13,
            "end_pos": 14,
            "text": "头"
        },
        {
            "label_type": "解剖部位",
            "start_pos": 19,
            "end_pos": 22,
            "text": "两上肢"
        },
        {
            "label_type": "实验室检验",
            "start_pos": 40,
            "end_pos": 43,
            "text": "血肌酐"
        },
        {
            "label_type": "疾病和诊断",
            "start_pos": 56,
            "end_pos": 63,
            "text": "慢性肾功能衰竭"
        },
        {
            "label_type": "疾病和诊断",
            "start_pos": 64,
            "end_pos": 69,
            "text": "梗阻性肾病"
        },
        {
            "label_type": "手术",
            "start_pos": 88,
            "end_pos": 99,
            "text": "右前臂动静脉内瘘成形术"
        },
        {
            "label_type": "实验室检验",
            "start_pos": 156,
            "end_pos": 160,
            "text": "血红蛋白"
        },
        {
            "label_type": "药物",
            "start_pos": 175,
            "end_pos": 178,
            "text": "促红素"
        },
        {
            "label_type": "解剖部位",
            "start_pos": 203,
            "end_pos": 204,
            "text": "腰"
        },
        {
            "label_type": "解剖部位",
            "start_pos": 208,
            "end_pos": 210,
            "text": "腰椎"
        },
        {
            "label_type": "解剖部位",
            "start_pos": 221,
            "end_pos": 222,
            "text": "腰"
        },
        {
            "label_type": "解剖部位",
            "start_pos": 292,
            "end_pos": 293,
            "text": "心"
        },
        {
            "label_type": "解剖部位",
            "start_pos": 305,
            "end_pos": 306,
            "text": "胃"
        },
        {
            "label_type": "解剖部位",
            "start_pos": 329,
            "end_pos": 330,
            "text": "胸"
        },
        {
            "label_type": "解剖部位",
            "start_pos": 332,
            "end_pos": 333,
            "text": "胸"
        },
        {
            "label_type": "疾病和诊断",
            "start_pos": 347,
            "end_pos": 354,
            "text": "慢性肾脏病5期"
        }
    ]
}