{
    "originalText": "，缘于3个月前于我院侵腹部CT出CT示横结肠近脾区肠壁：1、增厚近，伴邻近脂肪间淋巴结隙内数个淋巴结，考虑新生物可肠镜能，建议进肝一步肠镜检性查。2、内多发占位性病变，肠镜考虑结肠癌多发转移瘤。（降结肠）大肠管状腺癌II级，行肠镜示：，病理回报为。于20上13腹腔镜辅助上姑息性右半结肠切除术年11术月21术日在全麻上行“”，手术顺利。术后给予对症、II抗感染术治疗，恢复（右半结肠）大肠隆起型管状腺癌II级良好,伤口愈合II/甲癌结。术后病理管示“癌，查部术浆膜层切，浆膜面癌见癌结节形肠周淋巴结成，脉管内见癌癌栓，手术标本双结切端C均未见（癌浸）润C。找（到）4/I18I个（见癌转）移C。，（免疫组）化C结果：C（K20）（C++（）），CK（7）（C-），（V）ILILI（N（++）+），C术EA（+++），CDTX-2（+++I），CGA（-），SY（-），CD56（-），KI67（伊立替康40%+）I。”TT根据术替吉奥后病理，肿瘤分I期为PT4BN2AM1IV期。据其肿瘤分期有化疗指征，于2013-12-06以“280MGIVGTT腹D1腹+60MGPOBIDD1-14",
    "entities": [
        {
            "label_type": "影像检查",
            "overlap": 0,
            "start_pos": 11,
            "end_pos": 15,
            "text": "腹部CT"
        },
        {
            "end_pos": 27,
            "label_type": "解剖部位",
            "overlap": 0,
            "start_pos": 19,
            "text": "横结肠近脾区肠壁"
        },
        {
            "end_pos": 65,
            "label_type": "解剖部位",
            "overlap": 0,
            "start_pos": 64,
            "text": "肝"
        },
        {
            "label_type": "疾病和诊断",
            "overlap": 0,
            "start_pos": 88,
            "end_pos": 91,
            "text": "结肠癌"
        },
        {
            "label_type": "疾病和诊断",
            "overlap": 0,
            "start_pos": 97,
            "end_pos": 111,
            "text": "（降结肠）大肠管状腺癌II级"
        },
        {
            "end_pos": 146,
            "label_type": "手术",
            "overlap": 0,
            "start_pos": 130,
            "text": "腹腔镜辅助上姑息性右半结肠切除术"
        },
        {
            "label_type": "疾病和诊断",
            "overlap": 0,
            "start_pos": 186,
            "end_pos": 204,
            "text": "（右半结肠）大肠隆起型管状腺癌II级"
        },
        {
            "end_pos": 249,
            "label_type": "解剖部位",
            "overlap": 0,
            "start_pos": 244,
            "text": "肠周淋巴结"
        },
        {
            "end_pos": 402,
            "label_type": "药物",
            "overlap": 0,
            "start_pos": 398,
            "text": "伊立替康"
        },
        {
            "end_pos": 418,
            "label_type": "药物",
            "overlap": 0,
            "start_pos": 415,
            "text": "替吉奥"
        },
        {
            "end_pos": 477,
            "label_type": "解剖部位",
            "overlap": 0,
            "start_pos": 476,
            "text": "腹"
        },
        {
            "end_pos": 480,
            "label_type": "解剖部位",
            "overlap": 0,
            "start_pos": 479,
            "text": "腹"
        }
    ]
}