{
    "originalText": "入院前4月，患者无明显诱因出现剑突上胀痛，呈阵发性发作，无肩背部放射痛，与进食及体位无明显关系，无明显缓解方式。伴烧心、嗳气，伴纳差。无胸闷、胸痛、心累、气促。在外未予处理。入院前2月出现活动后心累、气促，以爬坡及下楼后明显，休息后可稍缓解。无夜间阵发性呼吸困难，无咯粉红色泡沫痰，无咳嗽、咳痰畏寒、发热。1月前，患者出现两上肢浮肿，伴剑突上胀痛、心累、气促，伴咳嗽、咳痰，痰液较少，咯痰费力，无畏寒、发热、咯血、胸痛等不适，于我院住院，诊断为“1.慢性胃炎可能 2.冠状动脉粥样硬化性心脏病 全心功能不全 心功能III级 3.肺部感染”，予以抑酸、利尿等对症治疗后好转出院。3天前，患者再次出现两上肢水肿，走平路即感心累、气促，伴咳嗽、咳痰，自行口服药物（具体不详）后无明显好转。遂今日来我院要求住院治疗，为进一步诊治，门诊以“冠心病 心衰；肺部感染”收入我科。病程中精神、饮食较差，大小便正常，体重无明显改变。",
    "entities": [
        {
            "label_type": "解剖部位",
            "start_pos": 15,
            "end_pos": 18,
            "text": "剑突上"
        },
        {
            "label_type": "解剖部位",
            "start_pos": 29,
            "end_pos": 32,
            "text": "肩背部"
        },
        {
            "label_type": "解剖部位",
            "start_pos": 68,
            "end_pos": 69,
            "text": "胸"
        },
        {
            "label_type": "解剖部位",
            "start_pos": 71,
            "end_pos": 72,
            "text": "胸"
        },
        {
            "label_type": "解剖部位",
            "start_pos": 74,
            "end_pos": 75,
            "text": "心"
        },
        {
            "label_type": "解剖部位",
            "start_pos": 97,
            "end_pos": 98,
            "text": "心"
        },
        {
            "label_type": "解剖部位",
            "start_pos": 161,
            "end_pos": 164,
            "text": "两上肢"
        },
        {
            "label_type": "解剖部位",
            "start_pos": 168,
            "end_pos": 171,
            "text": "剑突上"
        },
        {
            "label_type": "解剖部位",
            "start_pos": 174,
            "end_pos": 175,
            "text": "心"
        },
        {
            "label_type": "解剖部位",
            "start_pos": 207,
            "end_pos": 208,
            "text": "胸"
        },
        {
            "label_type": "疾病和诊断",
            "start_pos": 225,
            "end_pos": 229,
            "text": "慢性胃炎"
        },
        {
            "label_type": "疾病和诊断",
            "start_pos": 234,
            "end_pos": 246,
            "text": "冠状动脉粥样硬化性心脏病"
        },
        {
            "label_type": "疾病和诊断",
            "start_pos": 247,
            "end_pos": 253,
            "text": "全心功能不全"
        },
        {
            "label_type": "疾病和诊断",
            "start_pos": 254,
            "end_pos": 261,
            "text": "心功能III级"
        },
        {
            "label_type": "疾病和诊断",
            "start_pos": 264,
            "end_pos": 268,
            "text": "肺部感染"
        },
        {
            "label_type": "解剖部位",
            "start_pos": 298,
            "end_pos": 301,
            "text": "两上肢"
        },
        {
            "label_type": "解剖部位",
            "start_pos": 309,
            "end_pos": 310,
            "text": "心"
        },
        {
            "label_type": "疾病和诊断",
            "start_pos": 365,
            "end_pos": 368,
            "text": "冠心病"
        },
        {
            "label_type": "疾病和诊断",
            "start_pos": 369,
            "end_pos": 371,
            "text": "心衰"
        },
        {
            "label_type": "疾病和诊断",
            "start_pos": 372,
            "end_pos": 376,
            "text": "肺部感染"
        }
    ]
}