{
    "originalText": "胃癌术后癌术后2年，外院累左上腹及提示肾积水包块，外院2014-4胃-17胃底镜提示水体粘膜水肿，僵硬（BORRMANNIV）。活低分化腺癌检病分理为，部分印戒。2014.胃癌根治术4术.30行术后，术中胃小弯弥漫浸润性低分化腺癌不详分，术后病理：小弯弥漫浸润胃润性，部分为印大戒，3癌X3C小弯侧大弯侧淋巴结M，侵润癌壁全层，切缘、大网膜无癌检查，术后10枚无癌转移。HER-2(后 0) 。现术后恢术复上可，可进少量半流食，进左上腹食后无左肾积水明",
    "entities": [
        {
            "label_type": "疾病和诊断",
            "overlap": 0,
            "start_pos": 0,
            "end_pos": 4,
            "text": "胃癌术后"
        },
        {
            "end_pos": 16,
            "label_type": "解剖部位",
            "overlap": 0,
            "start_pos": 13,
            "text": "左上腹"
        },
        {
            "label_type": "疾病和诊断",
            "overlap": 0,
            "start_pos": 19,
            "end_pos": 22,
            "text": "肾积水"
        },
        {
            "label_type": "解剖部位",
            "overlap": 0,
            "start_pos": 37,
            "end_pos": 39,
            "text": "胃底"
        },
        {
            "label_type": "疾病和诊断",
            "overlap": 0,
            "start_pos": 65,
            "end_pos": 70,
            "text": "低分化腺癌"
        },
        {
            "end_pos": 91,
            "label_type": "手术",
            "overlap": 0,
            "start_pos": 86,
            "text": "胃癌根治术"
        },
        {
            "label_type": "疾病和诊断",
            "overlap": 0,
            "start_pos": 102,
            "end_pos": 115,
            "text": "胃小弯弥漫浸润性低分化腺癌"
        },
        {
            "label_type": "解剖部位",
            "overlap": 0,
            "start_pos": 130,
            "end_pos": 131,
            "text": "胃"
        },
        {
            "label_type": "解剖部位",
            "overlap": 0,
            "start_pos": 146,
            "end_pos": 155,
            "text": "小弯侧大弯侧淋巴结"
        },
        {
            "end_pos": 218,
            "label_type": "解剖部位",
            "overlap": 0,
            "start_pos": 215,
            "text": "左上腹"
        },
        {
            "label_type": "疾病和诊断",
            "overlap": 0,
            "start_pos": 221,
            "end_pos": 225,
            "text": "左肾积水"
        }
    ]
}