{
    "originalText": "入院前10+年患者开始出现活动后心累、心慌，偶出现上肢浮肿，在重医附一院检查诊断为“冠心病”，给予口服药物治疗后好转，长期坚持服药，但活动后心累反复发作，有时出现上肢浮肿，多次住院治疗。入院前7+年患者感头昏，行走缓慢，发现心率慢，行动态心电图检查后示窦性心动过缓（约40次/分），在重医附一院安置心脏起搏器，此后心率维持在65-70次/分。入院前1周患者外出散步，步行过程中感乏力，全身酸软，并一过性出现头晕，不能想起回家的路，休息后稍好转返回家中，自觉无明显咽痛，流涕，咳嗽等不适，测体温最高37.6℃ ，给予“九味羌活丸、头孢、两黄连口服液”等治疗，3天后未再发热，但仍觉畏寒，稍感头昏，无头痛，活动后感心累、乏力，程度轻可耐受，余无畏寒发热，无咯血，无咳嗽咳痰，无胸闷胸痛，无腹痛腹泻，今日由家属送入我科住院治疗。患者此次患病以来精神、食欲、睡眠均不佳，时有便秘，尿量有减少，体力及体重无明显改变。",
    "entities": [
        {
            "label_type": "解剖部位",
            "start_pos": 16,
            "end_pos": 17,
            "text": "心"
        },
        {
            "label_type": "解剖部位",
            "start_pos": 19,
            "end_pos": 20,
            "text": "心"
        },
        {
            "label_type": "解剖部位",
            "start_pos": 25,
            "end_pos": 27,
            "text": "上肢"
        },
        {
            "label_type": "疾病和诊断",
            "start_pos": 42,
            "end_pos": 45,
            "text": "冠心病"
        },
        {
            "label_type": "解剖部位",
            "start_pos": 70,
            "end_pos": 71,
            "text": "心"
        },
        {
            "label_type": "解剖部位",
            "start_pos": 81,
            "end_pos": 83,
            "text": "上肢"
        },
        {
            "label_type": "解剖部位",
            "start_pos": 102,
            "end_pos": 103,
            "text": "头"
        },
        {
            "label_type": "影像检查",
            "start_pos": 117,
            "end_pos": 124,
            "text": "动态心电图检查"
        },
        {
            "label_type": "手术",
            "start_pos": 147,
            "end_pos": 154,
            "text": "安置心脏起搏器"
        },
        {
            "label_type": "解剖部位",
            "start_pos": 231,
            "end_pos": 232,
            "text": "咽"
        },
        {
            "label_type": "药物",
            "start_pos": 258,
            "end_pos": 263,
            "text": "九味羌活丸"
        },
        {
            "label_type": "药物",
            "start_pos": 264,
            "end_pos": 266,
            "text": "头孢"
        },
        {
            "label_type": "药物",
            "start_pos": 267,
            "end_pos": 273,
            "text": "两黄连口服液"
        },
        {
            "label_type": "解剖部位",
            "start_pos": 305,
            "end_pos": 306,
            "text": "心"
        },
        {
            "label_type": "解剖部位",
            "start_pos": 336,
            "end_pos": 337,
            "text": "胸"
        },
        {
            "label_type": "解剖部位",
            "start_pos": 338,
            "end_pos": 339,
            "text": "胸"
        },
        {
            "label_type": "解剖部位",
            "start_pos": 342,
            "end_pos": 343,
            "text": "腹"
        },
        {
            "label_type": "解剖部位",
            "start_pos": 344,
            "end_pos": 345,
            "text": "腹"
        }
    ]
}