{
    "originalText": "，患者于4年余前在我科行剖腹探查+乙状结肠肿瘤切除＋近端造口、远端封闭+结肠减压，3年余前行乙状结肠造口还纳术乙状结造口还纳术，已于2012年8月化完成FOLFRI癌栓方案五次，2查发0卵巢转移14年经腹全子宫+两附件切除术+阑尾切除术+大网膜切除+左侧淋巴结清扫术+盆腔粘连松解3术中月入院复结查发左卵巢腺癌现，术遂行，术后术中冰冻病理半结果示；手术顺利CT，查后发术发后网膜及系膜多发肿瘤转移患者恢复可，半年前*化****行检查后发现发现乙状结肠癌术后，遂行规肛门范XELOX化疗4次。1月前，后全腹部增强CT患者因结肠CA伴卵巢转移术后“3年小肠梗阻余，停末端回肠粘连止排气排便7天”入院。，入院后全腹部增强全提示：剖腹探查+肠粘连松解+左半结肠切除术结C术A伴术后术中改变切，小梗阻（左半结肠）腺癌，考切端虑末癌端及回粘术后连狭窄所致左半结肠中分化管状腺癌可能及肠壁全。遂于管20癌15-切端12癌-及0肠壁下淋巴结3在癌转移（全麻上行）剖腹探查+粘连发松、解+左半结切、除术，手术顺、利，，术中冰冻切片化提示：，双切门端未见乙状结肠癌、卵巢转移癌累及。，术后病理诊断：，浸及壁全层，脉管内见化疗。双胃纳切端大未见癌累小及。未见癌转移（0/10）",
    "entities": [
        {
            "label_type": "手术",
            "overlap": 0,
            "start_pos": 12,
            "end_pos": 40,
            "text": "剖腹探查+乙状结肠肿瘤切除＋近端造口、远端封闭+结肠减压"
        },
        {
            "end_pos": 55,
            "label_type": "手术",
            "overlap": 0,
            "start_pos": 46,
            "text": "乙状结肠造口还纳术"
        },
        {
            "label_type": "疾病和诊断",
            "overlap": 0,
            "start_pos": 93,
            "end_pos": 97,
            "text": "卵巢转移"
        },
        {
            "label_type": "手术",
            "overlap": 0,
            "start_pos": 100,
            "end_pos": 140,
            "text": "经腹全子宫+两附件切除术+阑尾切除术+大网膜切除+左侧淋巴结清扫术+盆腔粘连松解"
        },
        {
            "label_type": "疾病和诊断",
            "overlap": 0,
            "start_pos": 150,
            "end_pos": 155,
            "text": "左卵巢腺癌"
        },
        {
            "label_type": "影像检查",
            "overlap": 0,
            "start_pos": 178,
            "end_pos": 180,
            "text": "CT"
        },
        {
            "label_type": "疾病和诊断",
            "overlap": 0,
            "start_pos": 187,
            "end_pos": 198,
            "text": "网膜及系膜多发肿瘤转移"
        },
        {
            "label_type": "疾病和诊断",
            "overlap": 0,
            "start_pos": 221,
            "end_pos": 228,
            "text": "乙状结肠癌术后"
        },
        {
            "end_pos": 234,
            "label_type": "解剖部位",
            "overlap": 0,
            "start_pos": 232,
            "text": "肛门"
        },
        {
            "label_type": "影像检查",
            "overlap": 0,
            "start_pos": 250,
            "end_pos": 257,
            "text": "全腹部增强CT"
        },
        {
            "label_type": "疾病和诊断",
            "overlap": 0,
            "start_pos": 260,
            "end_pos": 271,
            "text": "结肠CA伴卵巢转移术后"
        },
        {
            "label_type": "疾病和诊断",
            "overlap": 0,
            "start_pos": 274,
            "end_pos": 278,
            "text": "小肠梗阻"
        },
        {
            "end_pos": 285,
            "label_type": "解剖部位",
            "overlap": 0,
            "start_pos": 281,
            "text": "末端回肠"
        },
        {
            "label_type": "手术",
            "overlap": 0,
            "start_pos": 311,
            "end_pos": 329,
            "text": "剖腹探查+肠粘连松解+左半结肠切除术"
        },
        {
            "label_type": "疾病和诊断",
            "overlap": 0,
            "start_pos": 345,
            "end_pos": 353,
            "text": "（左半结肠）腺癌"
        },
        {
            "label_type": "疾病和诊断",
            "overlap": 0,
            "start_pos": 371,
            "end_pos": 382,
            "text": "左半结肠中分化管状腺癌"
        },
        {
            "label_type": "解剖部位",
            "overlap": 0,
            "start_pos": 385,
            "end_pos": 386,
            "text": "肠"
        },
        {
            "label_type": "解剖部位",
            "overlap": 0,
            "start_pos": 406,
            "end_pos": 412,
            "text": "肠壁下淋巴结"
        },
        {
            "label_type": "疾病和诊断",
            "overlap": 0,
            "start_pos": 467,
            "end_pos": 477,
            "text": "乙状结肠癌、卵巢转移"
        },
        {
            "end_pos": 505,
            "label_type": "解剖部位",
            "overlap": 0,
            "start_pos": 504,
            "text": "胃"
        }
    ]
}