{
    "originalText": "患者于4月前被家属发现意识模糊，胡言乱语，无法交流，无呼吸困难、抽搐及大小便失禁等，家属将其送入我院急诊科查指血糖2.1mmol/l，血压216/98mmHg，收入我科住院治疗考虑诊断为“1、低血糖症；2、腔隙性脑梗死；3、高血压病？；4、低钾血症；5、2型糖尿病？”，症状稍好转后自动出院。3天前患者家属诉患者自行服用某药物（具体不详）后，出现呼之不应，无恶心呕吐，无肢体抽搐，无呼吸困难，无两上肢水肿，送至我院急诊科查血糖 1.7mmol/l，血压190/98mmhg，予以高糖静脉推注后患者神清，呼之能应，收住内四科治疗1天好转出院。院外患者继续在流动摊贩处购买治疗糖尿病药物（无正规包装，具体不详），3+小时前家属发现患者口齿模糊、胡言乱语，呼之不能对答，急送来我院急诊室，查指血糖2.1mmol/L，给予静脉应用葡萄糖注射液后意识清楚；进一步收住院治疗。本次发病以来患者精神食欲差，大小便未解。",
    "entities": [
        {
            "label_type": "实验室检验",
            "start_pos": 54,
            "end_pos": 57,
            "text": "指血糖"
        },
        {
            "label_type": "疾病和诊断",
            "start_pos": 96,
            "end_pos": 100,
            "text": "低血糖症"
        },
        {
            "label_type": "疾病和诊断",
            "start_pos": 103,
            "end_pos": 109,
            "text": "腔隙性脑梗死"
        },
        {
            "label_type": "疾病和诊断",
            "start_pos": 112,
            "end_pos": 116,
            "text": "高血压病"
        },
        {
            "label_type": "疾病和诊断",
            "start_pos": 120,
            "end_pos": 124,
            "text": "低钾血症"
        },
        {
            "label_type": "疾病和诊断",
            "start_pos": 127,
            "end_pos": 132,
            "text": "2型糖尿病"
        },
        {
            "label_type": "解剖部位",
            "start_pos": 185,
            "end_pos": 187,
            "text": "肢体"
        },
        {
            "label_type": "解剖部位",
            "start_pos": 197,
            "end_pos": 200,
            "text": "两上肢"
        },
        {
            "label_type": "实验室检验",
            "start_pos": 211,
            "end_pos": 213,
            "text": "血糖"
        },
        {
            "label_type": "疾病和诊断",
            "start_pos": 286,
            "end_pos": 289,
            "text": "糖尿病"
        },
        {
            "label_type": "实验室检验",
            "start_pos": 342,
            "end_pos": 345,
            "text": "指血糖"
        },
        {
            "label_type": "药物",
            "start_pos": 361,
            "end_pos": 367,
            "text": "葡萄糖注射液"
        }
    ]
}