{
    "originalText": "，缘于入院前1月于我院诊为回盲部癌，于2015-06-23在全麻上上腹腔镜上左半结肠切除术行，术中，术腹腔中见：内无化疗出血，腹无明显回盲部水，于见肿瘤，大小约6×5×4CM回肠末端，累及约3.0CM，膜侵出浆周围膜层，与周围组织无明显粘连，未端肠管形成梗阻周围，肠系膜根部近端无扩张，淋巴结周术后围及未见明显肿大。术后病）理(左半结肠（20肠浸润性管状腺癌II级152回盲瓣3回肠144）膜示()，：，侵犯及术，侵及切端浆膜层，见切端）神上切端）经侵犯癌浸润，手术阑尾根部淋巴结标本双回肠周淋巴结切端及结肠周围淋巴结另送（下切端(回结肠动脉根部）淋巴结）（上(结肠中动脉根部）淋巴结切端）均未见癌癌浸润慢性阑尾炎，找到3个，7个，结肠周围26个，另送4个，4个，均未见癌转移；。该病例未检测到KRAS基因12、1术后3号密码子热点突变。该病例未检测到BRAF基II因V600E突变。，术后给予对症、营养支持等回盲部癌术后治疗，恢复良好,伤口愈合II/甲。此次为行腹第1腹次明显再次就诊我院，门诊拟收入院。下次出院",
    "entities": [
        {
            "label_type": "疾病和诊断",
            "overlap": 0,
            "start_pos": 13,
            "end_pos": 17,
            "text": "回盲部癌"
        },
        {
            "end_pos": 45,
            "label_type": "手术",
            "overlap": 0,
            "start_pos": 34,
            "text": "腹腔镜上左半结肠切除术"
        },
        {
            "end_pos": 53,
            "label_type": "解剖部位",
            "overlap": 0,
            "start_pos": 51,
            "text": "腹腔"
        },
        {
            "end_pos": 70,
            "label_type": "解剖部位",
            "overlap": 0,
            "start_pos": 67,
            "text": "回盲部"
        },
        {
            "end_pos": 91,
            "label_type": "解剖部位",
            "overlap": 0,
            "start_pos": 87,
            "text": "回肠末端"
        },
        {
            "end_pos": 125,
            "label_type": "解剖部位",
            "overlap": 0,
            "start_pos": 123,
            "text": "肠管"
        },
        {
            "end_pos": 137,
            "label_type": "解剖部位",
            "overlap": 0,
            "start_pos": 132,
            "text": "肠系膜根部"
        },
        {
            "end_pos": 146,
            "label_type": "解剖部位",
            "overlap": 0,
            "start_pos": 143,
            "text": "淋巴结"
        },
        {
            "end_pos": 168,
            "label_type": "解剖部位",
            "overlap": 0,
            "start_pos": 164,
            "text": "左半结肠"
        },
        {
            "label_type": "疾病和诊断",
            "overlap": 0,
            "start_pos": 171,
            "end_pos": 182,
            "text": "肠浸润性管状腺癌II级"
        },
        {
            "end_pos": 188,
            "label_type": "解剖部位",
            "overlap": 0,
            "start_pos": 185,
            "text": "回盲瓣"
        },
        {
            "end_pos": 191,
            "label_type": "解剖部位",
            "overlap": 0,
            "start_pos": 189,
            "text": "回肠"
        },
        {
            "end_pos": 240,
            "label_type": "解剖部位",
            "overlap": 0,
            "start_pos": 233,
            "text": "阑尾根部淋巴结"
        },
        {
            "end_pos": 249,
            "label_type": "解剖部位",
            "overlap": 0,
            "start_pos": 243,
            "text": "回肠周淋巴结"
        },
        {
            "end_pos": 259,
            "label_type": "解剖部位",
            "overlap": 0,
            "start_pos": 252,
            "text": "结肠周围淋巴结"
        },
        {
            "end_pos": 277,
            "label_type": "解剖部位",
            "overlap": 0,
            "start_pos": 265,
            "text": "(回结肠动脉根部）淋巴结"
        },
        {
            "end_pos": 292,
            "label_type": "解剖部位",
            "overlap": 0,
            "start_pos": 280,
            "text": "(结肠中动脉根部）淋巴结"
        },
        {
            "label_type": "疾病和诊断",
            "overlap": 0,
            "start_pos": 302,
            "end_pos": 307,
            "text": "慢性阑尾炎"
        },
        {
            "label_type": "疾病和诊断",
            "overlap": 0,
            "start_pos": 405,
            "end_pos": 411,
            "text": "回盲部癌术后"
        },
        {
            "end_pos": 433,
            "label_type": "解剖部位",
            "overlap": 0,
            "start_pos": 432,
            "text": "腹"
        },
        {
            "end_pos": 436,
            "label_type": "解剖部位",
            "overlap": 0,
            "start_pos": 435,
            "text": "腹"
        }
    ]
}