{
    "originalText": "，患者44前月“胃癌”前2因17“”5于24017-05-0胃癌癌根治术（远端胃大部切除+毕I式吻合术）4在术方案于利全术后麻上行，手术过程顺利治，术后给予抗感染切及营合养支持治疗，患者恢术后复好，切（2口171愈合17）胃窦前壁腺癌（低分化）粘液性印戒良好，5病4愈5出院。，1术2后病理示：（201端切7100癌1三组（5个）、四组（4个）、七组（1个）、“1、3、7组”（12个）淋巴结7），面癌积5*4组化.5CM，厚1.22（C）、M，侵达浆（+）、膜。双端切线未I查见III部分（+）、癌。，1（未）、查见癌。，II免疫（+）组化染色示化：CE化RB-2（奥沙利铂2-）、SYN1+亚叶酸钙少量3（2+）、+氟尿嘧啶75β-TUB2ULIN-III部分（+）、、RR、M酸、1肝、（-）、治TOPO II少量（+），于我院行化疗，，化腹疗腹我院为：200MG D1+化0.3D2-6 +75“胃癌术后”0MG D2-6 静滴，同时予以升白细胞、止吐、抑酸、保、、免疫增强治大疗。   院外期间患者一般情况好，无化恶",
    "entities": [
        {
            "label_type": "疾病和诊断",
            "overlap": 0,
            "start_pos": 8,
            "end_pos": 10,
            "text": "胃癌"
        },
        {
            "label_type": "手术",
            "overlap": 0,
            "start_pos": 30,
            "end_pos": 52,
            "text": "胃癌癌根治术（远端胃大部切除+毕I式吻合术）"
        },
        {
            "label_type": "疾病和诊断",
            "overlap": 0,
            "start_pos": 111,
            "end_pos": 127,
            "text": "胃窦前壁腺癌（低分化）粘液性印戒"
        },
        {
            "label_type": "解剖部位",
            "overlap": 0,
            "start_pos": 159,
            "end_pos": 196,
            "text": "三组（5个）、四组（4个）、七组（1个）、“1、3、7组”（12个）淋巴结"
        },
        {
            "end_pos": 288,
            "label_type": "药物",
            "overlap": 0,
            "start_pos": 284,
            "text": "奥沙利铂"
        },
        {
            "end_pos": 301,
            "label_type": "药物",
            "overlap": 0,
            "start_pos": 297,
            "text": "亚叶酸钙"
        },
        {
            "end_pos": 314,
            "label_type": "药物",
            "overlap": 0,
            "start_pos": 310,
            "text": "氟尿嘧啶"
        },
        {
            "end_pos": 345,
            "label_type": "解剖部位",
            "overlap": 0,
            "start_pos": 344,
            "text": "肝"
        },
        {
            "end_pos": 374,
            "label_type": "解剖部位",
            "overlap": 0,
            "start_pos": 373,
            "text": "腹"
        },
        {
            "end_pos": 376,
            "label_type": "解剖部位",
            "overlap": 0,
            "start_pos": 375,
            "text": "腹"
        },
        {
            "label_type": "疾病和诊断",
            "overlap": 0,
            "start_pos": 402,
            "end_pos": 406,
            "text": "胃癌术后"
        }
    ]
}