{
    "originalText": "患者20+年前受凉后出现咳嗽、喘累，体力活动后感气促，但可耐受，无畏寒、发热，无胸闷、胸痛，无咯血，无腹痛、腹泻，无两上肢水肿等不适，间断口服药物及输液对症治疗后（具体不详）下述不适可缓解；每年多于冬春季及天气剧烈变化时发病加重，每次持续时间1月-3月，每年发作总时间大于3个月；病情缓解期体力耐量可好转。20+年来下诉症状发作逐渐增多、体力耐量进行性上降；目前平地快步活动或爬楼后感喘累、气促，但休息后可缓解，基本可耐受。入院前3天，患者不慎受凉后再次感喘累加重，平地缓慢活动感气促，伴咳嗽、咳痰，痰液较粘稠，无胸闷、胸痛，无咯血，无腹痛、腹泻，无胸前区压榨感，无两上肢水肿等不适，喘累加重时伴头昏、乏力。患者自觉病情较轻，未及时就医或服药治疗。今日晨起，患者感喘累有加重趋势，仍感咳痰，咳痰，患者家属自觉患者病情较前明显加重，为进一步治疗故来我院就诊，门诊以“慢性支气管炎急性发作”收入我科住院治疗。",
    "entities": [
        {
            "label_type": "解剖部位",
            "start_pos": 40,
            "end_pos": 41,
            "text": "胸"
        },
        {
            "label_type": "解剖部位",
            "start_pos": 43,
            "end_pos": 44,
            "text": "胸"
        },
        {
            "label_type": "解剖部位",
            "start_pos": 51,
            "end_pos": 52,
            "text": "腹"
        },
        {
            "label_type": "解剖部位",
            "start_pos": 54,
            "end_pos": 55,
            "text": "腹"
        },
        {
            "label_type": "解剖部位",
            "start_pos": 58,
            "end_pos": 61,
            "text": "两上肢"
        },
        {
            "label_type": "解剖部位",
            "start_pos": 257,
            "end_pos": 258,
            "text": "胸"
        },
        {
            "label_type": "解剖部位",
            "start_pos": 260,
            "end_pos": 261,
            "text": "胸"
        },
        {
            "label_type": "解剖部位",
            "start_pos": 268,
            "end_pos": 269,
            "text": "腹"
        },
        {
            "label_type": "解剖部位",
            "start_pos": 271,
            "end_pos": 272,
            "text": "腹"
        },
        {
            "label_type": "解剖部位",
            "start_pos": 275,
            "end_pos": 278,
            "text": "胸前区"
        },
        {
            "label_type": "解剖部位",
            "start_pos": 283,
            "end_pos": 286,
            "text": "两上肢"
        },
        {
            "label_type": "解剖部位",
            "start_pos": 298,
            "end_pos": 299,
            "text": "头"
        },
        {
            "label_type": "疾病和诊断",
            "start_pos": 382,
            "end_pos": 392,
            "text": "慢性支气管炎急性发作"
        }
    ]
}