{
    "originalText": "，，患者3月余前无明显诱因出下腹现下部疼，隐痛，程，度轻微，可，自行忍受，予抑酸等处理后，腹疼痛可腰背缓解，，痛腹无向腹部，放射，无胀、，泻，无恶心、呕吐，无便血、，，黑胃镜便。胃窦幽门遂就诊于我院，，，胃窦腔查镜，示：前，见一溃疡型肿胃窦幽门物，腔变形，狭窄。镜，活中至低分化腺癌，LAUREN，分检提示：（前溃疡型肿物活检）镜检为，中至低分化术，L，AU术REN，，分型：考虑混合型。入院后完善相腹腔镜胃癌根治术关，术检查，，术未见明显手术，禁忌，有手术胃适应症镜，于胃中至低分化腺癌，LAUREN，分2017-，癌04-0至胃7在我院，行“腔镜癌癌根治术”，术程顺利，术后恢复癌良好。，病理检查：（大，镜体）镜检为中至，低分腺化，LAUREN，分肠下型化：混合型，癌组织浸润至壁腺癌浆膜层，，可见化脉管E内癌栓及网膜束侵，犯ER；神经组织，未见癌。（近，切缘）（远E切ER缘），镜上术：分粘膜慢性N炎，局灶腺体伴轻度，术不典型增，生及下皮，化生。（淋巴结）6术/52见转移；，免疫组化：VELEGF（化局灶弱，+），HER-2（0），C",
    "entities": [
        {
            "label_type": "解剖部位",
            "overlap": 0,
            "start_pos": 14,
            "end_pos": 16,
            "text": "下腹"
        },
        {
            "end_pos": 46,
            "label_type": "解剖部位",
            "overlap": 0,
            "start_pos": 45,
            "text": "腹"
        },
        {
            "label_type": "解剖部位",
            "overlap": 0,
            "start_pos": 49,
            "end_pos": 50,
            "text": "腰"
        },
        {
            "label_type": "解剖部位",
            "overlap": 0,
            "start_pos": 50,
            "end_pos": 51,
            "text": "背"
        },
        {
            "end_pos": 57,
            "label_type": "解剖部位",
            "overlap": 0,
            "start_pos": 56,
            "text": "腹"
        },
        {
            "end_pos": 60,
            "label_type": "解剖部位",
            "overlap": 0,
            "start_pos": 59,
            "text": "腹"
        },
        {
            "label_type": "解剖部位",
            "overlap": 0,
            "start_pos": 89,
            "end_pos": 91,
            "text": "胃窦"
        },
        {
            "label_type": "解剖部位",
            "overlap": 0,
            "start_pos": 91,
            "end_pos": 93,
            "text": "幽门"
        },
        {
            "label_type": "解剖部位",
            "overlap": 0,
            "start_pos": 102,
            "end_pos": 104,
            "text": "胃窦"
        },
        {
            "label_type": "解剖部位",
            "overlap": 0,
            "start_pos": 118,
            "end_pos": 120,
            "text": "胃窦"
        },
        {
            "label_type": "解剖部位",
            "overlap": 0,
            "start_pos": 120,
            "end_pos": 122,
            "text": "幽门"
        },
        {
            "label_type": "疾病和诊断",
            "overlap": 0,
            "start_pos": 134,
            "end_pos": 141,
            "text": "中至低分化腺癌"
        },
        {
            "end_pos": 208,
            "label_type": "手术",
            "overlap": 0,
            "start_pos": 200,
            "text": "腹腔镜胃癌根治术"
        },
        {
            "end_pos": 230,
            "label_type": "解剖部位",
            "overlap": 0,
            "start_pos": 229,
            "text": "胃"
        },
        {
            "label_type": "疾病和诊断",
            "overlap": 0,
            "start_pos": 236,
            "end_pos": 251,
            "text": "胃中至低分化腺癌，LAUREN"
        },
        {
            "label_type": "解剖部位",
            "overlap": 0,
            "start_pos": 265,
            "end_pos": 266,
            "text": "胃"
        },
        {
            "end_pos": 327,
            "label_type": "解剖部位",
            "overlap": 0,
            "start_pos": 326,
            "text": "肠"
        },
        {
            "label_type": "疾病和诊断",
            "overlap": 0,
            "start_pos": 342,
            "end_pos": 344,
            "text": "腺癌"
        }
    ]
}