{
    "originalText": "入院前16年患者发现血糖高，最高时20mmol/l右左，后给予降糖药物，未监测血糖，未重视及正规治疗。于1年前因头昏在我院内一科住院治疗，完善检查后诊断1、脑动脉供血不足2、高血压病3级极高危组 室间隔增厚3、2型糖尿病 糖尿病肾病 糖尿病周围神经病变4、腔隙性脑梗死5、高脂血症。给予门冬胰岛素早14IU中14IU晚12IU，重组甘精胰岛素注射液（长秀霖笔芯） 每次14IU,皮上注射/晚，病程过程中伴有两眼视物模糊、飞蚊症、视力上降，伴远段肢体麻木，伴夜尿增多（每晚3次），无乏力、发热、无头昏头痛、无视物旋转、无心悸气促、无咳嗽、咳痰、无腹痛、腹泻、两上肢不水肿、无尿频、尿急、尿痛。1月前出现两上肢水肿，以脚踝部明显，逐渐向下加重，无胸闷、胸痛，无活动后气促，为进一步治疗，今日来我院就诊，门诊以“糖尿病、水肿原因待查”收入我科住院治疗。患病来精神、饮食可，大便正常，小便同下。体重无明显上降。",
    "entities": [
        {
            "label_type": "实验室检验",
            "start_pos": 10,
            "end_pos": 12,
            "text": "血糖"
        },
        {
            "label_type": "实验室检验",
            "start_pos": 39,
            "end_pos": 41,
            "text": "血糖"
        },
        {
            "label_type": "解剖部位",
            "start_pos": 56,
            "end_pos": 57,
            "text": "头"
        },
        {
            "label_type": "疾病和诊断",
            "start_pos": 78,
            "end_pos": 85,
            "text": "脑动脉供血不足"
        },
        {
            "label_type": "疾病和诊断",
            "start_pos": 87,
            "end_pos": 97,
            "text": "高血压病3级极高危组"
        },
        {
            "label_type": "疾病和诊断",
            "start_pos": 98,
            "end_pos": 103,
            "text": "室间隔增厚"
        },
        {
            "label_type": "疾病和诊断",
            "start_pos": 105,
            "end_pos": 110,
            "text": "2型糖尿病"
        },
        {
            "label_type": "疾病和诊断",
            "start_pos": 111,
            "end_pos": 116,
            "text": "糖尿病肾病"
        },
        {
            "label_type": "疾病和诊断",
            "start_pos": 117,
            "end_pos": 126,
            "text": "糖尿病周围神经病变"
        },
        {
            "label_type": "疾病和诊断",
            "start_pos": 128,
            "end_pos": 134,
            "text": "腔隙性脑梗死"
        },
        {
            "label_type": "疾病和诊断",
            "start_pos": 136,
            "end_pos": 140,
            "text": "高脂血症"
        },
        {
            "label_type": "药物",
            "start_pos": 143,
            "end_pos": 148,
            "text": "门冬胰岛素"
        },
        {
            "label_type": "药物",
            "start_pos": 164,
            "end_pos": 181,
            "text": "重组甘精胰岛素注射液（长秀霖笔芯）"
        },
        {
            "label_type": "解剖部位",
            "start_pos": 203,
            "end_pos": 205,
            "text": "两眼"
        },
        {
            "label_type": "解剖部位",
            "start_pos": 222,
            "end_pos": 224,
            "text": "肢体"
        },
        {
            "label_type": "解剖部位",
            "start_pos": 247,
            "end_pos": 248,
            "text": "头"
        },
        {
            "label_type": "解剖部位",
            "start_pos": 259,
            "end_pos": 260,
            "text": "心"
        },
        {
            "label_type": "解剖部位",
            "start_pos": 272,
            "end_pos": 273,
            "text": "腹"
        },
        {
            "label_type": "解剖部位",
            "start_pos": 275,
            "end_pos": 276,
            "text": "腹"
        },
        {
            "label_type": "解剖部位",
            "start_pos": 278,
            "end_pos": 281,
            "text": "两上肢"
        },
        {
            "label_type": "解剖部位",
            "start_pos": 300,
            "end_pos": 303,
            "text": "两上肢"
        },
        {
            "label_type": "解剖部位",
            "start_pos": 307,
            "end_pos": 310,
            "text": "脚踝部"
        },
        {
            "label_type": "解剖部位",
            "start_pos": 321,
            "end_pos": 322,
            "text": "胸"
        },
        {
            "label_type": "解剖部位",
            "start_pos": 324,
            "end_pos": 325,
            "text": "胸"
        },
        {
            "label_type": "疾病和诊断",
            "start_pos": 353,
            "end_pos": 356,
            "text": "糖尿病"
        },
        {
            "label_type": "疾病和诊断",
            "start_pos": 357,
            "end_pos": 363,
            "text": "水肿原因待查"
        }
    ]
}