{
    "originalText": "，患者因“胃癌”“2”1于201195-5-“胃癌根治术”1术后9于我院行“术后”，术后胃窦腺癌恢复良好，，术后病理示：，中度分化，2浸2润溃疡型，组织8*5*2.2C癌M，侵大弯穿、小弯浆膜，组部分脉大管内查见癌性癌栓，并侧、侧脂肪组织癌内及四组（3/9个）、六组（1/6个）淋巴结癌大网膜“肝圆韧带”癌内多灶三组（2个）、五组（1个）、“1、3、7组”（13个）淋巴结性癌转癌移，癌组双端切组线未查见癌。呈癌转移及“”癌转移。未查见（癌）、。，（癌）、体积免1疫组（化）、染色示：β-TU（B）、ULIN-I2（I）、I局灶（（）+）、TS（术后2-）、RR奥沙利铂1M1局灶（+1）亚叶酸钙、T3OPO2I6I替加氟1少数2（6+）、CER利BB-2（-）、SYN（治-）。，依情予行术后2“胃恶性肿瘤术后”疗程化疗：150MG D1+0.3G D2-6+1GD2-小6,化疗大过程顺利，无明显不适，现为进一步",
    "entities": [
        {
            "label_type": "疾病和诊断",
            "overlap": 0,
            "start_pos": 5,
            "end_pos": 7,
            "text": "胃癌"
        },
        {
            "end_pos": 28,
            "label_type": "手术",
            "overlap": 0,
            "start_pos": 23,
            "text": "胃癌根治术"
        },
        {
            "label_type": "疾病和诊断",
            "overlap": 0,
            "start_pos": 44,
            "end_pos": 48,
            "text": "胃窦腺癌"
        },
        {
            "label_type": "解剖部位",
            "overlap": 0,
            "start_pos": 88,
            "end_pos": 90,
            "text": "大弯"
        },
        {
            "label_type": "解剖部位",
            "overlap": 0,
            "start_pos": 92,
            "end_pos": 94,
            "text": "小弯"
        },
        {
            "label_type": "解剖部位",
            "overlap": 0,
            "start_pos": 122,
            "end_pos": 142,
            "text": "四组（3/9个）、六组（1/6个）淋巴结"
        },
        {
            "end_pos": 151,
            "label_type": "解剖部位",
            "overlap": 0,
            "start_pos": 147,
            "text": "肝圆韧带"
        },
        {
            "label_type": "解剖部位",
            "overlap": 0,
            "start_pos": 156,
            "end_pos": 186,
            "text": "三组（2个）、五组（1个）、“1、3、7组”（13个）淋巴结"
        },
        {
            "end_pos": 285,
            "label_type": "药物",
            "overlap": 0,
            "start_pos": 281,
            "text": "奥沙利铂"
        },
        {
            "end_pos": 298,
            "label_type": "药物",
            "overlap": 0,
            "start_pos": 294,
            "text": "亚叶酸钙"
        },
        {
            "end_pos": 311,
            "label_type": "药物",
            "overlap": 0,
            "start_pos": 308,
            "text": "替加氟"
        },
        {
            "label_type": "疾病和诊断",
            "overlap": 0,
            "start_pos": 349,
            "end_pos": 356,
            "text": "胃恶性肿瘤术后"
        }
    ]
}