{
    "originalText": "患者既往有多年反复咳嗽病史，入院前8月受凉后咳嗽加重，咳白色泡沫痰，伴乏力、心悸，活动后喘累，下一楼即需停上休息，无胸闷、胸痛，无黑矇、晕厥，无夜间阵发性呼吸困难，无两上肢水肿等，自行服药后症状缓解不明显。于***二院就诊，行心脏彩超提示主动脉瓣重度狭窄伴反流，考虑为“风湿性心脏病”，于2015年7月17日在心胸外科行主动脉瓣置换术，手术顺利患者恢复较好，术后于我院住院恢复，出院时嘱院外口服华法林3.75mg，但患者长期口服2.5mg每天一次。平素日常活动无明显不适。1月前患者受凉后感咳嗽，咳白色泡沫痰，自行服用感冒药。1周前逐渐出现活动后气促，走平路即可发作，进食、穿衣稍感喘累，无发热、畏寒，无恶心、呕吐，无心悸、胸痛，无皮肤黏膜青紫，无两上肢水肿、夜间阵发性呼吸困难，于当地诊所输液1天后无明显改善，为进一步诊治今日收治我科。患者自发病以来精神、食欲可，大小便未诉异常。近期体重无明显减轻。",
    "entities": [
        {
            "label_type": "解剖部位",
            "start_pos": 38,
            "end_pos": 39,
            "text": "心"
        },
        {
            "label_type": "解剖部位",
            "start_pos": 58,
            "end_pos": 59,
            "text": "胸"
        },
        {
            "label_type": "解剖部位",
            "start_pos": 61,
            "end_pos": 62,
            "text": "胸"
        },
        {
            "label_type": "解剖部位",
            "start_pos": 83,
            "end_pos": 86,
            "text": "两上肢"
        },
        {
            "label_type": "影像检查",
            "start_pos": 113,
            "end_pos": 117,
            "text": "心脏彩超"
        },
        {
            "label_type": "疾病和诊断",
            "start_pos": 119,
            "end_pos": 130,
            "text": "主动脉瓣重度狭窄伴反流"
        },
        {
            "label_type": "疾病和诊断",
            "start_pos": 135,
            "end_pos": 141,
            "text": "风湿性心脏病"
        },
        {
            "label_type": "手术",
            "start_pos": 160,
            "end_pos": 167,
            "text": "主动脉瓣置换术"
        },
        {
            "label_type": "药物",
            "start_pos": 197,
            "end_pos": 200,
            "text": "华法林"
        },
        {
            "label_type": "解剖部位",
            "start_pos": 309,
            "end_pos": 310,
            "text": "心"
        },
        {
            "label_type": "解剖部位",
            "start_pos": 312,
            "end_pos": 313,
            "text": "胸"
        },
        {
            "label_type": "解剖部位",
            "start_pos": 324,
            "end_pos": 327,
            "text": "两上肢"
        }
    ]
}