{
    "originalText": "，，患者因乙状结肠癌“”于2012-11-30在我院于全麻上乙状结肠癌根治术，行术，手术利，术后过程顺利，术后给予抗治感，染及营养支，持治疗合，患者，术后恢复好，（切口愈合良好。，术后）(乙状结肠）腺癌（中度分化，部分为粘液腺癌图像），符合绒毛状管状腺瘤癌变，病理为示：（1330，4.20，12），面积为4*3.5CM，饮食浆膜，双癌侧一站淋巴结（切线）及中间组淋巴结（另送）“近端癌”、“化远端”后，分切线未查见癌。（9个）、（7个）未查见癌。查无化疗禁忌后，分别于201化2治-，，化12-为2奥沙利铂0、2013-1，亚叶酸钙-21、2替加氟013-2-16行3，次化疗治疗，，化疗方肝案为：150MG治 ，D1，0.3G+1.0G 间D2一-D6，，同时给，与腹升腹白细胞、，护、止为吐、免疫化增强治疗，患者，副反应轻乙状结肠癌术后。   院外期间患者一般情况好，，无恶，心，无痛胀，胀不适，，现患者为行复查变化及",
    "entities": [
        {
            "label_type": "疾病和诊断",
            "overlap": 0,
            "start_pos": 5,
            "end_pos": 10,
            "text": "乙状结肠癌"
        },
        {
            "end_pos": 38,
            "label_type": "手术",
            "overlap": 0,
            "start_pos": 30,
            "text": "乙状结肠癌根治术"
        },
        {
            "label_type": "疾病和诊断",
            "overlap": 0,
            "start_pos": 93,
            "end_pos": 129,
            "text": "(乙状结肠）腺癌（中度分化，部分为粘液腺癌图像），符合绒毛状管状腺瘤癌变"
        },
        {
            "label_type": "解剖部位",
            "overlap": 0,
            "start_pos": 169,
            "end_pos": 174,
            "text": "一站淋巴结"
        },
        {
            "label_type": "解剖部位",
            "overlap": 0,
            "start_pos": 179,
            "end_pos": 185,
            "text": "中间组淋巴结"
        },
        {
            "end_pos": 254,
            "label_type": "药物",
            "overlap": 0,
            "start_pos": 250,
            "text": "奥沙利铂"
        },
        {
            "end_pos": 267,
            "label_type": "药物",
            "overlap": 0,
            "start_pos": 263,
            "text": "亚叶酸钙"
        },
        {
            "end_pos": 275,
            "label_type": "药物",
            "overlap": 0,
            "start_pos": 272,
            "text": "替加氟"
        },
        {
            "end_pos": 297,
            "label_type": "解剖部位",
            "overlap": 0,
            "start_pos": 296,
            "text": "肝"
        },
        {
            "end_pos": 336,
            "label_type": "解剖部位",
            "overlap": 0,
            "start_pos": 335,
            "text": "腹"
        },
        {
            "end_pos": 338,
            "label_type": "解剖部位",
            "overlap": 0,
            "start_pos": 337,
            "text": "腹"
        },
        {
            "label_type": "疾病和诊断",
            "overlap": 0,
            "start_pos": 364,
            "end_pos": 371,
            "text": "乙状结肠癌术后"
        }
    ]
}