{
    "originalText": "入院前1+年，患者在我院住院期间发现高血压，在我院行“动态血压示平均收缩压 154mmhg（最小值104mmhg，最大值205mmhg），平均舒张压64mmhg（最小值53mmhg，最大值77mmhg），平均脉压 90mmhg，平均心率68次/分”，予以“坎地沙坦酯片 每次4mg 每天1次、盐酸乐卡地平片 每次4mg 每天1次”控制血压，但患者未正规服用降压药物，未正规监测血压，血压控制不详。入院前1天，患者无明显诱因出现头晕、视物旋转，不敢睁眼，站立困难，无恶心、呕吐，无单侧肢体乏力、活动障碍，无晕厥、黑朦，无意识障碍、抽搐，无咳嗽、咳痰，无腹胀、腹痛等，故就诊附近社区医院，家属当时测血压不高（具体不详），予以“甘露醇、红花”等药物治疗后仍无明显缓解，故就诊我院急诊科，为进一步治疗，以“头晕待查”收入我科住院。患者自起病以来，精神、食欲、睡眠较差，体力明显上降，体重无改变。大小便正常。",
    "entities": [
        {
            "label_type": "疾病和诊断",
            "start_pos": 18,
            "end_pos": 21,
            "text": "高血压"
        },
        {
            "label_type": "药物",
            "start_pos": 128,
            "end_pos": 134,
            "text": "坎地沙坦酯片"
        },
        {
            "label_type": "药物",
            "start_pos": 146,
            "end_pos": 153,
            "text": "盐酸乐卡地平片"
        },
        {
            "label_type": "解剖部位",
            "start_pos": 213,
            "end_pos": 214,
            "text": "头"
        },
        {
            "label_type": "解剖部位",
            "start_pos": 241,
            "end_pos": 243,
            "text": "肢体"
        },
        {
            "label_type": "解剖部位",
            "start_pos": 275,
            "end_pos": 276,
            "text": "腹"
        },
        {
            "label_type": "解剖部位",
            "start_pos": 278,
            "end_pos": 279,
            "text": "腹"
        },
        {
            "label_type": "药物",
            "start_pos": 311,
            "end_pos": 314,
            "text": "甘露醇"
        },
        {
            "label_type": "药物",
            "start_pos": 315,
            "end_pos": 317,
            "text": "红花"
        },
        {
            "label_type": "疾病和诊断",
            "start_pos": 349,
            "end_pos": 353,
            "text": "头晕待查"
        }
    ]
}