{
    "originalText": "，缘于入院1月余前于我院诊为降结肠中分化管状腺癌，于2016年03月04日在全麻上上行腹腔镜上根治性右半结肠切除术“腔术后镜上根治性右半结切除术”，术后病理右半结肠（N2结肠溃疡型中分化管状腺癌016肠0190肠周5），：（右半结），：管结病例型术中分化切管状腺癌(上切，侵犯壁全癌层及周脂肪(组切织，侵犯神经维、脉管组中织癌，手术标本肠周淋巴结双切端及另送癌(上切端)(右结肠根部淋巴结均未(结肠中血管右支根部淋巴结见镜上癌浸维润血管,另送(下切端)浆膜外纤维脂肪组织中见癌浸润。找到5/15个见癌转移。另送(右结根部淋巴结)、(结中血管右支根部淋巴结)镜上为纤维、血管、脂肪组织。（MN201术6安0037）性，：该溃疡酸未检测到BRAF基支因V治600后E突变。（MN20160037）安维汀，：该病例检测到KRAS基奥沙利铂因12号密码子G12S突变氟尿嘧啶。术顺安返，予预防性抗感染亚叶酸钙、制酸、提高免疫力、营养支持等治疗化好转后周出院化。于20利1化6后.04.12予“200M化GIVGTTD1+12结肠癌术后0MGIVGTTD2+3400MGCIV4腹8H腹+300MGIVGTTD1-2”方案化化疗",
    "entities": [
        {
            "label_type": "疾病和诊断",
            "overlap": 0,
            "start_pos": 14,
            "end_pos": 24,
            "text": "降结肠中分化管状腺癌"
        },
        {
            "end_pos": 57,
            "label_type": "手术",
            "overlap": 0,
            "start_pos": 43,
            "text": "腹腔镜上根治性右半结肠切除术"
        },
        {
            "end_pos": 82,
            "label_type": "解剖部位",
            "overlap": 0,
            "start_pos": 78,
            "text": "右半结肠"
        },
        {
            "label_type": "疾病和诊断",
            "overlap": 0,
            "start_pos": 85,
            "end_pos": 97,
            "text": "结肠溃疡型中分化管状腺癌"
        },
        {
            "label_type": "解剖部位",
            "overlap": 0,
            "start_pos": 100,
            "end_pos": 101,
            "text": "肠"
        },
        {
            "label_type": "解剖部位",
            "overlap": 0,
            "start_pos": 105,
            "end_pos": 106,
            "text": "肠"
        },
        {
            "end_pos": 173,
            "label_type": "解剖部位",
            "overlap": 0,
            "start_pos": 168,
            "text": "肠周淋巴结"
        },
        {
            "end_pos": 194,
            "label_type": "解剖部位",
            "overlap": 0,
            "start_pos": 185,
            "text": "(右结肠根部淋巴结"
        },
        {
            "end_pos": 209,
            "label_type": "解剖部位",
            "overlap": 0,
            "start_pos": 197,
            "text": "结肠中血管右支根部淋巴结"
        },
        {
            "end_pos": 349,
            "label_type": "药物",
            "overlap": 0,
            "start_pos": 346,
            "text": "安维汀"
        },
        {
            "end_pos": 366,
            "label_type": "药物",
            "overlap": 0,
            "start_pos": 362,
            "text": "奥沙利铂"
        },
        {
            "end_pos": 383,
            "label_type": "药物",
            "overlap": 0,
            "start_pos": 379,
            "text": "氟尿嘧啶"
        },
        {
            "end_pos": 400,
            "label_type": "药物",
            "overlap": 0,
            "start_pos": 396,
            "text": "亚叶酸钙"
        },
        {
            "label_type": "疾病和诊断",
            "overlap": 0,
            "start_pos": 458,
            "end_pos": 463,
            "text": "结肠癌术后"
        },
        {
            "end_pos": 485,
            "label_type": "解剖部位",
            "overlap": 0,
            "start_pos": 484,
            "text": "腹"
        },
        {
            "end_pos": 488,
            "label_type": "解剖部位",
            "overlap": 0,
            "start_pos": 487,
            "text": "腹"
        }
    ]
}