{
    "originalText": "入院前10+年患者因右侧肢体偏瘫，在**医院诊断“脑梗死”，同时检查发现血压高，最高收缩血压200mmHg，治疗后右侧肢体肌力大致恢复正常，院外长期坚持降压治疗，自诉收缩血压多在150mmHg，偶有头昏，无明显头痛，无恶心呕吐，无心慌心悸，无肢体麻木乏力。入院前3天患者无明显诱因出现头昏头痛，阵发性加重，伴有咽痛，剑突上疼痛，烧心，心慌，无耳鸣，无恶心呕吐，无畏寒发热，无咳嗽咯痰，无视物旋转，无反酸嗳气，无肢体麻木乏力，无胸痛，无心前区压榨样不适，无心累气促，无颜面四肢浮肿，无呼吸困难，无偏瘫。今日患者在家测血压达200mmHg，立即到我院门诊就诊，门诊测血压202/94mmHg，血常规大致正常，心电图：窦性心动过速，指血糖6.0mmol/l。心肌酶谱、肌钙蛋白、D-二聚体、电解质大致正常。为进一步诊疗收入我科住院。患者此次发病以来精神食欲可，睡眠一般，大小便正常，体力体重无明显上降。",
    "entities": [
        {
            "label_type": "解剖部位",
            "start_pos": 10,
            "end_pos": 14,
            "text": "右侧肢体"
        },
        {
            "label_type": "疾病和诊断",
            "start_pos": 25,
            "end_pos": 28,
            "text": "脑梗死"
        },
        {
            "label_type": "解剖部位",
            "start_pos": 57,
            "end_pos": 61,
            "text": "右侧肢体"
        },
        {
            "label_type": "解剖部位",
            "start_pos": 99,
            "end_pos": 100,
            "text": "头"
        },
        {
            "label_type": "解剖部位",
            "start_pos": 105,
            "end_pos": 106,
            "text": "头"
        },
        {
            "label_type": "解剖部位",
            "start_pos": 115,
            "end_pos": 116,
            "text": "心"
        },
        {
            "label_type": "解剖部位",
            "start_pos": 117,
            "end_pos": 118,
            "text": "心"
        },
        {
            "label_type": "解剖部位",
            "start_pos": 121,
            "end_pos": 123,
            "text": "肢体"
        },
        {
            "label_type": "解剖部位",
            "start_pos": 142,
            "end_pos": 143,
            "text": "头"
        },
        {
            "label_type": "解剖部位",
            "start_pos": 144,
            "end_pos": 145,
            "text": "头"
        },
        {
            "label_type": "解剖部位",
            "start_pos": 155,
            "end_pos": 156,
            "text": "咽"
        },
        {
            "label_type": "解剖部位",
            "start_pos": 158,
            "end_pos": 161,
            "text": "剑突上"
        },
        {
            "label_type": "解剖部位",
            "start_pos": 167,
            "end_pos": 168,
            "text": "心"
        },
        {
            "label_type": "解剖部位",
            "start_pos": 171,
            "end_pos": 172,
            "text": "耳"
        },
        {
            "label_type": "解剖部位",
            "start_pos": 205,
            "end_pos": 207,
            "text": "肢体"
        },
        {
            "label_type": "解剖部位",
            "start_pos": 213,
            "end_pos": 214,
            "text": "胸"
        },
        {
            "label_type": "解剖部位",
            "start_pos": 217,
            "end_pos": 220,
            "text": "心前区"
        },
        {
            "label_type": "解剖部位",
            "start_pos": 227,
            "end_pos": 228,
            "text": "心"
        },
        {
            "label_type": "解剖部位",
            "start_pos": 234,
            "end_pos": 235,
            "text": "面"
        },
        {
            "label_type": "影像检查",
            "start_pos": 302,
            "end_pos": 305,
            "text": "心电图"
        },
        {
            "label_type": "疾病和诊断",
            "start_pos": 306,
            "end_pos": 312,
            "text": "窦性心动过速"
        },
        {
            "label_type": "实验室检验",
            "start_pos": 313,
            "end_pos": 316,
            "text": "指血糖"
        },
        {
            "label_type": "实验室检验",
            "start_pos": 336,
            "end_pos": 341,
            "text": "D-二聚体"
        }
    ]
}