{
    "originalText": "2+年前患者无明显诱因解黑便，大便量及次数未发生明显改变，伴头昏、乏力、皮肤黏膜苍白，无反酸、嗳气、烧心，无呕血、腹痛、腹胀、腹泻，无恶心、呕吐、晕厥，无腹围增大。多次就诊，考虑“丙肝肝硬化失代偿 胃底静脉曲张破裂出血”，多次内科输血、抑酸护胃治疗。1月前患者再次成形黑便，与********医院：胃镜胃体瘢痕,胃底静脉曲张（轻度）；胃体活检：黏膜内癌，中-低分化。下腹部CIA：肝硬化，脾大，门脉高压，食管上段、胃底静脉曲张；右肾小囊肿，胆囊小结石；血常规HB 58G/L;给予内科止血，输血SAG 4U，抑酸保肝治疗缓解自行出院。***二院建议行胃切除及剖腹产术，患者拒绝。2小时前患者自觉饥饿感，使用1双小面后，解1次稀糊样大便，约200g,稍感乏力，无心悸，无恶心、呕吐，遂于我院就诊，拟“下消化道出血”收入住院。病程中精神、睡眠欠佳，饮食尚可，大便如下述，小便正常。体重无明显减轻。",
    "entities": [
        {
            "label_type": "解剖部位",
            "start_pos": 30,
            "end_pos": 31,
            "text": "头"
        },
        {
            "label_type": "解剖部位",
            "start_pos": 57,
            "end_pos": 58,
            "text": "腹"
        },
        {
            "label_type": "解剖部位",
            "start_pos": 60,
            "end_pos": 61,
            "text": "腹"
        },
        {
            "label_type": "解剖部位",
            "start_pos": 63,
            "end_pos": 64,
            "text": "腹"
        },
        {
            "label_type": "解剖部位",
            "start_pos": 77,
            "end_pos": 78,
            "text": "腹"
        },
        {
            "label_type": "疾病和诊断",
            "start_pos": 90,
            "end_pos": 98,
            "text": "丙肝肝硬化失代偿"
        },
        {
            "label_type": "疾病和诊断",
            "start_pos": 99,
            "end_pos": 109,
            "text": "胃底静脉曲张破裂出血"
        },
        {
            "label_type": "解剖部位",
            "start_pos": 121,
            "end_pos": 122,
            "text": "胃"
        },
        {
            "label_type": "解剖部位",
            "start_pos": 151,
            "end_pos": 153,
            "text": "胃体"
        },
        {
            "label_type": "疾病和诊断",
            "start_pos": 156,
            "end_pos": 166,
            "text": "胃底静脉曲张（轻度）"
        },
        {
            "label_type": "疾病和诊断",
            "start_pos": 172,
            "end_pos": 182,
            "text": "黏膜内癌，中-低分化"
        },
        {
            "label_type": "影像检查",
            "start_pos": 183,
            "end_pos": 189,
            "text": "下腹部CIA"
        },
        {
            "label_type": "疾病和诊断",
            "start_pos": 190,
            "end_pos": 193,
            "text": "肝硬化"
        },
        {
            "label_type": "解剖部位",
            "start_pos": 194,
            "end_pos": 195,
            "text": "脾"
        },
        {
            "label_type": "疾病和诊断",
            "start_pos": 197,
            "end_pos": 201,
            "text": "门脉高压"
        },
        {
            "label_type": "疾病和诊断",
            "start_pos": 202,
            "end_pos": 213,
            "text": "食管上段、胃底静脉曲张"
        },
        {
            "label_type": "疾病和诊断",
            "start_pos": 214,
            "end_pos": 219,
            "text": "右肾小囊肿"
        },
        {
            "label_type": "疾病和诊断",
            "start_pos": 220,
            "end_pos": 225,
            "text": "胆囊小结石"
        },
        {
            "label_type": "实验室检验",
            "start_pos": 229,
            "end_pos": 231,
            "text": "HB"
        },
        {
            "label_type": "解剖部位",
            "start_pos": 257,
            "end_pos": 258,
            "text": "肝"
        },
        {
            "label_type": "手术",
            "start_pos": 275,
            "end_pos": 278,
            "text": "胃切除"
        },
        {
            "label_type": "手术",
            "start_pos": 279,
            "end_pos": 283,
            "text": "剖腹产术"
        },
        {
            "label_type": "解剖部位",
            "start_pos": 330,
            "end_pos": 331,
            "text": "心"
        },
        {
            "label_type": "疾病和诊断",
            "start_pos": 349,
            "end_pos": 355,
            "text": "下消化道出血"
        }
    ]
}