{
    "originalText": "患者于2015.10.28在我院因“绝经经2年阴道后不规则血流血2月经腹广泛性子宫+两附件切除术+盆腔淋巴结清扫术”行术顺，手术术顺利，术（后病理示：（38）（宫颈）中低分化鳞状细胞癌711切.15），肿瘤切面积4.8×宫颈2.6宫颈CM，阴道壁侵右左宫及全层及内口癌；右闭孔淋巴结、右（左宫旁）组左闭孔淋巴结织未（查见癌）；4枚（0/癌4右髂血管淋巴结）、5枚中（0/5）均癌（未查见）转左髂血管淋巴结移癌；9中枚，其中8枚癌（查见转）移癌（性子宫8/9两侧输卵管），7枚，两侧卵巢白体其中1枚查见转移癌（1/7紫杉醇+顺铂化）；萎缩性化内膜，中大致紫杉醇正常，。于2015.11.13行+力朴素化疗1周期+顺铂，化疗过程化中出现过敏，后于2015.12.09改为270MG+除1化20MG化疗1周期，未诉明显不适。后为行进一步治疗转入我科，排除放化顺铂疗禁忌后，给予局部+力扑素放疗D1，计划量化DT=4500顺CGY/25F，同时40MG 计划-3+270除化MG D1化疗1周期，过程顺利，力扑素无明显不适。后为+顺铂行进一步诊治，就诊化我院。排除化疗顺禁忌后于2016.2.16给化予270MG D1+40MG D1-3化疗1周期，过程顺利，体无明显不适。现",
    "entities": [
        {
            "end_pos": 25,
            "label_type": "解剖部位",
            "overlap": 0,
            "start_pos": 23,
            "text": "阴道"
        },
        {
            "label_type": "手术",
            "overlap": 0,
            "start_pos": 34,
            "end_pos": 57,
            "text": "经腹广泛性子宫+两附件切除术+盆腔淋巴结清扫术"
        },
        {
            "label_type": "疾病和诊断",
            "overlap": 0,
            "start_pos": 79,
            "end_pos": 92,
            "text": "（宫颈）中低分化鳞状细胞癌"
        },
        {
            "end_pos": 112,
            "label_type": "解剖部位",
            "overlap": 0,
            "start_pos": 110,
            "text": "宫颈"
        },
        {
            "label_type": "解剖部位",
            "overlap": 0,
            "start_pos": 115,
            "end_pos": 117,
            "text": "宫颈"
        },
        {
            "end_pos": 123,
            "label_type": "解剖部位",
            "overlap": 0,
            "start_pos": 120,
            "text": "阴道壁"
        },
        {
            "end_pos": 141,
            "label_type": "解剖部位",
            "overlap": 0,
            "start_pos": 135,
            "text": "右闭孔淋巴结"
        },
        {
            "end_pos": 155,
            "label_type": "解剖部位",
            "overlap": 0,
            "start_pos": 149,
            "text": "左闭孔淋巴结"
        },
        {
            "end_pos": 177,
            "label_type": "解剖部位",
            "overlap": 0,
            "start_pos": 170,
            "text": "右髂血管淋巴结"
        },
        {
            "end_pos": 202,
            "label_type": "解剖部位",
            "overlap": 0,
            "start_pos": 195,
            "text": "左髂血管淋巴结"
        },
        {
            "label_type": "解剖部位",
            "overlap": 0,
            "start_pos": 223,
            "end_pos": 225,
            "text": "子宫"
        },
        {
            "label_type": "解剖部位",
            "overlap": 0,
            "start_pos": 228,
            "end_pos": 233,
            "text": "两侧输卵管"
        },
        {
            "label_type": "解剖部位",
            "overlap": 0,
            "start_pos": 238,
            "end_pos": 244,
            "text": "两侧卵巢白体"
        },
        {
            "end_pos": 260,
            "label_type": "药物",
            "overlap": 0,
            "start_pos": 257,
            "text": "紫杉醇"
        },
        {
            "end_pos": 263,
            "label_type": "药物",
            "overlap": 0,
            "start_pos": 261,
            "text": "顺铂"
        },
        {
            "end_pos": 279,
            "label_type": "药物",
            "overlap": 0,
            "start_pos": 276,
            "text": "紫杉醇"
        },
        {
            "end_pos": 299,
            "label_type": "药物",
            "overlap": 0,
            "start_pos": 296,
            "text": "力朴素"
        },
        {
            "end_pos": 307,
            "label_type": "药物",
            "overlap": 0,
            "start_pos": 305,
            "text": "顺铂"
        },
        {
            "end_pos": 378,
            "label_type": "药物",
            "overlap": 0,
            "start_pos": 376,
            "text": "顺铂"
        },
        {
            "end_pos": 391,
            "label_type": "药物",
            "overlap": 0,
            "start_pos": 388,
            "text": "力扑素"
        },
        {
            "end_pos": 452,
            "label_type": "药物",
            "overlap": 0,
            "start_pos": 449,
            "text": "力扑素"
        },
        {
            "end_pos": 463,
            "label_type": "药物",
            "overlap": 0,
            "start_pos": 461,
            "text": "顺铂"
        }
    ]
}