{
    "originalText": "，，2017年02月17日全在全麻腹腔镜探查，根治性全胃切除术上，术行。，术后全胃病理：（全，切除和大网膜溃疡型低分化腺癌，），切除： ，分型- ，型LAUREN，分型：混合型； -管癌 位于粘膜层食管； - 未十二指肠见较前癌栓癌； - （断端）、癌（残端）未见癌； 癌- 大网膜未见癌； - 淋巴结未见癌转移（第1组0/3、第2组0/2、第3组0/0、第4D组0/1、第4SA组0/0、第5组0/2、第7组0/3、第8A组0/1、第8P组0/2、第9组0/2、第11D组0/3、第12A组0/0、第6组0/3、第11P，组0/4分、第4TSB组0/，0）；化 - ，肿C瘤病理分期：PCT1AN0。C，免疫组化结果显示:CD56(－),CGA(－)术,CK(+，术),KI胸CT-67(腹盆，CT+盆腔40%)，,SYN(－)。术后恢复可。，C术后基线：（-),：",
    "entities": [
        {
            "label_type": "解剖部位",
            "overlap": 0,
            "start_pos": 17,
            "end_pos": 31,
            "text": "腹腔镜探查，根治性全胃切除术"
        },
        {
            "end_pos": 41,
            "label_type": "解剖部位",
            "overlap": 0,
            "start_pos": 40,
            "text": "胃"
        },
        {
            "label_type": "疾病和诊断",
            "overlap": 0,
            "start_pos": 53,
            "end_pos": 61,
            "text": "溃疡型低分化腺癌"
        },
        {
            "label_type": "解剖部位",
            "overlap": 0,
            "start_pos": 99,
            "end_pos": 101,
            "text": "食管"
        },
        {
            "end_pos": 110,
            "label_type": "解剖部位",
            "overlap": 0,
            "start_pos": 106,
            "text": "十二指肠"
        },
        {
            "label_type": "影像检查",
            "overlap": 0,
            "start_pos": 338,
            "end_pos": 341,
            "text": "胸CT"
        },
        {
            "label_type": "影像检查",
            "overlap": 0,
            "start_pos": 345,
            "end_pos": 350,
            "text": "腹盆，CT"
        },
        {
            "end_pos": 353,
            "label_type": "解剖部位",
            "overlap": 0,
            "start_pos": 351,
            "text": "盆腔"
        }
    ]
}