{
    "originalText": "患者中餐进食较硬米饭及少量辛辣食物后感腹胀，入院前4+小时前患者在工作时突然出现恶心、呕吐胃内容物及暗红色鲜血2次，总量约200ml，非喷射样，无血凝块，呕吐后出现晕厥1次，数分钟后醒转，伴乏力、口干，无大小便失禁、抽搐，无腹痛、腹泻，无反酸、嗳气，无烧心、黑便，遂至我院就诊，急诊科测血压117/80mmHg，查血常规：WBC：8.7×109/l，N：0.55，PLT：247×109/l ，Hb：111g/l，肾功：尿素：12.22mmol/L,肌酐：58.5mmol/L，尿酸：203.8umol/L，凝血象、肝功、电解质、腹部彩超正常，血型：O型RH阳性，心电图提示轻度ST-T异常（V4），给予“奥美拉唑、蛇毒血凝酶、卡络磺”及口服“去甲肾下腺素”治疗，为进一步诊治以“1.急性下消化道出血2.低血容量性晕厥”收入我科。病程以来患者精神欠佳，未进食，大小便未解，体重无明显改变。",
    "entities": [
        {
            "label_type": "解剖部位",
            "start_pos": 45,
            "end_pos": 46,
            "text": "胃"
        },
        {
            "label_type": "解剖部位",
            "start_pos": 112,
            "end_pos": 113,
            "text": "腹"
        },
        {
            "label_type": "解剖部位",
            "start_pos": 115,
            "end_pos": 116,
            "text": "腹"
        },
        {
            "label_type": "实验室检验",
            "start_pos": 161,
            "end_pos": 164,
            "text": "WBC"
        },
        {
            "label_type": "实验室检验",
            "start_pos": 175,
            "end_pos": 176,
            "text": "N"
        },
        {
            "label_type": "实验室检验",
            "start_pos": 182,
            "end_pos": 185,
            "text": "PLT"
        },
        {
            "label_type": "实验室检验",
            "start_pos": 197,
            "end_pos": 199,
            "text": "Hb"
        },
        {
            "label_type": "实验室检验",
            "start_pos": 210,
            "end_pos": 212,
            "text": "尿素"
        },
        {
            "label_type": "实验室检验",
            "start_pos": 225,
            "end_pos": 227,
            "text": "肌酐"
        },
        {
            "label_type": "实验室检验",
            "start_pos": 239,
            "end_pos": 241,
            "text": "尿酸"
        },
        {
            "label_type": "影像检查",
            "start_pos": 265,
            "end_pos": 269,
            "text": "腹部彩超"
        },
        {
            "label_type": "实验室检验",
            "start_pos": 272,
            "end_pos": 274,
            "text": "血型"
        },
        {
            "label_type": "影像检查",
            "start_pos": 282,
            "end_pos": 285,
            "text": "心电图"
        },
        {
            "label_type": "药物",
            "start_pos": 303,
            "end_pos": 307,
            "text": "奥美拉唑"
        },
        {
            "label_type": "药物",
            "start_pos": 308,
            "end_pos": 313,
            "text": "蛇毒血凝酶"
        },
        {
            "label_type": "药物",
            "start_pos": 314,
            "end_pos": 317,
            "text": "卡络磺"
        },
        {
            "label_type": "药物",
            "start_pos": 322,
            "end_pos": 328,
            "text": "去甲肾下腺素"
        },
        {
            "label_type": "疾病和诊断",
            "start_pos": 342,
            "end_pos": 350,
            "text": "急性下消化道出血"
        },
        {
            "label_type": "疾病和诊断",
            "start_pos": 352,
            "end_pos": 359,
            "text": "低血容量性晕厥"
        }
    ]
}