{
    "originalText": "患者9月前无明显诱因出现中下腹疼痛，伴恶心，无反酸、呃逆，无腹胀，无呕吐，无发热、畏寒寒战等不适。于我院行胃镜检查提示：1.十二指肠球部多发性霜斑样溃疡；2.胃底静脉曲张；3.糜烂性胃炎1级，不除外胃体息肉；4.贲门炎。给予抑酸、护胃等治疗后好转，之后未再发腹痛。5天前患者无明显诱因再发中下腹疼痛，伴恶心、呕吐，呕吐物为胃内容物。2天前到迎龙镇卫生院就诊，给予“阿莫西林克拉维酸、克拉霉素、多潘立酮、胃安颗粒”等治疗后症状无缓解，为进一步诊治，今日于我院复查胃镜提示：1.十二指肠球部溃疡A1期；2.贲门溃疡A1期；3.糜烂性胃窦炎2级；4.胃体多发性息肉；5.食道白班不除外霉菌性炎症。患者行胃镜检查后进食香蕉后即感腹痛剧烈，伴大汗、呃逆，无恶心、呕吐，无反酸、腹胀，无发热、畏寒寒战等，为进一步治疗收治我科。患者不能进食，进食后即感恶心不适，夜间睡眠一般，近5天未解大便，小便正常。",
    "entities": [
        {
            "label_type": "解剖部位",
            "start_pos": 12,
            "end_pos": 15,
            "text": "中下腹"
        },
        {
            "label_type": "解剖部位",
            "start_pos": 30,
            "end_pos": 31,
            "text": "腹"
        },
        {
            "label_type": "疾病和诊断",
            "start_pos": 62,
            "end_pos": 76,
            "text": "十二指肠球部多发性霜斑样溃疡"
        },
        {
            "label_type": "疾病和诊断",
            "start_pos": 79,
            "end_pos": 85,
            "text": "胃底静脉曲张"
        },
        {
            "label_type": "疾病和诊断",
            "start_pos": 88,
            "end_pos": 95,
            "text": "糜烂性胃炎1级"
        },
        {
            "label_type": "疾病和诊断",
            "start_pos": 99,
            "end_pos": 103,
            "text": "胃体息肉"
        },
        {
            "label_type": "疾病和诊断",
            "start_pos": 106,
            "end_pos": 109,
            "text": "贲门炎"
        },
        {
            "label_type": "解剖部位",
            "start_pos": 116,
            "end_pos": 117,
            "text": "胃"
        },
        {
            "label_type": "解剖部位",
            "start_pos": 129,
            "end_pos": 130,
            "text": "腹"
        },
        {
            "label_type": "解剖部位",
            "start_pos": 144,
            "end_pos": 147,
            "text": "中下腹"
        },
        {
            "label_type": "解剖部位",
            "start_pos": 161,
            "end_pos": 162,
            "text": "胃"
        },
        {
            "label_type": "药物",
            "start_pos": 182,
            "end_pos": 190,
            "text": "阿莫西林克拉维酸"
        },
        {
            "label_type": "药物",
            "start_pos": 191,
            "end_pos": 195,
            "text": "克拉霉素"
        },
        {
            "label_type": "药物",
            "start_pos": 196,
            "end_pos": 200,
            "text": "多潘立酮"
        },
        {
            "label_type": "药物",
            "start_pos": 201,
            "end_pos": 205,
            "text": "胃安颗粒"
        },
        {
            "label_type": "疾病和诊断",
            "start_pos": 237,
            "end_pos": 248,
            "text": "十二指肠球部溃疡A1期"
        },
        {
            "label_type": "疾病和诊断",
            "start_pos": 251,
            "end_pos": 258,
            "text": "贲门溃疡A1期"
        },
        {
            "label_type": "疾病和诊断",
            "start_pos": 261,
            "end_pos": 269,
            "text": "糜烂性胃窦炎2级"
        },
        {
            "label_type": "疾病和诊断",
            "start_pos": 272,
            "end_pos": 279,
            "text": "胃体多发性息肉"
        },
        {
            "label_type": "疾病和诊断",
            "start_pos": 282,
            "end_pos": 294,
            "text": "食道白班不除外霉菌性炎症"
        },
        {
            "label_type": "解剖部位",
            "start_pos": 310,
            "end_pos": 311,
            "text": "腹"
        },
        {
            "label_type": "解剖部位",
            "start_pos": 333,
            "end_pos": 334,
            "text": "腹"
        }
    ]
}