{
    "originalText": "，缘于入院前44天因“盲肠癌22”于2016.05.30在上全麻腹腔镜上左半结肠根治性切除术上行“术腔镜上腹腔左半根治性切除术”，腹，术中见：腔盲肠内无明显出左血，腹无明显水，肿瘤位于盲肠管，肿瘤侵周犯左外侧壁，未淋巴结形术后成梗阻，近端管无扩张，周围可见数(左半结肠)个肿结肠溃疡型管状腺癌II级大淋巴结。术后病理（2回肠01淋巴618360术），回肠切示：结肠切(左半)，：切溃疡型管状切腺癌II级癌，伴坏死，回肠周淋巴结侵出外膜层结肠周淋巴结；回末端淋巴组织增(回结肠动脉根部)淋巴结生。手术标癌本回切端、切端及另送（近切I端）、（远切端）均未见癌浸润。找到回周淋巴结1/5个、周淋巴结3/10个，及I另送2/2，见癌转移。，免疫组化：13号KI67（60%+），CK8（+++），CEA（+++），P53（-）；盲术后癌号KI67（生发中治心80%+，滤泡间区2II%+），CD3（T细胞+++），C奥沙利铂D20（BI细胞+++），卡培他滨BCL-2（+++）I。术后给予对症、营养支持周等治疗，恢复良好肝,伤口愈合II/甲。并于2利016.06.23予“150MGIVGTTD1盲肠癌术后+片1000MGPOBIDD1-14”方案化疗1腹周期腹，辅以制酸、保、止吐等预处理，化疗过程顺利",
    "entities": [
        {
            "label_type": "疾病和诊断",
            "overlap": 0,
            "start_pos": 11,
            "end_pos": 14,
            "text": "盲肠癌"
        },
        {
            "end_pos": 46,
            "label_type": "手术",
            "overlap": 0,
            "start_pos": 32,
            "text": "腹腔镜上左半结肠根治性切除术"
        },
        {
            "end_pos": 55,
            "label_type": "解剖部位",
            "overlap": 0,
            "start_pos": 53,
            "text": "腹腔"
        },
        {
            "end_pos": 66,
            "label_type": "解剖部位",
            "overlap": 0,
            "start_pos": 65,
            "text": "腹"
        },
        {
            "end_pos": 74,
            "label_type": "解剖部位",
            "overlap": 0,
            "start_pos": 72,
            "text": "盲肠"
        },
        {
            "label_type": "解剖部位",
            "overlap": 0,
            "start_pos": 82,
            "end_pos": 83,
            "text": "腹"
        },
        {
            "label_type": "解剖部位",
            "overlap": 0,
            "start_pos": 93,
            "end_pos": 94,
            "text": "肠"
        },
        {
            "end_pos": 134,
            "label_type": "解剖部位",
            "overlap": 0,
            "start_pos": 130,
            "text": "左半结肠"
        },
        {
            "label_type": "疾病和诊断",
            "overlap": 0,
            "start_pos": 137,
            "end_pos": 149,
            "text": "结肠溃疡型管状腺癌II级"
        },
        {
            "label_type": "解剖部位",
            "overlap": 0,
            "start_pos": 160,
            "end_pos": 162,
            "text": "回肠"
        },
        {
            "end_pos": 177,
            "label_type": "解剖部位",
            "overlap": 0,
            "start_pos": 175,
            "text": "回肠"
        },
        {
            "end_pos": 182,
            "label_type": "解剖部位",
            "overlap": 0,
            "start_pos": 180,
            "text": "结肠"
        },
        {
            "end_pos": 213,
            "label_type": "解剖部位",
            "overlap": 0,
            "start_pos": 207,
            "text": "回肠周淋巴结"
        },
        {
            "end_pos": 224,
            "label_type": "解剖部位",
            "overlap": 0,
            "start_pos": 218,
            "text": "结肠周淋巴结"
        },
        {
            "end_pos": 245,
            "label_type": "解剖部位",
            "overlap": 0,
            "start_pos": 233,
            "text": "(回结肠动脉根部)淋巴结"
        },
        {
            "end_pos": 408,
            "label_type": "药物",
            "overlap": 0,
            "start_pos": 404,
            "text": "奥沙利铂"
        },
        {
            "end_pos": 425,
            "label_type": "药物",
            "overlap": 0,
            "start_pos": 421,
            "text": "卡培他滨"
        },
        {
            "end_pos": 458,
            "label_type": "解剖部位",
            "overlap": 0,
            "start_pos": 457,
            "text": "肝"
        },
        {
            "label_type": "疾病和诊断",
            "overlap": 0,
            "start_pos": 495,
            "end_pos": 500,
            "text": "盲肠癌术后"
        },
        {
            "end_pos": 525,
            "label_type": "解剖部位",
            "overlap": 0,
            "start_pos": 524,
            "text": "腹"
        },
        {
            "end_pos": 528,
            "label_type": "解剖部位",
            "overlap": 0,
            "start_pos": 527,
            "text": "腹"
        }
    ]
}