{
    "originalText": "，，患者于入院前4个月因“反复血便6个月”住我院腹部，CT查1部乙状结肠管，CT:1、，找到乙状结肠CA（浸润型）不规，则增厚膜，，符周合CA淋巴结（2浸阑尾切除术后润型）改变2，1侵犯11浆1膜层，上伴腹腔镜上乙状结肠癌根治术周，术围，术后少许淋巴染结。2、后改变。遂治于2，术后013(乙状结肠)，.肠溃疡型管状腺癌II级，11.14，全麻上“”，，术术顺，下术上切后予预防(下切感)染(上切、)营养支癌浸润，持、肠周淋巴结1补液，等治疗(直肠下动脉旁染色淋巴结1)淋巴结1。，(直肠下动脉旁染色淋巴结2)淋巴结1，，(肠系膜上动脉)淋巴结2术后病理癌浸润：术后()，，:，侵及深肌层，腹侵犯腹神经组织，，手术标本下，、2上1切端12及2另送2(1下切端1)12、2(1上切端2)均未见2癌1浸润，2管2壁17个奥沙利铂2，及另送I()TT淋1巴希罗达1结1个，()淋巴I结11个1，2个均未见，癌浸润。术后恢复可，进食半流质治饮，食无痛、胀等不适，创口愈合良好，于2013.，12.2结肠癌术后3、201，4.01.12、2014.02.0，5、201，4.02.27予",
    "entities": [
        {
            "label_type": "影像检查",
            "overlap": 0,
            "start_pos": 24,
            "end_pos": 29,
            "text": "腹部，CT"
        },
        {
            "label_type": "解剖部位",
            "overlap": 0,
            "start_pos": 32,
            "end_pos": 36,
            "text": "乙状结肠"
        },
        {
            "label_type": "疾病和诊断",
            "overlap": 0,
            "start_pos": 46,
            "end_pos": 57,
            "text": "乙状结肠CA（浸润型）"
        },
        {
            "label_type": "手术",
            "overlap": 0,
            "start_pos": 77,
            "end_pos": 82,
            "text": "阑尾切除术"
        },
        {
            "end_pos": 114,
            "label_type": "手术",
            "overlap": 0,
            "start_pos": 102,
            "text": "腹腔镜上乙状结肠癌根治术"
        },
        {
            "end_pos": 149,
            "label_type": "解剖部位",
            "overlap": 0,
            "start_pos": 145,
            "text": "乙状结肠"
        },
        {
            "label_type": "疾病和诊断",
            "overlap": 0,
            "start_pos": 152,
            "end_pos": 163,
            "text": "肠溃疡型管状腺癌II级"
        },
        {
            "end_pos": 214,
            "label_type": "解剖部位",
            "overlap": 0,
            "start_pos": 209,
            "text": "肠周淋巴结"
        },
        {
            "label_type": "解剖部位",
            "overlap": 0,
            "start_pos": 222,
            "end_pos": 234,
            "text": "直肠下动脉旁染色淋巴结1"
        },
        {
            "label_type": "解剖部位",
            "overlap": 0,
            "start_pos": 242,
            "end_pos": 254,
            "text": "直肠下动脉旁染色淋巴结2"
        },
        {
            "end_pos": 272,
            "label_type": "解剖部位",
            "overlap": 0,
            "start_pos": 261,
            "text": "(肠系膜上动脉)淋巴结"
        },
        {
            "end_pos": 296,
            "label_type": "解剖部位",
            "overlap": 0,
            "start_pos": 295,
            "text": "腹"
        },
        {
            "end_pos": 299,
            "label_type": "解剖部位",
            "overlap": 0,
            "start_pos": 298,
            "text": "腹"
        },
        {
            "end_pos": 362,
            "label_type": "药物",
            "overlap": 0,
            "start_pos": 358,
            "text": "奥沙利铂"
        },
        {
            "end_pos": 378,
            "label_type": "药物",
            "overlap": 0,
            "start_pos": 375,
            "text": "希罗达"
        },
        {
            "label_type": "疾病和诊断",
            "overlap": 0,
            "start_pos": 445,
            "end_pos": 450,
            "text": "结肠癌术后"
        }
    ]
}