{
    "originalText": "患者于4月前被家属发现意识模糊，胡言乱语，无法交流，无呼吸困难、抽搐及大小便失禁等，家属将其送入我院急诊科查指血糖2.1mmol/l，血压216/98mmHg，收入我院住院治疗考虑诊断为“1、低血糖症；2、腔隙性脑梗死；3、高血压病”，症状稍好转后自动出院。院外患者在流动摊贩处购买治疗糖尿病药物（无正规包装，具体不详），自行服药后反复发低血糖到我院住院治疗，经补充葡萄糖、改善循环等治疗后好转出院。2+小时前患者家属诉患者自行服用某药物（具体不详）后，出现意识不清，呼之不应，无恶心、呕吐，无肢体抽搐，无呼吸困难，无两上肢水肿，送至我院急诊科查血糖 1.6mmol/l，血压142/73mmHg，床旁心电图：窦性心律，房性心动过速，室下性早搏，予以高糖静脉推注后患者意识清楚，呼之能应，查指血糖8.7mmol/L。为进一步诊治，收住院治疗。本次发病以来患者精神、食欲差，大小便未解。",
    "entities": [
        {
            "label_type": "实验室检验",
            "start_pos": 54,
            "end_pos": 57,
            "text": "指血糖"
        },
        {
            "label_type": "疾病和诊断",
            "start_pos": 96,
            "end_pos": 100,
            "text": "低血糖症"
        },
        {
            "label_type": "疾病和诊断",
            "start_pos": 103,
            "end_pos": 109,
            "text": "腔隙性脑梗死"
        },
        {
            "label_type": "疾病和诊断",
            "start_pos": 112,
            "end_pos": 116,
            "text": "高血压病"
        },
        {
            "label_type": "疾病和诊断",
            "start_pos": 143,
            "end_pos": 146,
            "text": "糖尿病"
        },
        {
            "label_type": "药物",
            "start_pos": 183,
            "end_pos": 186,
            "text": "葡萄糖"
        },
        {
            "label_type": "解剖部位",
            "start_pos": 247,
            "end_pos": 249,
            "text": "肢体"
        },
        {
            "label_type": "实验室检验",
            "start_pos": 273,
            "end_pos": 275,
            "text": "血糖"
        },
        {
            "label_type": "影像检查",
            "start_pos": 299,
            "end_pos": 304,
            "text": "床旁心电图"
        },
        {
            "label_type": "疾病和诊断",
            "start_pos": 310,
            "end_pos": 316,
            "text": "房性心动过速"
        },
        {
            "label_type": "疾病和诊断",
            "start_pos": 317,
            "end_pos": 322,
            "text": "室下性早搏"
        },
        {
            "label_type": "药物",
            "start_pos": 325,
            "end_pos": 327,
            "text": "高糖"
        },
        {
            "label_type": "实验室检验",
            "start_pos": 345,
            "end_pos": 348,
            "text": "指血糖"
        }
    ]
}