{
    "originalText": "，缘于入院前4个月因“乙乙结肠癌转结癌”于2014年01月09腹腔镜上乙状结肠癌根治术日行术“”。术后病理（201400845），乙状结肠：1、大肠溃疡型乳头状-管状腺癌II级（乙状结），：术，侵及浆膜，手术标本双切端及另上送（下切端）癌、（动脉端肿物周淋巴结）均未肠周淋巴结见癌浸润。找癌到9个，8个肠，均上未见根癌转移。2管、（系膜上上切根部）术送检脉管、纤维及脂治肪组织。，术后给予对症II、抗感染治疗，恢复良好,伤口愈合II/甲。于2014.02.04、2014.02.24、2014.03.17、2014奥沙利铂.艾恒04.10、2014.卡培他滨4.希罗达30予“()200MIG静滴-D1+片()15周00MG口服B利IDD1-14”方案化疗5周期，化疗过程顺利，辅以制酸、止吐等处理。此腹次为腹化疗再次入院。患者出院后饮食、",
    "entities": [
        {
            "end_pos": 43,
            "label_type": "手术",
            "overlap": 0,
            "start_pos": 31,
            "text": "腹腔镜上乙状结肠癌根治术"
        },
        {
            "end_pos": 69,
            "label_type": "解剖部位",
            "overlap": 0,
            "start_pos": 65,
            "text": "乙状结肠"
        },
        {
            "label_type": "疾病和诊断",
            "overlap": 0,
            "start_pos": 72,
            "end_pos": 88,
            "text": "大肠溃疡型乳头状-管状腺癌II级"
        },
        {
            "label_type": "解剖部位",
            "overlap": 0,
            "start_pos": 124,
            "end_pos": 130,
            "text": "肿物周淋巴结"
        },
        {
            "end_pos": 138,
            "label_type": "解剖部位",
            "overlap": 0,
            "start_pos": 133,
            "text": "肠周淋巴结"
        },
        {
            "label_type": "解剖部位",
            "overlap": 0,
            "start_pos": 151,
            "end_pos": 152,
            "text": "肠"
        },
        {
            "end_pos": 261,
            "label_type": "药物",
            "overlap": 0,
            "start_pos": 257,
            "text": "奥沙利铂"
        },
        {
            "end_pos": 264,
            "label_type": "药物",
            "overlap": 0,
            "start_pos": 262,
            "text": "艾恒"
        },
        {
            "end_pos": 279,
            "label_type": "药物",
            "overlap": 0,
            "start_pos": 275,
            "text": "卡培他滨"
        },
        {
            "end_pos": 284,
            "label_type": "药物",
            "overlap": 0,
            "start_pos": 281,
            "text": "希罗达"
        },
        {
            "end_pos": 352,
            "label_type": "解剖部位",
            "overlap": 0,
            "start_pos": 351,
            "text": "腹"
        },
        {
            "end_pos": 355,
            "label_type": "解剖部位",
            "overlap": 0,
            "start_pos": 354,
            "text": "腹"
        }
    ]
}