{
    "originalText": "入院前1天患者口服头痛粉后出现解黑色稀糊状大便1次，约400-500g。伴头昏、乏力，无腹痛、腹胀、恶心、呕吐，无意识障碍、黑朦、畏寒、发热，无心悸、气促、胸闷、胸痛、胸前区压榨感。在家口服“1片胃药”（具体不详），病程中未再解黑便，但仍有头昏、乏力，感食欲减退，不想进食。今日来我院就诊，门诊查“血常规：WBC：11.8*10^9/L，RBC：2.55*10^12/L，HB：80g/L，N：82.24%，HCT：24.3%。电解质：K：6.33mmol/L；肾功：32.10mmol/L。血淀粉酶正常。凝血像：FIB：1.97g/L。”考虑“1、消化道出血；2、高钾血症。”给予“葡萄糖酸钙对症，卡络磺钠止血，抑酸”等对症处理后复查电解质：K：5.82mmol/L。为进一步诊治，门诊以“下消化道出血，高钾血症”收入我科。病程中精神、饮食差，大便如下述，小便正常，体重无明显改变。",
    "entities": [
        {
            "label_type": "药物",
            "start_pos": 9,
            "end_pos": 12,
            "text": "头痛粉"
        },
        {
            "label_type": "解剖部位",
            "start_pos": 44,
            "end_pos": 45,
            "text": "腹"
        },
        {
            "label_type": "解剖部位",
            "start_pos": 47,
            "end_pos": 48,
            "text": "腹"
        },
        {
            "label_type": "解剖部位",
            "start_pos": 72,
            "end_pos": 73,
            "text": "心"
        },
        {
            "label_type": "解剖部位",
            "start_pos": 78,
            "end_pos": 79,
            "text": "胸"
        },
        {
            "label_type": "解剖部位",
            "start_pos": 81,
            "end_pos": 82,
            "text": "胸"
        },
        {
            "label_type": "解剖部位",
            "start_pos": 84,
            "end_pos": 87,
            "text": "胸前区"
        },
        {
            "label_type": "解剖部位",
            "start_pos": 120,
            "end_pos": 121,
            "text": "头"
        },
        {
            "label_type": "实验室检验",
            "start_pos": 153,
            "end_pos": 156,
            "text": "WBC"
        },
        {
            "label_type": "实验室检验",
            "start_pos": 169,
            "end_pos": 172,
            "text": "RBC"
        },
        {
            "label_type": "实验室检验",
            "start_pos": 186,
            "end_pos": 188,
            "text": "HB"
        },
        {
            "label_type": "实验室检验",
            "start_pos": 195,
            "end_pos": 196,
            "text": "N"
        },
        {
            "label_type": "实验室检验",
            "start_pos": 204,
            "end_pos": 207,
            "text": "HCT"
        },
        {
            "label_type": "实验室检验",
            "start_pos": 218,
            "end_pos": 219,
            "text": "K"
        },
        {
            "label_type": "实验室检验",
            "start_pos": 246,
            "end_pos": 250,
            "text": "血淀粉酶"
        },
        {
            "label_type": "实验室检验",
            "start_pos": 257,
            "end_pos": 260,
            "text": "FIB"
        },
        {
            "label_type": "疾病和诊断",
            "start_pos": 275,
            "end_pos": 280,
            "text": "消化道出血"
        },
        {
            "label_type": "疾病和诊断",
            "start_pos": 283,
            "end_pos": 287,
            "text": "高钾血症"
        },
        {
            "label_type": "药物",
            "start_pos": 292,
            "end_pos": 297,
            "text": "葡萄糖酸钙"
        },
        {
            "label_type": "药物",
            "start_pos": 300,
            "end_pos": 304,
            "text": "卡络磺钠"
        },
        {
            "label_type": "实验室检验",
            "start_pos": 322,
            "end_pos": 323,
            "text": "K"
        },
        {
            "label_type": "疾病和诊断",
            "start_pos": 346,
            "end_pos": 352,
            "text": "下消化道出血"
        },
        {
            "label_type": "疾病和诊断",
            "start_pos": 353,
            "end_pos": 357,
            "text": "高钾血症"
        }
    ]
}