{
    "originalText": "，患者因“，盆腔包块：卵巢癌？”于2013-12-30我可行肿瘤细胞减灭术术全子宫切除+两附件切除+盆腔淋巴结切除+腹主动脉淋巴结切除+大网膜切除+肠粘连松解术（）术，术程顺术利，术后恢复良术好。，术后病两侧卵巢见低分化腺癌理提示：见低分化高级别浆液性腺癌浸子宫体润，形膜态较符合见腺癌高级别宫颈管浆液性膜，见腺癌后壁化大网膜疗层及肌中见低分化腺癌层见浸两侧输卵管润宫颈，盆腔淋巴结后壁见癌外结膜术层见浸润，大网卵巢低分化腺癌IIIC期膜纤维组术织中见化低分化浸润，、及淋巴结均未见癌。大结合术后病理体诊断为“卵巢低",
    "entities": [
        {
            "end_pos": 8,
            "label_type": "解剖部位",
            "overlap": 0,
            "start_pos": 6,
            "text": "盆腔"
        },
        {
            "label_type": "疾病和诊断",
            "overlap": 0,
            "start_pos": 11,
            "end_pos": 14,
            "text": "卵巢癌"
        },
        {
            "label_type": "手术",
            "overlap": 0,
            "start_pos": 38,
            "end_pos": 80,
            "text": "全子宫切除+两附件切除+盆腔淋巴结切除+腹主动脉淋巴结切除+大网膜切除+肠粘连松解术"
        },
        {
            "label_type": "解剖部位",
            "overlap": 0,
            "start_pos": 102,
            "end_pos": 106,
            "text": "两侧卵巢"
        },
        {
            "label_type": "疾病和诊断",
            "overlap": 0,
            "start_pos": 107,
            "end_pos": 112,
            "text": "低分化腺癌"
        },
        {
            "label_type": "疾病和诊断",
            "overlap": 0,
            "start_pos": 120,
            "end_pos": 128,
            "text": "高级别浆液性腺癌"
        },
        {
            "label_type": "解剖部位",
            "overlap": 0,
            "start_pos": 129,
            "end_pos": 132,
            "text": "子宫体"
        },
        {
            "label_type": "疾病和诊断",
            "overlap": 0,
            "start_pos": 141,
            "end_pos": 143,
            "text": "腺癌"
        },
        {
            "label_type": "解剖部位",
            "overlap": 0,
            "start_pos": 146,
            "end_pos": 149,
            "text": "宫颈管"
        },
        {
            "label_type": "疾病和诊断",
            "overlap": 0,
            "start_pos": 155,
            "end_pos": 157,
            "text": "腺癌"
        },
        {
            "label_type": "疾病和诊断",
            "overlap": 0,
            "start_pos": 167,
            "end_pos": 174,
            "text": "中见低分化腺癌"
        },
        {
            "label_type": "解剖部位",
            "overlap": 0,
            "start_pos": 177,
            "end_pos": 182,
            "text": "两侧输卵管"
        },
        {
            "label_type": "解剖部位",
            "overlap": 0,
            "start_pos": 183,
            "end_pos": 185,
            "text": "宫颈"
        },
        {
            "label_type": "解剖部位",
            "overlap": 0,
            "start_pos": 186,
            "end_pos": 191,
            "text": "盆腔淋巴结"
        },
        {
            "label_type": "疾病和诊断",
            "overlap": 0,
            "start_pos": 206,
            "end_pos": 218,
            "text": "卵巢低分化腺癌IIIC期"
        }
    ]
}