{
    "originalText": "2月前患者无明显诱因出现剑突上隐痛，持续性，无放射痛，伴嗳气、反酸、烧灼感，与进食无明显规律，大便稀溏，2-3次/日黄色软便，无呕血、黑便，与*******医院（2016-03-03）胃镜提示：十二指肠降段溃疡，慢性非萎缩性胃窦炎伴糜烂；心电图正常。给予埃索美拉唑肠溶片、瑞巴派特、蒙脱石散口服1月余，患者诉剑突上隐痛缓解。1天前进食后左下腹持续性疼痛，无转移痛，性质不剧烈，左侧屈曲位稍好转，伴乏力、轻度厌油，尿如深茶色，大便仍稀溏，无粘液脓血，无恶心、呕吐，无发热，无陶土样大便，今日门诊查下腹部彩超：肝脏形态、回声改变：考虑肝硬化；门静脉增宽，内异常回声充填，建议进一步检查；胆囊壁增厚、粗糙；脾大。门静脉主干内径约2.0cm，门静脉主干及右支管腔内见低回声充填。胸片无异常。为进一步治疗，以“肝硬化”收入我科。患者此次患病以来，精神状态欠佳，小便黄，大便稀溏。体重无明显减轻。",
    "entities": [
        {
            "label_type": "解剖部位",
            "start_pos": 12,
            "end_pos": 14,
            "text": "剑突"
        },
        {
            "label_type": "疾病和诊断",
            "start_pos": 97,
            "end_pos": 105,
            "text": "十二指肠降段溃疡"
        },
        {
            "label_type": "疾病和诊断",
            "start_pos": 106,
            "end_pos": 118,
            "text": "慢性非萎缩性胃窦炎伴糜烂"
        },
        {
            "label_type": "药物",
            "start_pos": 127,
            "end_pos": 135,
            "text": "埃索美拉唑肠溶片"
        },
        {
            "label_type": "药物",
            "start_pos": 136,
            "end_pos": 140,
            "text": "瑞巴派特"
        },
        {
            "label_type": "药物",
            "start_pos": 141,
            "end_pos": 145,
            "text": "蒙脱石散"
        },
        {
            "label_type": "解剖部位",
            "start_pos": 154,
            "end_pos": 157,
            "text": "剑突上"
        },
        {
            "label_type": "解剖部位",
            "start_pos": 168,
            "end_pos": 171,
            "text": "左下腹"
        },
        {
            "label_type": "影像检查",
            "start_pos": 247,
            "end_pos": 252,
            "text": "下腹部彩超"
        },
        {
            "label_type": "解剖部位",
            "start_pos": 253,
            "end_pos": 255,
            "text": "肝脏"
        },
        {
            "label_type": "疾病和诊断",
            "start_pos": 265,
            "end_pos": 268,
            "text": "肝硬化"
        },
        {
            "label_type": "解剖部位",
            "start_pos": 269,
            "end_pos": 272,
            "text": "门静脉"
        },
        {
            "label_type": "解剖部位",
            "start_pos": 291,
            "end_pos": 293,
            "text": "胆囊"
        },
        {
            "label_type": "解剖部位",
            "start_pos": 300,
            "end_pos": 301,
            "text": "脾"
        },
        {
            "label_type": "解剖部位",
            "start_pos": 303,
            "end_pos": 308,
            "text": "门静脉主干"
        },
        {
            "label_type": "解剖部位",
            "start_pos": 317,
            "end_pos": 322,
            "text": "门静脉主干"
        },
        {
            "label_type": "影像检查",
            "start_pos": 335,
            "end_pos": 337,
            "text": "胸片"
        },
        {
            "label_type": "疾病和诊断",
            "start_pos": 350,
            "end_pos": 353,
            "text": "肝硬化"
        }
    ]
}