{
    "originalText": "入院前2+年，患者无明显诱因出现活动后气促，偶伴头昏，无明显胸闷、心悸、胸痛，无夜间阵发性呼吸困难及两上肢水肿，无头痛、进食呛咳及吐词不清等不适。1年前因肢体活动障碍于我科住院考虑为“短暂性脑缺血发作”，出院后症状好转。平素可缓慢行走，生活可自理，但不能从事家务。入院前1天（今晨），患者无明显诱因感气促加重，伴心悸，活动后明显，稍有咳嗽，量不多，无明显咳痰，休息后可好转。遂就诊于我院，急诊查胸片提示：1.左下肺可疑团块影，体位所致？建议必要时CT检查除外肺内病变。2.考虑左上肺少许感染，建议结合临床。3.胸椎骨质增生，约胸12椎体楔形变。肾功：尿素 10.09 mmol/L ↑、肌酐 150.1 μmol/l ↑、尿酸 464.7 μmol/l ↑，为进一步治疗，急诊科以“冠心病、肾功能异常”收入我科住院。患者自发病以来精神、食欲欠佳，大小便未诉异常。近期体重无明显减轻。",
    "entities": [
        {
            "label_type": "解剖部位",
            "start_pos": 24,
            "end_pos": 25,
            "text": "头"
        },
        {
            "label_type": "解剖部位",
            "start_pos": 33,
            "end_pos": 34,
            "text": "心"
        },
        {
            "label_type": "解剖部位",
            "start_pos": 36,
            "end_pos": 37,
            "text": "胸"
        },
        {
            "label_type": "解剖部位",
            "start_pos": 50,
            "end_pos": 53,
            "text": "两上肢"
        },
        {
            "label_type": "解剖部位",
            "start_pos": 57,
            "end_pos": 58,
            "text": "头"
        },
        {
            "label_type": "解剖部位",
            "start_pos": 77,
            "end_pos": 79,
            "text": "肢体"
        },
        {
            "label_type": "疾病和诊断",
            "start_pos": 92,
            "end_pos": 100,
            "text": "短暂性脑缺血发作"
        },
        {
            "label_type": "解剖部位",
            "start_pos": 156,
            "end_pos": 157,
            "text": "心"
        },
        {
            "label_type": "影像检查",
            "start_pos": 197,
            "end_pos": 199,
            "text": "胸片"
        },
        {
            "label_type": "解剖部位",
            "start_pos": 204,
            "end_pos": 207,
            "text": "左下肺"
        },
        {
            "label_type": "影像检查",
            "start_pos": 223,
            "end_pos": 225,
            "text": "CT"
        },
        {
            "label_type": "解剖部位",
            "start_pos": 238,
            "end_pos": 241,
            "text": "左上肺"
        },
        {
            "label_type": "疾病和诊断",
            "start_pos": 255,
            "end_pos": 261,
            "text": "胸椎骨质增生"
        },
        {
            "label_type": "解剖部位",
            "start_pos": 263,
            "end_pos": 268,
            "text": "胸12椎体"
        },
        {
            "label_type": "实验室检验",
            "start_pos": 275,
            "end_pos": 277,
            "text": "尿素"
        },
        {
            "label_type": "实验室检验",
            "start_pos": 293,
            "end_pos": 295,
            "text": "肌酐"
        },
        {
            "label_type": "实验室检验",
            "start_pos": 311,
            "end_pos": 313,
            "text": "尿酸"
        },
        {
            "label_type": "疾病和诊断",
            "start_pos": 341,
            "end_pos": 344,
            "text": "冠心病"
        },
        {
            "label_type": "疾病和诊断",
            "start_pos": 345,
            "end_pos": 350,
            "text": "肾功能异常"
        }
    ]
}