{
    "originalText": "，患者于3月余前因胰腺肿肿物于我科胰十二指肠切除、联合胰腺体颈部切除、胃造瘘、空肠造瘘术行胰十术后二指肠切胰腺导管除乳头状粘连性肿瘤伴下皮重度不典型增生、术后联合肝、体颈、部切除、、造瘘、造瘘术术后”，，术后病T管、胃、空肠造瘘管、左腹腔引流管理示:导管内.T管管术后予保、制液酸、输白状蛋白、对症下腹部CT等治腹腔积液疗。术B超引导上腹腔穿刺置管引流后后恢复可、，液、予肝带T管后腹腔管、胃空肠造瘘管、T管、、除后造瘘管、左腔引腹流、腹管出院。2、月余前T眼管、管周、皮肤出现不明显渗液，呈浓稠状，，入院查下部C胰十二指肠切除术后T示:腔积液.予行B超引导上腔穿刺置管引流后体重予抗感增染、",
    "entities": [
        {
            "end_pos": 11,
            "label_type": "解剖部位",
            "overlap": 0,
            "start_pos": 9,
            "text": "胰腺"
        },
        {
            "label_type": "手术",
            "overlap": 0,
            "start_pos": 17,
            "end_pos": 44,
            "text": "胰十二指肠切除、联合胰腺体颈部切除、胃造瘘、空肠造瘘术"
        },
        {
            "label_type": "解剖部位",
            "overlap": 0,
            "start_pos": 53,
            "end_pos": 55,
            "text": "胰腺"
        },
        {
            "label_type": "疾病和诊断",
            "overlap": 0,
            "start_pos": 58,
            "end_pos": 76,
            "text": "乳头状粘连性肿瘤伴下皮重度不典型增生"
        },
        {
            "end_pos": 82,
            "label_type": "解剖部位",
            "overlap": 0,
            "start_pos": 81,
            "text": "肝"
        },
        {
            "end_pos": 109,
            "label_type": "解剖部位",
            "overlap": 0,
            "start_pos": 108,
            "text": "胃"
        },
        {
            "end_pos": 112,
            "label_type": "解剖部位",
            "overlap": 0,
            "start_pos": 110,
            "text": "空肠"
        },
        {
            "end_pos": 119,
            "label_type": "解剖部位",
            "overlap": 0,
            "start_pos": 116,
            "text": "左腹腔"
        },
        {
            "label_type": "影像检查",
            "overlap": 0,
            "start_pos": 150,
            "end_pos": 154,
            "text": "腹部CT"
        },
        {
            "label_type": "疾病和诊断",
            "overlap": 0,
            "start_pos": 156,
            "end_pos": 160,
            "text": "腹腔积液"
        },
        {
            "end_pos": 176,
            "label_type": "手术",
            "overlap": 0,
            "start_pos": 163,
            "text": "B超引导上腹腔穿刺置管引流"
        },
        {
            "end_pos": 187,
            "label_type": "解剖部位",
            "overlap": 0,
            "start_pos": 186,
            "text": "肝"
        },
        {
            "end_pos": 193,
            "label_type": "解剖部位",
            "overlap": 0,
            "start_pos": 191,
            "text": "腹腔"
        },
        {
            "end_pos": 198,
            "label_type": "解剖部位",
            "overlap": 0,
            "start_pos": 195,
            "text": "胃空肠"
        },
        {
            "end_pos": 216,
            "label_type": "解剖部位",
            "overlap": 0,
            "start_pos": 215,
            "text": "腹"
        },
        {
            "end_pos": 219,
            "label_type": "解剖部位",
            "overlap": 0,
            "start_pos": 218,
            "text": "腹"
        },
        {
            "end_pos": 230,
            "label_type": "解剖部位",
            "overlap": 0,
            "start_pos": 229,
            "text": "眼"
        },
        {
            "end_pos": 237,
            "label_type": "解剖部位",
            "overlap": 0,
            "start_pos": 235,
            "text": "皮肤"
        },
        {
            "label_type": "疾病和诊断",
            "overlap": 0,
            "start_pos": 257,
            "end_pos": 266,
            "text": "胰十二指肠切除术后"
        }
    ]
}