{
    "originalText": "患者1年前始出现两上肢水肿，伴颜面水肿，口服利尿剂水肿可消退；病程中活动量明显减少，平地活动后诉乏力、气促，长期喜坐位及卧位休息，未进一步检查治疗。近2月患者上肢水肿较前进一步加重，波及两侧膝关节以上，否认头昏、胸闷、腰酸腰痛，否认发热、畏寒，应用对症药物（具体不详）效果差。近1周患者精神较前明显变差，进食明显减少，懒言、懒动，反复被家人发现自床下跌落至地面，跌落后出现口齿不清、两上肢关节活动欠灵活，3天前出现寒战，测体温39℃，口服“头孢及退热药物”后未再发热，无咳嗽、咳痰、呕吐、腹泻，无急性呼吸困难；因持续进食少、活动少、反应淡漠，家属今送来我院，门诊予收住院治疗。患者近2年逐渐出现近期记忆力显著上降，表现为对刚发生的事遗忘，对远期事件记忆清楚，间断胡言乱语；平时穿衣、入厕、进食等基本自理。本次发病以来患者精神食欲差，大便3日未解，小便量少，睡眠较差，体重无明显上降。",
    "entities": [
        {
            "label_type": "解剖部位",
            "start_pos": 8,
            "end_pos": 11,
            "text": "两上肢"
        },
        {
            "label_type": "解剖部位",
            "start_pos": 16,
            "end_pos": 17,
            "text": "面"
        },
        {
            "label_type": "解剖部位",
            "start_pos": 79,
            "end_pos": 81,
            "text": "上肢"
        },
        {
            "label_type": "解剖部位",
            "start_pos": 93,
            "end_pos": 98,
            "text": "两侧膝关节"
        },
        {
            "label_type": "解剖部位",
            "start_pos": 103,
            "end_pos": 104,
            "text": "头"
        },
        {
            "label_type": "解剖部位",
            "start_pos": 106,
            "end_pos": 107,
            "text": "胸"
        },
        {
            "label_type": "解剖部位",
            "start_pos": 109,
            "end_pos": 110,
            "text": "腰"
        },
        {
            "label_type": "解剖部位",
            "start_pos": 111,
            "end_pos": 112,
            "text": "腰"
        },
        {
            "label_type": "解剖部位",
            "start_pos": 191,
            "end_pos": 196,
            "text": "两上肢关节"
        },
        {
            "label_type": "解剖部位",
            "start_pos": 244,
            "end_pos": 245,
            "text": "腹"
        }
    ]
}