{
    "originalText": "，缘于见癌前1年余因“食管中段癌中段癌（PT2N）II0M0）II期”就诊我院2013.08.1食管中段癌切除+食管-胃底弓下吻合术2在术中全麻上胸腔行中段癌切除+-胃底弓下吻合术主动脉弓，，术中探查：无粘连，无淡黄色积液；肿食管旁多发淋巴结物位于后术，局部增厚约2.5CM，未累及）(食管外膜，食管溃疡型鳞状细胞癌II级旁多发淋巴结肿大。，术后）病理术示：下（切2013癌24854食管周淋巴结）()，：(中段食管旁）淋巴结溃疡型鳞(胃右动脉旁）淋巴结状细胞癌II级癌，侵及(贲门旁淋巴结）深肌管层（1/2肌结层），手术标本下上切端均未入院结浸润，I找到周淋巴结）3个及另送+++）(中段旁）淋-）巴结11个，+++）14个，均未+++）见癌转术移，(）为血管、脂肪下、纤维结缔组织及胸横纹肌组织。胸背，免疫腹组化腹结果：KI67（50%），P5食3（+++），P170（-），GSTπ",
    "entities": [
        {
            "label_type": "疾病和诊断",
            "overlap": 0,
            "start_pos": 11,
            "end_pos": 16,
            "text": "食管中段癌"
        },
        {
            "label_type": "手术",
            "overlap": 0,
            "start_pos": 48,
            "end_pos": 66,
            "text": "食管中段癌切除+食管-胃底弓下吻合术"
        },
        {
            "end_pos": 75,
            "label_type": "解剖部位",
            "overlap": 0,
            "start_pos": 73,
            "text": "胸腔"
        },
        {
            "end_pos": 94,
            "label_type": "解剖部位",
            "overlap": 0,
            "start_pos": 90,
            "text": "主动脉弓"
        },
        {
            "label_type": "解剖部位",
            "overlap": 0,
            "start_pos": 113,
            "end_pos": 121,
            "text": "食管旁多发淋巴结"
        },
        {
            "end_pos": 145,
            "label_type": "解剖部位",
            "overlap": 0,
            "start_pos": 143,
            "text": "食管"
        },
        {
            "label_type": "疾病和诊断",
            "overlap": 0,
            "start_pos": 148,
            "end_pos": 161,
            "text": "食管溃疡型鳞状细胞癌II级"
        },
        {
            "end_pos": 198,
            "label_type": "解剖部位",
            "overlap": 0,
            "start_pos": 192,
            "text": "食管周淋巴结"
        },
        {
            "end_pos": 213,
            "label_type": "解剖部位",
            "overlap": 0,
            "start_pos": 203,
            "text": "(中段食管旁）淋巴结"
        },
        {
            "end_pos": 227,
            "label_type": "解剖部位",
            "overlap": 0,
            "start_pos": 217,
            "text": "(胃右动脉旁）淋巴结"
        },
        {
            "end_pos": 245,
            "label_type": "解剖部位",
            "overlap": 0,
            "start_pos": 239,
            "text": "贲门旁淋巴结"
        },
        {
            "end_pos": 344,
            "label_type": "解剖部位",
            "overlap": 0,
            "start_pos": 343,
            "text": "胸"
        },
        {
            "end_pos": 352,
            "label_type": "解剖部位",
            "overlap": 0,
            "start_pos": 350,
            "text": "胸背"
        },
        {
            "end_pos": 356,
            "label_type": "解剖部位",
            "overlap": 0,
            "start_pos": 355,
            "text": "腹"
        },
        {
            "end_pos": 359,
            "label_type": "解剖部位",
            "overlap": 0,
            "start_pos": 358,
            "text": "腹"
        }
    ]
}