{
    "originalText": "患者因\\\"子宫肌瘤\\\"于2013年9月10日行全子宫切除术+右侧附件切除术，术术后外院病理结果子宫内膜样腺癌（中-低分化）示，浸润肌深肌层，宫颈管累及，诊子宫内膜癌断术为。术后恢复可。2-01-3-10-30-、2-013-11-化2（多帕菲2伯尔定）行TP纳可化疗-（、-）2程。力朴素+伯尔定2化013-12-12行“+”化疗1程。化现按主诊教授意见入院行上胃一程化疗。患者近期精神、睡眠、方案，大",
    "entities": [
        {
            "label_type": "疾病和诊断",
            "overlap": 0,
            "start_pos": 5,
            "end_pos": 9,
            "text": "子宫肌瘤"
        },
        {
            "label_type": "手术",
            "overlap": 0,
            "start_pos": 23,
            "end_pos": 37,
            "text": "全子宫切除术+右侧附件切除术"
        },
        {
            "label_type": "疾病和诊断",
            "overlap": 0,
            "start_pos": 47,
            "end_pos": 61,
            "text": "子宫内膜样腺癌（中-低分化）"
        },
        {
            "end_pos": 73,
            "label_type": "解剖部位",
            "overlap": 0,
            "start_pos": 70,
            "text": "宫颈管"
        },
        {
            "label_type": "疾病和诊断",
            "overlap": 0,
            "start_pos": 77,
            "end_pos": 82,
            "text": "子宫内膜癌"
        },
        {
            "end_pos": 121,
            "label_type": "药物",
            "overlap": 0,
            "start_pos": 118,
            "text": "多帕菲"
        },
        {
            "end_pos": 125,
            "label_type": "药物",
            "overlap": 0,
            "start_pos": 122,
            "text": "伯尔定"
        },
        {
            "end_pos": 144,
            "label_type": "药物",
            "overlap": 0,
            "start_pos": 141,
            "text": "力朴素"
        },
        {
            "end_pos": 148,
            "label_type": "药物",
            "overlap": 0,
            "start_pos": 145,
            "text": "伯尔定"
        },
        {
            "end_pos": 182,
            "label_type": "解剖部位",
            "overlap": 0,
            "start_pos": 181,
            "text": "胃"
        }
    ]
}