{
    "originalText": "入院前11年患者于受凉后出现咳嗽、胸闷，伴咳痰，咳嗽呈阵发性发作,咳出白色粘痰，伴喘息、气急，到**某家医院就诊，诊断为“支气管哮喘、慢性支气管炎”，给予抗感染、平喘等对症支持治疗后好转。之后下述症状反复发作，以受凉及春冬季发作较频繁。入院前1年前受凉后再次于我科住院治疗，考虑诊断“1、慢性阻塞性肺病急性发作期 肺源性心脏病 2、慢性胃炎 3、贫血 4、肺结核？”，经抗感染、平喘、止咳化痰、抑酸等治疗后好转，院外长期低流量吸氧。入院前5天前患者受凉后出现下述症状加重，偶有黄白粘痰，量少，不易咳出，伴喘累，伴纳差，无畏寒、寒战，无潮热、盗汗、消瘦，无咯血，无腹痛、腹胀，无头昏、头痛，无尿痛、肉眼血尿，无皮上出血等不适。于今日来我院就诊，为进一步治疗，门诊以\\\"慢性支气管炎急性发作 \\\"收入我科住院治疗。自患病以来，患者食欲差，精神、睡眠欠佳，大小便正常，体重无明显上降。",
    "entities": [
        {
            "label_type": "疾病和诊断",
            "start_pos": 61,
            "end_pos": 66,
            "text": "支气管哮喘"
        },
        {
            "label_type": "疾病和诊断",
            "start_pos": 67,
            "end_pos": 73,
            "text": "慢性支气管炎"
        },
        {
            "label_type": "疾病和诊断",
            "start_pos": 144,
            "end_pos": 156,
            "text": "慢性阻塞性肺病急性发作期"
        },
        {
            "label_type": "疾病和诊断",
            "start_pos": 157,
            "end_pos": 163,
            "text": "肺源性心脏病"
        },
        {
            "label_type": "疾病和诊断",
            "start_pos": 166,
            "end_pos": 170,
            "text": "慢性胃炎"
        },
        {
            "label_type": "疾病和诊断",
            "start_pos": 173,
            "end_pos": 175,
            "text": "贫血"
        },
        {
            "label_type": "疾病和诊断",
            "start_pos": 178,
            "end_pos": 181,
            "text": "肺结核"
        },
        {
            "label_type": "解剖部位",
            "start_pos": 281,
            "end_pos": 282,
            "text": "腹"
        },
        {
            "label_type": "解剖部位",
            "start_pos": 284,
            "end_pos": 285,
            "text": "腹"
        },
        {
            "label_type": "解剖部位",
            "start_pos": 288,
            "end_pos": 289,
            "text": "头"
        },
        {
            "label_type": "解剖部位",
            "start_pos": 291,
            "end_pos": 292,
            "text": "头"
        },
        {
            "label_type": "疾病和诊断",
            "start_pos": 333,
            "end_pos": 343,
            "text": "慢性支气管炎急性发作"
        }
    ]
}