{
    "originalText": "入院前5月，患者无明显诱因出现剑突上胀痛，呈阵发性发作，无肩背部放射痛，与进食及体位无明显关系，无明显缓解方式。伴烧心、嗳气，伴纳差。无胸闷、胸痛、心累、气促。在外未予处理。1月前患者出现两上肢浮肿，伴剑突上胀痛、心累、气促，伴咳嗽、咳痰，痰液较少，咯痰费力，无畏寒、发热、咯血、胸痛等不适，于我院住院，诊断为“1.慢性胃炎可能 2.冠状动脉粥样硬化性心脏病 全心功能不全 心功能III级 3.肺部感染”，予以抑酸、抗感染、利尿等对症治疗后好转出院。1周前患者诉剑突上胀痛不适、伴反酸、嗳气明显，饮食差，偶有恶心、呕吐，活动后仍有气促表现，无胸前区疼痛，无阵发性呼吸困难，无两上肢水肿，偶咳嗽，少痰，无发热、潮热盗汗表现，患者自幼听力丧失，自述病情不清。遂今日来我院要求住院治疗，为进一步诊治，门诊以“胃炎 冠心病”收入我科。病程中精神、饮食较差，大小便正常，体重无明显改变。",
    "entities": [
        {
            "label_type": "解剖部位",
            "start_pos": 15,
            "end_pos": 17,
            "text": "剑突"
        },
        {
            "label_type": "解剖部位",
            "start_pos": 29,
            "end_pos": 32,
            "text": "肩背部"
        },
        {
            "label_type": "解剖部位",
            "start_pos": 68,
            "end_pos": 69,
            "text": "胸"
        },
        {
            "label_type": "解剖部位",
            "start_pos": 71,
            "end_pos": 72,
            "text": "胸"
        },
        {
            "label_type": "解剖部位",
            "start_pos": 74,
            "end_pos": 75,
            "text": "心"
        },
        {
            "label_type": "解剖部位",
            "start_pos": 94,
            "end_pos": 97,
            "text": "两上肢"
        },
        {
            "label_type": "解剖部位",
            "start_pos": 101,
            "end_pos": 103,
            "text": "剑突"
        },
        {
            "label_type": "解剖部位",
            "start_pos": 140,
            "end_pos": 141,
            "text": "胸"
        },
        {
            "label_type": "疾病和诊断",
            "start_pos": 158,
            "end_pos": 162,
            "text": "慢性胃炎"
        },
        {
            "label_type": "疾病和诊断",
            "start_pos": 167,
            "end_pos": 179,
            "text": "冠状动脉粥样硬化性心脏病"
        },
        {
            "label_type": "疾病和诊断",
            "start_pos": 180,
            "end_pos": 186,
            "text": "全心功能不全"
        },
        {
            "label_type": "疾病和诊断",
            "start_pos": 187,
            "end_pos": 194,
            "text": "心功能III级"
        },
        {
            "label_type": "疾病和诊断",
            "start_pos": 197,
            "end_pos": 201,
            "text": "肺部感染"
        },
        {
            "label_type": "解剖部位",
            "start_pos": 231,
            "end_pos": 233,
            "text": "剑突"
        },
        {
            "label_type": "解剖部位",
            "start_pos": 271,
            "end_pos": 274,
            "text": "胸前区"
        },
        {
            "label_type": "解剖部位",
            "start_pos": 287,
            "end_pos": 290,
            "text": "两上肢"
        },
        {
            "label_type": "疾病和诊断",
            "start_pos": 351,
            "end_pos": 353,
            "text": "胃炎"
        },
        {
            "label_type": "疾病和诊断",
            "start_pos": 354,
            "end_pos": 357,
            "text": "冠心病"
        }
    ]
}