{
    "originalText": "，不适约于6个个月前因乙状结肠癌“”于210171-031-23在全乙状结肠根治术麻上行术“”，利手术后术过程顺利，术后患者恢复好，切口愈术后合好，按期拆1线。1术1后病理(乙状结肠粘液腺癌 201701617)，：，浸1润3溃疡型，体积6.5*4*1.3CM，局部侵穿、浆膜。双端切线及癌另送一站（3/8个）、中间组（1/8个）淋巴结癌“近切线”、组“远切线癌组”未查见癌（。）、呈癌转移（。）、，免疫1（组）、化染色示（癌）、组织：S（Y）、N（-）（、）BRA术后F（-）、尿培养M药敏LH11（+）、MSH2（+）、MSH6（+）、、PMS药2治（后+）状。患者术后后出现发热，+后(20170204)，: 铜绿假单胞菌，给奥沙利铂予抗炎、退热等1药亚叶酸钙物治3疗后氟尿嘧啶，症状逐渐缓解后出院。患者出院后规律至我、院肝、复查、，给予6治周期化疗，，方案为：200MG间 D1，0.3G腹+腹0.75G D2-D6，同时给与升白细胞、护、止吐、乙状结肠癌术后免疫增强治疗，患者副反应轻。   院外期间，患者无发热，无痛胀、患者，大便通畅。现患者为行复",
    "entities": [
        {
            "label_type": "疾病和诊断",
            "overlap": 0,
            "start_pos": 11,
            "end_pos": 16,
            "text": "乙状结肠癌"
        },
        {
            "end_pos": 41,
            "label_type": "手术",
            "overlap": 0,
            "start_pos": 34,
            "text": "乙状结肠根治术"
        },
        {
            "label_type": "疾病和诊断",
            "overlap": 0,
            "start_pos": 87,
            "end_pos": 95,
            "text": "乙状结肠粘液腺癌"
        },
        {
            "label_type": "解剖部位",
            "overlap": 0,
            "start_pos": 147,
            "end_pos": 168,
            "text": "一站（3/8个）、中间组（1/8个）淋巴结"
        },
        {
            "label_type": "实验室检验",
            "overlap": 0,
            "start_pos": 240,
            "end_pos": 243,
            "text": "尿培养"
        },
        {
            "label_type": "实验室检验",
            "overlap": 0,
            "start_pos": 244,
            "end_pos": 246,
            "text": "药敏"
        },
        {
            "end_pos": 320,
            "label_type": "药物",
            "overlap": 0,
            "start_pos": 316,
            "text": "奥沙利铂"
        },
        {
            "end_pos": 333,
            "label_type": "药物",
            "overlap": 0,
            "start_pos": 329,
            "text": "亚叶酸钙"
        },
        {
            "end_pos": 342,
            "label_type": "药物",
            "overlap": 0,
            "start_pos": 338,
            "text": "氟尿嘧啶"
        },
        {
            "end_pos": 365,
            "label_type": "解剖部位",
            "overlap": 0,
            "start_pos": 364,
            "text": "肝"
        },
        {
            "end_pos": 399,
            "label_type": "解剖部位",
            "overlap": 0,
            "start_pos": 398,
            "text": "腹"
        },
        {
            "end_pos": 401,
            "label_type": "解剖部位",
            "overlap": 0,
            "start_pos": 400,
            "text": "腹"
        },
        {
            "label_type": "疾病和诊断",
            "overlap": 0,
            "start_pos": 427,
            "end_pos": 434,
            "text": "乙状结肠癌术后"
        }
    ]
}