{
    "originalText": "入院前2+年，患者无明确诱因反复出现胸闷、心累，活动后加重，发作时伴头晕、肢体麻木、视物模糊，2014年4月在我院查心电图提示“心房纤颤”，住院治疗症状好转。后就诊于“**医院”，冠脉造影检查提示“四支血管病变”，最严重者狭窄85%（具体不详），于**医院行“冠脉搭桥手术及射频消融术”，术后常感伤口疼痛，胸闷、心累好转。院外长期遵瞩服用“阿司匹林肠溶片、氯吡格雷、瑞舒伐他汀、美托洛尔缓释片、培哚普利”，日常平地活动耐受较好，爬楼约4层感胸闷、气短明显，需休息缓解，否认肢体水肿、黑朦、晕厥史，门诊监测血压常明显降低（收缩压约100Hg），逐步调整药物剂量。近1月患者无诱因反复感胸闷、心前区压迫不适，症状持续存在、时重时轻，日常活动后感乏力，否认肢体水肿及夜间阵发性呼吸困难；今来我院，门诊予以收住院治疗。本次发病以来患者精神食欲好，大小便如常，睡眠较差，体重无明显上降。",
    "entities": [
        {
            "label_type": "解剖部位",
            "start_pos": 18,
            "end_pos": 19,
            "text": "胸"
        },
        {
            "label_type": "解剖部位",
            "start_pos": 21,
            "end_pos": 22,
            "text": "心"
        },
        {
            "label_type": "解剖部位",
            "start_pos": 34,
            "end_pos": 35,
            "text": "头"
        },
        {
            "label_type": "解剖部位",
            "start_pos": 37,
            "end_pos": 39,
            "text": "肢体"
        },
        {
            "label_type": "影像检查",
            "start_pos": 58,
            "end_pos": 61,
            "text": "心电图"
        },
        {
            "label_type": "疾病和诊断",
            "start_pos": 64,
            "end_pos": 68,
            "text": "心房纤颤"
        },
        {
            "label_type": "影像检查",
            "start_pos": 90,
            "end_pos": 96,
            "text": "冠脉造影检查"
        },
        {
            "label_type": "手术",
            "start_pos": 130,
            "end_pos": 142,
            "text": "冠脉搭桥手术及射频消融术"
        },
        {
            "label_type": "解剖部位",
            "start_pos": 153,
            "end_pos": 154,
            "text": "胸"
        },
        {
            "label_type": "解剖部位",
            "start_pos": 156,
            "end_pos": 157,
            "text": "心"
        },
        {
            "label_type": "药物",
            "start_pos": 170,
            "end_pos": 177,
            "text": "阿司匹林肠溶片"
        },
        {
            "label_type": "药物",
            "start_pos": 178,
            "end_pos": 182,
            "text": "氯吡格雷"
        },
        {
            "label_type": "药物",
            "start_pos": 183,
            "end_pos": 188,
            "text": "瑞舒伐他汀"
        },
        {
            "label_type": "药物",
            "start_pos": 189,
            "end_pos": 196,
            "text": "美托洛尔缓释片"
        },
        {
            "label_type": "药物",
            "start_pos": 197,
            "end_pos": 201,
            "text": "培哚普利"
        },
        {
            "label_type": "解剖部位",
            "start_pos": 220,
            "end_pos": 221,
            "text": "胸"
        },
        {
            "label_type": "解剖部位",
            "start_pos": 236,
            "end_pos": 238,
            "text": "肢体"
        },
        {
            "label_type": "解剖部位",
            "start_pos": 291,
            "end_pos": 292,
            "text": "胸"
        },
        {
            "label_type": "解剖部位",
            "start_pos": 294,
            "end_pos": 297,
            "text": "心前区"
        },
        {
            "label_type": "解剖部位",
            "start_pos": 325,
            "end_pos": 327,
            "text": "肢体"
        }
    ]
}