{
    "originalText": "，患者因患“胃癌”于221701771-07全-10全胃切除术+空肠J字代胃术日在术全利麻术后上行，手、术酸、顺利，术及后给予抗炎、抑术后酸、营术后养支（2持171及对7症）支持治胃体腺癌（低分化）疗，术后病理示体术2后病理1（1201715979。），切示及：，浸食管切润溃疡型，癌。一组（7个）、三组（2个）、四组（4个）、五组（1个）及六组（2个）淋巴结体积2癌。.5*组化1*1.3CM，侵达2（浆）、膜。双（端）、出院及另送“切线”未查见癌未查（+）、见癌。1（，）、免疫组化染色示分（+）。术后：C化E1RBB-2（-奥沙利铂2）、SYN（1+亚叶酸钙-）、β-T2UBU+替加氟1LIN-III2少数（+）、RRM1（-）化、TOPOII部分（+胃癌术后）。术后。给予化疗1后疗程，一，方案：200MG D1+0.3G D2-、6 +10酸、00MG D2食-6 静滴，现患腹者、腹为行复查化疗来我院。就诊，门诊以及“术后”收入食院、。食自下次切线后，患者一般情况保持良好， 体无乏化。",
    "entities": [
        {
            "label_type": "疾病和诊断",
            "overlap": 0,
            "start_pos": 6,
            "end_pos": 8,
            "text": "胃癌"
        },
        {
            "label_type": "手术",
            "overlap": 0,
            "start_pos": 26,
            "end_pos": 39,
            "text": "全胃切除术+空肠J字代胃术"
        },
        {
            "label_type": "疾病和诊断",
            "overlap": 0,
            "start_pos": 90,
            "end_pos": 99,
            "text": "胃体腺癌（低分化）"
        },
        {
            "end_pos": 135,
            "label_type": "解剖部位",
            "overlap": 0,
            "start_pos": 133,
            "text": "食管"
        },
        {
            "label_type": "解剖部位",
            "overlap": 0,
            "start_pos": 142,
            "end_pos": 180,
            "text": "。一组（7个）、三组（2个）、四组（4个）、五组（1个）及六组（2个）淋巴结"
        },
        {
            "end_pos": 269,
            "label_type": "药物",
            "overlap": 0,
            "start_pos": 265,
            "text": "奥沙利铂"
        },
        {
            "end_pos": 282,
            "label_type": "药物",
            "overlap": 0,
            "start_pos": 278,
            "text": "亚叶酸钙"
        },
        {
            "end_pos": 296,
            "label_type": "药物",
            "overlap": 0,
            "start_pos": 293,
            "text": "替加氟"
        },
        {
            "label_type": "疾病和诊断",
            "overlap": 0,
            "start_pos": 330,
            "end_pos": 334,
            "text": "胃癌术后"
        },
        {
            "end_pos": 395,
            "label_type": "解剖部位",
            "overlap": 0,
            "start_pos": 394,
            "text": "腹"
        },
        {
            "end_pos": 398,
            "label_type": "解剖部位",
            "overlap": 0,
            "start_pos": 397,
            "text": "腹"
        }
    ]
}