{
    "originalText": "患者1年余前（（2014-9-3）0）胃癌因“”于我胃癌根治术（毕I）院术后行，术后给予浆膜治营养支持治疗肠梗阻，患者出现症状，于2014-10-15肠粘连松解术+空肠造瘘术在术后全麻上行松解术+空治肠造瘘术，术后后给予术中消炎、营养支（胃）中分化腺癌持治疗，病情好转后出院。术中常C规病理示：，溃疡型，肿物切面积4.5*1CM，侵癌达小弯侧淋巴结消炎脂肪组中织，（双端切缘）及吻合器切大弯侧淋巴结缘未查见癌中。2（2枚，其）中2枚（2/22）查见转移；1癌2后枚，其中4枚（奥沙利铂+CF+替加氟4/化12）查见转移。另送网后膜组织内腹未查见癌。后后患者再次入解院行++方案化疗8个周期，耐受良好。后患者胃癌术后肠粘连反复痛，给予对症后症状均可缓解。现患者为进一步诊疗，再次来我院，门小诊以“术后”收入院。自发病以来，患者神志",
    "entities": [
        {
            "label_type": "疾病和诊断",
            "overlap": 0,
            "start_pos": 19,
            "end_pos": 21,
            "text": "胃癌"
        },
        {
            "end_pos": 35,
            "label_type": "手术",
            "overlap": 0,
            "start_pos": 26,
            "text": "胃癌根治术（毕I）"
        },
        {
            "label_type": "疾病和诊断",
            "overlap": 0,
            "start_pos": 53,
            "end_pos": 56,
            "text": "肠梗阻"
        },
        {
            "label_type": "手术",
            "overlap": 0,
            "start_pos": 75,
            "end_pos": 87,
            "text": "肠粘连松解术+空肠造瘘术"
        },
        {
            "label_type": "疾病和诊断",
            "overlap": 0,
            "start_pos": 118,
            "end_pos": 126,
            "text": "（胃）中分化腺癌"
        },
        {
            "end_pos": 174,
            "label_type": "解剖部位",
            "overlap": 0,
            "start_pos": 168,
            "text": "小弯侧淋巴结"
        },
        {
            "end_pos": 199,
            "label_type": "解剖部位",
            "overlap": 0,
            "start_pos": 193,
            "text": "大弯侧淋巴结"
        },
        {
            "end_pos": 242,
            "label_type": "药物",
            "overlap": 0,
            "start_pos": 238,
            "text": "奥沙利铂"
        },
        {
            "end_pos": 245,
            "label_type": "药物",
            "overlap": 0,
            "start_pos": 243,
            "text": "CF"
        },
        {
            "end_pos": 249,
            "label_type": "药物",
            "overlap": 0,
            "start_pos": 246,
            "text": "替加氟"
        },
        {
            "end_pos": 269,
            "label_type": "解剖部位",
            "overlap": 0,
            "start_pos": 268,
            "text": "腹"
        },
        {
            "label_type": "疾病和诊断",
            "overlap": 0,
            "start_pos": 303,
            "end_pos": 307,
            "text": "胃癌术后"
        },
        {
            "label_type": "疾病和诊断",
            "overlap": 0,
            "start_pos": 307,
            "end_pos": 310,
            "text": "肠粘连"
        }
    ]
}