{
    "originalText": "，缘于下切3月余前我院诊断为贲门癌癌，于2015.11.06气管在管全插上管全腹腔镜辅助上根治性全胃切除术麻上行术中“镜腹腔辅助腹上根腹腔治性全切除术”结，，术中见：贲门内大小无水，内未见明显转移结节，肿溃疡型瘤位于，膜大小周约5.大淋巴结0术中×5.贲门癌0CM术后，呈浸润食管胃交界处溃疡型中－低分化腺癌溃疡型，膜侵及浆膜脉管层，周围有肿大淋巴结.淋巴术中诊断“癌术”。下切，术膜上后病理脉管癌示：,侵上切犯浆膜层癌，侵犯脉管贲门周淋巴结及神经组织，小弯淋巴结间质见多量淋大弯淋巴结巴细胞浸润幽门下淋巴结。手术标本幽门上淋巴结入院端粘膜网膜淋巴结上层可见脉管癌（胃右动脉根部）淋巴结栓，标本上癌切端均（胃右动脉根部）淋巴结未见癌下浸润结。找到周淋巴性结9/2术后0个，0/29个，0处/8个，0/3切个，0/4个，0/术后1个及另送1/9个见癌转移。见多发下皮样结节，呈肉芽肿性炎改变。术后给伊立替康予对症、营养支持等处理，恢替吉奥复良好，切口愈合为II/甲。术后于2化01辅5.胃12肝.5、2015.12治.27、术后20化16.01.2门3予以贲门癌术后化“240MGIV下GTTD1+食60MGPO腹BI腹DD1-D14”方案化疗，化辅",
    "entities": [
        {
            "label_type": "疾病和诊断",
            "overlap": 0,
            "start_pos": 14,
            "end_pos": 17,
            "text": "贲门癌"
        },
        {
            "end_pos": 32,
            "label_type": "解剖部位",
            "overlap": 0,
            "start_pos": 30,
            "text": "气管"
        },
        {
            "end_pos": 53,
            "label_type": "手术",
            "overlap": 0,
            "start_pos": 39,
            "text": "腹腔镜辅助上根治性全胃切除术"
        },
        {
            "end_pos": 62,
            "label_type": "解剖部位",
            "overlap": 0,
            "start_pos": 60,
            "text": "腹腔"
        },
        {
            "end_pos": 65,
            "label_type": "解剖部位",
            "overlap": 0,
            "start_pos": 64,
            "text": "腹"
        },
        {
            "end_pos": 69,
            "label_type": "解剖部位",
            "overlap": 0,
            "start_pos": 67,
            "text": "腹腔"
        },
        {
            "end_pos": 85,
            "label_type": "解剖部位",
            "overlap": 0,
            "start_pos": 83,
            "text": "贲门"
        },
        {
            "label_type": "疾病和诊断",
            "overlap": 0,
            "start_pos": 126,
            "end_pos": 129,
            "text": "贲门癌"
        },
        {
            "label_type": "疾病和诊断",
            "overlap": 0,
            "start_pos": 138,
            "end_pos": 154,
            "text": "食管胃交界处溃疡型中－低分化腺癌"
        },
        {
            "end_pos": 221,
            "label_type": "解剖部位",
            "overlap": 0,
            "start_pos": 215,
            "text": "贲门周淋巴结"
        },
        {
            "end_pos": 232,
            "label_type": "解剖部位",
            "overlap": 0,
            "start_pos": 227,
            "text": "小弯淋巴结"
        },
        {
            "end_pos": 243,
            "label_type": "解剖部位",
            "overlap": 0,
            "start_pos": 238,
            "text": "大弯淋巴结"
        },
        {
            "end_pos": 254,
            "label_type": "解剖部位",
            "overlap": 0,
            "start_pos": 248,
            "text": "幽门下淋巴结"
        },
        {
            "end_pos": 265,
            "label_type": "解剖部位",
            "overlap": 0,
            "start_pos": 259,
            "text": "幽门上淋巴结"
        },
        {
            "end_pos": 275,
            "label_type": "解剖部位",
            "overlap": 0,
            "start_pos": 270,
            "text": "网膜淋巴结"
        },
        {
            "end_pos": 293,
            "label_type": "解剖部位",
            "overlap": 0,
            "start_pos": 282,
            "text": "（胃右动脉根部）淋巴结"
        },
        {
            "end_pos": 313,
            "label_type": "解剖部位",
            "overlap": 0,
            "start_pos": 302,
            "text": "（胃右动脉根部）淋巴结"
        },
        {
            "end_pos": 402,
            "label_type": "药物",
            "overlap": 0,
            "start_pos": 398,
            "text": "伊立替康"
        },
        {
            "end_pos": 418,
            "label_type": "药物",
            "overlap": 0,
            "start_pos": 415,
            "text": "替吉奥"
        },
        {
            "end_pos": 443,
            "label_type": "解剖部位",
            "overlap": 0,
            "start_pos": 442,
            "text": "胃"
        },
        {
            "end_pos": 446,
            "label_type": "解剖部位",
            "overlap": 0,
            "start_pos": 445,
            "text": "肝"
        },
        {
            "label_type": "疾病和诊断",
            "overlap": 0,
            "start_pos": 477,
            "end_pos": 482,
            "text": "贲门癌术后"
        },
        {
            "end_pos": 506,
            "label_type": "解剖部位",
            "overlap": 0,
            "start_pos": 505,
            "text": "腹"
        },
        {
            "end_pos": 509,
            "label_type": "解剖部位",
            "overlap": 0,
            "start_pos": 508,
            "text": "腹"
        }
    ]
}