{
    "originalText": "入院前2天，患者家属发现其反应迟钝、精神差（患者现阶段于养老院居住，家属仅偶去探视），无咳嗽、咳痰、抽搐及大小便失禁，遂与养老院医生沟通，给予口服药物治疗（具体不详）。养老院人员诉其患者夜间较烦躁，胡言乱语，以为其病情好转，未予重视。患者家属今日再次探视时，发现其呼之不应，遂就诊于我院，急诊查指血糖：29.1mmol/l。血常规:白细胞数 18.9 10^9/L↑、中性粒细胞百分比 90.50 %↑，C反应蛋白 121 mg/l↑，D_2聚体 21.75 ug/ml↑↑，电解质1:钠 171.2 mmol/l↑↑、氯 131.3 mmol/l↑↑，头颅CT未见明显新发梗死，胸部CT提示：肺部感染。遂为进一步治疗，以“意识障碍原因待查”收入我科。1月前因“右侧股骨撕裂伤”长期卧床，自行包药治疗（具体不详）。病程中患者精神、饮食欠佳，大小便情况不详，体重无明显上降。",
    "entities": [
        {
            "label_type": "实验室检验",
            "start_pos": 147,
            "end_pos": 150,
            "text": "指血糖"
        },
        {
            "label_type": "实验室检验",
            "start_pos": 166,
            "end_pos": 170,
            "text": "白细胞数"
        },
        {
            "label_type": "实验室检验",
            "start_pos": 184,
            "end_pos": 192,
            "text": "中性粒细胞百分比"
        },
        {
            "label_type": "实验室检验",
            "start_pos": 202,
            "end_pos": 207,
            "text": "C反应蛋白"
        },
        {
            "label_type": "实验室检验",
            "start_pos": 218,
            "end_pos": 223,
            "text": "D_2聚体"
        },
        {
            "label_type": "实验室检验",
            "start_pos": 243,
            "end_pos": 244,
            "text": "钠"
        },
        {
            "label_type": "实验室检验",
            "start_pos": 260,
            "end_pos": 261,
            "text": "氯"
        },
        {
            "label_type": "影像检查",
            "start_pos": 277,
            "end_pos": 281,
            "text": "头颅CT"
        },
        {
            "label_type": "影像检查",
            "start_pos": 290,
            "end_pos": 294,
            "text": "胸部CT"
        },
        {
            "label_type": "疾病和诊断",
            "start_pos": 297,
            "end_pos": 301,
            "text": "肺部感染"
        },
        {
            "label_type": "疾病和诊断",
            "start_pos": 312,
            "end_pos": 320,
            "text": "意识障碍原因待查"
        },
        {
            "label_type": "疾病和诊断",
            "start_pos": 331,
            "end_pos": 338,
            "text": "右侧股骨撕裂伤"
        }
    ]
}