{
    "originalText": "，患者因“直肠癌”于201515-016-16在我院上在根治性DIXON手术全手术麻上行，手术后术过程顺利，切术后患者恢复好，切口愈术后合好，（直肠）腺癌（中度分化）按期拆线。，术后病5理：，1隆5C起型，体积8.5*7切*1 .5C癌M ，侵切达深肌层，底切部切、除面切 未查见癌癌。 一站（5个）、中央组（11个）、中间组（1个）淋巴结 双端癌切 线及另组化送“近切T线”、（“）、远切N（线）”后未查见癌发。未左下腹查见癌CT。 ，胆总管结石免疫下组化胆染色示：T肝胆S少量（后+）、SYN（肝治-）。后患者出现发热及   痛，行间检查一示并以下水平胆系扩张腹，腹请胆外科会诊15后给予抗1生素及保结肠镜治疗发，结肠多发息肉患者症内镜上结肠息肉电切术状术后明显好转。   院外期间患者次数情况好，无一恶治心，无痛胀不直肠癌术后、结肠多发息肉适，201   5年9月21日门诊行镜检查发现多多发息肉，并行，术后恢复好，现化患",
    "entities": [
        {
            "label_type": "疾病和诊断",
            "overlap": 0,
            "start_pos": 5,
            "end_pos": 8,
            "text": "直肠癌"
        },
        {
            "end_pos": 38,
            "label_type": "手术",
            "overlap": 0,
            "start_pos": 28,
            "text": "根治性DIXON手术"
        },
        {
            "label_type": "疾病和诊断",
            "overlap": 0,
            "start_pos": 71,
            "end_pos": 83,
            "text": "（直肠）腺癌（中度分化）"
        },
        {
            "label_type": "解剖部位",
            "overlap": 0,
            "start_pos": 143,
            "end_pos": 170,
            "text": " 一站（5个）、中央组（11个）、中间组（1个）淋巴结"
        },
        {
            "end_pos": 211,
            "label_type": "解剖部位",
            "overlap": 0,
            "start_pos": 208,
            "text": "左下腹"
        },
        {
            "label_type": "影像检查",
            "overlap": 0,
            "start_pos": 214,
            "end_pos": 216,
            "text": "CT"
        },
        {
            "label_type": "疾病和诊断",
            "overlap": 0,
            "start_pos": 219,
            "end_pos": 224,
            "text": "胆总管结石"
        },
        {
            "end_pos": 250,
            "label_type": "解剖部位",
            "overlap": 0,
            "start_pos": 249,
            "text": "肝"
        },
        {
            "end_pos": 283,
            "label_type": "解剖部位",
            "overlap": 0,
            "start_pos": 282,
            "text": "腹"
        },
        {
            "end_pos": 285,
            "label_type": "解剖部位",
            "overlap": 0,
            "start_pos": 284,
            "text": "腹"
        },
        {
            "end_pos": 311,
            "label_type": "解剖部位",
            "overlap": 0,
            "start_pos": 309,
            "text": "结肠"
        },
        {
            "end_pos": 328,
            "label_type": "手术",
            "overlap": 0,
            "start_pos": 318,
            "text": "内镜上结肠息肉电切术"
        },
        {
            "label_type": "疾病和诊断",
            "overlap": 0,
            "start_pos": 361,
            "end_pos": 366,
            "text": "直肠癌术后"
        },
        {
            "label_type": "疾病和诊断",
            "overlap": 0,
            "start_pos": 367,
            "end_pos": 373,
            "text": "结肠多发息肉"
        }
    ]
}