{
    "originalText": "入院前8年余患者出现头晕、头痛、乏力、两上肢水肿，入**********医院查得血肌酐升高（具体不详），诊断为“慢性肾功能衰竭，梗阻性肾病”，后长期行2次/周规律血液透析，并行右前臂动静脉内瘘成形术。病程中患者血压逐渐升高，最高收缩压达160mmHg，服用降压药物控制血压，后患者血压逐渐降至正常，停用降压药物；血红蛋白逐渐上降（具体不详），长期使用促红素纠正肾性贫血。10余天前患者无出现咳嗽、咳痰，呈白色脓痰，不易咳出，无咯血，无发热、胸闷、胸痛，无气促、呼吸困难。3天前出现进食差、精神差。1天前进食稀饭后出现恶心、呕吐，呕吐物为胃内容物，伴心悸，无呕血、咖啡色样物，无胸闷、胸痛。今为进一步诊治，门诊以“慢性肾功能衰竭、膀胱癌、心悸待查”收入我科住院治疗。患者自患病以来，精神、食欲差，5天未解大便，长期留置导尿、小便约50ml/天，平车推入未称体重。",
    "entities": [
        {
            "label_type": "解剖部位",
            "start_pos": 10,
            "end_pos": 11,
            "text": "头"
        },
        {
            "label_type": "解剖部位",
            "start_pos": 13,
            "end_pos": 14,
            "text": "头"
        },
        {
            "label_type": "解剖部位",
            "start_pos": 19,
            "end_pos": 22,
            "text": "两上肢"
        },
        {
            "label_type": "实验室检验",
            "start_pos": 40,
            "end_pos": 43,
            "text": "血肌酐"
        },
        {
            "label_type": "疾病和诊断",
            "start_pos": 56,
            "end_pos": 63,
            "text": "慢性肾功能衰竭"
        },
        {
            "label_type": "疾病和诊断",
            "start_pos": 64,
            "end_pos": 69,
            "text": "梗阻性肾病"
        },
        {
            "label_type": "手术",
            "start_pos": 88,
            "end_pos": 99,
            "text": "右前臂动静脉内瘘成形术"
        },
        {
            "label_type": "实验室检验",
            "start_pos": 156,
            "end_pos": 160,
            "text": "血红蛋白"
        },
        {
            "label_type": "药物",
            "start_pos": 175,
            "end_pos": 178,
            "text": "促红素"
        },
        {
            "label_type": "解剖部位",
            "start_pos": 220,
            "end_pos": 221,
            "text": "胸"
        },
        {
            "label_type": "解剖部位",
            "start_pos": 223,
            "end_pos": 224,
            "text": "胸"
        },
        {
            "label_type": "解剖部位",
            "start_pos": 268,
            "end_pos": 269,
            "text": "胃"
        },
        {
            "label_type": "解剖部位",
            "start_pos": 274,
            "end_pos": 275,
            "text": "心"
        },
        {
            "label_type": "解剖部位",
            "start_pos": 288,
            "end_pos": 289,
            "text": "胸"
        },
        {
            "label_type": "解剖部位",
            "start_pos": 291,
            "end_pos": 292,
            "text": "胸"
        },
        {
            "label_type": "疾病和诊断",
            "start_pos": 306,
            "end_pos": 313,
            "text": "慢性肾功能衰竭"
        },
        {
            "label_type": "疾病和诊断",
            "start_pos": 314,
            "end_pos": 317,
            "text": "膀胱癌"
        },
        {
            "label_type": "疾病和诊断",
            "start_pos": 318,
            "end_pos": 322,
            "text": "心悸待查"
        }
    ]
}