{
    "originalText": "，缘于入院前2个月在我院诊为“降结肠癌降结癌”，并于2014.04.28上在全腹腔镜辅助上根治性右半结肠切除术+小肠肿物切除术麻上术行“术后腹腔镜辅助上根治性右半结切除术+右半结肠小肿物切除肠隆起型绒毛状-管状腺癌II级术癌”，术顺，管SM病理（20141术266切4），：（右切半结），上切：1.隆起癌型绒毛状-肠周淋巴结管状腺癌II级癌，癌组肠周织癌结侵犯脉管组织肠绒毛状-管状腺瘤，侵腺及浅肌级层。手术瘤标本双小肠切端及另送（下镜上切端）、（上切结端）均未见癌浸润；找到23个，均未见癌转移。周见癌结节1个性。2.绒毛状状-管状腺瘤，伴腺下皮低级别下皮内瘤变。（小结），：送检结组织镜上为梭形细胞胃肠道间质瘤增生结节（最大径肿瘤0.5CM肠），细胞核呈短切梭形，可见结核仁，胞浆嗜碱性，排列呈束状，核结分裂像少见（&LT;-2个/50HPF+++），结合免疫组++化结果，考虑危+++险度低的胃道I间质-瘤，因-送检组织均为肿瘤组织-，未见粘膜I，无法判断切-缘情况，请结合临床诊断。性建议随访。，免疫组化-结果：CK(P-AN)I（-），CD性11术后7（+++治），CD34（术后++奥沙利铂）齐沙，DOG1（I+++），D+希罗达ESMIN（-），H-CIALD-ESMON（-），ACTI-N(-术后)（-周），S100（个术后别细周胞阳性），NF(降结肠癌术后PAN)（-），C术后D57（-），KI67（2%阳性）小。术后予营养支持治疗，恢",
    "entities": [
        {
            "label_type": "疾病和诊断",
            "overlap": 0,
            "start_pos": 15,
            "end_pos": 19,
            "text": "降结肠癌"
        },
        {
            "label_type": "手术",
            "overlap": 0,
            "start_pos": 39,
            "end_pos": 63,
            "text": "腹腔镜辅助上根治性右半结肠切除术+小肠肿物切除术"
        },
        {
            "end_pos": 90,
            "label_type": "解剖部位",
            "overlap": 0,
            "start_pos": 86,
            "text": "右半结肠"
        },
        {
            "label_type": "疾病和诊断",
            "overlap": 0,
            "start_pos": 95,
            "end_pos": 110,
            "text": "肠隆起型绒毛状-管状腺癌II级"
        },
        {
            "end_pos": 162,
            "label_type": "解剖部位",
            "overlap": 0,
            "start_pos": 157,
            "text": "肠周淋巴结"
        },
        {
            "end_pos": 174,
            "label_type": "解剖部位",
            "overlap": 0,
            "start_pos": 173,
            "text": "肠"
        },
        {
            "label_type": "疾病和诊断",
            "overlap": 0,
            "start_pos": 184,
            "end_pos": 193,
            "text": "肠绒毛状-管状腺瘤"
        },
        {
            "end_pos": 210,
            "label_type": "解剖部位",
            "overlap": 0,
            "start_pos": 208,
            "text": "小肠"
        },
        {
            "label_type": "疾病和诊断",
            "overlap": 0,
            "start_pos": 301,
            "end_pos": 307,
            "text": "胃肠道间质瘤"
        },
        {
            "label_type": "解剖部位",
            "overlap": 0,
            "start_pos": 322,
            "end_pos": 323,
            "text": "肠"
        },
        {
            "end_pos": 501,
            "label_type": "药物",
            "overlap": 0,
            "start_pos": 497,
            "text": "奥沙利铂"
        },
        {
            "end_pos": 504,
            "label_type": "药物",
            "overlap": 0,
            "start_pos": 502,
            "text": "齐沙"
        },
        {
            "end_pos": 521,
            "label_type": "药物",
            "overlap": 0,
            "start_pos": 518,
            "text": "希罗达"
        },
        {
            "label_type": "疾病和诊断",
            "overlap": 0,
            "start_pos": 582,
            "end_pos": 588,
            "text": "降结肠癌术后"
        }
    ]
}