{
    "originalText": "孕妇平素月经规律，周期30-37天，末次月经2014年02月15日，预产期为2014年11月22日。停经后轻微恶心、呕吐等早孕反应。孕中期曾口服感冒药治疗（具体不详）。孕20周开始自觉胎动。孕中晚期无头晕、眼花、胸闷、心慌及皮肤瘙痒等不适。孕期正规产检，孕期***妇幼保健院查甲功正常，OGTT提示空腹血糖5.4mmol/l，余正常，嘱饮食控制后监测血糖正常。入院前3+月***妇幼保健院彩超提示胎儿各项指标均小于正常值，此后定期产检，数次复查彩超均提示两顶径、股骨长小于标准值，建议患者住院治疗，患者拒绝。入院前6天，患者在***妇幼保健院产检，查彩超提示两顶径明显小于双个标准差，胎盘上缘距宫颈内口约2.1cm，建议患者入院治疗，患者拒绝。今日于我院就诊要求入院保胎治疗，现患者无明显腹痛、阴道流血流液等，故门诊以\\\"胎儿生长受限，低置胎盘\\\"收入住院。",
    "entities": [
        {
            "label_type": "解剖部位",
            "start_pos": 100,
            "end_pos": 101,
            "text": "头"
        },
        {
            "label_type": "解剖部位",
            "start_pos": 103,
            "end_pos": 104,
            "text": "眼"
        },
        {
            "label_type": "解剖部位",
            "start_pos": 106,
            "end_pos": 107,
            "text": "胸"
        },
        {
            "label_type": "解剖部位",
            "start_pos": 109,
            "end_pos": 110,
            "text": "心"
        },
        {
            "label_type": "实验室检验",
            "start_pos": 149,
            "end_pos": 153,
            "text": "空腹血糖"
        },
        {
            "label_type": "影像检查",
            "start_pos": 194,
            "end_pos": 196,
            "text": "彩超"
        },
        {
            "label_type": "影像检查",
            "start_pos": 222,
            "end_pos": 224,
            "text": "彩超"
        },
        {
            "label_type": "解剖部位",
            "start_pos": 231,
            "end_pos": 233,
            "text": "股骨"
        },
        {
            "label_type": "解剖部位",
            "start_pos": 292,
            "end_pos": 294,
            "text": "胎盘"
        },
        {
            "label_type": "解剖部位",
            "start_pos": 297,
            "end_pos": 301,
            "text": "宫颈内口"
        },
        {
            "label_type": "解剖部位",
            "start_pos": 344,
            "end_pos": 345,
            "text": "腹"
        },
        {
            "label_type": "解剖部位",
            "start_pos": 347,
            "end_pos": 349,
            "text": "阴道"
        },
        {
            "label_type": "疾病和诊断",
            "start_pos": 361,
            "end_pos": 367,
            "text": "胎儿生长受限"
        },
        {
            "label_type": "疾病和诊断",
            "start_pos": 368,
            "end_pos": 372,
            "text": "低置胎盘"
        }
    ]
}