{
    "originalText": "，缘于入院前1月于我院诊为乙状结肠癌，于2015--0-5-反应在上全腹腔镜上乙状结肠根治性切除术麻术后上行（腔镜上乙状结肠根治）性切除术乙状结肠浸润性管状腺癌I-II级，术后病理上（20术16下1上切4352（下切）），（上切示）：“，癌浸润侵及浆肠周淋巴结膜上层。手术标本（直肠下动脉根部）淋巴结下、上切端及癌另送（下切端）、（上I-切端（）均未见）癌浸润。（找）到10个，（及另送）的3I个，I均（未见癌转）移。，免疫（组化：）KI--67（2I0（%+），）CK7（+），CK20（+++），VILLIN（++++），CDX2（+++），β-CATENIN（膜+++术后）。该病例未检测到K治RAS基因12、13号II密码子热点突变。，病理：该病例奥沙利铂未检测到BIRAF基因V6卡培他滨00E突变”，术后I给予对-症、营养支持等治疗，恢复良好,伤口愈肝合II/甲。201治6.06.03予“200MGIV上G周TTD1+15乙状结肠癌术后00MGPO下BIDD2-14”方案化疗1个疗腹程，腹辅以止吐、保、制酸、增强免疫等治疗，无明显",
    "entities": [
        {
            "label_type": "疾病和诊断",
            "overlap": 0,
            "start_pos": 13,
            "end_pos": 18,
            "text": "乙状结肠癌"
        },
        {
            "end_pos": 49,
            "label_type": "手术",
            "overlap": 0,
            "start_pos": 35,
            "text": "腹腔镜上乙状结肠根治性切除术"
        },
        {
            "label_type": "疾病和诊断",
            "overlap": 0,
            "start_pos": 69,
            "end_pos": 85,
            "text": "乙状结肠浸润性管状腺癌I-II级"
        },
        {
            "end_pos": 130,
            "label_type": "解剖部位",
            "overlap": 0,
            "start_pos": 125,
            "text": "肠周淋巴结"
        },
        {
            "end_pos": 150,
            "label_type": "解剖部位",
            "overlap": 0,
            "start_pos": 138,
            "text": "（直肠下动脉根部）淋巴结"
        },
        {
            "end_pos": 332,
            "label_type": "药物",
            "overlap": 0,
            "start_pos": 328,
            "text": "奥沙利铂"
        },
        {
            "end_pos": 349,
            "label_type": "药物",
            "overlap": 0,
            "start_pos": 345,
            "text": "卡培他滨"
        },
        {
            "end_pos": 382,
            "label_type": "解剖部位",
            "overlap": 0,
            "start_pos": 381,
            "text": "肝"
        },
        {
            "label_type": "疾病和诊断",
            "overlap": 0,
            "start_pos": 418,
            "end_pos": 425,
            "text": "乙状结肠癌术后"
        },
        {
            "end_pos": 449,
            "label_type": "解剖部位",
            "overlap": 0,
            "start_pos": 448,
            "text": "腹"
        },
        {
            "end_pos": 452,
            "label_type": "解剖部位",
            "overlap": 0,
            "start_pos": 451,
            "text": "腹"
        }
    ]
}