{
    "originalText": "无明显诱因左腕肿痛3天，呈持续性，胀痛性质，伴左腕发红、发热，病情呈进行性加重，逐渐左腕活动受限，影响日常生活活动及夜间休息。为进一步治疗，予今日来我科诊治，门诊以\\\"左腕肿痛待查\\\"收入住院。反复咳嗽咳痰8+年，气短心累3+年，咳嗽、咯痰受凉加重，咯白色粘痰，自觉胸闷气紧，咳嗽后剑突上感饱胀，阵阵咳嗽后气喘、胸闷不适，高血压病史10+年，最高160/120mmHg，控制不详，日常生活活动诱发心累、气喘、胸闷，制动、休息部分缓解，多家医院诊断为“1、慢性支气管炎急性发作、慢性阻塞性肺病，2、原发性高血压2级极高危组，3、高血压性心脏病，4、频发室性早搏，5、冠心病”，对症治疗改善，间断口服苯磺酸氨氯地平片降血压，长期口服“阿司匹林、通心络胶囊”，具体不详。近日受凉后咳嗽加重。患者患病以来精神一般，食欲可，睡眠差，大小便正常，近期无明显体重减轻。",
    "entities": [
        {
            "label_type": "解剖部位",
            "start_pos": 5,
            "end_pos": 7,
            "text": "左腕"
        },
        {
            "label_type": "解剖部位",
            "start_pos": 23,
            "end_pos": 25,
            "text": "左腕"
        },
        {
            "label_type": "解剖部位",
            "start_pos": 42,
            "end_pos": 44,
            "text": "左腕"
        },
        {
            "label_type": "疾病和诊断",
            "start_pos": 84,
            "end_pos": 90,
            "text": "左腕肿痛待查"
        },
        {
            "label_type": "解剖部位",
            "start_pos": 109,
            "end_pos": 110,
            "text": "心"
        },
        {
            "label_type": "解剖部位",
            "start_pos": 133,
            "end_pos": 134,
            "text": "胸"
        },
        {
            "label_type": "解剖部位",
            "start_pos": 141,
            "end_pos": 143,
            "text": "剑突"
        },
        {
            "label_type": "解剖部位",
            "start_pos": 156,
            "end_pos": 157,
            "text": "胸"
        },
        {
            "label_type": "疾病和诊断",
            "start_pos": 161,
            "end_pos": 164,
            "text": "高血压"
        },
        {
            "label_type": "解剖部位",
            "start_pos": 198,
            "end_pos": 199,
            "text": "心"
        },
        {
            "label_type": "解剖部位",
            "start_pos": 204,
            "end_pos": 205,
            "text": "胸"
        },
        {
            "label_type": "疾病和诊断",
            "start_pos": 227,
            "end_pos": 237,
            "text": "慢性支气管炎急性发作"
        },
        {
            "label_type": "疾病和诊断",
            "start_pos": 238,
            "end_pos": 245,
            "text": "慢性阻塞性肺病"
        },
        {
            "label_type": "疾病和诊断",
            "start_pos": 248,
            "end_pos": 260,
            "text": "原发性高血压2级极高危组"
        },
        {
            "label_type": "疾病和诊断",
            "start_pos": 263,
            "end_pos": 270,
            "text": "高血压性心脏病"
        },
        {
            "label_type": "疾病和诊断",
            "start_pos": 273,
            "end_pos": 279,
            "text": "频发室性早搏"
        },
        {
            "label_type": "疾病和诊断",
            "start_pos": 282,
            "end_pos": 285,
            "text": "冠心病"
        },
        {
            "label_type": "药物",
            "start_pos": 298,
            "end_pos": 306,
            "text": "苯磺酸氨氯地平片"
        },
        {
            "label_type": "药物",
            "start_pos": 315,
            "end_pos": 319,
            "text": "阿司匹林"
        },
        {
            "label_type": "药物",
            "start_pos": 320,
            "end_pos": 325,
            "text": "通心络胶囊"
        }
    ]
}