{
    "originalText": "，11入院前2525胃体癌天2因15癌11于22015年全缘上于月腹腔镜辅助上根治性全胃切除术24日术在我院全麻腹腔上行“镜腹辅助盆腔、腹上、大根治性全切结除术肝脏”，大小，术中胆囊探查大见胃体：内无明显水，周、壁、大网大淋巴结膜无术转移结术节，质地大、小正常，、无肿大治。病术灶不能探及，术周围无（2明15显1588）肿大（全胃淋巴结胃窦小弯侧溃疡型管状腺癌II级，手术顺利，术术后予抗、上切感染、营（养切支）持、免癌疫等治疗，贲门周淋巴结术后7恢复幽门上淋巴结良好1，术后病理（(第1组）淋巴结2011、（第7组）淋巴结1574、（第8组）淋巴结2195、（第9组）淋巴结882），：癌（全)，:（第11组淋巴结）、（第12组淋巴结）镜上窦侧溃、疡管、型管组状腺小弯侧、幽门癌、大弯侧II组级，侵犯淋巴结肌层。手组术标本下、上切端I及7（2另送（性）下切5端（-））均17未（见癌）浸润。找到（-）0/7F个（-），5-FU（上）淋巴结0-2（/）13个(，及（另送）0/1个术、第1周（1/7个、2/9个、0/2个、，见癌转移腹。、腹另、送镜上体为纤维、血管、脂肪",
    "entities": [
        {
            "label_type": "疾病和诊断",
            "overlap": 0,
            "start_pos": 10,
            "end_pos": 13,
            "text": "胃体癌"
        },
        {
            "end_pos": 47,
            "label_type": "手术",
            "overlap": 0,
            "start_pos": 33,
            "text": "腹腔镜辅助上根治性全胃切除术"
        },
        {
            "end_pos": 58,
            "label_type": "解剖部位",
            "overlap": 0,
            "start_pos": 56,
            "text": "腹腔"
        },
        {
            "end_pos": 63,
            "label_type": "解剖部位",
            "overlap": 0,
            "start_pos": 62,
            "text": "腹"
        },
        {
            "end_pos": 67,
            "label_type": "解剖部位",
            "overlap": 0,
            "start_pos": 65,
            "text": "盆腔"
        },
        {
            "label_type": "解剖部位",
            "overlap": 0,
            "start_pos": 68,
            "end_pos": 69,
            "text": "腹"
        },
        {
            "end_pos": 82,
            "label_type": "解剖部位",
            "overlap": 0,
            "start_pos": 80,
            "text": "肝脏"
        },
        {
            "end_pos": 91,
            "label_type": "解剖部位",
            "overlap": 0,
            "start_pos": 89,
            "text": "胆囊"
        },
        {
            "end_pos": 97,
            "label_type": "解剖部位",
            "overlap": 0,
            "start_pos": 95,
            "text": "胃体"
        },
        {
            "end_pos": 165,
            "label_type": "解剖部位",
            "overlap": 0,
            "start_pos": 164,
            "text": "胃"
        },
        {
            "label_type": "疾病和诊断",
            "overlap": 0,
            "start_pos": 168,
            "end_pos": 183,
            "text": "胃窦小弯侧溃疡型管状腺癌II级"
        },
        {
            "end_pos": 221,
            "label_type": "解剖部位",
            "overlap": 0,
            "start_pos": 215,
            "text": "贲门周淋巴结"
        },
        {
            "end_pos": 232,
            "label_type": "解剖部位",
            "overlap": 0,
            "start_pos": 226,
            "text": "幽门上淋巴结"
        },
        {
            "label_type": "解剖部位",
            "overlap": 0,
            "start_pos": 241,
            "end_pos": 249,
            "text": "(第1组）淋巴结"
        },
        {
            "label_type": "解剖部位",
            "overlap": 0,
            "start_pos": 255,
            "end_pos": 262,
            "text": "第7组）淋巴结"
        },
        {
            "label_type": "解剖部位",
            "overlap": 0,
            "start_pos": 267,
            "end_pos": 275,
            "text": "（第8组）淋巴结"
        },
        {
            "label_type": "解剖部位",
            "overlap": 0,
            "start_pos": 280,
            "end_pos": 288,
            "text": "（第9组）淋巴结"
        },
        {
            "label_type": "解剖部位",
            "overlap": 0,
            "start_pos": 300,
            "end_pos": 319,
            "text": "（第11组淋巴结）、（第12组淋巴结）"
        },
        {
            "label_type": "解剖部位",
            "overlap": 0,
            "start_pos": 333,
            "end_pos": 335,
            "text": "小弯"
        },
        {
            "end_pos": 339,
            "label_type": "解剖部位",
            "overlap": 0,
            "start_pos": 337,
            "text": "幽门"
        },
        {
            "label_type": "解剖部位",
            "overlap": 0,
            "start_pos": 341,
            "end_pos": 343,
            "text": "大弯"
        },
        {
            "end_pos": 414,
            "label_type": "药物",
            "overlap": 0,
            "start_pos": 410,
            "text": "5-FU"
        },
        {
            "end_pos": 467,
            "label_type": "解剖部位",
            "overlap": 0,
            "start_pos": 466,
            "text": "腹"
        },
        {
            "end_pos": 470,
            "label_type": "解剖部位",
            "overlap": 0,
            "start_pos": 469,
            "text": "腹"
        }
    ]
}