{
    "originalText": "患者20+年前受凉后出现咳嗽、喘累，体力活动后感气促，但可耐受，无畏寒、发热，无胸闷、胸痛，无咯血，无腹痛、腹泻，无两上肢水肿等不适，间断口服药物及输液对症治疗后（具体不详）下述不适可缓解；每年多于冬春季及天气剧烈变化时发病加重，每次持续时间1月-3月，每年发作总时间大于3个月；病情缓解期体力耐量可好转。20+年来下诉症状发作逐渐增多、体力耐量进行性上降，间断有两上肢水肿。1+月前因下述症状加重于我院内四科住院，诊断为“慢性阻塞性肺疾病 肺源性心脏病”，给予抗感染、止咳化痰、平喘等治疗后好转出院。入院前10天，患者受凉后再次出现咳嗽、少痰，活动后气促，走平路即可诱发，无胸闷、胸痛，无咯血，无腹痛、腹泻，无胸前区压榨感，无两上肢水肿等不适，为进一步诊治收治我科。患病以来，患者精神食欲一般，大便正常，小便次数多，每次尿少，夜尿多，体重无明显变化。",
    "entities": [
        {
            "label_type": "解剖部位",
            "start_pos": 40,
            "end_pos": 41,
            "text": "胸"
        },
        {
            "label_type": "解剖部位",
            "start_pos": 43,
            "end_pos": 44,
            "text": "胸"
        },
        {
            "label_type": "解剖部位",
            "start_pos": 51,
            "end_pos": 53,
            "text": "腹痛"
        },
        {
            "label_type": "解剖部位",
            "start_pos": 54,
            "end_pos": 56,
            "text": "腹泻"
        },
        {
            "label_type": "解剖部位",
            "start_pos": 58,
            "end_pos": 61,
            "text": "两上肢"
        },
        {
            "label_type": "解剖部位",
            "start_pos": 182,
            "end_pos": 185,
            "text": "两上肢"
        },
        {
            "label_type": "疾病和诊断",
            "start_pos": 212,
            "end_pos": 220,
            "text": "慢性阻塞性肺疾病"
        },
        {
            "label_type": "疾病和诊断",
            "start_pos": 221,
            "end_pos": 227,
            "text": "肺源性心脏病"
        },
        {
            "label_type": "解剖部位",
            "start_pos": 288,
            "end_pos": 289,
            "text": "胸"
        },
        {
            "label_type": "解剖部位",
            "start_pos": 291,
            "end_pos": 292,
            "text": "胸"
        },
        {
            "label_type": "解剖部位",
            "start_pos": 299,
            "end_pos": 300,
            "text": "腹"
        },
        {
            "label_type": "解剖部位",
            "start_pos": 302,
            "end_pos": 303,
            "text": "腹"
        },
        {
            "label_type": "解剖部位",
            "start_pos": 306,
            "end_pos": 309,
            "text": "胸前区"
        },
        {
            "label_type": "解剖部位",
            "start_pos": 314,
            "end_pos": 317,
            "text": "两上肢"
        }
    ]
}