{
    "originalText": "，缘于入院前2月余于我院诊为“直肠癌”，于2015-10-12在全麻上上腹腔镜上直肠根治术（DIXON手术）中转开腹+膀胱病损修补术行，术中，术腹腔中见：腔内无明显出血，直乙交界处肿瘤膀胱位界于，与分界肠梗阻不清，形成梗阻周，近端稍扩张，周淋巴结围见术后病数个（明显肿大淋巴结。，）（直肠）术后肠外生型管状腺癌II级病理：肠（201肠周541031）（直），：外生型管状腺癌II级，侵犯手术壁全层及周脂肪组织，间质见多量上急慢性炎症细癌胞及组织细肠周淋巴结胞浸润。手癌转术标本双切端及另送(下切端)、奥沙利铂(艾恒上切端)均未见癌D浸+卡培他滨润。希罗达找到68个未见癌转移IDD。于2015.12.18予“()胃20肝0MG治静滴D1+片(利)1500MG口服BIDD1-14方案”就诊，辅予止吐、直肠癌术后保、护等相关治疗。化疗过程后顺利，无化疗副反腹应。腹此次为第2次化疗，再次化疗我院",
    "entities": [
        {
            "label_type": "疾病和诊断",
            "overlap": 0,
            "start_pos": 15,
            "end_pos": 18,
            "text": "直肠癌"
        },
        {
            "label_type": "手术",
            "overlap": 0,
            "start_pos": 36,
            "end_pos": 66,
            "text": "腹腔镜上直肠根治术（DIXON手术）中转开腹+膀胱病损修补术"
        },
        {
            "end_pos": 74,
            "label_type": "解剖部位",
            "overlap": 0,
            "start_pos": 72,
            "text": "腹腔"
        },
        {
            "end_pos": 90,
            "label_type": "解剖部位",
            "overlap": 0,
            "start_pos": 85,
            "text": "直乙交界处"
        },
        {
            "end_pos": 94,
            "label_type": "解剖部位",
            "overlap": 0,
            "start_pos": 92,
            "text": "膀胱"
        },
        {
            "label_type": "疾病和诊断",
            "overlap": 0,
            "start_pos": 101,
            "end_pos": 104,
            "text": "肠梗阻"
        },
        {
            "end_pos": 144,
            "label_type": "解剖部位",
            "overlap": 0,
            "start_pos": 142,
            "text": "直肠"
        },
        {
            "label_type": "疾病和诊断",
            "overlap": 0,
            "start_pos": 147,
            "end_pos": 158,
            "text": "肠外生型管状腺癌II级"
        },
        {
            "label_type": "解剖部位",
            "overlap": 0,
            "start_pos": 161,
            "end_pos": 162,
            "text": "肠"
        },
        {
            "label_type": "解剖部位",
            "overlap": 0,
            "start_pos": 166,
            "end_pos": 167,
            "text": "肠"
        },
        {
            "end_pos": 228,
            "label_type": "解剖部位",
            "overlap": 0,
            "start_pos": 223,
            "text": "肠周淋巴结"
        },
        {
            "end_pos": 254,
            "label_type": "药物",
            "overlap": 0,
            "start_pos": 250,
            "text": "奥沙利铂"
        },
        {
            "end_pos": 257,
            "label_type": "药物",
            "overlap": 0,
            "start_pos": 255,
            "text": "艾恒"
        },
        {
            "label_type": "药物",
            "overlap": 0,
            "start_pos": 268,
            "end_pos": 272,
            "text": "卡培他滨"
        },
        {
            "end_pos": 277,
            "label_type": "药物",
            "overlap": 0,
            "start_pos": 274,
            "text": "希罗达"
        },
        {
            "end_pos": 307,
            "label_type": "解剖部位",
            "overlap": 0,
            "start_pos": 306,
            "text": "胃"
        },
        {
            "end_pos": 310,
            "label_type": "解剖部位",
            "overlap": 0,
            "start_pos": 309,
            "text": "肝"
        },
        {
            "label_type": "疾病和诊断",
            "overlap": 0,
            "start_pos": 350,
            "end_pos": 355,
            "text": "直肠癌术后"
        },
        {
            "end_pos": 378,
            "label_type": "解剖部位",
            "overlap": 0,
            "start_pos": 377,
            "text": "腹"
        },
        {
            "end_pos": 381,
            "label_type": "解剖部位",
            "overlap": 0,
            "start_pos": 380,
            "text": "腹"
        }
    ]
}