{
    "originalText": "入院前10余年，患者无明显诱因出现活动后心累、气促，间断出现两上肢水肿、夜间喜高枕卧位，偶有胸闷，于当地医院就诊，考虑为“冠心病”。7年前因“心累、气促”加重，于“**医院”就诊，查“心率30次/分”右左，给予安置“起搏器”，后喘累症状稍所好转，平素缓慢走平路即感气促，无明显胸闷、胸痛等不适。院外长期口服心脏疾病相关药物（具体不详）治疗。近2年来，患者反复因喘累、气促在我院住院治疗，予以改善循环、利尿、营养心肌等对症治疗后好转出院。入院前3+天，患者诉心累、气促症状加重，夜间明显，夜间不能平卧位，间断有胸痛、心悸、胸闷、嗳气、烧心，自服“心脏病药”治疗，疗效不佳。否认心前区压榨感，无恶心、呕吐，无咯血、腹泻等，今日到我院门诊求治，以“冠心病”收入我科住院治疗。病程中患者精神、饮食、睡眠差一般，大便干燥，小便频发、量少，体力差，体重无明显上降。",
    "entities": [
        {
            "label_type": "解剖部位",
            "start_pos": 20,
            "end_pos": 21,
            "text": "心"
        },
        {
            "label_type": "解剖部位",
            "start_pos": 30,
            "end_pos": 33,
            "text": "两上肢"
        },
        {
            "label_type": "解剖部位",
            "start_pos": 46,
            "end_pos": 47,
            "text": "胸"
        },
        {
            "label_type": "疾病和诊断",
            "start_pos": 61,
            "end_pos": 64,
            "text": "冠心病"
        },
        {
            "label_type": "解剖部位",
            "start_pos": 71,
            "end_pos": 72,
            "text": "心"
        },
        {
            "label_type": "手术",
            "start_pos": 105,
            "end_pos": 111,
            "text": "安置“起搏器"
        },
        {
            "label_type": "解剖部位",
            "start_pos": 138,
            "end_pos": 139,
            "text": "胸"
        },
        {
            "label_type": "解剖部位",
            "start_pos": 141,
            "end_pos": 142,
            "text": "胸"
        },
        {
            "label_type": "解剖部位",
            "start_pos": 153,
            "end_pos": 155,
            "text": "心脏"
        },
        {
            "label_type": "解剖部位",
            "start_pos": 205,
            "end_pos": 207,
            "text": "心肌"
        },
        {
            "label_type": "解剖部位",
            "start_pos": 228,
            "end_pos": 229,
            "text": "心"
        },
        {
            "label_type": "解剖部位",
            "start_pos": 254,
            "end_pos": 255,
            "text": "胸"
        },
        {
            "label_type": "解剖部位",
            "start_pos": 257,
            "end_pos": 258,
            "text": "心"
        },
        {
            "label_type": "解剖部位",
            "start_pos": 260,
            "end_pos": 261,
            "text": "胸"
        },
        {
            "label_type": "解剖部位",
            "start_pos": 287,
            "end_pos": 290,
            "text": "心前区"
        },
        {
            "label_type": "解剖部位",
            "start_pos": 305,
            "end_pos": 306,
            "text": "腹"
        },
        {
            "label_type": "疾病和诊断",
            "start_pos": 321,
            "end_pos": 324,
            "text": "冠心病"
        }
    ]
}