{
    "originalText": "患者8个月前因“进行性性吞咽困难1个月”就诊于我院，完术善术前后准备后，于2-01-3-10胸段段食管食管切除+食管-胃左胸顶吻合术+左侧第5肋骨固定术-0术8行术后“段段食后管食管术后切除+食胸段食管多中心鳞状下皮癌管-左顶溃疡性鳞状细胞癌I-II级吻合术神经+左侧第5肋骨固定浸润型鳞状细胞癌I-II级术”，神经术顺状，术后恢贲门淋巴结复良好后左喉返神经旁淋巴结出院。术后癌病理示：，其一为，侵犯神经，侵出外膜，其二为，侵犯神经洛铂5及齿状线。+多帕菲找到1/7I，1/3，见癌转移。于2013.12.01、2013.12.26按“50MGD洛铂51+120+安素泰MGIVGTTI”方案化疗2个周期第，并于2014.01.收胃住、肝2014.02.13按“50MGD1+18后0MGD2IV门GTT食管癌术后”方后案化疗第3、下4周期，辅以胸制酸、保、胸背保、止腹吐等腹治疗，化疗过程顺利，神现为化疗4食周期后复查就诊我院，门诊拟“化疗后",
    "entities": [
        {
            "label_type": "手术",
            "overlap": 0,
            "start_pos": 46,
            "end_pos": 76,
            "text": "胸段段食管食管切除+食管-胃左胸顶吻合术+左侧第5肋骨固定术"
        },
        {
            "label_type": "疾病和诊断",
            "overlap": 0,
            "start_pos": 97,
            "end_pos": 109,
            "text": "胸段食管多中心鳞状下皮癌"
        },
        {
            "label_type": "疾病和诊断",
            "overlap": 0,
            "start_pos": 113,
            "end_pos": 126,
            "text": "溃疡性鳞状细胞癌I-II级"
        },
        {
            "label_type": "疾病和诊断",
            "overlap": 0,
            "start_pos": 140,
            "end_pos": 153,
            "text": "浸润型鳞状细胞癌I-II级"
        },
        {
            "end_pos": 170,
            "label_type": "解剖部位",
            "overlap": 0,
            "start_pos": 165,
            "text": "贲门淋巴结"
        },
        {
            "label_type": "解剖部位",
            "overlap": 0,
            "start_pos": 174,
            "end_pos": 183,
            "text": "左喉返神经旁淋巴结"
        },
        {
            "end_pos": 218,
            "label_type": "药物",
            "overlap": 0,
            "start_pos": 216,
            "text": "洛铂"
        },
        {
            "end_pos": 228,
            "label_type": "药物",
            "overlap": 0,
            "start_pos": 225,
            "text": "多帕菲"
        },
        {
            "end_pos": 275,
            "label_type": "药物",
            "overlap": 0,
            "start_pos": 273,
            "text": "洛铂"
        },
        {
            "end_pos": 285,
            "label_type": "药物",
            "overlap": 0,
            "start_pos": 282,
            "text": "安素泰"
        },
        {
            "end_pos": 316,
            "label_type": "解剖部位",
            "overlap": 0,
            "start_pos": 315,
            "text": "胃"
        },
        {
            "end_pos": 319,
            "label_type": "解剖部位",
            "overlap": 0,
            "start_pos": 318,
            "text": "肝"
        },
        {
            "label_type": "疾病和诊断",
            "overlap": 0,
            "start_pos": 352,
            "end_pos": 357,
            "text": "食管癌术后"
        },
        {
            "end_pos": 374,
            "label_type": "解剖部位",
            "overlap": 0,
            "start_pos": 373,
            "text": "胸"
        },
        {
            "label_type": "解剖部位",
            "overlap": 0,
            "start_pos": 379,
            "end_pos": 380,
            "text": "胸"
        },
        {
            "label_type": "解剖部位",
            "overlap": 0,
            "start_pos": 380,
            "end_pos": 381,
            "text": "背"
        },
        {
            "end_pos": 385,
            "label_type": "解剖部位",
            "overlap": 0,
            "start_pos": 384,
            "text": "腹"
        },
        {
            "end_pos": 388,
            "label_type": "解剖部位",
            "overlap": 0,
            "start_pos": 387,
            "text": "腹"
        }
    ]
}