{
    "originalText": "入院前4年患者于受凉后出现咳嗽、咳痰，咳嗽呈阵发性发作,咳出白色粘痰，伴喘息、气急，到*******医院就诊，诊断为“慢性阻塞性肺疾病”，给予抗感染、化痰、平喘等对症支持治疗后好转。之后下述症状反复发作，以受凉及春冬季发作较频繁，每年发病持续3个月，连续4年。曾2015年9月在我院查胸片：慢性支气管炎，2.胸椎骨质增生，主动脉弓壁少许钙化；心脏彩超：心脏各腔室大小正常，二尖瓣瓣环钙化，三尖瓣重度反流，右室舒张功能减退，肺动脉轻度高压；诊断：慢性阻塞性肺疾病伴急性加重 肺源性心脏病 心律失常。 1天前患者受凉后出现下述症状加重，痰粘稠不易咳出，心累活动后气促，两上肢轻度水肿，无发热、畏寒、寒战，无潮热、盗汗、消瘦，无咯血。于今日来我院就诊，为进一步治疗，门诊收入我科住院治疗。自患病以来，患者食欲、精神、睡眠一般，大小便正常，体重无明显上降。",
    "entities": [
        {
            "label_type": "疾病和诊断",
            "start_pos": 59,
            "end_pos": 67,
            "text": "慢性阻塞性肺疾病"
        },
        {
            "label_type": "影像检查",
            "start_pos": 142,
            "end_pos": 144,
            "text": "胸片"
        },
        {
            "label_type": "疾病和诊断",
            "start_pos": 145,
            "end_pos": 151,
            "text": "慢性支气管炎"
        },
        {
            "label_type": "疾病和诊断",
            "start_pos": 154,
            "end_pos": 160,
            "text": "胸椎骨质增生"
        },
        {
            "label_type": "疾病和诊断",
            "start_pos": 161,
            "end_pos": 170,
            "text": "主动脉弓壁少许钙化"
        },
        {
            "label_type": "影像检查",
            "start_pos": 171,
            "end_pos": 175,
            "text": "心脏彩超"
        },
        {
            "label_type": "解剖部位",
            "start_pos": 176,
            "end_pos": 178,
            "text": "心脏"
        },
        {
            "label_type": "疾病和诊断",
            "start_pos": 186,
            "end_pos": 193,
            "text": "二尖瓣瓣环钙化"
        },
        {
            "label_type": "疾病和诊断",
            "start_pos": 194,
            "end_pos": 201,
            "text": "三尖瓣重度反流"
        },
        {
            "label_type": "解剖部位",
            "start_pos": 202,
            "end_pos": 204,
            "text": "右室"
        },
        {
            "label_type": "疾病和诊断",
            "start_pos": 211,
            "end_pos": 218,
            "text": "肺动脉轻度高压"
        },
        {
            "label_type": "疾病和诊断",
            "start_pos": 222,
            "end_pos": 235,
            "text": "慢性阻塞性肺疾病伴急性加重"
        },
        {
            "label_type": "疾病和诊断",
            "start_pos": 236,
            "end_pos": 242,
            "text": "肺源性心脏病"
        },
        {
            "label_type": "疾病和诊断",
            "start_pos": 243,
            "end_pos": 247,
            "text": "心律失常"
        },
        {
            "label_type": "解剖部位",
            "start_pos": 274,
            "end_pos": 275,
            "text": "心"
        },
        {
            "label_type": "解剖部位",
            "start_pos": 282,
            "end_pos": 285,
            "text": "两上肢"
        }
    ]
}