{
    "originalText": "患者2008.2.1因“大便性状性状改变，结肠发现肿块化疗天”入我院全科，2.乙状结肠癌根治术5行（应用吻合器术），术中腹腔探查：及其他脏器未及乙状结肠异直肠常，乙状近处可及4×4术CM肿块溃疡性腺癌，术中病理“，分化II－III级，侵及全癌层，切肠旁淋巴结缘未见癌累及，癌19枚，均未及癌转移”乐沙定。君瑞清分别1.28（乐沙定，替加氟），2.23（，）行介入10。今为再次行介入化疗入院。病程胃中，患者精神可，纳差，睡",
    "entities": [
        {
            "end_pos": 23,
            "label_type": "解剖部位",
            "overlap": 0,
            "start_pos": 21,
            "text": "结肠"
        },
        {
            "end_pos": 47,
            "label_type": "手术",
            "overlap": 0,
            "start_pos": 39,
            "text": "乙状结肠癌根治术"
        },
        {
            "end_pos": 62,
            "label_type": "解剖部位",
            "overlap": 0,
            "start_pos": 60,
            "text": "腹腔"
        },
        {
            "end_pos": 76,
            "label_type": "解剖部位",
            "overlap": 0,
            "start_pos": 72,
            "text": "乙状结肠"
        },
        {
            "end_pos": 79,
            "label_type": "解剖部位",
            "overlap": 0,
            "start_pos": 77,
            "text": "直肠"
        },
        {
            "label_type": "疾病和诊断",
            "overlap": 0,
            "start_pos": 95,
            "end_pos": 100,
            "text": "溃疡性腺癌"
        },
        {
            "end_pos": 129,
            "label_type": "解剖部位",
            "overlap": 0,
            "start_pos": 124,
            "text": "肠旁淋巴结"
        },
        {
            "end_pos": 151,
            "label_type": "药物",
            "overlap": 0,
            "start_pos": 148,
            "text": "乐沙定"
        },
        {
            "end_pos": 155,
            "label_type": "药物",
            "overlap": 0,
            "start_pos": 152,
            "text": "君瑞清"
        },
        {
            "end_pos": 165,
            "label_type": "药物",
            "overlap": 0,
            "start_pos": 162,
            "text": "乐沙定"
        },
        {
            "end_pos": 169,
            "label_type": "药物",
            "overlap": 0,
            "start_pos": 166,
            "text": "替加氟"
        },
        {
            "end_pos": 199,
            "label_type": "解剖部位",
            "overlap": 0,
            "start_pos": 198,
            "text": "胃"
        }
    ]
}