{
    "originalText": "患者于10+年前即开始反复出现咳嗽、气喘症状，多在冬春季节受凉后发作，每年累计发作可超过3月，经抗感染、止咳平喘等治疗后可好转。平时活动后有轻度心累、气促，体力活动受限。入院前2年患者喘累症状加重，受凉感冒后发作明显，不能耐受平地活动，伴有夜间不能平卧。入院前半天患者无明显诱因出现全身酸痛，头昏头痛，自觉发热，未测体温，感喘累气促加重，偶有咳嗽，干咳少痰，无畏寒寒战，无潮热盗汗，无胸痛咯血，无心慌胸闷，无心前区压榨样不适，无颜面四肢浮肿等。患者来我院门诊就诊，测体温38.6℃，行胸片提示两侧肺肺纹增多。血常规：WBC13.6*109/l，Sg0.8404，Hb133g/l，PLT 178*109/l。心电图提示窦性心动过速。为进一步诊疗门诊以“慢支炎”收入我科住院。患者自起病以来精神、食欲、睡眠可，大小便正常，体力明显上降，体重无改变。",
    "entities": [
        {
            "label_type": "解剖部位",
            "start_pos": 72,
            "end_pos": 73,
            "text": "心"
        },
        {
            "label_type": "解剖部位",
            "start_pos": 146,
            "end_pos": 147,
            "text": "头"
        },
        {
            "label_type": "解剖部位",
            "start_pos": 148,
            "end_pos": 149,
            "text": "头"
        },
        {
            "label_type": "解剖部位",
            "start_pos": 192,
            "end_pos": 193,
            "text": "胸"
        },
        {
            "label_type": "解剖部位",
            "start_pos": 198,
            "end_pos": 199,
            "text": "心"
        },
        {
            "label_type": "解剖部位",
            "start_pos": 200,
            "end_pos": 201,
            "text": "胸"
        },
        {
            "label_type": "解剖部位",
            "start_pos": 204,
            "end_pos": 207,
            "text": "心前区"
        },
        {
            "label_type": "解剖部位",
            "start_pos": 215,
            "end_pos": 216,
            "text": "面"
        },
        {
            "label_type": "解剖部位",
            "start_pos": 216,
            "end_pos": 218,
            "text": "四肢"
        },
        {
            "label_type": "影像检查",
            "start_pos": 242,
            "end_pos": 244,
            "text": "胸片"
        },
        {
            "label_type": "解剖部位",
            "start_pos": 246,
            "end_pos": 249,
            "text": "两侧肺"
        },
        {
            "label_type": "解剖部位",
            "start_pos": 249,
            "end_pos": 250,
            "text": "肺"
        },
        {
            "label_type": "实验室检验",
            "start_pos": 258,
            "end_pos": 261,
            "text": "WBC"
        },
        {
            "label_type": "实验室检验",
            "start_pos": 272,
            "end_pos": 274,
            "text": "Sg"
        },
        {
            "label_type": "实验室检验",
            "start_pos": 281,
            "end_pos": 283,
            "text": "Hb"
        },
        {
            "label_type": "实验室检验",
            "start_pos": 290,
            "end_pos": 293,
            "text": "PLT"
        },
        {
            "label_type": "影像检查",
            "start_pos": 304,
            "end_pos": 307,
            "text": "心电图"
        },
        {
            "label_type": "疾病和诊断",
            "start_pos": 326,
            "end_pos": 329,
            "text": "慢支炎"
        }
    ]
}