{
    "originalText": "，缘于入院前1月于我院诊断为结肠肝曲癌，于2014-10-20在全麻上上腹腔镜上扩大根治性左半结肠切除术行腔术中镜上腹腔扩大根治性切除术，，术中见：腔内腹无手肝脏术出血，无结明显粘连，无结肠肝曲明大显水，无明显转移结节，肿瘤位于，大小约十二指肠5周*3CM，侵大淋巴结出术后浆膜（层，未明显侵及，周围可及）多（左半结肠）发肿大肠隆起型管状腺癌II级大淋巴结。术后病理（病理术号20切1435（3切9）5（）切示）（），癌：，侵及浆回肠周淋巴结膜，侵结肠周淋巴结犯神经，明显（回结肠动脉根部）淋巴结标本双（结肠中动脉根部）淋巴结切端及另送癌（近切端）阑尾、（远术后切端）均未见癌浸润。治找到1个，50个，另送II5个，5个后均未见癌转移。另见组织，术后给胸予对心症、营腹养支腹持等腹治疗，恢复良好，术后伤口愈合II/甲，出院后无结肠肝曲癌术后发热、畏冷，无咳嗽、咳痰，无闷、悸，无痛、大胀、泻等不适，今为行术后第1次",
    "entities": [
        {
            "label_type": "疾病和诊断",
            "overlap": 0,
            "start_pos": 14,
            "end_pos": 19,
            "text": "结肠肝曲癌"
        },
        {
            "end_pos": 52,
            "label_type": "手术",
            "overlap": 0,
            "start_pos": 36,
            "text": "腹腔镜上扩大根治性左半结肠切除术"
        },
        {
            "end_pos": 60,
            "label_type": "解剖部位",
            "overlap": 0,
            "start_pos": 58,
            "text": "腹腔"
        },
        {
            "end_pos": 77,
            "label_type": "解剖部位",
            "overlap": 0,
            "start_pos": 76,
            "text": "腹"
        },
        {
            "end_pos": 81,
            "label_type": "解剖部位",
            "overlap": 0,
            "start_pos": 79,
            "text": "肝脏"
        },
        {
            "end_pos": 97,
            "label_type": "解剖部位",
            "overlap": 0,
            "start_pos": 93,
            "text": "结肠肝曲"
        },
        {
            "end_pos": 122,
            "label_type": "解剖部位",
            "overlap": 0,
            "start_pos": 118,
            "text": "十二指肠"
        },
        {
            "end_pos": 159,
            "label_type": "解剖部位",
            "overlap": 0,
            "start_pos": 155,
            "text": "左半结肠"
        },
        {
            "label_type": "疾病和诊断",
            "overlap": 0,
            "start_pos": 162,
            "end_pos": 174,
            "text": "大肠隆起型管状腺癌II级"
        },
        {
            "end_pos": 221,
            "label_type": "解剖部位",
            "overlap": 0,
            "start_pos": 215,
            "text": "回肠周淋巴结"
        },
        {
            "end_pos": 230,
            "label_type": "解剖部位",
            "overlap": 0,
            "start_pos": 224,
            "text": "结肠周淋巴结"
        },
        {
            "end_pos": 248,
            "label_type": "解剖部位",
            "overlap": 0,
            "start_pos": 236,
            "text": "（回结肠动脉根部）淋巴结"
        },
        {
            "end_pos": 263,
            "label_type": "解剖部位",
            "overlap": 0,
            "start_pos": 251,
            "text": "（结肠中动脉根部）淋巴结"
        },
        {
            "end_pos": 276,
            "label_type": "解剖部位",
            "overlap": 0,
            "start_pos": 274,
            "text": "阑尾"
        },
        {
            "end_pos": 327,
            "label_type": "解剖部位",
            "overlap": 0,
            "start_pos": 326,
            "text": "胸"
        },
        {
            "end_pos": 330,
            "label_type": "解剖部位",
            "overlap": 0,
            "start_pos": 329,
            "text": "心"
        },
        {
            "end_pos": 334,
            "label_type": "解剖部位",
            "overlap": 0,
            "start_pos": 333,
            "text": "腹"
        },
        {
            "end_pos": 337,
            "label_type": "解剖部位",
            "overlap": 0,
            "start_pos": 336,
            "text": "腹"
        },
        {
            "end_pos": 340,
            "label_type": "解剖部位",
            "overlap": 0,
            "start_pos": 339,
            "text": "腹"
        },
        {
            "label_type": "疾病和诊断",
            "overlap": 0,
            "start_pos": 363,
            "end_pos": 370,
            "text": "结肠肝曲癌术后"
        }
    ]
}