{
    "originalText": "入院前30+年，患者常在受凉感冒后出现咳嗽，咯白色泡沫痰，伴气喘，常经抗炎、平喘治疗后症状好转，冬春季节多发，每年累计发病超过3月。下诉症状反复发作，每次受凉后咳嗽、喘累易再发，经平喘等治疗后可好转，病程中患者曾反复出现两上肢浮肿，长期服用“呋塞米、螺内酯”，家属诉其水肿时服用“培哚普利”，服用后水肿可消退。入院前6+小时，患者无明显诱因出现幻觉，并跌倒，对跌倒不能回忆，2小时前患者家属发现患者出现胡言乱语、瞻望，无畏寒、发热，稍有咳嗽、咳痰，无胸闷、胸痛，无恶心、呕吐，无端坐呼吸、阵发性呼吸困难等，立即拨打我院120后接入我科住院治疗。患者自发病以来精神、食欲稍差，大小便未诉异常。近期体重无明显减轻。家属诉患者近期在药店购买中成药“如意定喘片 24片/盒”服用，每天2次 每次2片，患者共服用3天，但今日患者家属发现药盒中药物已服完。",
    "entities": [
        {
            "label_type": "疾病和诊断",
            "start_pos": 14,
            "end_pos": 16,
            "text": "感冒"
        },
        {
            "label_type": "解剖部位",
            "start_pos": 110,
            "end_pos": 113,
            "text": "两上肢"
        },
        {
            "label_type": "药物",
            "start_pos": 121,
            "end_pos": 124,
            "text": "呋塞米"
        },
        {
            "label_type": "药物",
            "start_pos": 125,
            "end_pos": 128,
            "text": "螺内酯"
        },
        {
            "label_type": "药物",
            "start_pos": 140,
            "end_pos": 144,
            "text": "培哚普利"
        },
        {
            "label_type": "解剖部位",
            "start_pos": 225,
            "end_pos": 226,
            "text": "胸"
        },
        {
            "label_type": "解剖部位",
            "start_pos": 228,
            "end_pos": 229,
            "text": "胸"
        },
        {
            "label_type": "药物",
            "start_pos": 321,
            "end_pos": 326,
            "text": "如意定喘片"
        }
    ]
}