{
    "originalText": "，患者2月前于我院在三站上行手术术，探腹腔查腔腹内无腹水，膜无转肝脏移，未触及结转移结节，肿结肠肝曲瘤位5于4肝4曲，约5×4×4CM，十二指肠已胰头侵出浆膜，侵犯盲肠十间二指性和，并造成肠腔肿瘤与盲之肠腔间闭袢性梗阻，梗结肠阻腔明显扩张，腔淋巴结内大量后稀薄粪姑息性左半结肠切除术便，术系膜未见明显术后肿大结淋巴结（左半结肠）腺癌（中，探查）后结决定行组姑息性左半结肠切除术。手术过程顺利。，术后病理结果示：（左4半5）3腺5癌（中度分化），结合免疫组化考虑来术后自，结部分细（左半结肠）腺癌（中胞伴神）经结内分泌组分化。浸润结肠溃疡型，体积4.5*3.5*1.2CM，侵穿4浆5膜3及5纤维膜。，术后病理结果示：（左半 ）腺切癌（中度切除分化），癌结 肠壁一站(8个)、二站(4个)、三站(3个)、中间组(5个)淋巴结合免疫癌组 化考虑组来自，部分细胞伴(神)、经内分泌(分)、化。浸润溃疡(型)、，体积4.(5)、*3.5(*)、 1.2（CM，侵穿性）浆膜及纤维膜。一 双端切线及底部结肠癌术后切除面未查见癌。术后 壁、一站(8个)、二站(4个)、全麻(3个)、中间组",
    "entities": [
        {
            "end_pos": 21,
            "label_type": "解剖部位",
            "overlap": 0,
            "start_pos": 19,
            "text": "腹腔"
        },
        {
            "end_pos": 24,
            "label_type": "解剖部位",
            "overlap": 0,
            "start_pos": 23,
            "text": "腹"
        },
        {
            "label_type": "解剖部位",
            "overlap": 0,
            "start_pos": 26,
            "end_pos": 27,
            "text": "腹"
        },
        {
            "end_pos": 34,
            "label_type": "解剖部位",
            "overlap": 0,
            "start_pos": 32,
            "text": "肝脏"
        },
        {
            "end_pos": 50,
            "label_type": "解剖部位",
            "overlap": 0,
            "start_pos": 46,
            "text": "结肠肝曲"
        },
        {
            "end_pos": 72,
            "label_type": "解剖部位",
            "overlap": 0,
            "start_pos": 68,
            "text": "十二指肠"
        },
        {
            "end_pos": 75,
            "label_type": "解剖部位",
            "overlap": 0,
            "start_pos": 73,
            "text": "胰头"
        },
        {
            "end_pos": 84,
            "label_type": "解剖部位",
            "overlap": 0,
            "start_pos": 82,
            "text": "盲肠"
        },
        {
            "label_type": "解剖部位",
            "overlap": 0,
            "start_pos": 94,
            "end_pos": 95,
            "text": "肠"
        },
        {
            "label_type": "解剖部位",
            "overlap": 0,
            "start_pos": 101,
            "end_pos": 102,
            "text": "肠"
        },
        {
            "label_type": "解剖部位",
            "overlap": 0,
            "start_pos": 111,
            "end_pos": 113,
            "text": "结肠"
        },
        {
            "end_pos": 141,
            "label_type": "手术",
            "overlap": 0,
            "start_pos": 131,
            "text": "姑息性左半结肠切除术"
        },
        {
            "label_type": "疾病和诊断",
            "overlap": 0,
            "start_pos": 158,
            "end_pos": 166,
            "text": "（左半结肠）腺癌"
        },
        {
            "end_pos": 185,
            "label_type": "解剖部位",
            "overlap": 0,
            "start_pos": 183,
            "text": "结肠"
        },
        {
            "label_type": "疾病和诊断",
            "overlap": 0,
            "start_pos": 239,
            "end_pos": 247,
            "text": "（左半结肠）腺癌"
        },
        {
            "end_pos": 266,
            "label_type": "解剖部位",
            "overlap": 0,
            "start_pos": 264,
            "text": "结肠"
        },
        {
            "label_type": "解剖部位",
            "overlap": 0,
            "start_pos": 327,
            "end_pos": 361,
            "text": " 肠壁一站(8个)、二站(4个)、三站(3个)、中间组(5个)淋巴结"
        },
        {
            "label_type": "疾病和诊断",
            "overlap": 0,
            "start_pos": 446,
            "end_pos": 451,
            "text": "结肠癌术后"
        }
    ]
}