{
    "originalText": "，患者因“宫颈癌”于2015-09-02在我院于全麻上上腹腔镜上盆腔淋巴结清扫+腹主动脉旁淋巴结取样+广泛子宫+两侧输卵管切除术+左侧卵巢切除+右侧卵巢悬吊术行。术后，术后病理检宫颈腺癌查示：中肾管癌，符合宫颈，侵犯壁宫颈管全层及右盆腔淋巴结管内口。1中2枚，其中一癌枚查见转移癌（31622.15)。，免疫组化：ER(-) PR(-) CR(-) CK(-) P16(-) NAPSINA(-)P腺AX-8个别腺体弱阳性，P53(+-) CEA(+) WT-1(-)KI-6术后7阳性率50%。术后一般情况可，20紫杉醇15-09+顺铂-14给予240MG+1顺10MG化疗，化疗过程发热，副反应不紫杉醇重。201+顺铂5-10-9予240MG+110MG方案化疗，予顺心电监护，水极化，化疗过程顺利，无明显化疗反应。2015紫杉醇-11-9 在我院+顺铂放疗二科予240MG D1 盆腔+40M中G D1-3顺方案化疗，适形放疗中，放化疗过程顺利，情况好转出院。于2015-12紫杉醇-25日、+顺铂2016-1-17日给予240M腹G+110MG腰骶药物化疗2次。现患者无痛，无顺宫颈癌术后利，无疼痛。为求第6次化疗，门诊以“术后化疗”收入院。患者一般情况可，睡眠饮",
    "entities": [
        {
            "label_type": "疾病和诊断",
            "overlap": 0,
            "start_pos": 5,
            "end_pos": 8,
            "text": "宫颈癌"
        },
        {
            "label_type": "手术",
            "overlap": 0,
            "start_pos": 28,
            "end_pos": 79,
            "text": "腹腔镜上盆腔淋巴结清扫+腹主动脉旁淋巴结取样+广泛子宫+两侧输卵管切除术+左侧卵巢切除+右侧卵巢悬吊术"
        },
        {
            "label_type": "疾病和诊断",
            "overlap": 0,
            "start_pos": 89,
            "end_pos": 93,
            "text": "宫颈腺癌"
        },
        {
            "label_type": "疾病和诊断",
            "overlap": 0,
            "start_pos": 96,
            "end_pos": 100,
            "text": "中肾管癌"
        },
        {
            "label_type": "解剖部位",
            "overlap": 0,
            "start_pos": 103,
            "end_pos": 105,
            "text": "宫颈"
        },
        {
            "label_type": "解剖部位",
            "overlap": 0,
            "start_pos": 109,
            "end_pos": 112,
            "text": "宫颈管"
        },
        {
            "end_pos": 121,
            "label_type": "解剖部位",
            "overlap": 0,
            "start_pos": 115,
            "text": "右盆腔淋巴结"
        },
        {
            "end_pos": 261,
            "label_type": "药物",
            "overlap": 0,
            "start_pos": 258,
            "text": "紫杉醇"
        },
        {
            "end_pos": 269,
            "label_type": "药物",
            "overlap": 0,
            "start_pos": 267,
            "text": "顺铂"
        },
        {
            "end_pos": 303,
            "label_type": "药物",
            "overlap": 0,
            "start_pos": 300,
            "text": "紫杉醇"
        },
        {
            "end_pos": 311,
            "label_type": "药物",
            "overlap": 0,
            "start_pos": 309,
            "text": "顺铂"
        },
        {
            "end_pos": 367,
            "label_type": "药物",
            "overlap": 0,
            "start_pos": 364,
            "text": "紫杉醇"
        },
        {
            "end_pos": 379,
            "label_type": "药物",
            "overlap": 0,
            "start_pos": 377,
            "text": "顺铂"
        },
        {
            "end_pos": 395,
            "label_type": "解剖部位",
            "overlap": 0,
            "start_pos": 393,
            "text": "盆腔"
        },
        {
            "end_pos": 444,
            "label_type": "药物",
            "overlap": 0,
            "start_pos": 441,
            "text": "紫杉醇"
        },
        {
            "end_pos": 452,
            "label_type": "药物",
            "overlap": 0,
            "start_pos": 450,
            "text": "顺铂"
        },
        {
            "end_pos": 469,
            "label_type": "解剖部位",
            "overlap": 0,
            "start_pos": 468,
            "text": "腹"
        },
        {
            "label_type": "解剖部位",
            "overlap": 0,
            "start_pos": 476,
            "end_pos": 477,
            "text": "腰"
        },
        {
            "label_type": "解剖部位",
            "overlap": 0,
            "start_pos": 477,
            "end_pos": 478,
            "text": "骶"
        },
        {
            "label_type": "疾病和诊断",
            "overlap": 0,
            "start_pos": 493,
            "end_pos": 498,
            "text": "宫颈癌术后"
        }
    ]
}