{
    "originalText": "入院前4天患者无明显诱因出现下腹部持续性隐痛，伴活动后加重，伴放射至背部隐痛不适，与饮食无关，疼痛可耐受。伴皮肤黄染、小便颜色变黄，伴大便颜色较前变浅，无皮肤瘙痒、畏寒、发热、皮肤出血、黑便，无纳差、厌油、恶心、呕吐、腹胀、腹泻。未予正规处理。病程中患者感小便颜色较前加深，面部黄染较前加重，腹痛不能耐受，于2018-01-06在*****医院就诊，行“下腹部CT示：肝右内叶局灶性钙化，胆囊切除术后改变，胰腺炎术后改变，胰腺实质未见明显异常密度影，扫描层面盆腔内环形钙化灶，右侧髂窝区囊状低密度影，建议B超或盆腔MRI进一步检查。肝功示：AST：257U/L，ALT：761U/L，GGT：555U/L，TBIL：66.4umol/L。”建议患者住院治疗，为进一步处理，患者遂来我院住院治疗。病程中精神、饮食可，大小便如下述，体重无明显改变。",
    "entities": [
        {
            "label_type": "解剖部位",
            "start_pos": 14,
            "end_pos": 17,
            "text": "下腹部"
        },
        {
            "label_type": "解剖部位",
            "start_pos": 109,
            "end_pos": 110,
            "text": "腹"
        },
        {
            "label_type": "解剖部位",
            "start_pos": 112,
            "end_pos": 113,
            "text": "腹"
        },
        {
            "label_type": "解剖部位",
            "start_pos": 137,
            "end_pos": 138,
            "text": "面"
        },
        {
            "label_type": "解剖部位",
            "start_pos": 146,
            "end_pos": 147,
            "text": "腹"
        },
        {
            "label_type": "影像检查",
            "start_pos": 177,
            "end_pos": 182,
            "text": "下腹部CT"
        },
        {
            "label_type": "解剖部位",
            "start_pos": 184,
            "end_pos": 188,
            "text": "肝右内叶"
        },
        {
            "label_type": "疾病和诊断",
            "start_pos": 194,
            "end_pos": 202,
            "text": "胆囊切除术后改变"
        },
        {
            "label_type": "疾病和诊断",
            "start_pos": 203,
            "end_pos": 210,
            "text": "胰腺炎术后改变"
        },
        {
            "label_type": "解剖部位",
            "start_pos": 211,
            "end_pos": 213,
            "text": "胰腺"
        },
        {
            "label_type": "解剖部位",
            "start_pos": 229,
            "end_pos": 231,
            "text": "盆腔"
        },
        {
            "label_type": "解剖部位",
            "start_pos": 238,
            "end_pos": 243,
            "text": "右侧髂窝区"
        },
        {
            "label_type": "影像检查",
            "start_pos": 252,
            "end_pos": 254,
            "text": "B超"
        },
        {
            "label_type": "影像检查",
            "start_pos": 255,
            "end_pos": 260,
            "text": "盆腔MRI"
        },
        {
            "label_type": "实验室检验",
            "start_pos": 270,
            "end_pos": 273,
            "text": "AST"
        },
        {
            "label_type": "实验室检验",
            "start_pos": 281,
            "end_pos": 284,
            "text": "ALT"
        },
        {
            "label_type": "实验室检验",
            "start_pos": 292,
            "end_pos": 295,
            "text": "GGT"
        },
        {
            "label_type": "实验室检验",
            "start_pos": 303,
            "end_pos": 307,
            "text": "TBIL"
        }
    ]
}