{
    "originalText": "，患者于2015年11月26日因“宫颈癌IAI”在全麻上上腹腔镜上广泛子宫+两附件切除术+盆腔淋巴结清扫术行。术，术中子宫见：表面光滑，正常大两侧输卵管、卵巢均小，未见明显异两侧骶、主韧带常。无明显增两侧盆腔厚。未见明显淋巴结肿大。窥器宫颈口扩宫颈后唇开，可见活检创阴道面，壁粘膜光滑，无异术常，术毕安返病术后房。，术后CM（病理回示：（942）（子宫）低分化鳞状细胞癌790癌.15切），分别4处癌灶，，切面积分别、是：0.8*0.3、常规、0.4*0.、2CM、0.3*0.2C宫颈管M、0.2*0.1CM鳞状下皮高级别下皮内瘤变，侵及体深右、左宫宫度小于1阴道/3，并查癌见鳞累及子宫内腺体（两侧）输卵管。宫旁（两侧卵巢）白体组织及断右盆腔淋巴结端未查均见癌。萎缩癌（的内膜。组织。。另左盆腔淋巴结送检4枚结，均未查见转移癌癌（0/术后4)，化另送检“”为脂肪结缔宫颈癌术后化组织，未查见癌。。今为术后第1次化疗就诊体我院，门变化诊",
    "entities": [
        {
            "label_type": "疾病和诊断",
            "overlap": 0,
            "start_pos": 17,
            "end_pos": 23,
            "text": "宫颈癌IAI"
        },
        {
            "label_type": "手术",
            "overlap": 0,
            "start_pos": 29,
            "end_pos": 53,
            "text": "腹腔镜上广泛子宫+两附件切除术+盆腔淋巴结清扫术"
        },
        {
            "end_pos": 61,
            "label_type": "解剖部位",
            "overlap": 0,
            "start_pos": 59,
            "text": "子宫"
        },
        {
            "label_type": "解剖部位",
            "overlap": 0,
            "start_pos": 71,
            "end_pos": 80,
            "text": "两侧输卵管、卵巢均"
        },
        {
            "label_type": "解剖部位",
            "overlap": 0,
            "start_pos": 87,
            "end_pos": 94,
            "text": "两侧骶、主韧带"
        },
        {
            "label_type": "解剖部位",
            "overlap": 0,
            "start_pos": 100,
            "end_pos": 104,
            "text": "两侧盆腔"
        },
        {
            "end_pos": 113,
            "label_type": "解剖部位",
            "overlap": 0,
            "start_pos": 110,
            "text": "淋巴结"
        },
        {
            "end_pos": 121,
            "label_type": "解剖部位",
            "overlap": 0,
            "start_pos": 118,
            "text": "宫颈口"
        },
        {
            "end_pos": 126,
            "label_type": "解剖部位",
            "overlap": 0,
            "start_pos": 122,
            "text": "宫颈后唇"
        },
        {
            "label_type": "解剖部位",
            "overlap": 0,
            "start_pos": 133,
            "end_pos": 135,
            "text": "阴道"
        },
        {
            "label_type": "疾病和诊断",
            "overlap": 0,
            "start_pos": 173,
            "end_pos": 185,
            "text": "（子宫）低分化鳞状细胞癌"
        },
        {
            "end_pos": 244,
            "label_type": "解剖部位",
            "overlap": 0,
            "start_pos": 241,
            "text": "宫颈管"
        },
        {
            "label_type": "疾病和诊断",
            "overlap": 0,
            "start_pos": 256,
            "end_pos": 267,
            "text": "状下皮高级别下皮内瘤变"
        },
        {
            "label_type": "解剖部位",
            "overlap": 0,
            "start_pos": 272,
            "end_pos": 276,
            "text": "右、左宫"
        },
        {
            "end_pos": 283,
            "label_type": "解剖部位",
            "overlap": 0,
            "start_pos": 281,
            "text": "阴道"
        },
        {
            "label_type": "解剖部位",
            "overlap": 0,
            "start_pos": 293,
            "end_pos": 295,
            "text": "子宫"
        },
        {
            "label_type": "解剖部位",
            "overlap": 0,
            "start_pos": 298,
            "end_pos": 305,
            "text": "（两侧）输卵管"
        },
        {
            "label_type": "解剖部位",
            "overlap": 0,
            "start_pos": 308,
            "end_pos": 316,
            "text": "（两侧卵巢）白体"
        },
        {
            "end_pos": 326,
            "label_type": "解剖部位",
            "overlap": 0,
            "start_pos": 320,
            "text": "右盆腔淋巴结"
        },
        {
            "label_type": "解剖部位",
            "overlap": 0,
            "start_pos": 346,
            "end_pos": 352,
            "text": "左盆腔淋巴结"
        },
        {
            "label_type": "疾病和诊断",
            "overlap": 0,
            "start_pos": 385,
            "end_pos": 390,
            "text": "宫颈癌术后"
        }
    ]
}