{
    "originalText": "患者10+年前始逐渐出现慢性咳嗽、咳痰，每日均咳白色泡沫痰，受凉后症状加重，偶咳嗽加剧时伴喘累，未特殊治疗。3年前患者感体力耐量明显上降，爬坡及平地快步活动不能耐受，受凉后喘累明显加重，在当地医院住院诊断为“慢性阻塞性肺疾病”，院外间断应用“沙丁胺醇气雾剂”。2天前患者无诱因感咳、喘较前加重，咳痰增多，为黄白色泡沫痰，连续咳嗽时感胸闷、气短，休息后可逐渐缓解，自觉喷吸“沙丁胺醇气雾剂”效果变差；今晚间再次反复发作咳嗽时胸闷、气促，症状持续1-2小时不缓解来我院。患者因“胸闷3天”于2015年10月9日至10月21日在*******医院住院，冠脉造影检查示：前降支狭窄20-50%，回旋支狭窄80%，行支架植入术；术后给予冠心病二级预防口服药物治疗，出院时胸闷明显缓解。本次发病以来患者精神食欲较差，大小便如常，睡眠较差，体重无明显上降。",
    "entities": [
        {
            "label_type": "疾病和诊断",
            "start_pos": 104,
            "end_pos": 112,
            "text": "慢性阻塞性肺疾病"
        },
        {
            "label_type": "药物",
            "start_pos": 121,
            "end_pos": 128,
            "text": "沙丁胺醇气雾剂"
        },
        {
            "label_type": "药物",
            "start_pos": 186,
            "end_pos": 193,
            "text": "沙丁胺醇气雾剂"
        },
        {
            "label_type": "影像检查",
            "start_pos": 273,
            "end_pos": 277,
            "text": "冠脉造影"
        },
        {
            "label_type": "解剖部位",
            "start_pos": 281,
            "end_pos": 284,
            "text": "前降支"
        },
        {
            "label_type": "解剖部位",
            "start_pos": 293,
            "end_pos": 296,
            "text": "回旋支"
        },
        {
            "label_type": "手术",
            "start_pos": 303,
            "end_pos": 308,
            "text": "支架植入术"
        },
        {
            "label_type": "疾病和诊断",
            "start_pos": 313,
            "end_pos": 316,
            "text": "冠心病"
        },
        {
            "label_type": "解剖部位",
            "start_pos": 330,
            "end_pos": 331,
            "text": "胸"
        }
    ]
}