{
    "originalText": "6+月前患者无明显诱因出现中下腹隐痛、腹胀，无反酸、嗳气，无恶心、呕吐，无呕血、便血等不适，到**医院就诊，诊断为“肝硬化失代偿期（乙肝合并酒精性）”，给予保肝、抗病毒、抑酸等对症支持治疗后好转出院。3天前患者再次出现下述症状，无反酸、嗳气，无恶心、呕吐，无呕血、便血，无颜面部浮肿，无尿量减少，无心悸、胸闷、气促，无牙龈及皮肤出血，无黄染，无食欲减退，无面色苍白、头昏等不适。于今日来我院就诊，查肝功4：谷丙转氨酶 60.0 U/L、谷草转氨酶 57.3 U/L、谷氨酰转肽酶 167.3 U/L、总胆汁酸 21.40 μmol/l，血常规：血小板数 75×10^9/L；腹部彩超：肝实质回声异常，符合肝硬化超声表现，胆囊壁增厚毛糙，脾大，门诊以“肝硬化失代偿”收入我科住院治疗。病程中患者精神、饮食、睡眠可，大小便正常，体重无明显上降。",
    "entities": [
        {
            "label_type": "解剖部位",
            "start_pos": 13,
            "end_pos": 16,
            "text": "中下腹"
        },
        {
            "label_type": "解剖部位",
            "start_pos": 19,
            "end_pos": 20,
            "text": "腹"
        },
        {
            "label_type": "疾病和诊断",
            "start_pos": 58,
            "end_pos": 74,
            "text": "肝硬化失代偿期（乙肝合并酒精性）"
        },
        {
            "label_type": "解剖部位",
            "start_pos": 79,
            "end_pos": 80,
            "text": "肝"
        },
        {
            "label_type": "解剖部位",
            "start_pos": 137,
            "end_pos": 138,
            "text": "面"
        },
        {
            "label_type": "解剖部位",
            "start_pos": 149,
            "end_pos": 150,
            "text": "心"
        },
        {
            "label_type": "解剖部位",
            "start_pos": 152,
            "end_pos": 153,
            "text": "胸"
        },
        {
            "label_type": "解剖部位",
            "start_pos": 178,
            "end_pos": 179,
            "text": "面"
        },
        {
            "label_type": "解剖部位",
            "start_pos": 183,
            "end_pos": 184,
            "text": "头"
        },
        {
            "label_type": "实验室检验",
            "start_pos": 203,
            "end_pos": 208,
            "text": "谷丙转氨酶"
        },
        {
            "label_type": "实验室检验",
            "start_pos": 218,
            "end_pos": 223,
            "text": "谷草转氨酶"
        },
        {
            "label_type": "实验室检验",
            "start_pos": 233,
            "end_pos": 239,
            "text": "谷氨酰转肽酶"
        },
        {
            "label_type": "实验室检验",
            "start_pos": 250,
            "end_pos": 254,
            "text": "总胆汁酸"
        },
        {
            "label_type": "实验室检验",
            "start_pos": 272,
            "end_pos": 276,
            "text": "血小板数"
        },
        {
            "label_type": "影像检查",
            "start_pos": 287,
            "end_pos": 291,
            "text": "腹部彩超"
        },
        {
            "label_type": "解剖部位",
            "start_pos": 292,
            "end_pos": 293,
            "text": "肝"
        },
        {
            "label_type": "疾病和诊断",
            "start_pos": 302,
            "end_pos": 305,
            "text": "肝硬化"
        },
        {
            "label_type": "解剖部位",
            "start_pos": 310,
            "end_pos": 312,
            "text": "胆囊"
        },
        {
            "label_type": "解剖部位",
            "start_pos": 318,
            "end_pos": 319,
            "text": "脾"
        },
        {
            "label_type": "疾病和诊断",
            "start_pos": 325,
            "end_pos": 331,
            "text": "肝硬化失代偿"
        }
    ]
}