{
    "originalText": "，患者6个月前（（2014-）5）无我院诱因出现排便习惯改变，大便2-4次/日，呈稀糊状，伴里急后重感，无脓血腹，腹无痛胀，无恶心呕吐，无发热，自诉口服（中药（具）体不详）效果不明显。遂就诊于明显消化内科，2014年7月肠9日，行镜检直肠查肛缘示：肛缘，直CM：至距约7CM腔见约环2/3管腔不规则隆起病变，表面糜烂结节直肠CARCINOMA状。，诊断意见：。2014年7肠月16日于我院腹会阴直肠癌根治术（MILES手术）胃术外科肿瘤在全腹麻上行会阴直癌根治术小骨盆腔（M术ILES手术肛门），缘术CM中见肠肿瘤位于膜返折上方，巨CM大充满，，肿术后病理示：距侧A切直肠肿瘤缘4C黏液腺癌M处，粘膜面见8*7*2L.5CM灰白溃疡型肿物L，，诊断意见：A()，:(中低癌分L化)，侵及外膜；L251(14/14)（、L252(3/8)，：淋）巴结转移癌；L2A53C(ER0/1)，：淋巴 结淋巴组织增生（ CEA，病理 C号：Z048 C0550） 。I，免疫组化：，A2： CC-ERBB-术2(1+) D2-4ELO0(-) CEA(+) CK2艾恒 0(+M)  C K7(希罗达 -) KMI -67(约50%+) CDI34(-)。术后治恢复可，于我科行治XELOX方案化疗3周期，，具体用药： 2腹00腹MG D1 静点，1500MG 日二次口服。末次化疗后出现I°粒ECO细胞上降，未",
    "entities": [
        {
            "end_pos": 56,
            "label_type": "解剖部位",
            "overlap": 0,
            "start_pos": 55,
            "text": "腹"
        },
        {
            "end_pos": 58,
            "label_type": "解剖部位",
            "overlap": 0,
            "start_pos": 57,
            "text": "腹"
        },
        {
            "end_pos": 119,
            "label_type": "解剖部位",
            "overlap": 0,
            "start_pos": 117,
            "text": "直肠"
        },
        {
            "end_pos": 122,
            "label_type": "解剖部位",
            "overlap": 0,
            "start_pos": 120,
            "text": "肛缘"
        },
        {
            "end_pos": 126,
            "label_type": "解剖部位",
            "overlap": 0,
            "start_pos": 124,
            "text": "肛缘"
        },
        {
            "label_type": "疾病和诊断",
            "overlap": 0,
            "start_pos": 160,
            "end_pos": 171,
            "text": "直肠CARCINOMA"
        },
        {
            "label_type": "手术",
            "overlap": 0,
            "start_pos": 194,
            "end_pos": 212,
            "text": "腹会阴直肠癌根治术（MILES手术）"
        },
        {
            "label_type": "解剖部位",
            "overlap": 0,
            "start_pos": 220,
            "end_pos": 221,
            "text": "腹"
        },
        {
            "end_pos": 235,
            "label_type": "解剖部位",
            "overlap": 0,
            "start_pos": 231,
            "text": "小骨盆腔"
        },
        {
            "end_pos": 246,
            "label_type": "解剖部位",
            "overlap": 0,
            "start_pos": 244,
            "text": "肛门"
        },
        {
            "label_type": "解剖部位",
            "overlap": 0,
            "start_pos": 254,
            "end_pos": 255,
            "text": "肠"
        },
        {
            "label_type": "疾病和诊断",
            "overlap": 0,
            "start_pos": 284,
            "end_pos": 288,
            "text": "直肠肿瘤"
        },
        {
            "label_type": "疾病和诊断",
            "overlap": 0,
            "start_pos": 291,
            "end_pos": 295,
            "text": "黏液腺癌"
        },
        {
            "end_pos": 479,
            "label_type": "药物",
            "overlap": 0,
            "start_pos": 477,
            "text": "艾恒"
        },
        {
            "end_pos": 496,
            "label_type": "药物",
            "overlap": 0,
            "start_pos": 492,
            "text": "希罗达 "
        },
        {
            "end_pos": 557,
            "label_type": "解剖部位",
            "overlap": 0,
            "start_pos": 556,
            "text": "腹"
        },
        {
            "end_pos": 560,
            "label_type": "解剖部位",
            "overlap": 0,
            "start_pos": 559,
            "text": "腹"
        }
    ]
}