{
    "originalText": "入院前2小时前，患者无明显诱因出现黑便，解黑色稀便2次，共计300g，入院后出现解暗红色血便1次，总量约100g,感头昏、乏力、心悸，无胸腹疼痛、呕血、腹泻、畏寒、发热、胸痛、呼吸困难。家属急送我院，查：凝血试验：凝血酶原时间 14.3 秒 ↑，血常规：白细胞数 16.0×10^9/L ↑、淋巴细胞百分比 19.02 % ↓，肾功：尿素 13.80 mmol/L ↑、肌酐 84.3 μmol/l，电解质1：钾 5.59 mmol/l ↑、钠 145.4 mmol/l。彩超：右肾重度积水 右侧输尿管下段积水并积水， 脂肪肝。心电图：窦性心动过速。中度ST-T压低（Ⅱ、V5、V6）门诊给予静脉注射蛇毒血凝酶注射液共1支 每次1IU,为进一步诊治，门诊以“下消化道出血”收入我科。患者此次患病以来，精神状态欠佳，大便同前，体重无明显减轻。",
    "entities": [
        {
            "label_type": "解剖部位",
            "start_pos": 58,
            "end_pos": 59,
            "text": "头"
        },
        {
            "label_type": "解剖部位",
            "start_pos": 64,
            "end_pos": 65,
            "text": "心"
        },
        {
            "label_type": "解剖部位",
            "start_pos": 68,
            "end_pos": 69,
            "text": "胸"
        },
        {
            "label_type": "解剖部位",
            "start_pos": 69,
            "end_pos": 70,
            "text": "腹"
        },
        {
            "label_type": "解剖部位",
            "start_pos": 76,
            "end_pos": 77,
            "text": "腹"
        },
        {
            "label_type": "解剖部位",
            "start_pos": 85,
            "end_pos": 86,
            "text": "胸"
        },
        {
            "label_type": "实验室检验",
            "start_pos": 107,
            "end_pos": 113,
            "text": "凝血酶原时间"
        },
        {
            "label_type": "实验室检验",
            "start_pos": 127,
            "end_pos": 131,
            "text": "白细胞数"
        },
        {
            "label_type": "实验室检验",
            "start_pos": 146,
            "end_pos": 153,
            "text": "淋巴细胞百分比"
        },
        {
            "label_type": "实验室检验",
            "start_pos": 167,
            "end_pos": 169,
            "text": "尿素"
        },
        {
            "label_type": "实验室检验",
            "start_pos": 185,
            "end_pos": 187,
            "text": "肌酐"
        },
        {
            "label_type": "实验室检验",
            "start_pos": 205,
            "end_pos": 206,
            "text": "钾"
        },
        {
            "label_type": "实验室检验",
            "start_pos": 221,
            "end_pos": 222,
            "text": "钠"
        },
        {
            "label_type": "影像检查",
            "start_pos": 236,
            "end_pos": 238,
            "text": "彩超"
        },
        {
            "label_type": "疾病和诊断",
            "start_pos": 239,
            "end_pos": 245,
            "text": "右肾重度积水"
        },
        {
            "label_type": "疾病和诊断",
            "start_pos": 246,
            "end_pos": 255,
            "text": "右侧输尿管下段积水"
        },
        {
            "label_type": "疾病和诊断",
            "start_pos": 259,
            "end_pos": 263,
            "text": " 脂肪肝"
        },
        {
            "label_type": "疾病和诊断",
            "start_pos": 268,
            "end_pos": 274,
            "text": "窦性心动过速"
        },
        {
            "label_type": "药物",
            "start_pos": 300,
            "end_pos": 308,
            "text": "蛇毒血凝酶注射液"
        },
        {
            "label_type": "疾病和诊断",
            "start_pos": 329,
            "end_pos": 335,
            "text": "下消化道出血"
        }
    ]
}