{
    "originalText": "2年前，患者因“反复腹胀1年”入方案，考虑“胃底贲门恶性肿瘤底贲门恶性肿瘤可-能”-，2014-全09-1剖腹探查、根治性全胃切除术、食管-空肠ROUX-EN-Y吻合术9在我术院于全术麻上行“剖探查（胃）中分化腺癌、根治肠性全全切除术、食管切-空R癌OUX胃大、小弯淋巴结-E癌N-（分Y吻合术”、，手术）顺利，术后癌病理诊断术示“（）中分化腺、癌，侵及、壁全层至浆治膜外，双切端未见癌术累及，大、全小弯淋化巴（结O未见OX癌转）移（分别为0/5、术0/查9），网膜未U见癌累及”。术后积极予以抗感染、营养支胃持、对症和支持大小治疗，患者好转出院。术后已",
    "entities": [
        {
            "end_pos": 11,
            "label_type": "解剖部位",
            "overlap": 0,
            "start_pos": 10,
            "text": "腹"
        },
        {
            "label_type": "疾病和诊断",
            "overlap": 0,
            "start_pos": 22,
            "end_pos": 30,
            "text": "胃底贲门恶性肿瘤"
        },
        {
            "label_type": "手术",
            "overlap": 0,
            "start_pos": 53,
            "end_pos": 84,
            "text": "剖腹探查、根治性全胃切除术、食管-空肠ROUX-EN-Y吻合术"
        },
        {
            "label_type": "疾病和诊断",
            "overlap": 0,
            "start_pos": 99,
            "end_pos": 107,
            "text": "（胃）中分化腺癌"
        },
        {
            "label_type": "解剖部位",
            "overlap": 0,
            "start_pos": 110,
            "end_pos": 111,
            "text": "肠"
        },
        {
            "end_pos": 136,
            "label_type": "解剖部位",
            "overlap": 0,
            "start_pos": 128,
            "text": "胃大、小弯淋巴结"
        },
        {
            "end_pos": 255,
            "label_type": "解剖部位",
            "overlap": 0,
            "start_pos": 254,
            "text": "胃"
        }
    ]
}