{
    "originalText": "上行2016年8月因“发现上腹包块4个月”就诊我院，考虑卵巢恶性肿瘤，于2016-09-13于全全上麻肿瘤细胞减灭术（I型全子宫切除+两侧附件切除+大网膜切除+盆腔及腹主动脉旁淋巴结清扫+肠修补术）患术者，术中冰冻高级别浆液性癌提示术为，手减灭术术为满意术减灭术。术因患者术细胞前贫血，术及中输注红细浆胞400ML及新鲜冰冻血浆40术0ML，无术明显输血反应，手术过程顺利补液，术后予心电监护、吸氧、抗炎、补液等对症支持治疗。（并于紫杉醇2016-09-2伯尔定0行TC方案（进）口210MG D1，550MG D1）化疗（紫杉醇第一程、2016+卡铂-10-12行T）C方案（210MG D1+700MG D1（紫杉醇）化疗第二程、2+卡铂016-11-0）7行TC方案（21上0MG D1+700MG D1）化疗第三程，现为行上一程化疗入院。患者近期精神、睡眠稍及肿瘤差，食欲欠佳，",
    "entities": [
        {
            "end_pos": 15,
            "label_type": "解剖部位",
            "overlap": 0,
            "start_pos": 13,
            "text": "上腹"
        },
        {
            "label_type": "疾病和诊断",
            "overlap": 0,
            "start_pos": 28,
            "end_pos": 34,
            "text": "卵巢恶性肿瘤"
        },
        {
            "label_type": "手术",
            "overlap": 0,
            "start_pos": 51,
            "end_pos": 99,
            "text": "肿瘤细胞减灭术（I型全子宫切除+两侧附件切除+大网膜切除+盆腔及腹主动脉旁淋巴结清扫+肠修补术）"
        },
        {
            "label_type": "疾病和诊断",
            "overlap": 0,
            "start_pos": 107,
            "end_pos": 114,
            "text": "高级别浆液性癌"
        },
        {
            "end_pos": 219,
            "label_type": "药物",
            "overlap": 0,
            "start_pos": 216,
            "text": "紫杉醇"
        },
        {
            "end_pos": 231,
            "label_type": "药物",
            "overlap": 0,
            "start_pos": 228,
            "text": "伯尔定"
        },
        {
            "end_pos": 265,
            "label_type": "药物",
            "overlap": 0,
            "start_pos": 262,
            "text": "紫杉醇"
        },
        {
            "end_pos": 276,
            "label_type": "药物",
            "overlap": 0,
            "start_pos": 274,
            "text": "卡铂"
        },
        {
            "end_pos": 310,
            "label_type": "药物",
            "overlap": 0,
            "start_pos": 307,
            "text": "紫杉醇"
        },
        {
            "end_pos": 321,
            "label_type": "药物",
            "overlap": 0,
            "start_pos": 319,
            "text": "卡铂"
        }
    ]
}