{
    "originalText": "1月前因胃部不适在我院内科住院时，住院时发现肾功能异常，肾功：尿素 15.05 mmol/L、肌酐 173.9 μmol/l、尿酸 511.8 μmol/l，治疗好转后出院，2天前因左肺小细胞癌在**医院化疗，昨日觉咳嗽、流涕，今日到我院门诊复诊葡萄糖 10.12 mmol/l，肾功：肌酐 131.2 μmol/l、尿酸 343.9 μmol/l，电解质：钾 5.82 mmol/l、钠 137.7 mmol/l、氯 103.5 mmol/l，血常规：白细胞数 3.7×10^9/L、红细胞数 3.61×10^12/L、血红蛋白浓度 106 g/L、血小板数 154×10^9/L，糖化血红蛋白 7.1 %，肝功正常。门诊以“糖尿病、慢性肾功能不全、高钾血症”收入我科治疗。病程中患者精神、饮食差，大小便同前，体重有上降（具体不详）。",
    "entities": [
        {
            "label_type": "解剖部位",
            "start_pos": 4,
            "end_pos": 5,
            "text": "胃"
        },
        {
            "label_type": "实验室检验",
            "start_pos": 31,
            "end_pos": 33,
            "text": "尿素"
        },
        {
            "label_type": "实验室检验",
            "start_pos": 47,
            "end_pos": 49,
            "text": "肌酐"
        },
        {
            "label_type": "实验室检验",
            "start_pos": 63,
            "end_pos": 65,
            "text": "尿酸"
        },
        {
            "label_type": "疾病和诊断",
            "start_pos": 91,
            "end_pos": 97,
            "text": "左肺小细胞癌"
        },
        {
            "label_type": "实验室检验",
            "start_pos": 123,
            "end_pos": 126,
            "text": "葡萄糖"
        },
        {
            "label_type": "实验室检验",
            "start_pos": 143,
            "end_pos": 145,
            "text": "肌酐"
        },
        {
            "label_type": "实验室检验",
            "start_pos": 159,
            "end_pos": 161,
            "text": "尿酸"
        },
        {
            "label_type": "实验室检验",
            "start_pos": 179,
            "end_pos": 180,
            "text": "钾"
        },
        {
            "label_type": "实验室检验",
            "start_pos": 193,
            "end_pos": 194,
            "text": "钠"
        },
        {
            "label_type": "实验室检验",
            "start_pos": 208,
            "end_pos": 209,
            "text": "氯"
        },
        {
            "label_type": "实验室检验",
            "start_pos": 227,
            "end_pos": 231,
            "text": "白细胞数"
        },
        {
            "label_type": "实验室检验",
            "start_pos": 243,
            "end_pos": 247,
            "text": "红细胞数"
        },
        {
            "label_type": "实验室检验",
            "start_pos": 261,
            "end_pos": 267,
            "text": "血红蛋白浓度"
        },
        {
            "label_type": "实验室检验",
            "start_pos": 276,
            "end_pos": 280,
            "text": "血小板数"
        },
        {
            "label_type": "实验室检验",
            "start_pos": 292,
            "end_pos": 298,
            "text": "糖化血红蛋白"
        },
        {
            "label_type": "疾病和诊断",
            "start_pos": 314,
            "end_pos": 317,
            "text": "糖尿病"
        },
        {
            "label_type": "疾病和诊断",
            "start_pos": 318,
            "end_pos": 325,
            "text": "慢性肾功能不全"
        },
        {
            "label_type": "疾病和诊断",
            "start_pos": 326,
            "end_pos": 330,
            "text": "高钾血症"
        }
    ]
}