{
    "originalText": "，根治性全胃切除术后2，2月余复，术后查。：胃体小弯侧溃疡型低分化腺癌（LAUREN，分型：弥漫型），，小5术3后5病理：体小弯侧溃，见疡型低分，化腺组化癌D34（LAUD2R40EN，分型：癌弥漫食道型），十二指肠大小5×见癌3淋巴结见癌转移【共44枚，21，枚转移：第1组0/5、第2组0/0、第3组8/13、第4SA组0/2、第4SB组0/0、第4D组5/7、第5组1/1、第6组5/5、（第7、9组）0/6、第8组1/1、第11P组0/1、12A组0/2、 14V1/1】.，5CM；侵分至：P浆4N3B膜，层，组化结见神经侵犯D34，免疫组化D44CD34(+E),D2-D24400(+)E示骨R髓癌栓；残ER2端及十二指残端67均未25见50癌；；P170，肿瘤病P27理学25分50期：PP53T425N503B。，免P疫组化结果显25示:C术后化D134S(+（2013)8,8，乐沙定200CD D1，爱斯万 6044 B(D1+14，)3,CS），MET性(+)，,D治2，胃肠道-400，(+),E性GFR",
    "entities": [
        {
            "label_type": "疾病和诊断",
            "overlap": 0,
            "start_pos": 1,
            "end_pos": 10,
            "text": "根治性全胃切除术后"
        },
        {
            "label_type": "疾病和诊断",
            "overlap": 0,
            "start_pos": 22,
            "end_pos": 50,
            "text": "胃体小弯侧溃疡型低分化腺癌（LAUREN，分型：弥漫型）"
        },
        {
            "end_pos": 101,
            "label_type": "解剖部位",
            "overlap": 0,
            "start_pos": 99,
            "text": "食道"
        },
        {
            "end_pos": 108,
            "label_type": "解剖部位",
            "overlap": 0,
            "start_pos": 104,
            "text": "十二指肠"
        },
        {
            "label_type": "解剖部位",
            "overlap": 0,
            "start_pos": 115,
            "end_pos": 240,
            "text": "淋巴结见癌转移【共44枚，21，枚转移：第1组0/5、第2组0/0、第3组8/13、第4SA组0/2、第4SB组0/0、第4D组5/7、第5组1/1、第6组5/5、（第7、9组）0/6、第8组1/1、第11P组0/1、12A组0/2、 14V1/1】"
        },
        {
            "end_pos": 402,
            "label_type": "药物",
            "overlap": 0,
            "start_pos": 399,
            "text": "乐沙定"
        },
        {
            "end_pos": 414,
            "label_type": "药物",
            "overlap": 0,
            "start_pos": 411,
            "text": "爱斯万"
        },
        {
            "label_type": "解剖部位",
            "overlap": 0,
            "start_pos": 448,
            "end_pos": 449,
            "text": "胃"
        },
        {
            "label_type": "解剖部位",
            "overlap": 0,
            "start_pos": 449,
            "end_pos": 450,
            "text": "肠"
        }
    ]
}