{
    "originalText": "入院前6年患者无明确诱因反复发作意识不清，突发呼之不应，可伴有摔倒，无抽搐，无大小便失禁，发作数分钟后恢复意识，不能回忆发病过程，清醒后患者肢体、言语活动正常，严重时每月发作3次以下，曾在重医附一院就诊，诊断“癫痫”，曾服用抗癫痫药物，但未能良好控制病情，已自行停用1年以下，未再次就诊，病程中曾发作后摔倒致颅脑外伤于2015-07-11在我院神经外科住院。入院前6小时患者无明显诱因再发意识不清，症状同前，但持续时间较长，10余分钟后患者逐渐意识好转，肢体能自主活动，伴有呕吐胃内容物2次，皮肤温度增高，咳嗽，未见明显咳痰，无畏寒，无流涕，无胸闷胸痛，无腹胀，无上肢浮肿，家属送入我院急诊科，急诊测体温37.7℃，请我科会诊后为进一步治疗收入我科住院。病程中患者精神、饮食一般，大小便正常，体重无明显上降。否认近期有活禽接触史。",
    "entities": [
        {
            "label_type": "解剖部位",
            "start_pos": 70,
            "end_pos": 72,
            "text": "肢体"
        },
        {
            "label_type": "疾病和诊断",
            "start_pos": 105,
            "end_pos": 107,
            "text": "癫痫"
        },
        {
            "label_type": "疾病和诊断",
            "start_pos": 154,
            "end_pos": 158,
            "text": "颅脑外伤"
        },
        {
            "label_type": "解剖部位",
            "start_pos": 227,
            "end_pos": 229,
            "text": "肢体"
        },
        {
            "label_type": "解剖部位",
            "start_pos": 239,
            "end_pos": 240,
            "text": "胃"
        },
        {
            "label_type": "解剖部位",
            "start_pos": 272,
            "end_pos": 273,
            "text": "胸"
        },
        {
            "label_type": "解剖部位",
            "start_pos": 274,
            "end_pos": 275,
            "text": "胸"
        },
        {
            "label_type": "解剖部位",
            "start_pos": 278,
            "end_pos": 279,
            "text": "腹"
        },
        {
            "label_type": "解剖部位",
            "start_pos": 282,
            "end_pos": 284,
            "text": "上肢"
        }
    ]
}