{
    "originalText": "，缘于入院前4月余于基因诊为结肠肝曲管状腺癌管状腺癌，于-20-14-10上-腹腔镜上扩大根治性左半结肠癌切除20术中在全腹腔麻上行镜上扩大根治性粘癌切除，，腹术中肝脏见：内无明结显出血，无明结肠肝曲显大粘连，无明显水，无明显转移结节，肿瘤位十二指肠于周，大小约5*大淋巴结5术后CM（，侵出浆膜层，未明显侵及，周围可及多发肿大淋）巴结（左半结肠）。术大肠溃疡型管状腺癌II-III级后部病理粘液腺癌（病理号2014353脉管97癌、20术14回肠切33结肠切427）（，切：）（（）切，）：，部癌分为，侵出回肠周淋巴结浆膜，侵犯结肠周淋巴结神经，脉管内见癌栓（结肠中动脉根部）淋巴结，手术标本切（回结肠动脉根部）淋巴结端、切端及另癌送（近切端阑尾）、（远切端）均未见癌浸润。找到0/5个，7/27个，及另送3/11个，0/6个，见癌转移术后。另见组织。该病例未治检测到KRAS我院12II、13号密码子热-点突-变、BRAF基-因V-600E突变。-，术-后给予对症、营-养支-持等治疗奥沙利铂，恢复良好,伤口愈合希罗达II/甲。于2014--11-29、2014-12-20、2015-利01-10、2015-02-03予“150MG静滴D1+1000结肠肝曲管状腺癌术后MG口服D2-15”行第1、2、3、4次化疗方腹案，腹化疗过程顺大利，无明显化疗副作用。此次为拟",
    "entities": [
        {
            "label_type": "疾病和诊断",
            "overlap": 0,
            "start_pos": 14,
            "end_pos": 22,
            "text": "结肠肝曲管状腺癌"
        },
        {
            "end_pos": 55,
            "label_type": "手术",
            "overlap": 0,
            "start_pos": 39,
            "text": "腹腔镜上扩大根治性左半结肠癌切除"
        },
        {
            "end_pos": 63,
            "label_type": "解剖部位",
            "overlap": 0,
            "start_pos": 61,
            "text": "腹腔"
        },
        {
            "end_pos": 80,
            "label_type": "解剖部位",
            "overlap": 0,
            "start_pos": 79,
            "text": "腹"
        },
        {
            "end_pos": 84,
            "label_type": "解剖部位",
            "overlap": 0,
            "start_pos": 82,
            "text": "肝脏"
        },
        {
            "end_pos": 100,
            "label_type": "解剖部位",
            "overlap": 0,
            "start_pos": 96,
            "text": "结肠肝曲"
        },
        {
            "end_pos": 125,
            "label_type": "解剖部位",
            "overlap": 0,
            "start_pos": 121,
            "text": "十二指肠"
        },
        {
            "end_pos": 173,
            "label_type": "解剖部位",
            "overlap": 0,
            "start_pos": 169,
            "text": "左半结肠"
        },
        {
            "label_type": "疾病和诊断",
            "overlap": 0,
            "start_pos": 176,
            "end_pos": 192,
            "text": "大肠溃疡型管状腺癌II-III级"
        },
        {
            "label_type": "疾病和诊断",
            "overlap": 0,
            "start_pos": 196,
            "end_pos": 200,
            "text": "粘液腺癌"
        },
        {
            "end_pos": 224,
            "label_type": "解剖部位",
            "overlap": 0,
            "start_pos": 222,
            "text": "回肠"
        },
        {
            "end_pos": 229,
            "label_type": "解剖部位",
            "overlap": 0,
            "start_pos": 227,
            "text": "结肠"
        },
        {
            "end_pos": 260,
            "label_type": "解剖部位",
            "overlap": 0,
            "start_pos": 254,
            "text": "回肠周淋巴结"
        },
        {
            "end_pos": 271,
            "label_type": "解剖部位",
            "overlap": 0,
            "start_pos": 265,
            "text": "结肠周淋巴结"
        },
        {
            "end_pos": 292,
            "label_type": "解剖部位",
            "overlap": 0,
            "start_pos": 280,
            "text": "（结肠中动脉根部）淋巴结"
        },
        {
            "end_pos": 310,
            "label_type": "解剖部位",
            "overlap": 0,
            "start_pos": 298,
            "text": "（回结肠动脉根部）淋巴结"
        },
        {
            "end_pos": 324,
            "label_type": "解剖部位",
            "overlap": 0,
            "start_pos": 322,
            "text": "阑尾"
        },
        {
            "end_pos": 448,
            "label_type": "药物",
            "overlap": 0,
            "start_pos": 444,
            "text": "奥沙利铂"
        },
        {
            "end_pos": 461,
            "label_type": "药物",
            "overlap": 0,
            "start_pos": 458,
            "text": "希罗达"
        },
        {
            "label_type": "疾病和诊断",
            "overlap": 0,
            "start_pos": 528,
            "end_pos": 538,
            "text": "结肠肝曲管状腺癌术后"
        },
        {
            "end_pos": 562,
            "label_type": "解剖部位",
            "overlap": 0,
            "start_pos": 561,
            "text": "腹"
        },
        {
            "end_pos": 565,
            "label_type": "解剖部位",
            "overlap": 0,
            "start_pos": 564,
            "text": "腹"
        }
    ]
}