{
    "originalText": "缘于1年前因左肝原发性肝癌左原发性左半肝切除术+胆囊切除术癌术于我术后院行左半切除术+胆囊切除术,术左半肝肝脏原发性巨块型中分化肝癌顺,术肝后病理(201癌237164)示:性,侵及性被膜术后,脉管内见腹癌栓腹,周边组织呈空泡性及发脂肪性变.术后恢复可。无胀、痛发。无恶心、呕吐，无发热、寒战肝癌术后及黄疸。无畏冷发、寒战、发热。现患者返院小便，门诊拟“癌术后”收住入院，自发",
    "entities": [
        {
            "label_type": "疾病和诊断",
            "overlap": 0,
            "start_pos": 6,
            "end_pos": 13,
            "text": "左肝原发性肝癌"
        },
        {
            "label_type": "手术",
            "overlap": 0,
            "start_pos": 17,
            "end_pos": 29,
            "text": "左半肝切除术+胆囊切除术"
        },
        {
            "label_type": "疾病和诊断",
            "overlap": 0,
            "start_pos": 50,
            "end_pos": 66,
            "text": "左半肝肝脏原发性巨块型中分化肝癌"
        },
        {
            "label_type": "解剖部位",
            "overlap": 0,
            "start_pos": 69,
            "end_pos": 70,
            "text": "肝"
        },
        {
            "end_pos": 102,
            "label_type": "解剖部位",
            "overlap": 0,
            "start_pos": 101,
            "text": "腹"
        },
        {
            "end_pos": 105,
            "label_type": "解剖部位",
            "overlap": 0,
            "start_pos": 104,
            "text": "腹"
        },
        {
            "label_type": "疾病和诊断",
            "overlap": 0,
            "start_pos": 146,
            "end_pos": 150,
            "text": "肝癌术后"
        }
    ]
}