{
    "originalText": "入院前5天患者无明显诱因出现眼黄、尿黄，伴大便不成形，呈黄色糊状便，每日一次。但无黑便、粘液脓血便、里急后重，无皮肤瘙痒、腹胀、纳差、厌油、恶心、呕吐、呕血、腹痛，无尿频、尿急、尿痛、血尿、腰痛，无畏寒、发热、心悸、气促、胸闷、胸痛。在外未予诊治。病程中家属发现患者两眼黄染、皮肤黄染较前逐渐加重，于2017-01-22在***医院就诊，查“肝功示：总胆红素：231umol/L，直接胆红素177.9umol/L，ALT：923.3U/L，AST：570.4U/L，ALP：236.8u/l，r-GT：177.3U/L。乙肝三对：乙肝表面抗原：27.979，阳性、乙肝e抗原、乙肝核心抗体阳性。”，今日为进一步就诊，遂来我院要求住院治疗，门诊以“乙型肝炎”收入我科。病程中精神、饮食可，大便如下述，小便颜色深黄。体重无明显改变。",
    "entities": [
        {
            "label_type": "解剖部位",
            "start_pos": 14,
            "end_pos": 15,
            "text": "眼"
        },
        {
            "label_type": "解剖部位",
            "start_pos": 61,
            "end_pos": 62,
            "text": "腹"
        },
        {
            "label_type": "解剖部位",
            "start_pos": 79,
            "end_pos": 80,
            "text": "腹"
        },
        {
            "label_type": "解剖部位",
            "start_pos": 95,
            "end_pos": 96,
            "text": "腰"
        },
        {
            "label_type": "解剖部位",
            "start_pos": 111,
            "end_pos": 112,
            "text": "胸"
        },
        {
            "label_type": "解剖部位",
            "start_pos": 114,
            "end_pos": 115,
            "text": "胸"
        },
        {
            "label_type": "解剖部位",
            "start_pos": 133,
            "end_pos": 135,
            "text": "两眼"
        },
        {
            "label_type": "实验室检验",
            "start_pos": 175,
            "end_pos": 179,
            "text": "总胆红素"
        },
        {
            "label_type": "实验室检验",
            "start_pos": 190,
            "end_pos": 195,
            "text": "直接胆红素"
        },
        {
            "label_type": "实验室检验",
            "start_pos": 207,
            "end_pos": 210,
            "text": "ALT"
        },
        {
            "label_type": "实验室检验",
            "start_pos": 220,
            "end_pos": 223,
            "text": "AST"
        },
        {
            "label_type": "实验室检验",
            "start_pos": 233,
            "end_pos": 236,
            "text": "ALP"
        },
        {
            "label_type": "实验室检验",
            "start_pos": 246,
            "end_pos": 250,
            "text": "r-GT"
        },
        {
            "label_type": "实验室检验",
            "start_pos": 265,
            "end_pos": 271,
            "text": "乙肝表面抗原"
        },
        {
            "label_type": "实验室检验",
            "start_pos": 282,
            "end_pos": 287,
            "text": "乙肝e抗原"
        },
        {
            "label_type": "实验室检验",
            "start_pos": 288,
            "end_pos": 294,
            "text": "乙肝核心抗体"
        },
        {
            "label_type": "疾病和诊断",
            "start_pos": 323,
            "end_pos": 327,
            "text": "乙型肝炎"
        }
    ]
}