{
    "originalText": "患者于入院前20+年，常于受凉后出现喘累、气促，时感咳嗽、咳痰，咳出白色泡沫痰，呈阵发性发作，常自服抗炎药或于附近门诊输液治疗后下述症状可缓解。患者下述症状反复发作，多次入住我科，予以抗感染、平喘、止咳祛痰等治疗病情好转出院，2015年4月我院心脏彩超示右房增大；二尖瓣后叶钙化；主动脉瓣、三尖瓣局限性反流；右室舒张功能减退。胸片示右上肺少许炎症；主动脉硬化；胸椎结构模糊。头颅MRI示脑白质脱髓鞘改变；脑萎缩，扫描层面两侧筛窦少许炎症，左侧上鼻甲稍肥大。入院前2天患者受凉后再次出现咳嗽，咯少量白色粘痰，伴有喘累、气促，两上肢轻度水肿；无畏寒发热，无潮热盗汗，无心慌胸闷，无胸痛咯血，无端坐呼吸，无咯粉红色泡沫痰，为进一步诊治，今日再次来我科住院。患者此次起病以来精神、食欲、睡眠可，大小便正常，体力上降，体重无明显变化。",
    "entities": [
        {
            "label_type": "影像检查",
            "start_pos": 122,
            "end_pos": 126,
            "text": "心脏彩超"
        },
        {
            "label_type": "解剖部位",
            "start_pos": 127,
            "end_pos": 129,
            "text": "右房"
        },
        {
            "label_type": "疾病和诊断",
            "start_pos": 132,
            "end_pos": 139,
            "text": "二尖瓣后叶钙化"
        },
        {
            "label_type": "疾病和诊断",
            "start_pos": 140,
            "end_pos": 153,
            "text": "主动脉瓣、三尖瓣局限性反流"
        },
        {
            "label_type": "解剖部位",
            "start_pos": 154,
            "end_pos": 156,
            "text": "右室"
        },
        {
            "label_type": "影像检查",
            "start_pos": 163,
            "end_pos": 165,
            "text": "胸片"
        },
        {
            "label_type": "疾病和诊断",
            "start_pos": 166,
            "end_pos": 173,
            "text": "右上肺少许炎症"
        },
        {
            "label_type": "疾病和诊断",
            "start_pos": 174,
            "end_pos": 179,
            "text": "主动脉硬化"
        },
        {
            "label_type": "解剖部位",
            "start_pos": 180,
            "end_pos": 182,
            "text": "胸椎"
        },
        {
            "label_type": "影像检查",
            "start_pos": 187,
            "end_pos": 192,
            "text": "头颅MRI"
        },
        {
            "label_type": "疾病和诊断",
            "start_pos": 193,
            "end_pos": 201,
            "text": "脑白质脱髓鞘改变"
        },
        {
            "label_type": "疾病和诊断",
            "start_pos": 202,
            "end_pos": 205,
            "text": "脑萎缩"
        },
        {
            "label_type": "疾病和诊断",
            "start_pos": 210,
            "end_pos": 218,
            "text": "两侧筛窦少许炎症"
        },
        {
            "label_type": "解剖部位",
            "start_pos": 219,
            "end_pos": 224,
            "text": "左侧上鼻甲"
        },
        {
            "label_type": "解剖部位",
            "start_pos": 261,
            "end_pos": 264,
            "text": "两上肢"
        },
        {
            "label_type": "解剖部位",
            "start_pos": 282,
            "end_pos": 283,
            "text": "心"
        },
        {
            "label_type": "解剖部位",
            "start_pos": 284,
            "end_pos": 285,
            "text": "胸"
        },
        {
            "label_type": "解剖部位",
            "start_pos": 288,
            "end_pos": 289,
            "text": "胸"
        }
    ]
}