{
    "originalText": "缘于入院前4月余于我院诊为直肠癌，于2014--0-7-07在上全腹腔镜上直肠癌根治术麻术后上行。术直肠后病大肠隆起型管状-绒毛状腺癌II级理示（）：，侵及外膜，侵管犯神癌经，脉术管内见癌栓，手术标本双切端及另上送（下切端）癌、（上切端肠周淋巴结）均未见癌浸癌润。找到5/16个见癌转移。未检测到BRAF基因V600E突变。检测到KRAS基因12号密码子GLY12ASP和13号密码子G术后LY13ASP突变。治，术后给予对症、营养支II持等过术后程，恢复乐沙定良好,伤口愈合I希罗达I/甲。术后于我-院以200MG周D1+1500MGD1-D14方案CT行4周期化疗,化疗治疗顺利，化疗期间复查，直肠管状-绒毛状腺癌术后效果良好。此次为化疗再次就诊我院，门诊拟管腹状-腹绒毛状腺癌大术后收入院。下次出院以来精神、",
    "entities": [
        {
            "label_type": "疾病和诊断",
            "overlap": 0,
            "start_pos": 13,
            "end_pos": 16,
            "text": "直肠癌"
        },
        {
            "end_pos": 43,
            "label_type": "手术",
            "overlap": 0,
            "start_pos": 33,
            "text": "腹腔镜上直肠癌根治术"
        },
        {
            "end_pos": 52,
            "label_type": "解剖部位",
            "overlap": 0,
            "start_pos": 50,
            "text": "直肠"
        },
        {
            "label_type": "疾病和诊断",
            "overlap": 0,
            "start_pos": 54,
            "end_pos": 70,
            "text": "大肠隆起型管状-绒毛状腺癌II级"
        },
        {
            "end_pos": 123,
            "label_type": "解剖部位",
            "overlap": 0,
            "start_pos": 118,
            "text": "肠周淋巴结"
        },
        {
            "end_pos": 231,
            "label_type": "药物",
            "overlap": 0,
            "start_pos": 228,
            "text": "乐沙定"
        },
        {
            "end_pos": 242,
            "label_type": "药物",
            "overlap": 0,
            "start_pos": 239,
            "text": "希罗达"
        },
        {
            "label_type": "影像检查",
            "overlap": 0,
            "start_pos": 276,
            "end_pos": 278,
            "text": "CT"
        },
        {
            "label_type": "疾病和诊断",
            "overlap": 0,
            "start_pos": 299,
            "end_pos": 311,
            "text": "直肠管状-绒毛状腺癌术后"
        },
        {
            "end_pos": 333,
            "label_type": "解剖部位",
            "overlap": 0,
            "start_pos": 332,
            "text": "腹"
        },
        {
            "end_pos": 336,
            "label_type": "解剖部位",
            "overlap": 0,
            "start_pos": 335,
            "text": "腹"
        }
    ]
}