{
    "originalText": "入院前半天患者进食可疑不洁饮食后出现腹泻，起始解黄色稀糊状大便，后解黄色水样便，共5-6次，具体量不详。伴腹部阵发性隐痛，排便时发作，排便后缓解。伴恶心、呕吐1次胃内容物，无咖啡样物质，无粘液脓血，无里急后重，无畏寒、发热，无反酸、嗳气。在外口服“藿香正气水”后无缓解，感心悸、心慌、乏力明显。遂来我院就诊，门诊为进一步诊治，以“急性胃肠炎”收入我科。入院前10+天患者受凉后出现咳嗽、咳痰，呈阵发性发作，咳黄色团块状痰液，偶可咳出。无畏寒、发热，无胸痛、咯血，无黑朦、抽搐，无视物旋转，在***医院住院治疗，诊断为“肺部感染”，给予抗感染等对症处理后好转出院。但仍有咳嗽、咳痰，咳黄白色粘液痰。入院前1天咳1次痰液带少许血丝，伴头昏、头痛，呈持续性胀痛，无胸痛。病程中精神、饮食较差，大便如下述，小便正常。体重无明显上降。",
    "entities": [
        {
            "label_type": "解剖部位",
            "start_pos": 18,
            "end_pos": 19,
            "text": "腹"
        },
        {
            "label_type": "解剖部位",
            "start_pos": 53,
            "end_pos": 54,
            "text": "腹"
        },
        {
            "label_type": "解剖部位",
            "start_pos": 81,
            "end_pos": 82,
            "text": "胃"
        },
        {
            "label_type": "药物",
            "start_pos": 124,
            "end_pos": 129,
            "text": "藿香正气水"
        },
        {
            "label_type": "解剖部位",
            "start_pos": 136,
            "end_pos": 137,
            "text": "心"
        },
        {
            "label_type": "解剖部位",
            "start_pos": 139,
            "end_pos": 140,
            "text": "心"
        },
        {
            "label_type": "疾病和诊断",
            "start_pos": 165,
            "end_pos": 170,
            "text": "急性胃肠炎"
        },
        {
            "label_type": "解剖部位",
            "start_pos": 225,
            "end_pos": 226,
            "text": "胸"
        },
        {
            "label_type": "疾病和诊断",
            "start_pos": 259,
            "end_pos": 263,
            "text": "肺部感染"
        },
        {
            "label_type": "解剖部位",
            "start_pos": 315,
            "end_pos": 316,
            "text": "头"
        },
        {
            "label_type": "解剖部位",
            "start_pos": 318,
            "end_pos": 319,
            "text": "头"
        },
        {
            "label_type": "解剖部位",
            "start_pos": 329,
            "end_pos": 330,
            "text": "胸"
        }
    ]
}