{
    "originalText": "，缘于2个月余前入院，诊断为直肠隆起型管状腺癌隆起型管状无痛，于2014.01.腹腔镜上直肠癌根治术（DIXON）16术在我科行（“腔镜上癌根治术（）DIX直肠ON）肠隆起型绒毛状-管状腺癌II级”。术脉管后病理脉管示（癌2014016（11），：()，：），侵术犯脉管组织，脉周管内见癌栓，侵及深肌层（上&GT;1/癌2肌层），肠周淋巴结手术标本双切端癌、环周切缘及肠系膜上动脉根部另镜上送(下切脉管端)、结(上切端)均未见癌结浸润。I找到（2/18个），见5癌（转移。）另送()镜（上为）脂肪、脉管（及纤维结缔组）织。，F免（-）疫5-FU（-）组化结果：（KI6）7（80%（阳性），P5）3（+++（），）P术170（++），G治STπ（个别细胞阳性）II，EGFR（-），（-），MLH1（+奥沙利铂+5+），IMSH6D（个希罗达别细胞阳性），OMIDDG-M5T（++术）。术周后给予对症、抗感染治疗，恢复良好,伤口愈合II/甲。并于2014.02腹.1腹6开始予“150MGIVGTT",
    "entities": [
        {
            "label_type": "疾病和诊断",
            "overlap": 0,
            "start_pos": 14,
            "end_pos": 23,
            "text": "直肠隆起型管状腺癌"
        },
        {
            "label_type": "手术",
            "overlap": 0,
            "start_pos": 40,
            "end_pos": 57,
            "text": "腹腔镜上直肠癌根治术（DIXON）"
        },
        {
            "end_pos": 80,
            "label_type": "解剖部位",
            "overlap": 0,
            "start_pos": 78,
            "text": "直肠"
        },
        {
            "label_type": "疾病和诊断",
            "overlap": 0,
            "start_pos": 83,
            "end_pos": 98,
            "text": "肠隆起型绒毛状-管状腺癌II级"
        },
        {
            "end_pos": 170,
            "label_type": "解剖部位",
            "overlap": 0,
            "start_pos": 165,
            "text": "肠周淋巴结"
        },
        {
            "end_pos": 192,
            "label_type": "解剖部位",
            "overlap": 0,
            "start_pos": 184,
            "text": "肠系膜上动脉根部"
        },
        {
            "end_pos": 272,
            "label_type": "药物",
            "overlap": 0,
            "start_pos": 268,
            "text": "5-FU"
        },
        {
            "end_pos": 355,
            "label_type": "药物",
            "overlap": 0,
            "start_pos": 351,
            "text": "奥沙利铂"
        },
        {
            "end_pos": 371,
            "label_type": "药物",
            "overlap": 0,
            "start_pos": 368,
            "text": "希罗达"
        },
        {
            "end_pos": 432,
            "label_type": "解剖部位",
            "overlap": 0,
            "start_pos": 431,
            "text": "腹"
        },
        {
            "end_pos": 435,
            "label_type": "解剖部位",
            "overlap": 0,
            "start_pos": 434,
            "text": "腹"
        }
    ]
}