{
    "originalText": "，，可肠见肠镜乙状结肠示肛门：0距2可见0周C结M状外院环周样结节状，粘膜不乙状结肠高分化腺癌规则01隆起。，病理：乙状结肠癌手术，（直肠下段），。2017中分化腺癌，-8化，-22行，（），切除：可见脉-癌 ，伴钙化，最大径癌4.5CM；-， 可见脉见癌结管癌栓及（神经）侵（犯；）- 癌见癌组织侵淋巴结可见癌转移（肠周1/13，直肠下动脉旁0/1），达浆膜淋巴结上，浆膜上另，见癌结节分；- （3近1端），及（远化结端）切缘未见癌；- ，未侵犯淋巴结被膜外；- ，肿瘤3病理分期：PT31N1A。，免疫组化结0果显示:BR1AF(－),CMET(2+),EGFR(3+),HER2",
    "entities": [
        {
            "end_pos": 11,
            "label_type": "解剖部位",
            "overlap": 0,
            "start_pos": 7,
            "text": "乙状结肠"
        },
        {
            "end_pos": 14,
            "label_type": "解剖部位",
            "overlap": 0,
            "start_pos": 12,
            "text": "肛门"
        },
        {
            "label_type": "疾病和诊断",
            "overlap": 0,
            "start_pos": 38,
            "end_pos": 47,
            "text": "乙状结肠高分化腺癌"
        },
        {
            "end_pos": 65,
            "label_type": "手术",
            "overlap": 0,
            "start_pos": 58,
            "text": "乙状结肠癌手术"
        },
        {
            "end_pos": 71,
            "label_type": "解剖部位",
            "overlap": 0,
            "start_pos": 67,
            "text": "直肠下段"
        },
        {
            "label_type": "疾病和诊断",
            "overlap": 0,
            "start_pos": 78,
            "end_pos": 83,
            "text": "中分化腺癌"
        },
        {
            "label_type": "解剖部位",
            "overlap": 0,
            "start_pos": 150,
            "end_pos": 176,
            "text": "淋巴结可见癌转移（肠周1/13，直肠下动脉旁0/1）"
        }
    ]
}