{
    "originalText": "5年前患者无明显诱因出现腰部胀痛，阵发性发作，平卧休息缓解，久坐、夜间加重，无两上肢麻木、疼痛及间歇性跛行，无发热盗汗、心慌胸闷、腹胀腹痛等；无头痛头昏、发热咳嗽、恶心呕吐等，曾在先后在**医院、**医院就诊，行腰椎MRI等后，诊断为“腰椎间盘突出症”，给予活血、止痛等药物治疗并自行在外理疗后未缓解；1+年前，患者下述症状无明显诱因加重，并伴两上肢疼痛、麻木。1+年患者无明显诱因出现颈肩部疼痛，胀痛或酸痛性质，阵发性发作，久坐、夜间疼痛明显，活动后减轻，偶伴两手指麻木，无两下肢放射痛，无恶心、心慌、头晕，无晕厥、心悸；曾在先后在**医院、**医院就诊，经行颈椎MRI后，诊断为“颈椎病”，给予活血止痛等药物治疗后未缓解；半年前，患者下述症状加重。患者患病以来情绪焦虑，食欲可，睡眠差，大小便正常，近期无明显体重减轻。",
    "entities": [
        {
            "label_type": "解剖部位",
            "start_pos": 12,
            "end_pos": 13,
            "text": "腰"
        },
        {
            "label_type": "解剖部位",
            "start_pos": 39,
            "end_pos": 42,
            "text": "两上肢"
        },
        {
            "label_type": "解剖部位",
            "start_pos": 60,
            "end_pos": 61,
            "text": "心"
        },
        {
            "label_type": "解剖部位",
            "start_pos": 65,
            "end_pos": 66,
            "text": "腹"
        },
        {
            "label_type": "解剖部位",
            "start_pos": 67,
            "end_pos": 68,
            "text": "腹"
        },
        {
            "label_type": "解剖部位",
            "start_pos": 72,
            "end_pos": 73,
            "text": "头"
        },
        {
            "label_type": "解剖部位",
            "start_pos": 74,
            "end_pos": 75,
            "text": "头"
        },
        {
            "label_type": "影像检查",
            "start_pos": 106,
            "end_pos": 111,
            "text": "腰椎MRI"
        },
        {
            "label_type": "疾病和诊断",
            "start_pos": 118,
            "end_pos": 125,
            "text": "腰椎间盘突出症"
        },
        {
            "label_type": "解剖部位",
            "start_pos": 172,
            "end_pos": 175,
            "text": "两上肢"
        },
        {
            "label_type": "解剖部位",
            "start_pos": 193,
            "end_pos": 196,
            "text": "颈肩部"
        },
        {
            "label_type": "解剖部位",
            "start_pos": 231,
            "end_pos": 234,
            "text": "两手指"
        },
        {
            "label_type": "解剖部位",
            "start_pos": 238,
            "end_pos": 241,
            "text": "两下肢"
        },
        {
            "label_type": "解剖部位",
            "start_pos": 249,
            "end_pos": 250,
            "text": "心"
        },
        {
            "label_type": "解剖部位",
            "start_pos": 252,
            "end_pos": 253,
            "text": "头"
        },
        {
            "label_type": "解剖部位",
            "start_pos": 259,
            "end_pos": 260,
            "text": "心"
        },
        {
            "label_type": "疾病和诊断",
            "start_pos": 281,
            "end_pos": 286,
            "text": "颈椎MRI"
        },
        {
            "label_type": "疾病和诊断",
            "start_pos": 292,
            "end_pos": 295,
            "text": "颈椎病"
        }
    ]
}