{
    "originalText": "入院前8小时，患者无明显诱因出现右侧肢体乏力，伴站立不稳，家属诉患者站立时可见右上肢抖动、无法独自站立，无恶心、呕吐，无头痛、口吐白沫。入院前1小时，患者家属发现患者出现吐词不清，自诉右上肢乏力、疼痛，感心悸不适，无畏寒、发热，无头痛、胸痛，无咳嗽、咳痰，无恶心、呕吐，无端坐呼吸、阵发性呼吸困难，无黑朦、晕厥、大小便失禁等，故立即就诊我院急诊科，当时仍有吐词不清，但共持续约1小时后症状逐渐改善，行“头颅CT示脑萎缩、脑白质脱髓鞘改变。肾功：尿素 8.63 mmol/L、肌酐 157.2 μmol/l、尿酸 435.6 μmol/l。血常规、心肌酶谱、肌钙蛋白、电解质均未见明显异常”，为进一步治疗，急诊科以“脑梗死？心悸待查、肾功能异常”收入我科住院。患者自发病以来精神、食欲差，大小便未诉异常。近期体重无明显减轻。",
    "entities": [
        {
            "label_type": "解剖部位",
            "start_pos": 16,
            "end_pos": 20,
            "text": "右侧肢体"
        },
        {
            "label_type": "解剖部位",
            "start_pos": 39,
            "end_pos": 42,
            "text": "右上肢"
        },
        {
            "label_type": "解剖部位",
            "start_pos": 60,
            "end_pos": 61,
            "text": "头"
        },
        {
            "label_type": "解剖部位",
            "start_pos": 92,
            "end_pos": 95,
            "text": "右上肢"
        },
        {
            "label_type": "解剖部位",
            "start_pos": 102,
            "end_pos": 103,
            "text": "心"
        },
        {
            "label_type": "解剖部位",
            "start_pos": 115,
            "end_pos": 116,
            "text": "头"
        },
        {
            "label_type": "解剖部位",
            "start_pos": 118,
            "end_pos": 119,
            "text": "胸"
        },
        {
            "label_type": "影像检查",
            "start_pos": 201,
            "end_pos": 205,
            "text": "头颅CT"
        },
        {
            "label_type": "疾病和诊断",
            "start_pos": 206,
            "end_pos": 209,
            "text": "脑萎缩"
        },
        {
            "label_type": "疾病和诊断",
            "start_pos": 210,
            "end_pos": 218,
            "text": "脑白质脱髓鞘改变"
        },
        {
            "label_type": "实验室检验",
            "start_pos": 222,
            "end_pos": 224,
            "text": "尿素"
        },
        {
            "label_type": "实验室检验",
            "start_pos": 237,
            "end_pos": 239,
            "text": "肌酐"
        },
        {
            "label_type": "实验室检验",
            "start_pos": 253,
            "end_pos": 255,
            "text": "尿酸"
        },
        {
            "label_type": "疾病和诊断",
            "start_pos": 307,
            "end_pos": 310,
            "text": "脑梗死"
        },
        {
            "label_type": "疾病和诊断",
            "start_pos": 311,
            "end_pos": 315,
            "text": "心悸待查"
        },
        {
            "label_type": "疾病和诊断",
            "start_pos": 316,
            "end_pos": 321,
            "text": "肾功能异常"
        }
    ]
}