{
    "originalText": "，缘于入院前3月余于我院诊断为“直肠癌”，于2014--为-行-09腹腔镜上直肠癌根治术行“术”，术后术顺，术直肠后病理肠溃疡型管状腺癌II级示癌（），：脉管，癌组织侵犯脉管及膜神经组术织，侵及外膜层周。手术标本双切端、环周切上缘及另送（下癌切端）、（肠周淋巴结上切端）均癌未见癌浸润。肠系膜上动脉根部淋巴结找镜上到2/9脉管个见癌转移。结另送()镜上为脂肪、脉结管、神I经及纤5维结缔组织。，5免疫组化染色结果：KI67（50%阳性），P53（++F+），P175-FU0（+++），GSTπ（+），EG-FR（++），（+），M-LH1（+++），MSH-6（+++），MGMT（-奥沙利铂）乐沙定。于2014I.11.19、希罗达2014.12.2I4予按-()200MGIVGT肝TD1+1000MGPOBIDD1利-D14方案化疗，辅以保、止吐直肠癌术后、制酸等对症处理，化疗过程顺利，此次10第3次化疗，门诊拟“术后化疗”收入我科。自入院以来，",
    "entities": [
        {
            "label_type": "疾病和诊断",
            "overlap": 0,
            "start_pos": 16,
            "end_pos": 19,
            "text": "直肠癌"
        },
        {
            "end_pos": 44,
            "label_type": "手术",
            "overlap": 0,
            "start_pos": 34,
            "text": "腹腔镜上直肠癌根治术"
        },
        {
            "end_pos": 57,
            "label_type": "解剖部位",
            "overlap": 0,
            "start_pos": 55,
            "text": "直肠"
        },
        {
            "label_type": "疾病和诊断",
            "overlap": 0,
            "start_pos": 60,
            "end_pos": 71,
            "text": "肠溃疡型管状腺癌II级"
        },
        {
            "end_pos": 131,
            "label_type": "解剖部位",
            "overlap": 0,
            "start_pos": 126,
            "text": "肠周淋巴结"
        },
        {
            "end_pos": 154,
            "label_type": "解剖部位",
            "overlap": 0,
            "start_pos": 143,
            "text": "肠系膜上动脉根部淋巴结"
        },
        {
            "end_pos": 236,
            "label_type": "药物",
            "overlap": 0,
            "start_pos": 232,
            "text": "5-FU"
        },
        {
            "end_pos": 297,
            "label_type": "药物",
            "overlap": 0,
            "start_pos": 293,
            "text": "奥沙利铂"
        },
        {
            "end_pos": 301,
            "label_type": "药物",
            "overlap": 0,
            "start_pos": 298,
            "text": "乐沙定"
        },
        {
            "end_pos": 318,
            "label_type": "药物",
            "overlap": 0,
            "start_pos": 315,
            "text": "希罗达"
        },
        {
            "end_pos": 344,
            "label_type": "解剖部位",
            "overlap": 0,
            "start_pos": 343,
            "text": "肝"
        },
        {
            "label_type": "疾病和诊断",
            "overlap": 0,
            "start_pos": 377,
            "end_pos": 382,
            "text": "直肠癌术后"
        }
    ]
}