{
    "originalText": "患者入院前20+年多于受凉后出现咳嗽，咯痰，伴喘累，每年累计发病超过3月，抗炎治疗有效，逐渐出现活动后心累，平素活动后即感气促。无胸痛，无胸骨后压榨感，无夜间阵发性呼吸困难等不适，诊断考虑“慢性支气管炎急性发作、阻塞性肺气肿、肺源性心脏病”。平时服用药物情况不详。2年前前曾因咳嗽、心累症状再发到我院治疗，血气分析提示II型呼吸衰竭，二氧化碳分压波动60-70mmhg，经抗感染、平喘治疗后好转出院，未使用呼吸机辅助通气。院外2-3次/年住院。3天前患者受凉后开始出现纳差，进食较少，感全身乏力，逐渐出现颜面浮肿，稍活动即感气促，咳嗽，咳少量黏痰，口唇紫绀，1天前家属发现患者烦躁不安，胡言乱语，对答不切题，无发热，今日家属将其送入我科住院治疗。患者自起病以来，精神、食欲、睡眠较差，体力明显上降，体重无改变。大小便正常。",
    "entities": [
        {
            "label_type": "解剖部位",
            "start_pos": 51,
            "end_pos": 52,
            "text": "心"
        },
        {
            "label_type": "解剖部位",
            "start_pos": 65,
            "end_pos": 66,
            "text": "胸"
        },
        {
            "label_type": "解剖部位",
            "start_pos": 69,
            "end_pos": 71,
            "text": "胸骨"
        },
        {
            "label_type": "疾病和诊断",
            "start_pos": 95,
            "end_pos": 105,
            "text": "慢性支气管炎急性发作"
        },
        {
            "label_type": "疾病和诊断",
            "start_pos": 106,
            "end_pos": 112,
            "text": "阻塞性肺气肿"
        },
        {
            "label_type": "疾病和诊断",
            "start_pos": 113,
            "end_pos": 119,
            "text": "肺源性心脏病"
        },
        {
            "label_type": "解剖部位",
            "start_pos": 141,
            "end_pos": 142,
            "text": "心"
        },
        {
            "label_type": "疾病和诊断",
            "start_pos": 159,
            "end_pos": 166,
            "text": "II型呼吸衰竭"
        },
        {
            "label_type": "实验室检验",
            "start_pos": 167,
            "end_pos": 173,
            "text": "二氧化碳分压"
        },
        {
            "label_type": "解剖部位",
            "start_pos": 253,
            "end_pos": 254,
            "text": "面"
        }
    ]
}