{
    "originalText": "，，患者2016.1.28左下腹因疼痛4天入我院普外科。当时无恶心、呕，吐，酸无反酸，、嗳气，腹部CT，结肠肝曲无呕，血，结肠癌并腹腔淋巴结转移，腹部腹部示左侧腹部肝曲，占位，考性虑癌，肠系膜及腹膜后淋巴结并大腹腔淋后巴结入院，腹部B，超示包块，考虑占位性病变肿大。腹腔镜扩大根治性左半结肠切除术，，术后转移后（结肠）中分化腺癌，部分给粘液腺癌（后予完善各项检），查，于，20切16-1-30C在，全麻上膜，回肠切行腹结肠切腔镜阑尾及扩膜大根治性左癌，肠周淋巴结半切除，术中，，术后转移癌病理：术后，部分，为（后后者约CT占60%），及转移溃疡，型，肿瘤切面积9*2.5CM，侵透浆膜，切缘化、切周缘，，、及网膜奥沙利铂组织未查见癌，36右亚叶酸钙枚，其中1枚查见转氟尿嘧啶移癌。患者术后恢复，可，入我科后复液查未见肿瘤复发，及转移征象，201周6化-2-18起给予M下FOLFO，X6方，案化疗，大5周期，，，具体为：1化3",
    "entities": [
        {
            "end_pos": 16,
            "label_type": "解剖部位",
            "overlap": 0,
            "start_pos": 13,
            "text": "左下腹"
        },
        {
            "label_type": "影像检查",
            "overlap": 0,
            "start_pos": 47,
            "end_pos": 51,
            "text": "腹部CT"
        },
        {
            "end_pos": 56,
            "label_type": "解剖部位",
            "overlap": 0,
            "start_pos": 52,
            "text": "结肠肝曲"
        },
        {
            "label_type": "疾病和诊断",
            "overlap": 0,
            "start_pos": 61,
            "end_pos": 72,
            "text": "结肠癌并腹腔淋巴结转移"
        },
        {
            "end_pos": 82,
            "label_type": "解剖部位",
            "overlap": 0,
            "start_pos": 78,
            "text": "左侧腹部"
        },
        {
            "label_type": "解剖部位",
            "overlap": 0,
            "start_pos": 92,
            "end_pos": 103,
            "text": "，肠系膜及腹膜后淋巴结"
        },
        {
            "end_pos": 148,
            "label_type": "手术",
            "overlap": 0,
            "start_pos": 133,
            "text": "腹腔镜扩大根治性左半结肠切除术"
        },
        {
            "label_type": "疾病和诊断",
            "overlap": 0,
            "start_pos": 155,
            "end_pos": 164,
            "text": "（结肠）中分化腺癌"
        },
        {
            "label_type": "疾病和诊断",
            "overlap": 0,
            "start_pos": 168,
            "end_pos": 172,
            "text": "粘液腺癌"
        },
        {
            "end_pos": 206,
            "label_type": "解剖部位",
            "overlap": 0,
            "start_pos": 204,
            "text": "回肠"
        },
        {
            "end_pos": 211,
            "label_type": "解剖部位",
            "overlap": 0,
            "start_pos": 209,
            "text": "结肠"
        },
        {
            "end_pos": 216,
            "label_type": "解剖部位",
            "overlap": 0,
            "start_pos": 214,
            "text": "阑尾"
        },
        {
            "end_pos": 231,
            "label_type": "解剖部位",
            "overlap": 0,
            "start_pos": 226,
            "text": "肠周淋巴结"
        },
        {
            "label_type": "影像检查",
            "overlap": 0,
            "start_pos": 259,
            "end_pos": 261,
            "text": "CT"
        },
        {
            "end_pos": 310,
            "label_type": "药物",
            "overlap": 0,
            "start_pos": 306,
            "text": "奥沙利铂"
        },
        {
            "end_pos": 324,
            "label_type": "药物",
            "overlap": 0,
            "start_pos": 319,
            "text": "右亚叶酸钙"
        },
        {
            "end_pos": 337,
            "label_type": "药物",
            "overlap": 0,
            "start_pos": 333,
            "text": "氟尿嘧啶"
        }
    ]
}