{
    "originalText": "，，患者于2014-6外院检查发AFP现升高。2014-6-2，2，六CT院行检肝左叶巨查：内，肝癌见占位，可能大。2014-7-1来，，我MRI院就诊，肝左叶巨块型MT，，行检查示：巨块型MTCM，大小，约8.AFP4X11.5CM。7/M，15查: 6特殊肝段切除术（V、VI、VIII段）+胆囊切除术4，术后28.（肝左叶）肝细胞肝癌，III级，0NG、/M，L；7/癌18肝切行特殊癌段切除术（V、肝VI、VI淋巴细胞II段）+胆囊切除（术。，术），部后病肝细胞理细胞：（（胆囊）慢性炎）细胞胆囊旁淋巴结，I，慢性炎II级，伴出血、坏死，脉管巨大癌栓。，切缘块未AFP见++癌组织累PA及++。周C围组织汇管区C淋巴细胞浸润伴C纤维组织增生（G1S2I），部分区细胞性大细胞变。++。检出1P枚，慢++性炎。PC免疫组化(2P014-N术后8术731，)2，号蜡块:(+，+),HEPAFPA(++),CK7(-M),CK后，19腹部，CT(肝MT术后-)，术,CD、34，(血窦肝脏囊肿，丰富，),KIAFP67(50%阳M性),GS(++),HSP70(++),G，胃PC、3(-、),OP、N(-)。术后手",
    "entities": [
        {
            "label_type": "实验室检验",
            "overlap": 0,
            "start_pos": 16,
            "end_pos": 19,
            "text": "AFP"
        },
        {
            "label_type": "影像检查",
            "overlap": 0,
            "start_pos": 35,
            "end_pos": 37,
            "text": "CT"
        },
        {
            "end_pos": 43,
            "label_type": "解剖部位",
            "overlap": 0,
            "start_pos": 40,
            "text": "肝左叶"
        },
        {
            "label_type": "疾病和诊断",
            "overlap": 0,
            "start_pos": 48,
            "end_pos": 50,
            "text": "肝癌"
        },
        {
            "label_type": "影像检查",
            "overlap": 0,
            "start_pos": 70,
            "end_pos": 73,
            "text": "MRI"
        },
        {
            "label_type": "疾病和诊断",
            "overlap": 0,
            "start_pos": 77,
            "end_pos": 85,
            "text": "肝左叶巨块型MT"
        },
        {
            "label_type": "手术",
            "overlap": 0,
            "start_pos": 128,
            "end_pos": 153,
            "text": "特殊肝段切除术（V、VI、VIII段）+胆囊切除术"
        },
        {
            "end_pos": 164,
            "label_type": "解剖部位",
            "overlap": 0,
            "start_pos": 161,
            "text": "肝左叶"
        },
        {
            "label_type": "疾病和诊断",
            "overlap": 0,
            "start_pos": 165,
            "end_pos": 175,
            "text": "肝细胞肝癌，III级"
        },
        {
            "end_pos": 191,
            "label_type": "解剖部位",
            "overlap": 0,
            "start_pos": 190,
            "text": "肝"
        },
        {
            "end_pos": 204,
            "label_type": "解剖部位",
            "overlap": 0,
            "start_pos": 203,
            "text": "肝"
        },
        {
            "end_pos": 233,
            "label_type": "解剖部位",
            "overlap": 0,
            "start_pos": 232,
            "text": "肝"
        },
        {
            "label_type": "疾病和诊断",
            "overlap": 0,
            "start_pos": 240,
            "end_pos": 247,
            "text": "（胆囊）慢性炎"
        },
        {
            "end_pos": 256,
            "label_type": "解剖部位",
            "overlap": 0,
            "start_pos": 250,
            "text": "胆囊旁淋巴结"
        },
        {
            "label_type": "实验室检验",
            "overlap": 0,
            "start_pos": 396,
            "end_pos": 399,
            "text": "AFP"
        },
        {
            "label_type": "影像检查",
            "overlap": 0,
            "start_pos": 419,
            "end_pos": 424,
            "text": "腹部，CT"
        },
        {
            "label_type": "疾病和诊断",
            "overlap": 0,
            "start_pos": 425,
            "end_pos": 430,
            "text": "肝MT术后"
        },
        {
            "label_type": "疾病和诊断",
            "overlap": 0,
            "start_pos": 444,
            "end_pos": 448,
            "text": "肝脏囊肿"
        },
        {
            "label_type": "实验室检验",
            "overlap": 0,
            "start_pos": 456,
            "end_pos": 459,
            "text": "AFP"
        },
        {
            "end_pos": 490,
            "label_type": "解剖部位",
            "overlap": 0,
            "start_pos": 489,
            "text": "胃"
        }
    ]
}