{
    "originalText": "入院前10+年，患者发现血糖高，目前长期口服“格列美脲片 1mg Qd、阿卡波糖 50mg Qd”，自诉血糖控制尚可。入院前半年，患者因腰痛在我院骨科住院治疗，查腰椎MRI示腰2椎体轻度压缩性骨折；腰4椎体压缩约3/4改变，信号异常。骶管囊肿。骨密度测定腰椎T值为-4.2，右髋部T值为-3.9。诊断：腰2、腰4椎体压缩性骨折、重度骨质疏松症，予以抗炎镇痛、缓解肌肉痉挛、抗骨质疏松及康复理疗等对症治疗。入院前1周，患者自觉腰痛加重，伴头昏，平卧休息时腰痛缓解，翻身及起床后腰痛明显，无畏寒、发热，无眩晕、头痛，无咳嗽、咳痰，无胸闷、胸痛，无恶心、呕吐，无腹胀、腹痛，无黑朦、晕厥，无肢体瘫痪、意识障碍、大小便失禁等，为进一步治疗收入我科住院。患者自发病以来精神、食欲可，长期失眠，大小便未诉异常。近期体重无明显减轻。",
    "entities": [
        {
            "label_type": "实验室检验",
            "start_pos": 12,
            "end_pos": 14,
            "text": "血糖"
        },
        {
            "label_type": "药物",
            "start_pos": 23,
            "end_pos": 28,
            "text": "格列美脲片"
        },
        {
            "label_type": "药物",
            "start_pos": 36,
            "end_pos": 40,
            "text": "阿卡波糖"
        },
        {
            "label_type": "实验室检验",
            "start_pos": 52,
            "end_pos": 54,
            "text": "血糖"
        },
        {
            "label_type": "解剖部位",
            "start_pos": 68,
            "end_pos": 69,
            "text": "腰"
        },
        {
            "label_type": "影像检查",
            "start_pos": 81,
            "end_pos": 86,
            "text": "腰椎MRI"
        },
        {
            "label_type": "疾病和诊断",
            "start_pos": 87,
            "end_pos": 98,
            "text": "腰2椎体轻度压缩性骨折"
        },
        {
            "label_type": "解剖部位",
            "start_pos": 99,
            "end_pos": 103,
            "text": "腰4椎体"
        },
        {
            "label_type": "疾病和诊断",
            "start_pos": 117,
            "end_pos": 121,
            "text": "骶管囊肿"
        },
        {
            "label_type": "解剖部位",
            "start_pos": 127,
            "end_pos": 129,
            "text": "腰椎"
        },
        {
            "label_type": "解剖部位",
            "start_pos": 137,
            "end_pos": 140,
            "text": "右髋部"
        },
        {
            "label_type": "疾病和诊断",
            "start_pos": 151,
            "end_pos": 163,
            "text": "腰2、腰4椎体压缩性骨折"
        },
        {
            "label_type": "疾病和诊断",
            "start_pos": 164,
            "end_pos": 171,
            "text": "重度骨质疏松症"
        },
        {
            "label_type": "解剖部位",
            "start_pos": 212,
            "end_pos": 213,
            "text": "腰"
        },
        {
            "label_type": "解剖部位",
            "start_pos": 218,
            "end_pos": 219,
            "text": "头"
        },
        {
            "label_type": "解剖部位",
            "start_pos": 226,
            "end_pos": 227,
            "text": "腰"
        },
        {
            "label_type": "解剖部位",
            "start_pos": 237,
            "end_pos": 238,
            "text": "腰"
        },
        {
            "label_type": "解剖部位",
            "start_pos": 264,
            "end_pos": 265,
            "text": "胸"
        },
        {
            "label_type": "解剖部位",
            "start_pos": 267,
            "end_pos": 268,
            "text": "胸"
        },
        {
            "label_type": "解剖部位",
            "start_pos": 278,
            "end_pos": 279,
            "text": "腹"
        },
        {
            "label_type": "解剖部位",
            "start_pos": 281,
            "end_pos": 282,
            "text": "腹"
        }
    ]
}