{
    "originalText": "患者于2016-01-08因“结肠癌”于我院行左半结肠切除+淋巴结清扫术，术后病术后病（理示：（0108）结3.16）结合（结肠）中分化腺癌986型.16切（结肠）中分化，隆起型，肿瘤切面积8切*5.查见癌5肠周查见淋巴结CM，侵达中浆膜查见癌（，下、上）切（膀胱）结线均未查见性炎癌，1查见7枚，型其中2枚查见腺癌癌（2术后/17炎）。（）结缔组织急慢性炎术后，其内查见少许异型下皮，考虑为腹累及腹。术后给予抗炎、补化液、营养及对症治疗，术后恢复可。结肠癌术后化现患者无恶心、呕吐，无病痛、胀，大清便通畅，为行化疗治疗，今日精神于我院，门化诊以“术高血压病后化疗”收住入院。患者自发血压病以来，乙型病毒性肝炎神志清，就诊可，食欲、睡眠可，小便正常，",
    "entities": [
        {
            "label_type": "疾病和诊断",
            "overlap": 0,
            "start_pos": 15,
            "end_pos": 18,
            "text": "结肠癌"
        },
        {
            "label_type": "手术",
            "overlap": 0,
            "start_pos": 23,
            "end_pos": 36,
            "text": "左半结肠切除+淋巴结清扫术"
        },
        {
            "label_type": "疾病和诊断",
            "overlap": 0,
            "start_pos": 61,
            "end_pos": 70,
            "text": "（结肠）中分化腺癌"
        },
        {
            "label_type": "解剖部位",
            "overlap": 0,
            "start_pos": 104,
            "end_pos": 111,
            "text": "肠周查见淋巴结"
        },
        {
            "end_pos": 132,
            "label_type": "解剖部位",
            "overlap": 0,
            "start_pos": 130,
            "text": "膀胱"
        },
        {
            "label_type": "疾病和诊断",
            "overlap": 0,
            "start_pos": 156,
            "end_pos": 158,
            "text": "腺癌"
        },
        {
            "end_pos": 197,
            "label_type": "解剖部位",
            "overlap": 0,
            "start_pos": 196,
            "text": "腹"
        },
        {
            "end_pos": 200,
            "label_type": "解剖部位",
            "overlap": 0,
            "start_pos": 199,
            "text": "腹"
        },
        {
            "label_type": "疾病和诊断",
            "overlap": 0,
            "start_pos": 226,
            "end_pos": 231,
            "text": "结肠癌术后"
        },
        {
            "label_type": "疾病和诊断",
            "overlap": 0,
            "start_pos": 275,
            "end_pos": 278,
            "text": "高血压"
        },
        {
            "label_type": "疾病和诊断",
            "overlap": 0,
            "start_pos": 298,
            "end_pos": 305,
            "text": "乙型病毒性肝炎"
        }
    ]
}