{
    "originalText": "患者11月前因\\\"间下腹痛1断，1年结肠，发2现占位2天\\\"左半结肠切除术，于术我院，行左半切除（左半结肠）结肠隆起型高中分化腺癌，术分，粘液腺癌，手术10顺利，病理回，癌报为（左半）隆起型高中，分化周切腺癌3，部，未见分管癌为，淋巴结未见癌转移（肠周0/13，结肠中血管旁0/2），（，大）小（10）切×未见5×4CM，化结癌侵及浆膜上纤维脂肪组，织，距环周切缘，约3M2M，未，见脉管癌栓，，淋巴结2未1见癌，转移（肠周0/2013，，中血1管旁00/2），（，近端）及（远端），切缘未2见特2殊。免0疫组，化结果显示 ，C1D044，(2+)，2CME0T(，+)3，CO0X2(+)，，EGFR()，H10ER2(1+)，KI-67，(+结肠癌术后20%)，MLH1(+饮，食～75%，)，M，MP7(，弱+)，MSH2",
    "entities": [
        {
            "end_pos": 13,
            "label_type": "解剖部位",
            "overlap": 0,
            "start_pos": 10,
            "text": "下腹痛"
        },
        {
            "end_pos": 20,
            "label_type": "解剖部位",
            "overlap": 0,
            "start_pos": 18,
            "text": "结肠"
        },
        {
            "end_pos": 37,
            "label_type": "手术",
            "overlap": 0,
            "start_pos": 30,
            "text": "左半结肠切除术"
        },
        {
            "label_type": "疾病和诊断",
            "overlap": 0,
            "start_pos": 48,
            "end_pos": 65,
            "text": "（左半结肠）结肠隆起型高中分化腺癌"
        },
        {
            "label_type": "疾病和诊断",
            "overlap": 0,
            "start_pos": 69,
            "end_pos": 73,
            "text": "粘液腺癌"
        },
        {
            "label_type": "解剖部位",
            "overlap": 0,
            "start_pos": 115,
            "end_pos": 141,
            "text": "淋巴结未见癌转移（肠周0/13，结肠中血管旁0/2）"
        },
        {
            "label_type": "疾病和诊断",
            "overlap": 0,
            "start_pos": 323,
            "end_pos": 328,
            "text": "结肠癌术后"
        }
    ]
}