{
    "originalText": "1月前无明显诱因患者感头昏，偶有头痛，不伴发热、畏寒、寒战、反酸、烧心、嗳气、呃逆、胸闷、胸痛、气促、腹痛、腹泻、黑便。病程中偶有心悸，病程中四肢乏力逐渐加重。病程中偶可见黑色软便，患者未予重视。今日患者诉剑突上隐痛不适，无呃逆、烧心，大便性状、颜色不详。患者家属见患者精神差送入我院急诊科，查电解质、淀粉酶未见明显异常。血糖(静脉血)：10.14 mmol/l，血常规：红细胞数 3.43×10^12/L、血红蛋白浓度 58 g/L，心肌酶谱：谷草转氨酶 12.5 U/L，肾功：尿酸 398.7 μmol/l。心电图：窦性心动过速；完全性左束支传导阻滞；室性早搏。腹部彩超：肝囊肿，胆囊切除术后，脾大。急诊以“消化道出血、失血性贫血”收入我科。患者此次患病以来，精神状态欠佳，小便正常，大便如下。体重无明显减轻。",
    "entities": [
        {
            "label_type": "解剖部位",
            "start_pos": 11,
            "end_pos": 12,
            "text": "头"
        },
        {
            "label_type": "解剖部位",
            "start_pos": 16,
            "end_pos": 17,
            "text": "头"
        },
        {
            "label_type": "解剖部位",
            "start_pos": 42,
            "end_pos": 43,
            "text": "胸"
        },
        {
            "label_type": "解剖部位",
            "start_pos": 45,
            "end_pos": 46,
            "text": "胸"
        },
        {
            "label_type": "解剖部位",
            "start_pos": 51,
            "end_pos": 52,
            "text": "腹"
        },
        {
            "label_type": "解剖部位",
            "start_pos": 54,
            "end_pos": 55,
            "text": "腹"
        },
        {
            "label_type": "解剖部位",
            "start_pos": 65,
            "end_pos": 66,
            "text": "心"
        },
        {
            "label_type": "解剖部位",
            "start_pos": 71,
            "end_pos": 73,
            "text": "四肢"
        },
        {
            "label_type": "解剖部位",
            "start_pos": 103,
            "end_pos": 105,
            "text": "剑突"
        },
        {
            "label_type": "实验室检验",
            "start_pos": 161,
            "end_pos": 168,
            "text": "血糖(静脉血)"
        },
        {
            "label_type": "实验室检验",
            "start_pos": 186,
            "end_pos": 190,
            "text": "红细胞数"
        },
        {
            "label_type": "实验室检验",
            "start_pos": 204,
            "end_pos": 210,
            "text": "血红蛋白浓度"
        },
        {
            "label_type": "实验室检验",
            "start_pos": 223,
            "end_pos": 228,
            "text": "谷草转氨酶"
        },
        {
            "label_type": "实验室检验",
            "start_pos": 241,
            "end_pos": 243,
            "text": "尿酸"
        },
        {
            "label_type": "影像检查",
            "start_pos": 257,
            "end_pos": 260,
            "text": "心电图"
        },
        {
            "label_type": "疾病和诊断",
            "start_pos": 261,
            "end_pos": 267,
            "text": "窦性心动过速"
        },
        {
            "label_type": "疾病和诊断",
            "start_pos": 268,
            "end_pos": 278,
            "text": "完全性左束支传导阻滞"
        },
        {
            "label_type": "疾病和诊断",
            "start_pos": 279,
            "end_pos": 283,
            "text": "室性早搏"
        },
        {
            "label_type": "影像检查",
            "start_pos": 284,
            "end_pos": 288,
            "text": "腹部彩超"
        },
        {
            "label_type": "疾病和诊断",
            "start_pos": 289,
            "end_pos": 292,
            "text": "肝囊肿"
        },
        {
            "label_type": "疾病和诊断",
            "start_pos": 293,
            "end_pos": 299,
            "text": "胆囊切除术后"
        },
        {
            "label_type": "解剖部位",
            "start_pos": 300,
            "end_pos": 301,
            "text": "脾"
        },
        {
            "label_type": "疾病和诊断",
            "start_pos": 307,
            "end_pos": 312,
            "text": "消化道出血"
        },
        {
            "label_type": "疾病和诊断",
            "start_pos": 313,
            "end_pos": 318,
            "text": "失血性贫血"
        }
    ]
}