{
    "originalText": "平素月经规律，月经周期30天，末次月经2014-7-7，预产期2015-4-12。孕早期有明显恶心、呕吐等早孕反应，孕早期无保胎史。孕20周开始自觉胎动至今。孕期正规产检，唐氏筛查1:762，拒行无创基因检查，孕中期甲功提示“甲亢”，请内分泌科会诊后予甲硫咪唑口服治疗1月，复查甲功正常后停药，后随访甲功正常，3+月前产检时OGTT提示空腹血糖稍高于正常，余正常，诊断“妊娠期糖尿病”，嘱其饮食控制，其后监测血糖尚可。孕晚期无头晕、眼花、胸闷、心慌及皮肤瘙痒等不适。孕期甘胆酸结果正常。患者入院前8小时（03:00）无明显诱因出现阴道少量血性分泌物，伴不规律腹痛，无阴道流液不适，遂来院就诊，门诊胎监提示不规律宫缩，故门诊以\\\"先兆临产，妊娠期糖尿病\\\"收入院。患者孕期以来，精神食欲好，二便正常，体重增长15Kg。",
    "entities": [
        {
            "label_type": "药物",
            "start_pos": 126,
            "end_pos": 130,
            "text": "甲硫咪唑"
        },
        {
            "label_type": "实验室检验",
            "start_pos": 168,
            "end_pos": 172,
            "text": "空腹血糖"
        },
        {
            "label_type": "疾病和诊断",
            "start_pos": 185,
            "end_pos": 191,
            "text": "妊娠期糖尿病"
        },
        {
            "label_type": "解剖部位",
            "start_pos": 213,
            "end_pos": 214,
            "text": "头"
        },
        {
            "label_type": "解剖部位",
            "start_pos": 219,
            "end_pos": 220,
            "text": "胸"
        },
        {
            "label_type": "解剖部位",
            "start_pos": 222,
            "end_pos": 223,
            "text": "心"
        },
        {
            "label_type": "实验室检验",
            "start_pos": 235,
            "end_pos": 238,
            "text": "甘胆酸"
        },
        {
            "label_type": "解剖部位",
            "start_pos": 265,
            "end_pos": 267,
            "text": "阴道"
        },
        {
            "label_type": "解剖部位",
            "start_pos": 279,
            "end_pos": 280,
            "text": "腹"
        },
        {
            "label_type": "解剖部位",
            "start_pos": 283,
            "end_pos": 285,
            "text": "阴道"
        },
        {
            "label_type": "疾病和诊断",
            "start_pos": 314,
            "end_pos": 318,
            "text": "先兆临产"
        },
        {
            "label_type": "疾病和诊断",
            "start_pos": 319,
            "end_pos": 325,
            "text": "妊娠期糖尿病"
        }
    ]
}