{
    "originalText": "缘于入院前5月因诊为降结肠癌伴肝转移，于2016.01.15、2016.02.05在我院予“奥沙利铂200MGIVGTTD1+卡培他滨片(希罗达)1500MGBIDPOD1-14”方案行术术前新辅助化疗，未见明显化疗后不良反应，于2016年02月29日于我院腹腔镜上右半结肠切除术行（姑息性）术，术术顺，术后病理回报（20160576结肠隆起型黏液腺癌3）：结隆上起型黏液腺癌，侵及浆膜侵犯，上层脉管组术织，未见肯切定神经侵癌犯。手术标肠周淋巴结本远、近切端均癌转移未肠周见癌浸润。找到癌结4/肠22个，见癌转移右结肠。周脂肪中找到肠4枚上癌结节。粘镜上膜溃维疡。另送（右结动脉术根部）、（系腹膜上腹静脉根部）镜上为纤维、血术管及脂盐酸伊立替康肪组织。术后恢复可，卡培他滨片无痛、胀，无恶心、呕吐等不适，术后予盐酸伊立替康“240MG静滴D1安维汀+1500MGBIDPO替吉奥D1-14”“240MG静滴D1+400MG（自备）D1酸+6液0MGBIDPOD1-14”方案化疗3次，化降结肠癌伴肝转移疗期间予制酸、补液、营养支持等对症处理。为进一步治疗，门诊拟“（PT1N2AM1AIVA期）”收入院，自下",
    "entities": [
        {
            "label_type": "疾病和诊断",
            "overlap": 0,
            "start_pos": 10,
            "end_pos": 18,
            "text": "降结肠癌伴肝转移"
        },
        {
            "end_pos": 50,
            "label_type": "药物",
            "overlap": 0,
            "start_pos": 46,
            "text": "奥沙利铂"
        },
        {
            "end_pos": 68,
            "label_type": "药物",
            "overlap": 0,
            "start_pos": 63,
            "text": "卡培他滨片"
        },
        {
            "end_pos": 72,
            "label_type": "药物",
            "overlap": 0,
            "start_pos": 69,
            "text": "希罗达"
        },
        {
            "end_pos": 140,
            "label_type": "手术",
            "overlap": 0,
            "start_pos": 129,
            "text": "腹腔镜上右半结肠切除术"
        },
        {
            "label_type": "疾病和诊断",
            "overlap": 0,
            "start_pos": 167,
            "end_pos": 176,
            "text": "结肠隆起型黏液腺癌"
        },
        {
            "end_pos": 223,
            "label_type": "解剖部位",
            "overlap": 0,
            "start_pos": 218,
            "text": "肠周淋巴结"
        },
        {
            "label_type": "解剖部位",
            "overlap": 0,
            "start_pos": 234,
            "end_pos": 235,
            "text": "肠"
        },
        {
            "label_type": "解剖部位",
            "overlap": 0,
            "start_pos": 247,
            "end_pos": 248,
            "text": "肠"
        },
        {
            "label_type": "解剖部位",
            "overlap": 0,
            "start_pos": 256,
            "end_pos": 259,
            "text": "右结肠"
        },
        {
            "label_type": "解剖部位",
            "overlap": 0,
            "start_pos": 266,
            "end_pos": 267,
            "text": "肠"
        },
        {
            "end_pos": 297,
            "label_type": "解剖部位",
            "overlap": 0,
            "start_pos": 296,
            "text": "腹"
        },
        {
            "end_pos": 300,
            "label_type": "解剖部位",
            "overlap": 0,
            "start_pos": 299,
            "text": "腹"
        },
        {
            "end_pos": 322,
            "label_type": "药物",
            "overlap": 0,
            "start_pos": 316,
            "text": "盐酸伊立替康"
        },
        {
            "end_pos": 337,
            "label_type": "药物",
            "overlap": 0,
            "start_pos": 332,
            "text": "卡培他滨片"
        },
        {
            "end_pos": 361,
            "label_type": "药物",
            "overlap": 0,
            "start_pos": 355,
            "text": "盐酸伊立替康"
        },
        {
            "end_pos": 374,
            "label_type": "药物",
            "overlap": 0,
            "start_pos": 371,
            "text": "安维汀"
        },
        {
            "end_pos": 389,
            "label_type": "药物",
            "overlap": 0,
            "start_pos": 386,
            "text": "替吉奥"
        },
        {
            "label_type": "疾病和诊断",
            "overlap": 0,
            "start_pos": 443,
            "end_pos": 451,
            "text": "降结肠癌伴肝转移"
        }
    ]
}