{
    "originalText": "，患者2014年上上半年无明显诱因出现大便带鲜血，异常，伴大便次数增加至8-10次/天，稀烂，偶有里急后重，2014年11他也前出间现间脐周歇性隐痛，大便后可缓解。无恶心、发热等不适。到外院对症处理，便状血症状无明显缓解。2015-1-9肠镜，外院镜检查提示:距肛门17-乙状结肠19C肠镜M乙状结肿物，镜能通高分化腺癌过。活检病理提示。后至我院就诊，完善检查后于2015上年腹腔镜上DIXON术1术月22日全术麻上行结，术程顺利乙状结肠，，术镜后病肠中分化腺癌理结果回肠报：膜上（乙状结大体）镜检癌为中分化腺癌，浸润中央淋巴结至壁浆膜上层癌，未中间淋巴结见明确脉管内癌癌栓肠旁淋巴结及神经束侵犯癌。（系膜根部淋巴结）1枚，未见癌癌。分（）2枚，未N见癌。（II）6枚，未见癌化。（）1枚，未见癌。，分期为：PT3N0M0 IIA期。，免疫组化：MLH1（+），MSH2（+）希罗达，MSH化6（+）化，PMS2（+）。于2015-03-23开始至今行7程口服化疗周顺化利,化疗后未出现明显副反应。现患者为进一步诊治入院骶部遵主诊教授意见行本周期化疗。目前患者术一般情况可上，无发热、咳",
    "entities": [
        {
            "end_pos": 70,
            "label_type": "解剖部位",
            "overlap": 0,
            "start_pos": 68,
            "text": "脐周"
        },
        {
            "label_type": "疾病和诊断",
            "overlap": 0,
            "start_pos": 155,
            "end_pos": 160,
            "text": "高分化腺癌"
        },
        {
            "end_pos": 198,
            "label_type": "手术",
            "overlap": 0,
            "start_pos": 188,
            "text": "腹腔镜上DIXON术"
        },
        {
            "end_pos": 219,
            "label_type": "解剖部位",
            "overlap": 0,
            "start_pos": 215,
            "text": "乙状结肠"
        },
        {
            "label_type": "疾病和诊断",
            "overlap": 0,
            "start_pos": 225,
            "end_pos": 231,
            "text": "肠中分化腺癌"
        },
        {
            "label_type": "解剖部位",
            "overlap": 0,
            "start_pos": 235,
            "end_pos": 236,
            "text": "肠"
        },
        {
            "label_type": "解剖部位",
            "overlap": 0,
            "start_pos": 259,
            "end_pos": 264,
            "text": "中央淋巴结"
        },
        {
            "label_type": "解剖部位",
            "overlap": 0,
            "start_pos": 273,
            "end_pos": 278,
            "text": "中间淋巴结"
        },
        {
            "end_pos": 292,
            "label_type": "解剖部位",
            "overlap": 0,
            "start_pos": 287,
            "text": "肠旁淋巴结"
        },
        {
            "end_pos": 308,
            "label_type": "解剖部位",
            "overlap": 0,
            "start_pos": 301,
            "text": "系膜根部淋巴结"
        },
        {
            "end_pos": 391,
            "label_type": "药物",
            "overlap": 0,
            "start_pos": 388,
            "text": "希罗达"
        },
        {
            "end_pos": 462,
            "label_type": "解剖部位",
            "overlap": 0,
            "start_pos": 460,
            "text": "骶部"
        }
    ]
}