{
    "originalText": "2+年来患者无明显诱因反复出现腰及两上肢疼痛，以胀痛为主，呈阵发性发作，劳累、受凉、久坐、久站后出现疼痛加重，平卧休息可缓解，无两上肢麻木、间歇性跛行等，遂在原西郊医院住院治疗，诊断：“腰椎间盘突出症”经过综合治疗，病情缓解，但1+月前患者再次出现腰及两上肢疼痛疼痛加重，以大腿外侧为主，影响日常生活，予今日来我院康复科症状，“腰椎间盘突出症”门诊收入住院治疗。无明显诱因出现颈痛、头昏1+年，以胀痛为主，呈阵发性发作，受凉、伏案、劳累、受凉后出现疼痛加重，偶感两下肢疼痛，无两下肢麻木，无心慌、胸闷等，卫星正规治疗。患者诉近6+月出现胃部疼痛不适，进食后常出现以胀痛、刺痛、腹胀、嗳气等消化不良症状，自服胃药（具体药物不详）症状可缓解，未行正规治疗，患者患病以来精神一般，食欲可，大小便正常，近期无明显体重减轻。",
    "entities": [
        {
            "label_type": "解剖部位",
            "start_pos": 15,
            "end_pos": 16,
            "text": "腰"
        },
        {
            "label_type": "解剖部位",
            "start_pos": 17,
            "end_pos": 20,
            "text": "两上肢"
        },
        {
            "label_type": "疾病和诊断",
            "start_pos": 93,
            "end_pos": 100,
            "text": "腰椎间盘突出症"
        },
        {
            "label_type": "解剖部位",
            "start_pos": 124,
            "end_pos": 125,
            "text": "腰"
        },
        {
            "label_type": "解剖部位",
            "start_pos": 126,
            "end_pos": 129,
            "text": "两上肢"
        },
        {
            "label_type": "解剖部位",
            "start_pos": 137,
            "end_pos": 141,
            "text": "大腿外侧"
        },
        {
            "label_type": "疾病和诊断",
            "start_pos": 164,
            "end_pos": 171,
            "text": "腰椎间盘突出症"
        },
        {
            "label_type": "解剖部位",
            "start_pos": 188,
            "end_pos": 189,
            "text": "颈"
        },
        {
            "label_type": "解剖部位",
            "start_pos": 191,
            "end_pos": 192,
            "text": "头"
        },
        {
            "label_type": "解剖部位",
            "start_pos": 231,
            "end_pos": 234,
            "text": "两下肢"
        },
        {
            "label_type": "解剖部位",
            "start_pos": 238,
            "end_pos": 241,
            "text": "两下肢"
        },
        {
            "label_type": "解剖部位",
            "start_pos": 245,
            "end_pos": 246,
            "text": "心"
        },
        {
            "label_type": "解剖部位",
            "start_pos": 248,
            "end_pos": 249,
            "text": "胸"
        },
        {
            "label_type": "解剖部位",
            "start_pos": 268,
            "end_pos": 269,
            "text": "胃"
        },
        {
            "label_type": "解剖部位",
            "start_pos": 288,
            "end_pos": 289,
            "text": "腹"
        },
        {
            "label_type": "解剖部位",
            "start_pos": 303,
            "end_pos": 304,
            "text": "胃"
        }
    ]
}