{
    "originalText": "3+月前患者无明显诱因出现腹胀，伴腹围进行性增加，活动后感气促，伴两上肢凹陷性水肿，尿量减少，否认咳嗽、咳痰、发热，否认心前区压榨感、心悸，偶有头晕表现，诉腹胀，进食后明显，否认呕血、黑便，症状进行性加重，急诊我院门诊查肝回声异常；胆囊壁增厚增厚；脾大；两肾偏小，回声异常，血流信号减少，两肾囊肿，请结合临床进一步检查；胸、腹腔积液（两侧胸腔均见片状液性暗区，较深间距约10.0cm。肝肾、脾肾及两侧髂窝均见片状液性暗区，较深间距约11.5cm。）。床旁心电图提示逸搏心律，心率波动在34-42次/分右左，心内科会诊病情危重，建议下级医院就诊，家属要求在我院内科保守治疗，门诊以“肝硬化失代偿 窦性心动过缓待查”收入我科。患者此次患病以来，精神状态欠佳，小便量少，大便1-2次/日，黄色软便，量少。体重无明显减轻。",
    "entities": [
        {
            "label_type": "解剖部位",
            "start_pos": 13,
            "end_pos": 14,
            "text": "腹"
        },
        {
            "label_type": "解剖部位",
            "start_pos": 17,
            "end_pos": 18,
            "text": "腹"
        },
        {
            "label_type": "解剖部位",
            "start_pos": 33,
            "end_pos": 36,
            "text": "两上肢"
        },
        {
            "label_type": "解剖部位",
            "start_pos": 60,
            "end_pos": 63,
            "text": "心前区"
        },
        {
            "label_type": "解剖部位",
            "start_pos": 72,
            "end_pos": 73,
            "text": "头"
        },
        {
            "label_type": "解剖部位",
            "start_pos": 78,
            "end_pos": 79,
            "text": "腹"
        },
        {
            "label_type": "解剖部位",
            "start_pos": 110,
            "end_pos": 111,
            "text": "肝"
        },
        {
            "label_type": "解剖部位",
            "start_pos": 116,
            "end_pos": 118,
            "text": "胆囊"
        },
        {
            "label_type": "解剖部位",
            "start_pos": 124,
            "end_pos": 125,
            "text": "脾"
        },
        {
            "label_type": "解剖部位",
            "start_pos": 127,
            "end_pos": 129,
            "text": "两肾"
        },
        {
            "label_type": "疾病和诊断",
            "start_pos": 144,
            "end_pos": 148,
            "text": "两肾囊肿"
        },
        {
            "label_type": "解剖部位",
            "start_pos": 160,
            "end_pos": 161,
            "text": "胸"
        },
        {
            "label_type": "解剖部位",
            "start_pos": 162,
            "end_pos": 164,
            "text": "腹腔"
        },
        {
            "label_type": "解剖部位",
            "start_pos": 169,
            "end_pos": 171,
            "text": "胸腔"
        },
        {
            "label_type": "解剖部位",
            "start_pos": 192,
            "end_pos": 193,
            "text": "肝"
        },
        {
            "label_type": "解剖部位",
            "start_pos": 193,
            "end_pos": 194,
            "text": "肾"
        },
        {
            "label_type": "解剖部位",
            "start_pos": 195,
            "end_pos": 196,
            "text": "脾"
        },
        {
            "label_type": "解剖部位",
            "start_pos": 196,
            "end_pos": 197,
            "text": "肾"
        },
        {
            "label_type": "解剖部位",
            "start_pos": 198,
            "end_pos": 202,
            "text": "两侧髂窝"
        },
        {
            "label_type": "影像检查",
            "start_pos": 227,
            "end_pos": 230,
            "text": "心电图"
        },
        {
            "label_type": "疾病和诊断",
            "start_pos": 232,
            "end_pos": 236,
            "text": "逸搏心律"
        },
        {
            "label_type": "解剖部位",
            "start_pos": 237,
            "end_pos": 238,
            "text": "心"
        },
        {
            "label_type": "解剖部位",
            "start_pos": 253,
            "end_pos": 254,
            "text": "心"
        },
        {
            "label_type": "疾病和诊断",
            "start_pos": 290,
            "end_pos": 296,
            "text": "肝硬化失代偿"
        },
        {
            "label_type": "疾病和诊断",
            "start_pos": 297,
            "end_pos": 305,
            "text": "窦性心动过缓待查"
        }
    ]
}