{
    "originalText": "患者因胃MT于2010年1月14日在我科行腹腔镜根治性全胃切除术腔术镜根治性全(全胃)平坦型低分化腺癌胃切除全术，术后病理示：,侵及全层及性周围脂肪组织,呈弥漫分浸润性生癌长,侵切及偶有束,部分脉管可见小弯淋巴结癌栓,双切缘未见肿癌瘤累及. 检大弯淋巴结出13枚,其癌中9枚见癌转幽门下淋巴结移; 检出3癌枚,均可见癌幽门上淋巴结转移; 检出癌2枚,均未见癌转移淋巴结; 检出13癌枚,均见癌转切移; 癌另送14组术淋巴结2枚,均腹可见癌转移; 另送切缘未见癌累及。化患者术少化量多餐，神经",
    "entities": [
        {
            "label_type": "疾病和诊断",
            "overlap": 0,
            "start_pos": 3,
            "end_pos": 6,
            "text": "胃MT"
        },
        {
            "end_pos": 32,
            "label_type": "手术",
            "overlap": 0,
            "start_pos": 21,
            "text": "腹腔镜根治性全胃切除术"
        },
        {
            "label_type": "疾病和诊断",
            "overlap": 0,
            "start_pos": 39,
            "end_pos": 51,
            "text": "(全胃)平坦型低分化腺癌"
        },
        {
            "end_pos": 106,
            "label_type": "解剖部位",
            "overlap": 0,
            "start_pos": 101,
            "text": "小弯淋巴结"
        },
        {
            "end_pos": 127,
            "label_type": "解剖部位",
            "overlap": 0,
            "start_pos": 122,
            "text": "大弯淋巴结"
        },
        {
            "end_pos": 146,
            "label_type": "解剖部位",
            "overlap": 0,
            "start_pos": 140,
            "text": "幽门下淋巴结"
        },
        {
            "end_pos": 165,
            "label_type": "解剖部位",
            "overlap": 0,
            "start_pos": 159,
            "text": "幽门上淋巴结"
        },
        {
            "end_pos": 216,
            "label_type": "解剖部位",
            "overlap": 0,
            "start_pos": 215,
            "text": "腹"
        }
    ]
}