{
    "originalText": "，患者近1月前（（2016-02-2）3）前胃癌因“癌”于胃癌姑息性切除术（远端胃大部切除+毕I式吻合）面积术行，，术中探查见：胃窦小弯侧肿大小瘤位于侧，大小约5*4*3CM,胰腺侵胃透浆膜并组侵大淋巴结及，周7、8、9组淋巴结可合见多组肿大胰腺淋巴结，术后其中融合成团（胃）低分化腺癌，并与浸印戒细胞癌分化润。，术后常规病理切示：（）低分化腺8癌，局灶伴胃壁深肌层分化端切，、吻合弥切漫浸润型组，肿瘤切癌我大弯侧淋巴结院5.5*0.8（CM，侵）及壁深肌层第7、8组淋巴结9。双端切缘、（吻合9）器切缘及网小弯侧淋巴结8膜组织未查见癌。（118）枚，其中组化3枚（（+）、3/11）（查+）、见转移（；）、9枚，其中（+）1术后枚（1/、9）查见转移；8枚，均后未查见转移（0/8、）。，免腹疫、腹组化：CK（+）、HER-2（2+）、SYN（-）、胃癌术后E-CAD（+）。术后给予消炎、营养支持治疗，病情好转后出院。现患者",
    "entities": [
        {
            "label_type": "疾病和诊断",
            "overlap": 0,
            "start_pos": 22,
            "end_pos": 24,
            "text": "胃癌"
        },
        {
            "label_type": "手术",
            "overlap": 0,
            "start_pos": 29,
            "end_pos": 52,
            "text": "胃癌姑息性切除术（远端胃大部切除+毕I式吻合）"
        },
        {
            "label_type": "解剖部位",
            "overlap": 0,
            "start_pos": 64,
            "end_pos": 68,
            "text": "胃窦小弯"
        },
        {
            "end_pos": 90,
            "label_type": "解剖部位",
            "overlap": 0,
            "start_pos": 88,
            "text": "胰腺"
        },
        {
            "end_pos": 92,
            "label_type": "解剖部位",
            "overlap": 0,
            "start_pos": 91,
            "text": "胃"
        },
        {
            "label_type": "解剖部位",
            "overlap": 0,
            "start_pos": 105,
            "end_pos": 114,
            "text": "7、8、9组淋巴结"
        },
        {
            "end_pos": 123,
            "label_type": "解剖部位",
            "overlap": 0,
            "start_pos": 121,
            "text": "胰腺"
        },
        {
            "label_type": "疾病和诊断",
            "overlap": 0,
            "start_pos": 135,
            "end_pos": 143,
            "text": "（胃）低分化腺癌"
        },
        {
            "label_type": "疾病和诊断",
            "overlap": 0,
            "start_pos": 147,
            "end_pos": 152,
            "text": "印戒细胞癌"
        },
        {
            "end_pos": 183,
            "label_type": "解剖部位",
            "overlap": 0,
            "start_pos": 178,
            "text": "胃壁深肌层"
        },
        {
            "end_pos": 210,
            "label_type": "解剖部位",
            "overlap": 0,
            "start_pos": 204,
            "text": "大弯侧淋巴结"
        },
        {
            "label_type": "解剖部位",
            "overlap": 0,
            "start_pos": 229,
            "end_pos": 237,
            "text": "第7、8组淋巴结"
        },
        {
            "end_pos": 260,
            "label_type": "解剖部位",
            "overlap": 0,
            "start_pos": 254,
            "text": "小弯侧淋巴结"
        },
        {
            "end_pos": 347,
            "label_type": "解剖部位",
            "overlap": 0,
            "start_pos": 346,
            "text": "腹"
        },
        {
            "end_pos": 350,
            "label_type": "解剖部位",
            "overlap": 0,
            "start_pos": 349,
            "text": "腹"
        },
        {
            "label_type": "疾病和诊断",
            "overlap": 0,
            "start_pos": 376,
            "end_pos": 380,
            "text": "胃癌术后"
        }
    ]
}