{
    "originalText": "患者20+年前检查发现血压高，最高时收缩压超过180mmHg，长期服用降压药物（硝苯地平缓释片等），自诉血压控制尚可，起初无头昏、头痛，无心悸、无活动后心累、乏力等不适。近5年患者无明确诱因反复出现头昏，阵性发作，多以受凉后明显，严重时伴有恶心，呕吐，无偏瘫，无肢体乏力等不适，曾在**某医院检查（具体不详），自诉和血压无关，但病程中患者逐渐出现活动后心累，气喘，间断上肢浮肿，以上午为甚，晨起浮肿可完全消退，无胸痛，无胸骨后压榨感等不适，曾在当地就诊，心电图、心脏彩超检查未发现特殊异常，具体治疗不详。近3天患者再发头昏，症状较前加重，且以改变体位后明显，无视物旋转，无恶心呕吐，无肢体乏力等不适，今日到我院就诊，为进一步治疗收入我科住院。患者此次患病以来精神食欲差，大小便正常，睡眠尚可,体力及体重无明显改变.",
    "entities": [
        {
            "label_type": "药物",
            "start_pos": 40,
            "end_pos": 47,
            "text": "硝苯地平缓释片"
        },
        {
            "label_type": "解剖部位",
            "start_pos": 62,
            "end_pos": 63,
            "text": "头"
        },
        {
            "label_type": "解剖部位",
            "start_pos": 65,
            "end_pos": 66,
            "text": "头"
        },
        {
            "label_type": "解剖部位",
            "start_pos": 69,
            "end_pos": 70,
            "text": "心"
        },
        {
            "label_type": "解剖部位",
            "start_pos": 76,
            "end_pos": 77,
            "text": "心"
        },
        {
            "label_type": "解剖部位",
            "start_pos": 99,
            "end_pos": 100,
            "text": "头"
        },
        {
            "label_type": "解剖部位",
            "start_pos": 176,
            "end_pos": 177,
            "text": "心"
        },
        {
            "label_type": "解剖部位",
            "start_pos": 184,
            "end_pos": 186,
            "text": "上肢"
        },
        {
            "label_type": "解剖部位",
            "start_pos": 206,
            "end_pos": 207,
            "text": "胸"
        },
        {
            "label_type": "解剖部位",
            "start_pos": 210,
            "end_pos": 212,
            "text": "胸骨"
        },
        {
            "label_type": "影像检查",
            "start_pos": 227,
            "end_pos": 230,
            "text": "心电图"
        },
        {
            "label_type": "影像检查",
            "start_pos": 231,
            "end_pos": 235,
            "text": "心脏彩超"
        },
        {
            "label_type": "解剖部位",
            "start_pos": 259,
            "end_pos": 260,
            "text": "头"
        }
    ]
}