{
    "originalText": "入院前半月，患者无明显诱因出现下腹痛，以左下腹为主，为持续性隐痛，阵发性加重，与进食及体位无明显关系，无转移痛及放射痛，无明显加重及缓解因素，伴恶心、呕吐，7-10次/天，呕吐物为胃内容物，每次量少，不呈喷射状，偶含咖啡色物质，不含血凝块，偶有解黑色糊状大便，具体量不详，伴心悸、头晕、乏力，伴纳差，进食量上降至正常时1/4，伴反酸、嗳气，偶有咳嗽，咳少量白色泡沫痰，无厌油、黄疸，无便血，无咯血、呼吸困难，无腹胀、腹泻，无畏寒、发热等不适。1周前就诊于******医院，行腹部彩超未见明显异常（未见报告），予以治疗后（具体不详），开始解黄色软便，但腹痛、呕吐等症状无明显缓解，遂今日来我院就诊，门诊以“呕吐原因待查”收入我科。病程中精神、饮食、睡眠欠佳，大便如下述，近3日未解大便，小便正常，体重上降约3kg。",
    "entities": [
        {
            "label_type": "解剖部位",
            "start_pos": 15,
            "end_pos": 17,
            "text": "下腹"
        },
        {
            "label_type": "解剖部位",
            "start_pos": 20,
            "end_pos": 23,
            "text": "左下腹"
        },
        {
            "label_type": "解剖部位",
            "start_pos": 90,
            "end_pos": 91,
            "text": "胃"
        },
        {
            "label_type": "解剖部位",
            "start_pos": 137,
            "end_pos": 138,
            "text": "心"
        },
        {
            "label_type": "解剖部位",
            "start_pos": 140,
            "end_pos": 141,
            "text": "头"
        },
        {
            "label_type": "解剖部位",
            "start_pos": 205,
            "end_pos": 206,
            "text": "腹"
        },
        {
            "label_type": "解剖部位",
            "start_pos": 208,
            "end_pos": 209,
            "text": "腹"
        },
        {
            "label_type": "影像检查",
            "start_pos": 237,
            "end_pos": 241,
            "text": "腹部彩超"
        },
        {
            "label_type": "解剖部位",
            "start_pos": 275,
            "end_pos": 276,
            "text": "腹"
        },
        {
            "label_type": "疾病和诊断",
            "start_pos": 302,
            "end_pos": 308,
            "text": "呕吐原因待查"
        }
    ]
}