{
    "originalText": "，缘于入院前1月余于我院诊为直肠癌癌，于2016.01.12在全上麻腹腔镜上直肠癌根治术DIXON上行术镜上癌上腹部根治术腹腔DIXON，，术中见腹：上盆腔部腹粘连，内膜无肝脏明显收住，无结明显腹腔水，直肠下段、壁、大网膜、未5见明显转移结节，膜位于术后下段，大小约3*2.5C）M，(直肠可疑侵肠隆起型绒毛状-管状腺癌II级及浆膜层。术后病理（201601067）），：淋巴管(癌)，：术，局灶性浸润深肌层下（&）G(上T;1/2肌癌层），并见肠周淋巴结淋巴管内癌栓下级。手术标淋巴结）本双切(肠系膜上动脉根部）淋巴结端及另送（下癌切端）、(上切端)均结未见癌I浸润。找到9个（）经本5组下级医师）复核淋巴结），另送）15-FU个，均）未见癌转移。，免疫）组化染色结果：KI）67（60%阳性）），P53-（+++）），DNP170（+++），（++），MLH1（+++），MSH2（+）++），PMS2（+++），MS定H-6（）+术后++）。DNA错配修治复的MMR蛋白（PMSII2、MSH6、MLH1和MSH2）免奥沙利铂(乐沙定疫组5化染色I提示本例D肿瘤卡培他滨片(希罗达微卫星稳定（MSOSIDD）-。术后给予对症、营养支胃持等肝治疗，恢治复良好,伤口愈合II/甲出院。于2016.01.30行“()1直肠癌术后50MGIVGTT下D1+()10",
    "entities": [
        {
            "label_type": "疾病和诊断",
            "overlap": 0,
            "start_pos": 14,
            "end_pos": 17,
            "text": "直肠癌"
        },
        {
            "label_type": "手术",
            "overlap": 0,
            "start_pos": 34,
            "end_pos": 49,
            "text": "腹腔镜上直肠癌根治术DIXON"
        },
        {
            "end_pos": 58,
            "label_type": "解剖部位",
            "overlap": 0,
            "start_pos": 55,
            "text": "上腹部"
        },
        {
            "end_pos": 63,
            "label_type": "解剖部位",
            "overlap": 0,
            "start_pos": 61,
            "text": "腹腔"
        },
        {
            "end_pos": 74,
            "label_type": "解剖部位",
            "overlap": 0,
            "start_pos": 73,
            "text": "腹"
        },
        {
            "end_pos": 78,
            "label_type": "解剖部位",
            "overlap": 0,
            "start_pos": 76,
            "text": "盆腔"
        },
        {
            "label_type": "解剖部位",
            "overlap": 0,
            "start_pos": 79,
            "end_pos": 80,
            "text": "腹"
        },
        {
            "end_pos": 88,
            "label_type": "解剖部位",
            "overlap": 0,
            "start_pos": 86,
            "text": "肝脏"
        },
        {
            "end_pos": 99,
            "label_type": "解剖部位",
            "overlap": 0,
            "start_pos": 97,
            "text": "腹腔"
        },
        {
            "label_type": "解剖部位",
            "overlap": 0,
            "start_pos": 101,
            "end_pos": 105,
            "text": "直肠下段"
        },
        {
            "end_pos": 145,
            "label_type": "解剖部位",
            "overlap": 0,
            "start_pos": 143,
            "text": "直肠"
        },
        {
            "label_type": "疾病和诊断",
            "overlap": 0,
            "start_pos": 148,
            "end_pos": 163,
            "text": "肠隆起型绒毛状-管状腺癌II级"
        },
        {
            "end_pos": 228,
            "label_type": "解剖部位",
            "overlap": 0,
            "start_pos": 223,
            "text": "肠周淋巴结"
        },
        {
            "end_pos": 260,
            "label_type": "解剖部位",
            "overlap": 0,
            "start_pos": 247,
            "text": "(肠系膜上动脉根部）淋巴结"
        },
        {
            "end_pos": 315,
            "label_type": "药物",
            "overlap": 0,
            "start_pos": 311,
            "text": "5-FU"
        },
        {
            "end_pos": 466,
            "label_type": "药物",
            "overlap": 0,
            "start_pos": 462,
            "text": "奥沙利铂"
        },
        {
            "end_pos": 470,
            "label_type": "药物",
            "overlap": 0,
            "start_pos": 467,
            "text": "乐沙定"
        },
        {
            "end_pos": 489,
            "label_type": "药物",
            "overlap": 0,
            "start_pos": 484,
            "text": "卡培他滨片"
        },
        {
            "end_pos": 493,
            "label_type": "药物",
            "overlap": 0,
            "start_pos": 490,
            "text": "希罗达"
        },
        {
            "end_pos": 520,
            "label_type": "解剖部位",
            "overlap": 0,
            "start_pos": 519,
            "text": "胃"
        },
        {
            "end_pos": 523,
            "label_type": "解剖部位",
            "overlap": 0,
            "start_pos": 522,
            "text": "肝"
        },
        {
            "label_type": "疾病和诊断",
            "overlap": 0,
            "start_pos": 559,
            "end_pos": 564,
            "text": "直肠癌术后"
        }
    ]
}