{
    "originalText": "，缘于4月前因反复进食食阻塞3个月就诊于我院，完术善术前后准备后，于201601胸腹腔镜联合全胸段食管切除+食管-胃底右颈部吻合+右甲状腺结节切除术06术顺行。术后手术顺利后，术后恢术后复良好后（食管及胃底）食管多中心性蕈伞型鳞状细胞癌II级黑便及，，术后病理神经及示管：，侵及术外膜层，上切侵及犯神(经及切脉)管组织癌，手术标本食管周淋巴结下、上切端胃周淋巴结及另送(最及下切(右喉返喉返神经旁)淋巴结端)均未见癌（左喉返喉返神经神经旁）淋巴结浸润。找到(颈部右喉返喉返神经旁)淋巴结0/2个，(隆突上)淋巴结0/5个，(上段食管旁)淋巴结及另送0/（贲门旁）淋巴结16个，0癌/5个，1/1个，0/细胞2个I，0（/5个，性）0/4(个)（+）见癌转移（+）。，免疫（组化细胞：性）肿瘤细胞示（++）KI67（（-）60%阳性（++）），除CK(H)后（+），P-63-（+），P53-（个-别细胞阳性），-P1-70（+顺铂+），GST-π（紫杉醇-），EGFR（++）。周排除化疗禁忌症后肝于2胃016-02-03，2016-02-28，2016-03-22以“40M食管癌术后GD1-3，210MGD胸2”方案行3胸背周期次腹化疗腹，辅以保，护，提高免疫返力等处食理，未见明显化疗副反应。现为求第4次化",
    "entities": [
        {
            "label_type": "手术",
            "overlap": 0,
            "start_pos": 40,
            "end_pos": 74,
            "text": "胸腹腔镜联合全胸段食管切除+食管-胃底右颈部吻合+右甲状腺结节切除术"
        },
        {
            "label_type": "疾病和诊断",
            "overlap": 0,
            "start_pos": 97,
            "end_pos": 121,
            "text": "（食管及胃底）食管多中心性蕈伞型鳞状细胞癌II级"
        },
        {
            "end_pos": 171,
            "label_type": "解剖部位",
            "overlap": 0,
            "start_pos": 165,
            "text": "食管周淋巴结"
        },
        {
            "end_pos": 181,
            "label_type": "解剖部位",
            "overlap": 0,
            "start_pos": 176,
            "text": "胃周淋巴结"
        },
        {
            "end_pos": 202,
            "label_type": "解剖部位",
            "overlap": 0,
            "start_pos": 189,
            "text": "(右喉返喉返神经旁)淋巴结"
        },
        {
            "end_pos": 223,
            "label_type": "解剖部位",
            "overlap": 0,
            "start_pos": 208,
            "text": "（左喉返喉返神经神经旁）淋巴结"
        },
        {
            "end_pos": 243,
            "label_type": "解剖部位",
            "overlap": 0,
            "start_pos": 228,
            "text": "(颈部右喉返喉返神经旁)淋巴结"
        },
        {
            "end_pos": 256,
            "label_type": "解剖部位",
            "overlap": 0,
            "start_pos": 248,
            "text": "(隆突上)淋巴结"
        },
        {
            "end_pos": 271,
            "label_type": "解剖部位",
            "overlap": 0,
            "start_pos": 261,
            "text": "(上段食管旁)淋巴结"
        },
        {
            "end_pos": 284,
            "label_type": "解剖部位",
            "overlap": 0,
            "start_pos": 276,
            "text": "（贲门旁）淋巴结"
        },
        {
            "end_pos": 415,
            "label_type": "药物",
            "overlap": 0,
            "start_pos": 413,
            "text": "顺铂"
        },
        {
            "end_pos": 427,
            "label_type": "药物",
            "overlap": 0,
            "start_pos": 424,
            "text": "紫杉醇"
        },
        {
            "end_pos": 449,
            "label_type": "解剖部位",
            "overlap": 0,
            "start_pos": 448,
            "text": "肝"
        },
        {
            "end_pos": 452,
            "label_type": "解剖部位",
            "overlap": 0,
            "start_pos": 451,
            "text": "胃"
        },
        {
            "label_type": "疾病和诊断",
            "overlap": 0,
            "start_pos": 488,
            "end_pos": 493,
            "text": "食管癌术后"
        },
        {
            "end_pos": 506,
            "label_type": "解剖部位",
            "overlap": 0,
            "start_pos": 505,
            "text": "胸"
        },
        {
            "end_pos": 514,
            "label_type": "解剖部位",
            "overlap": 0,
            "start_pos": 512,
            "text": "胸背"
        },
        {
            "end_pos": 518,
            "label_type": "解剖部位",
            "overlap": 0,
            "start_pos": 517,
            "text": "腹"
        },
        {
            "end_pos": 521,
            "label_type": "解剖部位",
            "overlap": 0,
            "start_pos": 520,
            "text": "腹"
        }
    ]
}