{
    "originalText": "10小时前无明显诱因患者解黑色质干大便一次，伴头昏、四肢乏力、中下腹隐痛。不伴嗳气、呃逆、头痛、胸闷、胸痛、心悸、气促、鲜血便、呕吐，无晕厥、黑朦、意识丧失。患者未予重视。随后患者再次出现解黑色质稀柏油样大便一次，伴头昏、四肢乏力较前加重，仍有中下腹隐痛。患者自服感冒疏风片、四季感冒片后症状无缓解。病程中共晕厥4次，数分钟后可自行缓解，无大小便失禁。伴呕吐咖啡色胃内容物一次，无喷射样呕吐。立即送入我院急诊科，查呕吐物隐血试验 弱阳性，血常规：白细胞数 10.8 10^9/L、红细胞数 3.57 10^12/L、血红蛋白浓度 111 g/L、中性粒细胞百分比 86.91 %。肾功、电解质未见明显异常。急诊以“消化道出血原因待查”收入我科。患者此次患病以来，精神状态欠佳，小便正常，大便如下。体重无明显减轻。",
    "entities": [
        {
            "label_type": "解剖部位",
            "start_pos": 23,
            "end_pos": 24,
            "text": "头"
        },
        {
            "label_type": "解剖部位",
            "start_pos": 26,
            "end_pos": 28,
            "text": "四肢"
        },
        {
            "label_type": "解剖部位",
            "start_pos": 31,
            "end_pos": 34,
            "text": "中下腹"
        },
        {
            "label_type": "解剖部位",
            "start_pos": 45,
            "end_pos": 46,
            "text": "头"
        },
        {
            "label_type": "解剖部位",
            "start_pos": 48,
            "end_pos": 49,
            "text": "胸"
        },
        {
            "label_type": "解剖部位",
            "start_pos": 51,
            "end_pos": 52,
            "text": "胸"
        },
        {
            "label_type": "解剖部位",
            "start_pos": 54,
            "end_pos": 55,
            "text": "心"
        },
        {
            "label_type": "解剖部位",
            "start_pos": 108,
            "end_pos": 109,
            "text": "头"
        },
        {
            "label_type": "解剖部位",
            "start_pos": 111,
            "end_pos": 113,
            "text": "四肢"
        },
        {
            "label_type": "解剖部位",
            "start_pos": 122,
            "end_pos": 125,
            "text": "中下腹"
        },
        {
            "label_type": "药物",
            "start_pos": 132,
            "end_pos": 137,
            "text": "感冒疏风片"
        },
        {
            "label_type": "药物",
            "start_pos": 138,
            "end_pos": 143,
            "text": "四季感冒片"
        },
        {
            "label_type": "实验室检验",
            "start_pos": 207,
            "end_pos": 214,
            "text": "呕吐物隐血试验"
        },
        {
            "label_type": "实验室检验",
            "start_pos": 223,
            "end_pos": 227,
            "text": "白细胞数"
        },
        {
            "label_type": "实验室检验",
            "start_pos": 240,
            "end_pos": 244,
            "text": "红细胞数"
        },
        {
            "label_type": "实验室检验",
            "start_pos": 258,
            "end_pos": 264,
            "text": "血红蛋白浓度"
        },
        {
            "label_type": "实验室检验",
            "start_pos": 273,
            "end_pos": 281,
            "text": "中性粒细胞百分比"
        },
        {
            "label_type": "疾病和诊断",
            "start_pos": 307,
            "end_pos": 316,
            "text": "消化道出血原因待查"
        }
    ]
}