{
    "originalText": "入院前1+年患者无诱因出现右侧鼻阻，流涕曾于我院五官科诊断为“1.右侧扁桃体恶性肿瘤；2.鼻咽癌（咽部、鼻咽部鳞状细胞癌）”。患者于2014年6月到*****医院住院，诊断为“鼻咽癌、右扁桃体癌”，内科治疗好转后出院。入院前半年患者受凉后出现咳嗽咳痰，量少，偶见痰中见血，伴头昏头痛在我科检查诊断为“慢支炎急性发作，脑梗死”，住院期间突发右侧肢体乏力及摔倒，经抗炎、扩管、营养神经等治疗后好转。入院前1+天患者受凉后出现发热，体温达39.8摄氏度，伴咳嗽、咳痰，咳嗽咳白色粘痰，鼻塞，伴活动后喘累、胸闷，伴头昏头痛，伴进食时呛咳，无恶心呕吐，无发热气促，无腹胀腹泻，无消瘦乏力，无两上肢水肿，遂于我院就诊，为进一步治疗，门诊以“鼻咽癌”收入我院住院治疗。病程中患者精神、饮食较差，大小便正常，体重无明显上降。",
    "entities": [
        {
            "label_type": "解剖部位",
            "start_pos": 13,
            "end_pos": 16,
            "text": "右侧鼻"
        },
        {
            "label_type": "疾病和诊断",
            "start_pos": 33,
            "end_pos": 42,
            "text": "右侧扁桃体恶性肿瘤"
        },
        {
            "label_type": "疾病和诊断",
            "start_pos": 45,
            "end_pos": 61,
            "text": "鼻咽癌（咽部、鼻咽部鳞状细胞癌）"
        },
        {
            "label_type": "疾病和诊断",
            "start_pos": 88,
            "end_pos": 91,
            "text": "鼻咽癌"
        },
        {
            "label_type": "疾病和诊断",
            "start_pos": 92,
            "end_pos": 97,
            "text": "右扁桃体癌"
        },
        {
            "label_type": "解剖部位",
            "start_pos": 137,
            "end_pos": 138,
            "text": "头"
        },
        {
            "label_type": "解剖部位",
            "start_pos": 139,
            "end_pos": 140,
            "text": "头"
        },
        {
            "label_type": "疾病和诊断",
            "start_pos": 150,
            "end_pos": 157,
            "text": "慢支炎急性发作"
        },
        {
            "label_type": "疾病和诊断",
            "start_pos": 158,
            "end_pos": 161,
            "text": "脑梗死"
        },
        {
            "label_type": "解剖部位",
            "start_pos": 169,
            "end_pos": 173,
            "text": "右侧肢体"
        },
        {
            "label_type": "解剖部位",
            "start_pos": 239,
            "end_pos": 240,
            "text": "鼻"
        },
        {
            "label_type": "解剖部位",
            "start_pos": 249,
            "end_pos": 250,
            "text": "胸"
        },
        {
            "label_type": "解剖部位",
            "start_pos": 253,
            "end_pos": 254,
            "text": "头"
        },
        {
            "label_type": "解剖部位",
            "start_pos": 255,
            "end_pos": 256,
            "text": "头"
        },
        {
            "label_type": "解剖部位",
            "start_pos": 278,
            "end_pos": 279,
            "text": "腹"
        },
        {
            "label_type": "解剖部位",
            "start_pos": 280,
            "end_pos": 281,
            "text": "腹"
        },
        {
            "label_type": "解剖部位",
            "start_pos": 290,
            "end_pos": 293,
            "text": "两上肢"
        },
        {
            "label_type": "疾病和诊断",
            "start_pos": 314,
            "end_pos": 317,
            "text": "鼻咽癌"
        }
    ]
}