{
    "originalText": "，，缘于入院1前1月于我为胃癌，院诊为1，-11-于2013上-根治性远端胃大部切除术，，术11-腹腔29在全腹麻，盆腔上腹壁行大根治性远端结大，肝脏部切大小除术，，，术中见：结内无胃腔精神水，，胃壁、壁、大，网膜无转幽门管大弯侧移结壁，节动，质，地大小正常，，未及胰腺，明显转移结大淋巴结节术后。腔扩（张明1显，水肿增厚）(远端胃)，，胃窦溃疡型管状腺癌II-III级，少部分为低粘附性癌（主要为印戒细胞癌），脉管肿瘤癌位，于管大弯侧，偏术前壁下切端，上切端活动度(下切端)可，侵癌出浆膜层，大弯侧淋巴结未侵1犯，小弯侧淋巴结4，周围，幽门下淋巴结4可及肿，幽门上淋巴结4大淋巴结。(胃右动脉根部)淋巴结1术后病，理癌示（201小弯侧癌结313，幽门下癌结716，幽门上癌结913，）((第14V组淋巴结)远上为脉管端)，：，脉结管组内见，癌栓组，结侵出浆I膜层（，5手术性），标5本（下切端），、1上切（-），端及另送（(），下切F端（-），5-FU（)均），未见癌-浸（-）润术后。找到0/1个，侧淋治巴，结4/6个，下淋巴II结4/6个为，上淋巴结4，门/7胃癌术后个另送1下/9个，见癌转移。找到侧癌结，节腹1个腹，下癌结，大小节1个，，上癌结节1个，另送",
    "entities": [
        {
            "label_type": "疾病和诊断",
            "overlap": 0,
            "start_pos": 13,
            "end_pos": 15,
            "text": "胃癌"
        },
        {
            "end_pos": 43,
            "label_type": "手术",
            "overlap": 0,
            "start_pos": 32,
            "text": "根治性远端胃大部切除术"
        },
        {
            "end_pos": 51,
            "label_type": "解剖部位",
            "overlap": 0,
            "start_pos": 49,
            "text": "腹腔"
        },
        {
            "end_pos": 56,
            "label_type": "解剖部位",
            "overlap": 0,
            "start_pos": 55,
            "text": "腹"
        },
        {
            "end_pos": 60,
            "label_type": "解剖部位",
            "overlap": 0,
            "start_pos": 58,
            "text": "盆腔"
        },
        {
            "label_type": "解剖部位",
            "overlap": 0,
            "start_pos": 61,
            "end_pos": 62,
            "text": "腹"
        },
        {
            "end_pos": 75,
            "label_type": "解剖部位",
            "overlap": 0,
            "start_pos": 73,
            "text": "肝脏"
        },
        {
            "end_pos": 93,
            "label_type": "解剖部位",
            "overlap": 0,
            "start_pos": 91,
            "text": "胃腔"
        },
        {
            "end_pos": 100,
            "label_type": "解剖部位",
            "overlap": 0,
            "start_pos": 98,
            "text": "胃壁"
        },
        {
            "label_type": "解剖部位",
            "overlap": 0,
            "start_pos": 109,
            "end_pos": 114,
            "text": "幽门管大弯"
        },
        {
            "end_pos": 135,
            "label_type": "解剖部位",
            "overlap": 0,
            "start_pos": 133,
            "text": "胰腺"
        },
        {
            "label_type": "解剖部位",
            "overlap": 0,
            "start_pos": 165,
            "end_pos": 166,
            "text": "胃"
        },
        {
            "label_type": "疾病和诊断",
            "overlap": 0,
            "start_pos": 169,
            "end_pos": 205,
            "text": "胃窦溃疡型管状腺癌II-III级，少部分为低粘附性癌（主要为印戒细胞癌）"
        },
        {
            "end_pos": 253,
            "label_type": "解剖部位",
            "overlap": 0,
            "start_pos": 247,
            "text": "大弯侧淋巴结"
        },
        {
            "end_pos": 264,
            "label_type": "解剖部位",
            "overlap": 0,
            "start_pos": 258,
            "text": "小弯侧淋巴结"
        },
        {
            "end_pos": 275,
            "label_type": "解剖部位",
            "overlap": 0,
            "start_pos": 269,
            "text": "幽门下淋巴结"
        },
        {
            "end_pos": 286,
            "label_type": "解剖部位",
            "overlap": 0,
            "start_pos": 280,
            "text": "幽门上淋巴结"
        },
        {
            "end_pos": 303,
            "label_type": "解剖部位",
            "overlap": 0,
            "start_pos": 292,
            "text": "(胃右动脉根部)淋巴结"
        },
        {
            "label_type": "解剖部位",
            "overlap": 0,
            "start_pos": 315,
            "end_pos": 317,
            "text": "小弯"
        },
        {
            "end_pos": 326,
            "label_type": "解剖部位",
            "overlap": 0,
            "start_pos": 324,
            "text": "幽门"
        },
        {
            "end_pos": 335,
            "label_type": "解剖部位",
            "overlap": 0,
            "start_pos": 333,
            "text": "幽门"
        },
        {
            "label_type": "解剖部位",
            "overlap": 0,
            "start_pos": 345,
            "end_pos": 353,
            "text": "第14V组淋巴结"
        },
        {
            "end_pos": 427,
            "label_type": "药物",
            "overlap": 0,
            "start_pos": 423,
            "text": "5-FU"
        },
        {
            "label_type": "疾病和诊断",
            "overlap": 0,
            "start_pos": 483,
            "end_pos": 487,
            "text": "胃癌术后"
        },
        {
            "end_pos": 509,
            "label_type": "解剖部位",
            "overlap": 0,
            "start_pos": 508,
            "text": "腹"
        },
        {
            "end_pos": 512,
            "label_type": "解剖部位",
            "overlap": 0,
            "start_pos": 511,
            "text": "腹"
        }
    ]
}