{
    "originalText": "患者于2014年05月因“子宫内膜癌”于******健院行“腹腔镜上广泛切除术+两附件切除术+盆腔LN及腹主动脉旁淋巴结清扫术”术术后病理为子宫内膜样腺鳞癌II级伴鳞状生化“”。2014年5月至7月TC行T化C方案化疗3程。2015年1CT1月复盆腔查及两侧髂提示旁“以及血淋巴结管旁多发肿大淋巴结，拒绝M”PET/CT。2两髂及两闭孔01淋巴结5年12月PET/示“及多个淋巴结代谢活跃，考虑化M”及。遂至我院就诊，阴道口当时因患者考虑化疗未及时治疗。现患者诉瘙痒严重，TC里急口后重感化，于2016-03-07给予TC（进口）方案化疗1程。今再次来我院就诊。患者发病以来,精神一般,饮食睡",
    "entities": [
        {
            "label_type": "疾病和诊断",
            "overlap": 0,
            "start_pos": 13,
            "end_pos": 18,
            "text": "子宫内膜癌"
        },
        {
            "label_type": "手术",
            "overlap": 0,
            "start_pos": 30,
            "end_pos": 63,
            "text": "腹腔镜上广泛切除术+两附件切除术+盆腔LN及腹主动脉旁淋巴结清扫术"
        },
        {
            "label_type": "疾病和诊断",
            "overlap": 0,
            "start_pos": 70,
            "end_pos": 86,
            "text": "子宫内膜样腺鳞癌II级伴鳞状生化"
        },
        {
            "label_type": "影像检查",
            "overlap": 0,
            "start_pos": 118,
            "end_pos": 120,
            "text": "CT"
        },
        {
            "end_pos": 125,
            "label_type": "解剖部位",
            "overlap": 0,
            "start_pos": 123,
            "text": "盆腔"
        },
        {
            "label_type": "解剖部位",
            "overlap": 0,
            "start_pos": 127,
            "end_pos": 130,
            "text": "两侧髂"
        },
        {
            "label_type": "影像检查",
            "overlap": 0,
            "start_pos": 154,
            "end_pos": 160,
            "text": "PET/CT"
        },
        {
            "end_pos": 164,
            "label_type": "解剖部位",
            "overlap": 0,
            "start_pos": 162,
            "text": "两髂"
        },
        {
            "end_pos": 168,
            "label_type": "解剖部位",
            "overlap": 0,
            "start_pos": 165,
            "text": "两闭孔"
        },
        {
            "end_pos": 212,
            "label_type": "解剖部位",
            "overlap": 0,
            "start_pos": 209,
            "text": "阴道口"
        }
    ]
}