{
    "originalText": "入院2天前，患者无明显诱因出现呕血，共三次（自诉约2kg），为咖啡色样物质，非喷射状，伴解黑大便（具体量不详），伴四肢乏力、头晕，伴口渴，伴咳嗽、咯痰，咯少量白色黏痰，伴稍活动后即感心累、气促，伴胸痛，可放射至右侧肩背部，为持续性胀痛，咳嗽后加重，伴心悸，无腹痛、腹胀，无胸闷、胸痛及心前区压榨感，无畏寒、发热，无呼吸困难，无意识障碍，家属拨打我院120，院前急救医师给予建立静脉通道后护送来院，完善血常规、血型、感染标志物、凝血试验、肝功等检查，急诊申请红细胞、予卡络磺钠、血凝酶止血、兰索拉唑抑酸保护胃黏膜等对症治疗，请我科会诊后，考虑患者病情危重，与家属沟通病情后同意收住我科，以“急性下消化道出血，失血性休克”收入我科抢救治疗。患者发病以来，精神、食欲、睡眠差，小便正常，大便如下述，体重无明显变化。",
    "entities": [
        {
            "label_type": "解剖部位",
            "start_pos": 57,
            "end_pos": 59,
            "text": "四肢"
        },
        {
            "label_type": "解剖部位",
            "start_pos": 62,
            "end_pos": 63,
            "text": "头"
        },
        {
            "label_type": "解剖部位",
            "start_pos": 91,
            "end_pos": 92,
            "text": "心"
        },
        {
            "label_type": "解剖部位",
            "start_pos": 98,
            "end_pos": 99,
            "text": "胸"
        },
        {
            "label_type": "解剖部位",
            "start_pos": 105,
            "end_pos": 110,
            "text": "右侧肩背部"
        },
        {
            "label_type": "解剖部位",
            "start_pos": 125,
            "end_pos": 126,
            "text": "心"
        },
        {
            "label_type": "解剖部位",
            "start_pos": 129,
            "end_pos": 130,
            "text": "腹"
        },
        {
            "label_type": "解剖部位",
            "start_pos": 132,
            "end_pos": 133,
            "text": "腹"
        },
        {
            "label_type": "解剖部位",
            "start_pos": 136,
            "end_pos": 137,
            "text": "胸"
        },
        {
            "label_type": "解剖部位",
            "start_pos": 139,
            "end_pos": 140,
            "text": "胸"
        },
        {
            "label_type": "解剖部位",
            "start_pos": 142,
            "end_pos": 145,
            "text": "心前区"
        },
        {
            "label_type": "解剖部位",
            "start_pos": 218,
            "end_pos": 219,
            "text": "肝"
        },
        {
            "label_type": "药物",
            "start_pos": 233,
            "end_pos": 237,
            "text": "卡络磺钠"
        },
        {
            "label_type": "药物",
            "start_pos": 238,
            "end_pos": 241,
            "text": "血凝酶"
        },
        {
            "label_type": "药物",
            "start_pos": 244,
            "end_pos": 248,
            "text": "兰索拉唑"
        },
        {
            "label_type": "疾病和诊断",
            "start_pos": 294,
            "end_pos": 302,
            "text": "急性下消化道出血"
        },
        {
            "label_type": "疾病和诊断",
            "start_pos": 303,
            "end_pos": 308,
            "text": "失血性休克"
        }
    ]
}