{
    "originalText": "，患者约于7年前因“结肠癌”于22009-09-08日在全麻上左半结肠切除术行。术手术过利程术后顺利，术后给予抗感染及营养支持治疗，患者术后恢复好（。2，2术2后病理）结肠腺癌（中低度分化）：（7282.2009），浸润溃疡型，面积4*3CM阑尾，侵达浆膜脂切肪组织。癌累及一站（1/22）个淋巴结癌浆膜面术后。双端切化线未查见癌。呈癌转移奥沙利铂2。术后给予患1（1者化疗）奥沙利铂16周期，，方1（案为：2）0亚叶酸钙0MG D替加氟11（1-32期）150MG腹 D1（4-6期），0.3G+1.0G D2-门诊。现患者胀，食欲差，就诊于我院D6。    患者化院外就诊期左半结肠切除术后间，神志清，精神可",
    "entities": [
        {
            "label_type": "疾病和诊断",
            "overlap": 0,
            "start_pos": 10,
            "end_pos": 13,
            "text": "结肠癌"
        },
        {
            "end_pos": 38,
            "label_type": "手术",
            "overlap": 0,
            "start_pos": 31,
            "text": "左半结肠切除术"
        },
        {
            "label_type": "疾病和诊断",
            "overlap": 0,
            "start_pos": 84,
            "end_pos": 95,
            "text": "结肠腺癌（中低度分化）"
        },
        {
            "label_type": "解剖部位",
            "overlap": 0,
            "start_pos": 121,
            "end_pos": 123,
            "text": "阑尾"
        },
        {
            "label_type": "解剖部位",
            "overlap": 0,
            "start_pos": 137,
            "end_pos": 149,
            "text": "一站（1/22）个淋巴结"
        },
        {
            "end_pos": 174,
            "label_type": "药物",
            "overlap": 0,
            "start_pos": 170,
            "text": "奥沙利铂"
        },
        {
            "end_pos": 192,
            "label_type": "药物",
            "overlap": 0,
            "start_pos": 188,
            "text": "奥沙利铂"
        },
        {
            "end_pos": 211,
            "label_type": "药物",
            "overlap": 0,
            "start_pos": 207,
            "text": "亚叶酸钙"
        },
        {
            "end_pos": 219,
            "label_type": "药物",
            "overlap": 0,
            "start_pos": 216,
            "text": "替加氟"
        },
        {
            "end_pos": 234,
            "label_type": "解剖部位",
            "overlap": 0,
            "start_pos": 233,
            "text": "腹"
        },
        {
            "label_type": "疾病和诊断",
            "overlap": 0,
            "start_pos": 289,
            "end_pos": 297,
            "text": "左半结肠切除术后"
        }
    ]
}