{
    "originalText": "入院前15年患者无明显诱因出现咳嗽，无咳痰，无发热、畏寒寒战，无恶心、呕吐，无胸闷、胸痛，无心悸、黑矇、晕厥等不适，自行服用“止咳药”后好转不明显，病程中，咳嗽无明显好转。2月余前，患者受凉后咳嗽加重，咳白色泡沫痰，伴乏力、心悸，活动后喘累，下一楼即需停上休息，无胸闷、胸痛，无黑矇、晕厥，无夜间阵发性呼吸困难，无两上肢水肿等，自行服药后症状缓解不明显。入院前20天患者于***二院就诊，行心脏彩超提示主动脉瓣重度狭窄伴反流，考虑为“风湿性心脏病”，于7月17日在心胸外科行主动脉瓣置换术，术后患者恢复较好，目前伤口愈合好，部分拆线，昨日由该院出院，建议当地医院继续治疗。因患者阵感心慌心悸，伤口尚未完全拆线，故患者今日到我院继续住院治疗。患者自发病以来精神、食欲可，大小便未诉异常。近期体重无明显减轻。",
    "entities": [
        {
            "label_type": "解剖部位",
            "start_pos": 39,
            "end_pos": 40,
            "text": "胸"
        },
        {
            "label_type": "解剖部位",
            "start_pos": 42,
            "end_pos": 43,
            "text": "胸"
        },
        {
            "label_type": "解剖部位",
            "start_pos": 46,
            "end_pos": 47,
            "text": "心"
        },
        {
            "label_type": "解剖部位",
            "start_pos": 112,
            "end_pos": 113,
            "text": "心"
        },
        {
            "label_type": "解剖部位",
            "start_pos": 132,
            "end_pos": 133,
            "text": "胸"
        },
        {
            "label_type": "解剖部位",
            "start_pos": 135,
            "end_pos": 136,
            "text": "胸"
        },
        {
            "label_type": "解剖部位",
            "start_pos": 157,
            "end_pos": 160,
            "text": "两上肢"
        },
        {
            "label_type": "影像检查",
            "start_pos": 195,
            "end_pos": 199,
            "text": "心脏彩超"
        },
        {
            "label_type": "疾病和诊断",
            "start_pos": 201,
            "end_pos": 212,
            "text": "主动脉瓣重度狭窄伴反流"
        },
        {
            "label_type": "疾病和诊断",
            "start_pos": 217,
            "end_pos": 223,
            "text": "风湿性心脏病"
        },
        {
            "label_type": "解剖部位",
            "start_pos": 232,
            "end_pos": 233,
            "text": "心"
        },
        {
            "label_type": "解剖部位",
            "start_pos": 233,
            "end_pos": 234,
            "text": "胸"
        },
        {
            "label_type": "手术",
            "start_pos": 237,
            "end_pos": 244,
            "text": "主动脉瓣置换术"
        },
        {
            "label_type": "解剖部位",
            "start_pos": 291,
            "end_pos": 292,
            "text": "心"
        },
        {
            "label_type": "解剖部位",
            "start_pos": 293,
            "end_pos": 294,
            "text": "心"
        }
    ]
}