{
    "originalText": "患者入院前5+天，进食流质及稀饭后出现中下腹阵发性隐痛不适，感腹胀，无呕吐，有排气排便，解少许稀便，无便血。2016.02.11到我院外一科就诊，查下腹部+上腹部+盆腔CT增强平扫：1、肠梗阻，梗阻点位于结肠脾曲可能性较大。2、肝胆胰脾及两肾未见明显异常。3、胃壁不规则线条状金属密度影，考虑术后改变。给予禁食水，胃肠减压及灌肠治疗。患者腹痛缓解出院。 1天前患者自觉腹胀痛症状逐渐加重，肛门初有排气，之后未再排气、排便。伴恶心、呕吐，呕吐物为清亮胃内容物。感乏力、口干，诉尿黄。无畏寒、发热，无头昏、头痛，无咳嗽、咳痰，无心慌、胸闷、气促等不适。今由其家属送来我院就诊，为进一步诊治，门诊以“肠梗阻”收入我科住院治疗。患病以来患者精神、食欲及睡眠较差，未进饮食，小便黄，大便未解。近1周体重减轻10斤。",
    "entities": [
        {
            "label_type": "解剖部位",
            "start_pos": 19,
            "end_pos": 22,
            "text": "中下腹"
        },
        {
            "label_type": "解剖部位",
            "start_pos": 31,
            "end_pos": 32,
            "text": "腹"
        },
        {
            "label_type": "解剖部位",
            "start_pos": 75,
            "end_pos": 90,
            "text": "腹部+上腹部+盆腔CT增强平扫"
        },
        {
            "label_type": "疾病和诊断",
            "start_pos": 93,
            "end_pos": 96,
            "text": "肠梗阻"
        },
        {
            "label_type": "解剖部位",
            "start_pos": 102,
            "end_pos": 106,
            "text": "结肠脾曲"
        },
        {
            "label_type": "解剖部位",
            "start_pos": 114,
            "end_pos": 118,
            "text": "肝胆胰脾"
        },
        {
            "label_type": "解剖部位",
            "start_pos": 119,
            "end_pos": 121,
            "text": "两肾"
        },
        {
            "label_type": "解剖部位",
            "start_pos": 130,
            "end_pos": 131,
            "text": "胃"
        },
        {
            "label_type": "解剖部位",
            "start_pos": 157,
            "end_pos": 159,
            "text": "胃肠"
        },
        {
            "label_type": "解剖部位",
            "start_pos": 169,
            "end_pos": 170,
            "text": "腹"
        },
        {
            "label_type": "解剖部位",
            "start_pos": 184,
            "end_pos": 185,
            "text": "腹"
        },
        {
            "label_type": "解剖部位",
            "start_pos": 194,
            "end_pos": 196,
            "text": "肛门"
        },
        {
            "label_type": "解剖部位",
            "start_pos": 224,
            "end_pos": 225,
            "text": "胃"
        },
        {
            "label_type": "解剖部位",
            "start_pos": 233,
            "end_pos": 234,
            "text": "口"
        },
        {
            "label_type": "解剖部位",
            "start_pos": 248,
            "end_pos": 249,
            "text": "头"
        },
        {
            "label_type": "解剖部位",
            "start_pos": 251,
            "end_pos": 252,
            "text": "头"
        },
        {
            "label_type": "解剖部位",
            "start_pos": 262,
            "end_pos": 263,
            "text": "心"
        },
        {
            "label_type": "解剖部位",
            "start_pos": 265,
            "end_pos": 266,
            "text": "胸"
        },
        {
            "label_type": "疾病和诊断",
            "start_pos": 297,
            "end_pos": 300,
            "text": "肠梗阻"
        }
    ]
}