{
    "originalText": "，缘于4月前因“下腹部闷痛不适”腹部CT部C肝T浸润占位，进一步于我腹腔镜上右肝肿物切除术+胆囊切除术院行“术后”。，术后病理报告右肝脏肿物示：1肝脏原发性中分化肝细胞-胆管细胞混合型癌.（右肿物），肝：，伴坏死肝，侵及癌被肝脏膜及周肝细胞边肿组性织汇管区小胆管。癌周组中织慢性炎，细胞细胞水肿变胆囊性，增慢性胆囊炎生，伴中量化慢C性炎症-细胞C提示。2+++（），：慢性炎。，+++免疫C组化-：C-K7C(-),+++CKC20（-++-+），VILLCIN-(++++C)，C-DX-2(-),CK19TT(-++-+),CA1-9-9(--),GLYPI性区CAN-性3（+），CE-A（术后-），KI67(70%),发TTF-1(-),NSE(-),SY(-),PA腹S(腹灶性腹区域少量阳性)，AB染色（-）。术后患者无不适。无畏寒、寒战、发热，无恶心肝癌术后、呕吐、纳差发，无皮肤黄、眼黄、尿黄。无痛、胀、泻，无返上酸，嗳气小。定期我",
    "entities": [
        {
            "end_pos": 11,
            "label_type": "解剖部位",
            "overlap": 0,
            "start_pos": 8,
            "text": "下腹部"
        },
        {
            "label_type": "疾病和诊断",
            "overlap": 0,
            "start_pos": 16,
            "end_pos": 20,
            "text": "腹部CT"
        },
        {
            "end_pos": 23,
            "label_type": "解剖部位",
            "overlap": 0,
            "start_pos": 22,
            "text": "肝"
        },
        {
            "label_type": "手术",
            "overlap": 0,
            "start_pos": 34,
            "end_pos": 51,
            "text": "腹腔镜上右肝肿物切除术+胆囊切除术"
        },
        {
            "end_pos": 68,
            "label_type": "解剖部位",
            "overlap": 0,
            "start_pos": 65,
            "text": "右肝脏"
        },
        {
            "label_type": "疾病和诊断",
            "overlap": 0,
            "start_pos": 73,
            "end_pos": 93,
            "text": "肝脏原发性中分化肝细胞-胆管细胞混合型癌"
        },
        {
            "label_type": "解剖部位",
            "overlap": 0,
            "start_pos": 100,
            "end_pos": 101,
            "text": "肝"
        },
        {
            "end_pos": 107,
            "label_type": "解剖部位",
            "overlap": 0,
            "start_pos": 106,
            "text": "肝"
        },
        {
            "end_pos": 114,
            "label_type": "解剖部位",
            "overlap": 0,
            "start_pos": 112,
            "text": "肝脏"
        },
        {
            "end_pos": 118,
            "label_type": "解剖部位",
            "overlap": 0,
            "start_pos": 117,
            "text": "肝"
        },
        {
            "label_type": "解剖部位",
            "overlap": 0,
            "start_pos": 125,
            "end_pos": 131,
            "text": "汇管区小胆管"
        },
        {
            "end_pos": 150,
            "label_type": "解剖部位",
            "overlap": 0,
            "start_pos": 148,
            "text": "胆囊"
        },
        {
            "label_type": "疾病和诊断",
            "overlap": 0,
            "start_pos": 153,
            "end_pos": 158,
            "text": "慢性胆囊炎"
        },
        {
            "end_pos": 339,
            "label_type": "解剖部位",
            "overlap": 0,
            "start_pos": 338,
            "text": "腹"
        },
        {
            "end_pos": 342,
            "label_type": "解剖部位",
            "overlap": 0,
            "start_pos": 341,
            "text": "腹"
        },
        {
            "end_pos": 345,
            "label_type": "解剖部位",
            "overlap": 0,
            "start_pos": 344,
            "text": "腹"
        },
        {
            "label_type": "疾病和诊断",
            "overlap": 0,
            "start_pos": 382,
            "end_pos": 386,
            "text": "肝癌术后"
        }
    ]
}