{
    "originalText": "入院前10+年患者无明显诱因出现胸痛，剑突上，呈钝痛，持续约3-5分钟，可自行缓解，不伴上颌及肩背部的放射性疼痛，院外进行中药治疗（具体不详）后稍有缓解。此后胸痛反复发生，未引起重视进行治疗。5年前患者逐渐感心累、气促，严重时走平路亦感心累明显，感四肢乏力，多次于我院住院诊断为“冠心病 心衰”。5天前患者自觉受凉后感心累症状加重，稍活动即感心累、气促明显，感轻微咳嗽，无咽痛流涕，无胸闷胸痛，无畏寒发热，无潮热盗汗，无头痛头晕，无黑蒙晕厥，无咽痛咽痒，无咳嗽咳痰，无反酸嗳气，无恶心呕吐，无腹痛腹胀，无咳粉红色泡沫痰，无夜间阵发性呼吸困难，无端坐呼吸，无两上肢凹陷性水肿，于今日来我院就诊，为进一步治疗，门诊收入我科住院治疗。病程中患者精神、饮食一般，大便正常，夜尿次数4-5次/分，体重无明显上降。",
    "entities": [
        {
            "label_type": "解剖部位",
            "start_pos": 16,
            "end_pos": 17,
            "text": "胸"
        },
        {
            "label_type": "解剖部位",
            "start_pos": 19,
            "end_pos": 21,
            "text": "剑突"
        },
        {
            "label_type": "解剖部位",
            "start_pos": 44,
            "end_pos": 46,
            "text": "上颌"
        },
        {
            "label_type": "解剖部位",
            "start_pos": 47,
            "end_pos": 50,
            "text": "肩背部"
        },
        {
            "label_type": "解剖部位",
            "start_pos": 79,
            "end_pos": 80,
            "text": "胸"
        },
        {
            "label_type": "解剖部位",
            "start_pos": 104,
            "end_pos": 105,
            "text": "心"
        },
        {
            "label_type": "解剖部位",
            "start_pos": 118,
            "end_pos": 119,
            "text": "心"
        },
        {
            "label_type": "解剖部位",
            "start_pos": 124,
            "end_pos": 126,
            "text": "四肢"
        },
        {
            "label_type": "疾病和诊断",
            "start_pos": 140,
            "end_pos": 143,
            "text": "冠心病"
        },
        {
            "label_type": "疾病和诊断",
            "start_pos": 144,
            "end_pos": 146,
            "text": "心衰"
        },
        {
            "label_type": "解剖部位",
            "start_pos": 159,
            "end_pos": 160,
            "text": "心"
        },
        {
            "label_type": "解剖部位",
            "start_pos": 171,
            "end_pos": 172,
            "text": "心"
        },
        {
            "label_type": "解剖部位",
            "start_pos": 186,
            "end_pos": 187,
            "text": "咽"
        },
        {
            "label_type": "解剖部位",
            "start_pos": 192,
            "end_pos": 193,
            "text": "胸"
        },
        {
            "label_type": "解剖部位",
            "start_pos": 194,
            "end_pos": 195,
            "text": "胸"
        },
        {
            "label_type": "解剖部位",
            "start_pos": 210,
            "end_pos": 211,
            "text": "头"
        },
        {
            "label_type": "解剖部位",
            "start_pos": 212,
            "end_pos": 213,
            "text": "头"
        },
        {
            "label_type": "解剖部位",
            "start_pos": 222,
            "end_pos": 223,
            "text": "咽"
        },
        {
            "label_type": "解剖部位",
            "start_pos": 224,
            "end_pos": 225,
            "text": "咽"
        },
        {
            "label_type": "解剖部位",
            "start_pos": 246,
            "end_pos": 247,
            "text": "腹"
        },
        {
            "label_type": "解剖部位",
            "start_pos": 248,
            "end_pos": 249,
            "text": "腹"
        },
        {
            "label_type": "解剖部位",
            "start_pos": 278,
            "end_pos": 281,
            "text": "两上肢"
        }
    ]
}