{
    "originalText": "患者于2011.8.3在精神上行剖腹探查+肠减压+根治性左半结肠切除术剖术探查+肠减压+根型治结肠溃疡型中分化管状腺癌性左半肠壁结肠切除管术，癌术后恢切复可阑尾，病理癌类型为肠壁下淋巴结，浸癌及肠壁全层，脉管内见癌栓。双切端及均未癌见癌累分及。未见癌转移（0/1术2），另送（系膜）组织未见癌转化移，化分期(T4N0M0) 。腹术后已行6化次FOLFOX方案术全身查化疗，化疗期间患者无恶心、呕吐、泻等不适，化疗过程顺利，本次为术后复查入院。\\U0004   患者本次发病以来，食欲化正",
    "entities": [
        {
            "label_type": "手术",
            "overlap": 0,
            "start_pos": 16,
            "end_pos": 35,
            "text": "剖腹探查+肠减压+根治性左半结肠切除术"
        },
        {
            "label_type": "疾病和诊断",
            "overlap": 0,
            "start_pos": 47,
            "end_pos": 59,
            "text": "结肠溃疡型中分化管状腺癌"
        },
        {
            "end_pos": 80,
            "label_type": "解剖部位",
            "overlap": 0,
            "start_pos": 78,
            "text": "阑尾"
        },
        {
            "end_pos": 93,
            "label_type": "解剖部位",
            "overlap": 0,
            "start_pos": 87,
            "text": "肠壁下淋巴结"
        },
        {
            "end_pos": 164,
            "label_type": "解剖部位",
            "overlap": 0,
            "start_pos": 163,
            "text": "腹"
        }
    ]
}