{
    "originalText": "孕妇既往月经规律，月经周期37天，末次月经2016年3月5日，根据孕早期超声核实预产期2016年12月12日。停经后有轻微恶心、呕吐等早孕反应。孕早期有口服抗过敏药物（具体药物不详）及孕酮片（1片，qd）。孕4+月自觉胎动至今。孕中晚期无头昏、眼花及皮肤瘙痒等不适。孕期正规产检，唐氏筛查提示高危，行无创DNA低风险，胎儿系统超声未见异常，3+月前产检时OGTT提示空腹血糖高于正常，自行饮食控制，其后监测血糖基本正常，晚孕肝功、胆汁酸结果正常。今日已妊娠38+2周，7+小时前自觉阴道分泌物增多，伴不规律腹痛，无阴道流血，遂来我院，门诊行胰岛素样生长因子测定提示弱阳性，以“胎膜早破，妊娠期糖尿病，妊娠38+2周孕3产0LO先兆临产”收入院。患者孕期以来，精神食欲好，大小便正常，体重增长11Kg。",
    "entities": [
        {
            "label_type": "影像检查",
            "start_pos": 33,
            "end_pos": 38,
            "text": "孕早期超声"
        },
        {
            "label_type": "药物",
            "start_pos": 92,
            "end_pos": 95,
            "text": "孕酮片"
        },
        {
            "label_type": "解剖部位",
            "start_pos": 119,
            "end_pos": 120,
            "text": "头"
        },
        {
            "label_type": "解剖部位",
            "start_pos": 122,
            "end_pos": 123,
            "text": "眼"
        },
        {
            "label_type": "影像检查",
            "start_pos": 159,
            "end_pos": 165,
            "text": "胎儿系统超声"
        },
        {
            "label_type": "实验室检验",
            "start_pos": 183,
            "end_pos": 187,
            "text": "空腹血糖"
        },
        {
            "label_type": "实验室检验",
            "start_pos": 203,
            "end_pos": 205,
            "text": "血糖"
        },
        {
            "label_type": "解剖部位",
            "start_pos": 241,
            "end_pos": 243,
            "text": "阴道"
        },
        {
            "label_type": "解剖部位",
            "start_pos": 253,
            "end_pos": 254,
            "text": "腹"
        },
        {
            "label_type": "解剖部位",
            "start_pos": 257,
            "end_pos": 259,
            "text": "阴道"
        },
        {
            "label_type": "实验室检验",
            "start_pos": 270,
            "end_pos": 280,
            "text": "胰岛素样生长因子测定"
        },
        {
            "label_type": "疾病和诊断",
            "start_pos": 288,
            "end_pos": 292,
            "text": "胎膜早破"
        },
        {
            "label_type": "疾病和诊断",
            "start_pos": 293,
            "end_pos": 299,
            "text": "妊娠期糖尿病"
        },
        {
            "label_type": "疾病和诊断",
            "start_pos": 300,
            "end_pos": 317,
            "text": "妊娠38+2周孕3产0LO先兆临产"
        }
    ]
}