{
    "originalText": "，入院前3个月余于我院诊为胃癌，于20152040015年全0上4月腔镜上根治性全胃切除术+食管空肠ROUX-Y吻合术（D2）+脾切除术06术日在全（20151222麻）上行(全胃“”。食管胃交界溃疡型管状腺癌II-III级术后病理（20151222术3）下，上切：(全)(下切，：，侵及癌浆膜层，累贲门周淋巴结1及神经。小弯淋巴结1手11术标大弯淋巴结1本1下、幽门上0上5切端及另(第7组）淋巴结0送1(下(第8组）淋巴结0切1端)(第9组）淋巴结1均4未见(第10组）淋巴结1癌浸润。(第11组）淋巴结1找2到1(第15组）淋巴结0/13个，癌1/1幽门下淋巴结1个，(第12组淋巴结1/1个淋巴结，上0脾脏组/5个，癌另送0术/1个，0/1个，治1/4个，1/3个，合II1/2个2015，05004/201510个，2见癌2015组0织。1下淋巴奥沙利铂200M结I及另TTD1+替吉奥送0M(POBIDD1-14第12组淋巴结)未查见胃淋巴结。另送转移，未见癌浸润。术后性给予对症、术抗第4感染治疗，恢门复良好胃贲门管状腺癌（PT4AN2M0IIIB期）术,伤口愈合II/甲。于食2015.0腹5.腹04、2015.06.23、2",
    "entities": [
        {
            "label_type": "疾病和诊断",
            "overlap": 0,
            "start_pos": 13,
            "end_pos": 15,
            "text": "胃癌"
        },
        {
            "label_type": "手术",
            "overlap": 0,
            "start_pos": 34,
            "end_pos": 68,
            "text": "腔镜上根治性全胃切除术+食管空肠ROUX-Y吻合术（D2）+脾切除术"
        },
        {
            "end_pos": 90,
            "label_type": "解剖部位",
            "overlap": 0,
            "start_pos": 89,
            "text": "胃"
        },
        {
            "label_type": "疾病和诊断",
            "overlap": 0,
            "start_pos": 93,
            "end_pos": 112,
            "text": "食管胃交界溃疡型管状腺癌II-III级"
        },
        {
            "end_pos": 156,
            "label_type": "解剖部位",
            "overlap": 0,
            "start_pos": 150,
            "text": "贲门周淋巴结"
        },
        {
            "end_pos": 166,
            "label_type": "解剖部位",
            "overlap": 0,
            "start_pos": 161,
            "text": "小弯淋巴结"
        },
        {
            "end_pos": 177,
            "label_type": "解剖部位",
            "overlap": 0,
            "start_pos": 172,
            "text": "大弯淋巴结"
        },
        {
            "end_pos": 184,
            "label_type": "解剖部位",
            "overlap": 0,
            "start_pos": 182,
            "text": "幽门"
        },
        {
            "label_type": "解剖部位",
            "overlap": 0,
            "start_pos": 192,
            "end_pos": 200,
            "text": "(第7组）淋巴结"
        },
        {
            "label_type": "解剖部位",
            "overlap": 0,
            "start_pos": 205,
            "end_pos": 213,
            "text": "(第8组）淋巴结"
        },
        {
            "label_type": "解剖部位",
            "overlap": 0,
            "start_pos": 218,
            "end_pos": 226,
            "text": "(第9组）淋巴结"
        },
        {
            "label_type": "解剖部位",
            "overlap": 0,
            "start_pos": 231,
            "end_pos": 240,
            "text": "(第10组）淋巴结"
        },
        {
            "label_type": "解剖部位",
            "overlap": 0,
            "start_pos": 245,
            "end_pos": 254,
            "text": "(第11组）淋巴结"
        },
        {
            "label_type": "解剖部位",
            "overlap": 0,
            "start_pos": 259,
            "end_pos": 268,
            "text": "(第15组）淋巴结"
        },
        {
            "end_pos": 284,
            "label_type": "解剖部位",
            "overlap": 0,
            "start_pos": 278,
            "text": "幽门下淋巴结"
        },
        {
            "end_pos": 307,
            "label_type": "解剖部位",
            "overlap": 0,
            "start_pos": 305,
            "text": "脾脏"
        },
        {
            "end_pos": 382,
            "label_type": "药物",
            "overlap": 0,
            "start_pos": 378,
            "text": "奥沙利铂"
        },
        {
            "end_pos": 398,
            "label_type": "药物",
            "overlap": 0,
            "start_pos": 395,
            "text": "替吉奥"
        },
        {
            "end_pos": 424,
            "label_type": "解剖部位",
            "overlap": 0,
            "start_pos": 423,
            "text": "胃"
        },
        {
            "label_type": "疾病和诊断",
            "overlap": 0,
            "start_pos": 461,
            "end_pos": 483,
            "text": "胃贲门管状腺癌（PT4AN2M0IIIB期）"
        },
        {
            "end_pos": 503,
            "label_type": "解剖部位",
            "overlap": 0,
            "start_pos": 502,
            "text": "腹"
        },
        {
            "end_pos": 506,
            "label_type": "解剖部位",
            "overlap": 0,
            "start_pos": 505,
            "text": "腹"
        }
    ]
}