{
    "originalText": "，缘于入院前2月余前于我院确诊为“直肠癌”，2015.07.11日行腹腔镜上直肠部分切除术腔术后镜上部分切除术,术胃后较前制酸,术后抗炎,护等对症处理,术后病理示(201直肠525肠隆起型管状腺癌II级467)，:，：()，：术，伴坏切死，侵及外膜切层，手术上切标本双切端癌及另送（下肠周淋巴结切端）、（上癌切端）均未见癌浸润。找到13个均未见癌转移。(MM20151216)，:该病例未检测到KRAS基因12、13号密码子热点突变。该病术后例未检测到BRAF基因V600E突变，术后于201卡培他滨5.07.29、2I015.08.2奥沙利铂5予以“150I0MGPOBIDD1-D14+胃20肝0MGD1IVGTT”方案化疗周,期间辅以保,保止呕吐等对直肠癌术后症处理。此次为行第3周期化疗再次就诊我院，腹门诊腹拟术后收入院。下次出院以来精神、睡眠、饮食",
    "entities": [
        {
            "label_type": "疾病和诊断",
            "overlap": 0,
            "start_pos": 17,
            "end_pos": 20,
            "text": "直肠癌"
        },
        {
            "end_pos": 45,
            "label_type": "手术",
            "overlap": 0,
            "start_pos": 34,
            "text": "腹腔镜上直肠部分切除术"
        },
        {
            "end_pos": 58,
            "label_type": "解剖部位",
            "overlap": 0,
            "start_pos": 57,
            "text": "胃"
        },
        {
            "end_pos": 87,
            "label_type": "解剖部位",
            "overlap": 0,
            "start_pos": 85,
            "text": "直肠"
        },
        {
            "label_type": "疾病和诊断",
            "overlap": 0,
            "start_pos": 90,
            "end_pos": 101,
            "text": "肠隆起型管状腺癌II级"
        },
        {
            "end_pos": 147,
            "label_type": "解剖部位",
            "overlap": 0,
            "start_pos": 142,
            "text": "肠周淋巴结"
        },
        {
            "end_pos": 250,
            "label_type": "药物",
            "overlap": 0,
            "start_pos": 246,
            "text": "卡培他滨"
        },
        {
            "end_pos": 272,
            "label_type": "药物",
            "overlap": 0,
            "start_pos": 268,
            "text": "奥沙利铂"
        },
        {
            "end_pos": 296,
            "label_type": "解剖部位",
            "overlap": 0,
            "start_pos": 295,
            "text": "胃"
        },
        {
            "end_pos": 299,
            "label_type": "解剖部位",
            "overlap": 0,
            "start_pos": 298,
            "text": "肝"
        },
        {
            "label_type": "疾病和诊断",
            "overlap": 0,
            "start_pos": 328,
            "end_pos": 333,
            "text": "直肠癌术后"
        },
        {
            "end_pos": 355,
            "label_type": "解剖部位",
            "overlap": 0,
            "start_pos": 354,
            "text": "腹"
        },
        {
            "end_pos": 358,
            "label_type": "解剖部位",
            "overlap": 0,
            "start_pos": 357,
            "text": "腹"
        }
    ]
}