{
    "originalText": "患者于入院前4+年，患者常于受凉后出现咳嗽、咳白色粘痰，伴有喘累气促，下述症状多在受凉后反复发作，抗感染、化痰治疗后有效。喘累、气促症状逐年加重，曾使用“舒利迭”吸入后有所改善，但未坚持使用。入院前3天，患者受凉后咳嗽、咳痰加重，痰液粘稠，不易咳出，伴气促，自服化痰药物症状稍有好转。入院前4+小时，患者无明显诱因突发呼吸困难，伴寒战，无胸闷胸痛，无恶心呕吐，无腹胀腹泻，无咯粉红色泡沫痰，遂就诊于我院急诊科，行胸部CT示：考虑（食道Ca？）术后，伴食道上段、右侧支气管、右肺及降主动脉壁浸润性转移可能，建议增强。给予硝酸甘油静脉泵入及西地兰静脉推注后症状好转，并为进一步治疗，以“慢阻肺急性期 食管癌伴转移”收入我科住院。患者自发病以来精神、食欲欠佳，大小便未诉异常。体力上降，近期体重无明显减轻。",
    "entities": [
        {
            "label_type": "药物",
            "start_pos": 77,
            "end_pos": 80,
            "text": "舒利迭"
        },
        {
            "label_type": "解剖部位",
            "start_pos": 169,
            "end_pos": 170,
            "text": "胸"
        },
        {
            "label_type": "解剖部位",
            "start_pos": 171,
            "end_pos": 172,
            "text": "胸"
        },
        {
            "label_type": "解剖部位",
            "start_pos": 181,
            "end_pos": 182,
            "text": "腹"
        },
        {
            "label_type": "解剖部位",
            "start_pos": 183,
            "end_pos": 184,
            "text": "腹"
        },
        {
            "label_type": "影像检查",
            "start_pos": 206,
            "end_pos": 210,
            "text": "胸部CT"
        },
        {
            "label_type": "疾病和诊断",
            "start_pos": 214,
            "end_pos": 223,
            "text": "（食道Ca？）术后"
        },
        {
            "label_type": "解剖部位",
            "start_pos": 225,
            "end_pos": 227,
            "text": "食道"
        },
        {
            "label_type": "解剖部位",
            "start_pos": 232,
            "end_pos": 235,
            "text": "支气管"
        },
        {
            "label_type": "解剖部位",
            "start_pos": 237,
            "end_pos": 238,
            "text": "肺"
        },
        {
            "label_type": "解剖部位",
            "start_pos": 239,
            "end_pos": 243,
            "text": "降主动脉"
        },
        {
            "label_type": "药物",
            "start_pos": 259,
            "end_pos": 263,
            "text": "硝酸甘油"
        },
        {
            "label_type": "药物",
            "start_pos": 268,
            "end_pos": 271,
            "text": "西地兰"
        },
        {
            "label_type": "疾病和诊断",
            "start_pos": 291,
            "end_pos": 297,
            "text": "慢阻肺急性期"
        },
        {
            "label_type": "疾病和诊断",
            "start_pos": 298,
            "end_pos": 304,
            "text": "食管癌伴转移"
        }
    ]
}