{
    "originalText": "，其于1月前因结肠占位性性病变于2013.06.13下午在全麻上行遂结肠癌根治术+放射性粒子置入术行术中，术中冰乙状结肠腺癌冻提示肠乙状腺癌，侵及壁深性肌层术，双切缘术阴性。手术顺乙状结肠溃疡型中分化管状乳头状腺癌利，，肠术后病检提管示：乙状溃癌疡型中分化管状乳癌头状腺癌，结浸癌及壁全层，脉管、神经未分见癌侵犯，双切端未见术癌累及，淋巴结见癌转移（1/5）治，，肿瘤分期：T3NXM1 。术后予以治预防感染、抗肿瘤等对症支持治疗，恢复良好，并于2013.06.未诉治愈出院。出院化后入食欲较好，体重增加约6KG，24特殊不适，今患者为行第1胃次全身静脉化疗入院。\\U0004   患者发",
    "entities": [
        {
            "end_pos": 9,
            "label_type": "解剖部位",
            "overlap": 0,
            "start_pos": 7,
            "text": "结肠"
        },
        {
            "label_type": "手术",
            "overlap": 0,
            "start_pos": 34,
            "end_pos": 49,
            "text": "结肠癌根治术+放射性粒子置入术"
        },
        {
            "label_type": "疾病和诊断",
            "overlap": 0,
            "start_pos": 56,
            "end_pos": 62,
            "text": "乙状结肠腺癌"
        },
        {
            "label_type": "解剖部位",
            "overlap": 0,
            "start_pos": 65,
            "end_pos": 66,
            "text": "肠"
        },
        {
            "label_type": "疾病和诊断",
            "overlap": 0,
            "start_pos": 90,
            "end_pos": 107,
            "text": "乙状结肠溃疡型中分化管状乳头状腺癌"
        },
        {
            "label_type": "解剖部位",
            "overlap": 0,
            "start_pos": 110,
            "end_pos": 111,
            "text": "肠"
        },
        {
            "end_pos": 272,
            "label_type": "解剖部位",
            "overlap": 0,
            "start_pos": 271,
            "text": "胃"
        }
    ]
}