{
    "originalText": "患者于入院前4年，常于受凉后出现咳嗽、咳痰，痰液为白色泡沫痰，呈阵发性发作，无畏寒、发热、咯血、胸痛、呼吸困难，无心悸、气促、胸闷、胸前区压榨感。多于冬春季节发作，每年发作时间大于3月，曾就诊于外院诊断为\\\" 慢支炎 肺气肿\\\"，予以对症治疗后可缓解。病程中无明显喘累不适。入院前8小时，患者受凉后再次出现咳嗽、咳痰，咳白色粘液痰，可咳出。诉咳嗽后有轻微喘累，休息可缓解。伴恶心、呕吐，呕吐多次白色粘液物质，伴解2次黄色成型大便，无腹痛、腹胀、反酸、烧心，无畏寒、寒战、发热、头痛、意识障碍。在家口服“莲花清瘟颗粒”等药物对症处理下述症状无缓解，并感全身乏力，不能耐受活动，精神差，家属遂送来我院急诊，以\\\"呕吐原因待查\\\"收入我科住院治疗。此次患者精神、饮食差，大便如下述，小便正常，体重无改变。",
    "entities": [
        {
            "label_type": "解剖部位",
            "start_pos": 48,
            "end_pos": 49,
            "text": "胸"
        },
        {
            "label_type": "解剖部位",
            "start_pos": 57,
            "end_pos": 58,
            "text": "心"
        },
        {
            "label_type": "解剖部位",
            "start_pos": 63,
            "end_pos": 64,
            "text": "胸"
        },
        {
            "label_type": "解剖部位",
            "start_pos": 66,
            "end_pos": 69,
            "text": "胸前区"
        },
        {
            "label_type": "疾病和诊断",
            "start_pos": 105,
            "end_pos": 108,
            "text": "慢支炎"
        },
        {
            "label_type": "疾病和诊断",
            "start_pos": 109,
            "end_pos": 112,
            "text": "肺气肿"
        },
        {
            "label_type": "解剖部位",
            "start_pos": 216,
            "end_pos": 217,
            "text": "腹"
        },
        {
            "label_type": "解剖部位",
            "start_pos": 219,
            "end_pos": 220,
            "text": "腹"
        },
        {
            "label_type": "解剖部位",
            "start_pos": 226,
            "end_pos": 227,
            "text": "心"
        },
        {
            "label_type": "解剖部位",
            "start_pos": 238,
            "end_pos": 239,
            "text": "头"
        },
        {
            "label_type": "药物",
            "start_pos": 251,
            "end_pos": 257,
            "text": "莲花清瘟颗粒"
        },
        {
            "label_type": "疾病和诊断",
            "start_pos": 304,
            "end_pos": 310,
            "text": "呕吐原因待查"
        }
    ]
}