{
    "originalText": "入院前1+年反复被发现浮肿，以颜面部、下胸部、腹部浮肿为明显，并伴有胸闷、心前区紧缩感，患者未重视就诊及治疗，浮肿症状无明显恶化加重，入院前1周患者感心悸，活动后明显并心累、气促，无夜间阵发性呼吸困难，无胸痛，无胸骨后压榨感不适，并伴有头部胀痛，无头昏，无恶心呕吐，今日来我院就诊，门诊查心电图提示窦性心律，频发房性早搏，为进一步治疗门诊收入我科住院。患者有高血压病史1年，最高时收缩压超过180mmHg，间断服用降压药物，治疗情况不详，未监测血压，此次入院时门诊血压166/82mmHg。患者10年前因白细胞增高，于***二院就诊，考虑“淋巴瘤”，曾行化疗治疗后再未正规治疗，院外自行购买药物（不详），多次我院就诊查血常规提示白细胞异常升高。病程中患者精神、饮食一般，大小便正常，体重无明显上降。",
    "entities": [
        {
            "label_type": "解剖部位",
            "start_pos": 15,
            "end_pos": 18,
            "text": "颜面部"
        },
        {
            "label_type": "解剖部位",
            "start_pos": 19,
            "end_pos": 21,
            "text": "下胸"
        },
        {
            "label_type": "解剖部位",
            "start_pos": 23,
            "end_pos": 25,
            "text": "腹部"
        },
        {
            "label_type": "解剖部位",
            "start_pos": 34,
            "end_pos": 35,
            "text": "胸"
        },
        {
            "label_type": "解剖部位",
            "start_pos": 37,
            "end_pos": 40,
            "text": "心前区"
        },
        {
            "label_type": "解剖部位",
            "start_pos": 75,
            "end_pos": 76,
            "text": "心"
        },
        {
            "label_type": "解剖部位",
            "start_pos": 84,
            "end_pos": 85,
            "text": "心"
        },
        {
            "label_type": "解剖部位",
            "start_pos": 102,
            "end_pos": 103,
            "text": "胸"
        },
        {
            "label_type": "解剖部位",
            "start_pos": 106,
            "end_pos": 108,
            "text": "胸骨"
        },
        {
            "label_type": "解剖部位",
            "start_pos": 118,
            "end_pos": 119,
            "text": "头"
        },
        {
            "label_type": "解剖部位",
            "start_pos": 124,
            "end_pos": 125,
            "text": "头"
        },
        {
            "label_type": "影像检查",
            "start_pos": 144,
            "end_pos": 147,
            "text": "心电图"
        },
        {
            "label_type": "疾病和诊断",
            "start_pos": 154,
            "end_pos": 160,
            "text": "频发房性早搏"
        },
        {
            "label_type": "疾病和诊断",
            "start_pos": 179,
            "end_pos": 182,
            "text": "高血压"
        },
        {
            "label_type": "实验室检验",
            "start_pos": 252,
            "end_pos": 255,
            "text": "白细胞"
        },
        {
            "label_type": "疾病和诊断",
            "start_pos": 270,
            "end_pos": 273,
            "text": "淋巴瘤"
        },
        {
            "label_type": "实验室检验",
            "start_pos": 314,
            "end_pos": 317,
            "text": "白细胞"
        }
    ]
}