{
    "originalText": "，缘于5月余前因“直肠癌”就诊我院,于2016.06.29行“腔镜上直肠根治术（DIXON手术））”，探腹腔查腔内无明显出血，无腹明显水，无明显粘连，无腹腔明显腔肿瘤种植转移，肿腹膜瘤位于膜返折下7CM，侵膜出前壁浆膜肠梗阻层，未形成，近周端无扩张大淋巴结，术周围术后少许肿大淋巴结。术顺，术后予预防感治染、制术后酸、补液（直肠）大肠溃疡型管状腺癌II级、营养支膜持等治疗脉管，癌，术后病理示：，侵出外膜层，可手术见脉管内癌栓，未（见明确）神（上经侵）犯。，癌病理：手术（上标本）双切腺端及另送级（下切端）、（上切肠周淋巴结端）均未见癌浸润，（肠系膜上动脉根部）淋巴结另送（上切端癌）灶性腺下皮呈低级别I下皮（内瘤变。）找到1/（24个），及另送（0）/1个，见（癌转移）。，免疫（组化）：术后KI67（60%+），腹P5腹3（+++），CK7（术后-），CK20（+++），CEA（++）。术后恢复可，无恶心、呕吐、痛、胀、发热、畏寒等不适。术后于2016.07.26、2016.08.奥沙利铂17、20I16.0D9.卡培他滨12、2016IDD.1D0.08、2016.上1周0.30、2016.11直肠癌术后.21治予以“150MGIVGTTD1+1500腹MG腹BIDD1大-D14”方案化疗，为行上一入",
    "entities": [
        {
            "label_type": "疾病和诊断",
            "overlap": 0,
            "start_pos": 9,
            "end_pos": 12,
            "text": "直肠癌"
        },
        {
            "label_type": "手术",
            "overlap": 0,
            "start_pos": 31,
            "end_pos": 47,
            "text": "腔镜上直肠根治术（DIXON手术"
        },
        {
            "end_pos": 54,
            "label_type": "解剖部位",
            "overlap": 0,
            "start_pos": 52,
            "text": "腹腔"
        },
        {
            "end_pos": 65,
            "label_type": "解剖部位",
            "overlap": 0,
            "start_pos": 64,
            "text": "腹"
        },
        {
            "end_pos": 78,
            "label_type": "解剖部位",
            "overlap": 0,
            "start_pos": 76,
            "text": "腹腔"
        },
        {
            "label_type": "解剖部位",
            "overlap": 0,
            "start_pos": 89,
            "end_pos": 90,
            "text": "腹"
        },
        {
            "label_type": "疾病和诊断",
            "overlap": 0,
            "start_pos": 109,
            "end_pos": 112,
            "text": "肠梗阻"
        },
        {
            "label_type": "疾病和诊断",
            "overlap": 0,
            "start_pos": 161,
            "end_pos": 177,
            "text": "（直肠）大肠溃疡型管状腺癌II级"
        },
        {
            "end_pos": 262,
            "label_type": "解剖部位",
            "overlap": 0,
            "start_pos": 257,
            "text": "肠周淋巴结"
        },
        {
            "end_pos": 284,
            "label_type": "解剖部位",
            "overlap": 0,
            "start_pos": 271,
            "text": "（肠系膜上动脉根部）淋巴结"
        },
        {
            "end_pos": 359,
            "label_type": "解剖部位",
            "overlap": 0,
            "start_pos": 358,
            "text": "腹"
        },
        {
            "end_pos": 362,
            "label_type": "解剖部位",
            "overlap": 0,
            "start_pos": 361,
            "text": "腹"
        },
        {
            "end_pos": 448,
            "label_type": "药物",
            "overlap": 0,
            "start_pos": 444,
            "text": "奥沙利铂"
        },
        {
            "end_pos": 465,
            "label_type": "药物",
            "overlap": 0,
            "start_pos": 461,
            "text": "卡培他滨"
        },
        {
            "label_type": "疾病和诊断",
            "overlap": 0,
            "start_pos": 503,
            "end_pos": 508,
            "text": "直肠癌术后"
        },
        {
            "end_pos": 533,
            "label_type": "解剖部位",
            "overlap": 0,
            "start_pos": 532,
            "text": "腹"
        },
        {
            "end_pos": 536,
            "label_type": "解剖部位",
            "overlap": 0,
            "start_pos": 535,
            "text": "腹"
        }
    ]
}