{
    "originalText": "入院前20年患者发现血糖高，曾服用“糖脉康 ”血糖控制情况不详，无视物模糊，半年前出现两上肢浮肿，无夜间不能平卧，近期服用“二甲两胍格列美脲胶囊”，因患者意识恍惚家属病情叙述不全。4月前因类似情况在我科住院诊断1、2型糖尿病 糖尿病酮症 2、腔隙性脑梗塞 脑萎缩 3、尿路感染 4、药物性肝损害。5、老年性痴呆 6、外阴炎。7、湿疹?出院后给予来得时 晚6iu皮上注射控制血糖，保肝等治疗，一般情况可，偶监测血糖 7-12mmol/l 右左。2天前患者出现意识模糊，呼之无反应，无头昏、头痛，无恶心、呕吐，无腹痛、腹泻，于今日来我院就诊，为进一步明确诊断，门诊以“2型糖尿病 意识障碍原因待查”收入我科住院治疗。本次发病患者精神差，大便未解，小便因长期使用尿不湿不知其是否有失禁，体重无明显上降。",
    "entities": [
        {
            "label_type": "实验室检验",
            "start_pos": 10,
            "end_pos": 12,
            "text": "血糖"
        },
        {
            "label_type": "药物",
            "start_pos": 18,
            "end_pos": 21,
            "text": "糖脉康"
        },
        {
            "label_type": "实验室检验",
            "start_pos": 23,
            "end_pos": 25,
            "text": "血糖"
        },
        {
            "label_type": "解剖部位",
            "start_pos": 43,
            "end_pos": 46,
            "text": "两上肢"
        },
        {
            "label_type": "药物",
            "start_pos": 62,
            "end_pos": 72,
            "text": "二甲两胍格列美脲胶囊"
        },
        {
            "label_type": "疾病和诊断",
            "start_pos": 107,
            "end_pos": 112,
            "text": "2型糖尿病"
        },
        {
            "label_type": "疾病和诊断",
            "start_pos": 113,
            "end_pos": 118,
            "text": "糖尿病酮症"
        },
        {
            "label_type": "疾病和诊断",
            "start_pos": 121,
            "end_pos": 127,
            "text": "腔隙性脑梗塞"
        },
        {
            "label_type": "疾病和诊断",
            "start_pos": 128,
            "end_pos": 131,
            "text": "脑萎缩"
        },
        {
            "label_type": "疾病和诊断",
            "start_pos": 134,
            "end_pos": 138,
            "text": "尿路感染"
        },
        {
            "label_type": "疾病和诊断",
            "start_pos": 141,
            "end_pos": 147,
            "text": "药物性肝损害"
        },
        {
            "label_type": "疾病和诊断",
            "start_pos": 150,
            "end_pos": 155,
            "text": "老年性痴呆"
        },
        {
            "label_type": "疾病和诊断",
            "start_pos": 158,
            "end_pos": 161,
            "text": "外阴炎"
        },
        {
            "label_type": "疾病和诊断",
            "start_pos": 164,
            "end_pos": 167,
            "text": "湿疹?"
        },
        {
            "label_type": "药物",
            "start_pos": 172,
            "end_pos": 175,
            "text": "来得时"
        },
        {
            "label_type": "实验室检验",
            "start_pos": 186,
            "end_pos": 188,
            "text": "血糖"
        },
        {
            "label_type": "解剖部位",
            "start_pos": 190,
            "end_pos": 191,
            "text": "肝"
        },
        {
            "label_type": "实验室检验",
            "start_pos": 204,
            "end_pos": 206,
            "text": "血糖"
        },
        {
            "label_type": "解剖部位",
            "start_pos": 240,
            "end_pos": 241,
            "text": "头"
        },
        {
            "label_type": "解剖部位",
            "start_pos": 243,
            "end_pos": 244,
            "text": "头"
        },
        {
            "label_type": "解剖部位",
            "start_pos": 254,
            "end_pos": 255,
            "text": "腹"
        },
        {
            "label_type": "解剖部位",
            "start_pos": 257,
            "end_pos": 258,
            "text": "腹"
        },
        {
            "label_type": "疾病和诊断",
            "start_pos": 282,
            "end_pos": 287,
            "text": "2型糖尿病"
        },
        {
            "label_type": "疾病和诊断",
            "start_pos": 288,
            "end_pos": 296,
            "text": "意识障碍原因待查"
        }
    ]
}