{
    "originalText": "，患者因直肠癌于2014年12月05日行直肠前切除术，，术术后病理直肠：切除直（切溃疡型中分化腺癌除），：，肿物最大径6CM；侵及周围脂肪组织及浆膜上层；癌可见脉管明显； 癌淋巴结可见癌转移（19/24）切； - 环周切缘、（近端）及癌（远端肠）均未癌见癌；另送管未分见癌； ，肿瘤病理分期：术PT3化N2B。现为行术后辅助化疗入院，患者自发病以来精神睡眠食欲尚好，小便如常，大便",
    "entities": [
        {
            "label_type": "疾病和诊断",
            "overlap": 0,
            "start_pos": 4,
            "end_pos": 7,
            "text": "直肠癌"
        },
        {
            "end_pos": 26,
            "label_type": "手术",
            "overlap": 0,
            "start_pos": 20,
            "text": "直肠前切除术"
        },
        {
            "end_pos": 35,
            "label_type": "解剖部位",
            "overlap": 0,
            "start_pos": 33,
            "text": "直肠"
        },
        {
            "label_type": "疾病和诊断",
            "overlap": 0,
            "start_pos": 41,
            "end_pos": 49,
            "text": "溃疡型中分化腺癌"
        },
        {
            "label_type": "解剖部位",
            "overlap": 0,
            "start_pos": 121,
            "end_pos": 122,
            "text": "肠"
        }
    ]
}