{
    "originalText": "体力1月余前于我院诊断为“乙状结肠肿物，恶性待排乙状结术肿物，，排除恶术性待排”完善术前检查，排除手术禁乙状结肠切除术，术忌症后于，2排0排1，术3-01-乙状结肠中分化腺癌，31行肠，术后恢复，可，有排气排便，，术后病理癌示，中间淋巴结：乙状结中分化腺癌，中央淋巴结，浸润至壁，肠旁淋巴结粘膜上层，，未见术神经束侵犯，未见脉管内癌栓，转移一枚（1/7化），（，0/5），，（0/2），患者术后于2013年2月26，日开始行XELOX方，案化疗5，程，过程顺，利，现为进一步治",
    "entities": [
        {
            "label_type": "疾病和诊断",
            "overlap": 0,
            "start_pos": 13,
            "end_pos": 24,
            "text": "乙状结肠肿物，恶性待排"
        },
        {
            "end_pos": 59,
            "label_type": "手术",
            "overlap": 0,
            "start_pos": 52,
            "text": "乙状结肠切除术"
        },
        {
            "label_type": "疾病和诊断",
            "overlap": 0,
            "start_pos": 78,
            "end_pos": 87,
            "text": "乙状结肠中分化腺癌"
        },
        {
            "label_type": "解剖部位",
            "overlap": 0,
            "start_pos": 91,
            "end_pos": 92,
            "text": "肠"
        },
        {
            "label_type": "解剖部位",
            "overlap": 0,
            "start_pos": 114,
            "end_pos": 119,
            "text": "中间淋巴结"
        },
        {
            "label_type": "解剖部位",
            "overlap": 0,
            "start_pos": 129,
            "end_pos": 134,
            "text": "中央淋巴结"
        },
        {
            "end_pos": 145,
            "label_type": "解剖部位",
            "overlap": 0,
            "start_pos": 140,
            "text": "肠旁淋巴结"
        }
    ]
}