{
    "originalText": "患者入院前1月受凉后感咳嗽，主要以干咳为主，无明显诱发因素，诉白天、夜间均有咳嗽，无喘累、气促，无发热、盗汗， 无胸痛、咯血，无恶心、呕吐，无两上肢水肿，患者及家属未引起重视，未到医院就诊及治疗，自行服用药物（具体不详），今日起床后患者咳嗽剧烈伴有头昏等不适，门诊行血常规：白细胞数 11.4 10^9/L、红细胞数 4.71 10^12/L、血红蛋白浓度 137 g/L、血小板数 214 10^9/L、大型血小板比率 26.80 %，C反应蛋白 <1 mg/l。胸片：1.两下肺纤维索条病灶，两肺少许感染。结合临床或必要时进一步CT检查。2.主动脉弓迂曲、钙化。3.胸椎骨质增生。门诊以“肺部感染、糖尿病？”收入我科住院治疗。患者此次患病以来精神食欲差，大小便正常，睡眠尚可,体重无明显改变.",
    "entities": [
        {
            "label_type": "解剖部位",
            "start_pos": 57,
            "end_pos": 58,
            "text": "胸"
        },
        {
            "label_type": "解剖部位",
            "start_pos": 71,
            "end_pos": 74,
            "text": "两上肢"
        },
        {
            "label_type": "解剖部位",
            "start_pos": 124,
            "end_pos": 125,
            "text": "头"
        },
        {
            "label_type": "实验室检验",
            "start_pos": 137,
            "end_pos": 141,
            "text": "白细胞数"
        },
        {
            "label_type": "实验室检验",
            "start_pos": 154,
            "end_pos": 158,
            "text": "红细胞数"
        },
        {
            "label_type": "实验室检验",
            "start_pos": 172,
            "end_pos": 178,
            "text": "血红蛋白浓度"
        },
        {
            "label_type": "实验室检验",
            "start_pos": 187,
            "end_pos": 191,
            "text": "血小板数"
        },
        {
            "label_type": "实验室检验",
            "start_pos": 203,
            "end_pos": 210,
            "text": "大型血小板比率"
        },
        {
            "label_type": "实验室检验",
            "start_pos": 219,
            "end_pos": 224,
            "text": "C反应蛋白"
        },
        {
            "label_type": "影像检查",
            "start_pos": 233,
            "end_pos": 235,
            "text": "胸片"
        },
        {
            "label_type": "解剖部位",
            "start_pos": 238,
            "end_pos": 241,
            "text": "两下肺"
        },
        {
            "label_type": "解剖部位",
            "start_pos": 248,
            "end_pos": 250,
            "text": "两肺"
        },
        {
            "label_type": "影像检查",
            "start_pos": 266,
            "end_pos": 268,
            "text": "CT"
        },
        {
            "label_type": "解剖部位",
            "start_pos": 273,
            "end_pos": 277,
            "text": "主动脉弓"
        },
        {
            "label_type": "解剖部位",
            "start_pos": 285,
            "end_pos": 287,
            "text": "胸椎"
        },
        {
            "label_type": "疾病和诊断",
            "start_pos": 296,
            "end_pos": 300,
            "text": "肺部感染"
        },
        {
            "label_type": "疾病和诊断",
            "start_pos": 301,
            "end_pos": 304,
            "text": "糖尿病"
        }
    ]
}