{
    "originalText": "，缘于入院前4个月(2015-09-14)，于我院查肠镜镜升结肠肠乳头状管状腺癌II级：升乳头状11腺癌II级，遂于3个月前(20上1腹腔镜上左半结肠根治性切除术5年术09月21日)腹腔全麻上行腔镜上左半根腹治性升结肠切除术，，近端术达回盲部中探端近肝曲查见：探查腔内无明显周出血，无明显水，升可见肿瘤，近近端肠管端几达，周远端肠近，根部明显侵出浆膜淋巴结层术后，与周围组织稍明显粘连，未形成梗左半结肠回盲部隆起型管状腺癌II级阻，无扩张，周围及系膜根部可见数个肿大淋管巴结癌；术后术病理结肠切端(回肠切端N2015切端038上切端96)，癌：左半隆起回肠周淋巴结型管状结肠周淋巴结腺癌II级，癌伴神经术内分术后泌分化及坏死，侵及浆膜层，脉管内见癌栓，手术标本切端、回切端及另送（下切端）、（上切端）均未见癌奥沙利铂浸润。找到回周I淋巴结2个希罗达，周淋巴结29个均未见癌转移I。术顺，术后分别于2015-利10-22、2015-管状结肠癌术后-13、2015-12-05、2015-12-27行“D1200MGIVGTT",
    "entities": [
        {
            "label_type": "疾病和诊断",
            "overlap": 0,
            "start_pos": 29,
            "end_pos": 43,
            "text": "升结肠肠乳头状管状腺癌II级"
        },
        {
            "end_pos": 81,
            "label_type": "手术",
            "overlap": 0,
            "start_pos": 67,
            "text": "腹腔镜上左半结肠根治性切除术"
        },
        {
            "end_pos": 93,
            "label_type": "解剖部位",
            "overlap": 0,
            "start_pos": 91,
            "text": "腹腔"
        },
        {
            "end_pos": 104,
            "label_type": "解剖部位",
            "overlap": 0,
            "start_pos": 103,
            "text": "腹"
        },
        {
            "end_pos": 109,
            "label_type": "解剖部位",
            "overlap": 0,
            "start_pos": 106,
            "text": "升结肠"
        },
        {
            "end_pos": 121,
            "label_type": "解剖部位",
            "overlap": 0,
            "start_pos": 118,
            "text": "回盲部"
        },
        {
            "end_pos": 127,
            "label_type": "解剖部位",
            "overlap": 0,
            "start_pos": 125,
            "text": "肝曲"
        },
        {
            "end_pos": 157,
            "label_type": "解剖部位",
            "overlap": 0,
            "start_pos": 153,
            "text": "近端肠管"
        },
        {
            "label_type": "解剖部位",
            "overlap": 0,
            "start_pos": 164,
            "end_pos": 165,
            "text": "肠"
        },
        {
            "label_type": "疾病和诊断",
            "overlap": 0,
            "start_pos": 197,
            "end_pos": 214,
            "text": "左半结肠回盲部隆起型管状腺癌II级"
        },
        {
            "end_pos": 246,
            "label_type": "解剖部位",
            "overlap": 0,
            "start_pos": 244,
            "text": "结肠"
        },
        {
            "end_pos": 251,
            "label_type": "解剖部位",
            "overlap": 0,
            "start_pos": 249,
            "text": "回肠"
        },
        {
            "end_pos": 282,
            "label_type": "解剖部位",
            "overlap": 0,
            "start_pos": 276,
            "text": "回肠周淋巴结"
        },
        {
            "end_pos": 291,
            "label_type": "解剖部位",
            "overlap": 0,
            "start_pos": 285,
            "text": "结肠周淋巴结"
        },
        {
            "end_pos": 358,
            "label_type": "药物",
            "overlap": 0,
            "start_pos": 354,
            "text": "奥沙利铂"
        },
        {
            "end_pos": 374,
            "label_type": "药物",
            "overlap": 0,
            "start_pos": 371,
            "text": "希罗达"
        },
        {
            "label_type": "疾病和诊断",
            "overlap": 0,
            "start_pos": 417,
            "end_pos": 422,
            "text": "结肠癌术后"
        }
    ]
}