{
    "originalText": "入院5+年前患者因“下腹胀痛、大便干结”到*******医院就诊，行“肠镜+活检：升结肠癌。胃镜：糜烂性胃炎，贲门炎。”于2012-03-09行“左半结肠癌根治术，术后行FOLFOX5天化疗6次。”病程中无大便性状、习惯改变，无腹泻、腹痛、腹胀、恶心、呕吐、血便。于2016-11-28来我院就诊行肠镜示：结肠息肉，给予无痛肠镜上行肠息肉切除术。1天前患者无明显诱因出现左中上腹持续性隐痛，无阵发性加重，无肩背部及腹股沟区放射痛，与进食及体位无关，无明显缓解方式。无恶心、呕吐、腹胀、腹泻，无大便性状、习惯改变，无畏寒、发热、尿频、尿痛、尿急、血尿。在外未予诊疗。今日为进一步治疗遂来我院住院处理，门诊以“结肠癌术后”收入我科治疗。患者此次患病以来，精神状态一般，二便正常，饮食尚可，体重无减轻。",
    "entities": [
        {
            "label_type": "解剖部位",
            "start_pos": 10,
            "end_pos": 12,
            "text": "下腹"
        },
        {
            "label_type": "手术",
            "start_pos": 35,
            "end_pos": 40,
            "text": "肠镜+活检"
        },
        {
            "label_type": "疾病和诊断",
            "start_pos": 41,
            "end_pos": 45,
            "text": "升结肠癌"
        },
        {
            "label_type": "疾病和诊断",
            "start_pos": 49,
            "end_pos": 54,
            "text": "糜烂性胃炎"
        },
        {
            "label_type": "疾病和诊断",
            "start_pos": 55,
            "end_pos": 58,
            "text": "贲门炎"
        },
        {
            "label_type": "手术",
            "start_pos": 73,
            "end_pos": 81,
            "text": "左半结肠癌根治术"
        },
        {
            "label_type": "解剖部位",
            "start_pos": 114,
            "end_pos": 115,
            "text": "腹"
        },
        {
            "label_type": "解剖部位",
            "start_pos": 117,
            "end_pos": 118,
            "text": "腹"
        },
        {
            "label_type": "解剖部位",
            "start_pos": 120,
            "end_pos": 121,
            "text": "腹"
        },
        {
            "label_type": "疾病和诊断",
            "start_pos": 153,
            "end_pos": 157,
            "text": "结肠息肉"
        },
        {
            "label_type": "手术",
            "start_pos": 166,
            "end_pos": 172,
            "text": "肠息肉切除术"
        },
        {
            "label_type": "解剖部位",
            "start_pos": 185,
            "end_pos": 189,
            "text": "左中上腹"
        },
        {
            "label_type": "解剖部位",
            "start_pos": 203,
            "end_pos": 206,
            "text": "肩背部"
        },
        {
            "label_type": "解剖部位",
            "start_pos": 207,
            "end_pos": 211,
            "text": "腹股沟区"
        },
        {
            "label_type": "解剖部位",
            "start_pos": 239,
            "end_pos": 240,
            "text": "腹"
        },
        {
            "label_type": "解剖部位",
            "start_pos": 242,
            "end_pos": 243,
            "text": "腹"
        },
        {
            "label_type": "疾病和诊断",
            "start_pos": 303,
            "end_pos": 308,
            "text": "结肠癌术后"
        }
    ]
}