{
    "originalText": "，患者2016年4月初无明显诱因出现腹部绞痛，伴恶心、、呕吐，无血、呕血、黄疸等不适，在院外肠套叠套叠“考虑”，遂转至**一院就诊CT，查入院后行检查提淋巴结示全身多发淋巴瘤性左上腹回-回肠套叠淋巴结小肠淋巴瘤肿脾大，脾考虑；结左上腹回淋巴瘤-回套叠，考查虑；大，内多-发结-节，考虑。完善相腹腔镜探查、左半结肠切除术关检术查后于回2016肠管-04-08在**一院行套细胞淋巴瘤腹腔镜探查、左C半C结切除术，、C，术、C后病理、C回报：送、检C管-见、一息肉样肿物，病变符合C，，免、C疫组、C化：C、YCC-LIND-1、CD5、CD20、CD术79A、BCL-2-、S-OX查PET/CT11均为（+），淋巴结CD23、CD3、CD10、CBC右颈部V区L、-6均为（-）C，K左髂血管I6、7(30%+)C。术左侧腹股沟区后恢复V可。2016-04脾-20查PET/，提示：淋巴瘤全中轴骨、骨盆骨身多发淋巴结肿大，最大者约1.4*1.淋巴瘤0CM()、4.6*3.2CM(旁)、5.9*套细胞淋巴瘤2.6CM(，SUVMAX 4.2、)；大，代术谢不均匀增高上，符合；、骨髓弥漫性代谢、轻度增高，小考虑反应",
    "entities": [
        {
            "end_pos": 20,
            "label_type": "解剖部位",
            "overlap": 0,
            "start_pos": 18,
            "text": "腹部"
        },
        {
            "label_type": "疾病和诊断",
            "overlap": 0,
            "start_pos": 46,
            "end_pos": 49,
            "text": "肠套叠"
        },
        {
            "label_type": "影像检查",
            "overlap": 0,
            "start_pos": 65,
            "end_pos": 67,
            "text": "CT"
        },
        {
            "label_type": "疾病和诊断",
            "overlap": 0,
            "start_pos": 84,
            "end_pos": 87,
            "text": "淋巴瘤"
        },
        {
            "label_type": "疾病和诊断",
            "overlap": 0,
            "start_pos": 88,
            "end_pos": 97,
            "text": "左上腹回-回肠套叠"
        },
        {
            "label_type": "疾病和诊断",
            "overlap": 0,
            "start_pos": 100,
            "end_pos": 105,
            "text": "小肠淋巴瘤"
        },
        {
            "end_pos": 107,
            "label_type": "解剖部位",
            "overlap": 0,
            "start_pos": 106,
            "text": "脾"
        },
        {
            "end_pos": 110,
            "label_type": "解剖部位",
            "overlap": 0,
            "start_pos": 109,
            "text": "脾"
        },
        {
            "label_type": "疾病和诊断",
            "overlap": 0,
            "start_pos": 118,
            "end_pos": 121,
            "text": "淋巴瘤"
        },
        {
            "label_type": "手术",
            "overlap": 0,
            "start_pos": 146,
            "end_pos": 159,
            "text": "腹腔镜探查、左半结肠切除术"
        },
        {
            "label_type": "解剖部位",
            "overlap": 0,
            "start_pos": 170,
            "end_pos": 171,
            "text": "肠"
        },
        {
            "label_type": "疾病和诊断",
            "overlap": 0,
            "start_pos": 184,
            "end_pos": 190,
            "text": "套细胞淋巴瘤"
        },
        {
            "label_type": "影像检查",
            "overlap": 0,
            "start_pos": 291,
            "end_pos": 297,
            "text": "PET/CT"
        },
        {
            "end_pos": 330,
            "label_type": "解剖部位",
            "overlap": 0,
            "start_pos": 325,
            "text": "右颈部V区"
        },
        {
            "end_pos": 346,
            "label_type": "解剖部位",
            "overlap": 0,
            "start_pos": 342,
            "text": "左髂血管"
        },
        {
            "end_pos": 365,
            "label_type": "解剖部位",
            "overlap": 0,
            "start_pos": 359,
            "text": "左侧腹股沟区"
        },
        {
            "end_pos": 379,
            "label_type": "解剖部位",
            "overlap": 0,
            "start_pos": 378,
            "text": "脾"
        },
        {
            "label_type": "疾病和诊断",
            "overlap": 0,
            "start_pos": 391,
            "end_pos": 394,
            "text": "淋巴瘤"
        },
        {
            "end_pos": 398,
            "label_type": "解剖部位",
            "overlap": 0,
            "start_pos": 395,
            "text": "中轴骨"
        },
        {
            "end_pos": 401,
            "label_type": "解剖部位",
            "overlap": 0,
            "start_pos": 399,
            "text": "骨盆"
        },
        {
            "label_type": "疾病和诊断",
            "overlap": 0,
            "start_pos": 421,
            "end_pos": 424,
            "text": "淋巴瘤"
        },
        {
            "label_type": "疾病和诊断",
            "overlap": 0,
            "start_pos": 447,
            "end_pos": 453,
            "text": "套细胞淋巴瘤"
        }
    ]
}