{
    "originalText": "患者50+年前始出现受凉后咳嗽、喘累，旁人可闻及明显喉头喘鸣音，自服“感冒药”可缓解，未进一步检查；病情缓解期可耐受重体力活动。10+年前患者日常体力耐量开始明显上降，仅能耐受室内活动，反复因咳喘加重在***武警总队医院住院，诊断为“慢性阻塞性肺疾病，肺源性心脏病，心房颤动，2型糖尿病”，长期口服“阿司匹林、氨茶碱”。近4+年除入厕外几乎卧床休息，咳喘加重时家人给予加用头孢类药物可逐步缓解。近1周患者咳嗽症状加重，咳出较多白色泡沫痰，连续咳嗽或上床入厕时喘累明显加重，否认发热、畏寒、呕吐、腹泻，自服头孢等抗菌药物无明显好转，病程中多次因站立不稳跌倒。今家属送来我院，急诊完善CT、彩超及血生化检查后予以收住院治疗。本次发病以来患者精神食欲尚可，大小便如常，睡眠正常，体重无明显上降。",
    "entities": [
        {
            "label_type": "解剖部位",
            "start_pos": 26,
            "end_pos": 28,
            "text": "喉头"
        },
        {
            "label_type": "疾病和诊断",
            "start_pos": 117,
            "end_pos": 125,
            "text": "慢性阻塞性肺疾病"
        },
        {
            "label_type": "疾病和诊断",
            "start_pos": 126,
            "end_pos": 132,
            "text": "肺源性心脏病"
        },
        {
            "label_type": "疾病和诊断",
            "start_pos": 133,
            "end_pos": 137,
            "text": "心房颤动"
        },
        {
            "label_type": "疾病和诊断",
            "start_pos": 138,
            "end_pos": 143,
            "text": "2型糖尿病"
        },
        {
            "label_type": "药物",
            "start_pos": 150,
            "end_pos": 154,
            "text": "阿司匹林"
        },
        {
            "label_type": "药物",
            "start_pos": 155,
            "end_pos": 158,
            "text": "氨茶碱"
        },
        {
            "label_type": "解剖部位",
            "start_pos": 247,
            "end_pos": 248,
            "text": "腹"
        },
        {
            "label_type": "影像检查",
            "start_pos": 290,
            "end_pos": 292,
            "text": "CT"
        },
        {
            "label_type": "影像检查",
            "start_pos": 293,
            "end_pos": 295,
            "text": "彩超"
        }
    ]
}