{
    "originalText": "，患者2015.11.27因“卵巢癌”于我院全麻上上经腹子宫+两侧附件切除+大网膜切除+部分肠壁转移病灶切除术14术+两侧附件盆腹腔切除+大网腹膜切除+部分壁转移病子宫前灶切除术。前壁，术中探查结见：右侧卵巢可见淡黄色水大小，量约500ML状，前位，萎缩左侧卵巢，前壁可见菜大小花样结节右侧卵巢，大网膜约3*2C状M大小，表肠管面不规则菜花状结肠、升结肠、横结肠、直肠前前壁突起，肠管质脆，约2直肠前壁、结肠肝区*肝上极2CM大小，形态似，大网腹盆壁、小肠膜挛缩呈大厚结饼状，质硬，与管形成致密粘术连切除右侧附件，结、病、、肿物（右附件）与管致密高级别浆液性乳头状癌粘连术后，、病及均可（两附件区）卵巢高级别浆液性乳头状癌见两侧输卵管不规癌则菜花样子宫浆膜突起，宫壁肌层、小表（肠壁转移灶）面大网膜组织可见大癌量右、左宫宫旁组织结节样癌突（子宫）起，状质子宫内膜脆慢性宫颈炎，易脱落组。，术中（切除送+）快速病（理）回示：（）（+）图像符合（+）。术后，术后常规病术后病理示：（两附件区）卵巢，查、见癌，肿瘤自面侵达，、送检（壁转移灶）和大、网膜组织均查见癌；、未查见癌。（）萎缩状态顺铂。。，免疫+多帕菲组化：ER（80%+），PR（-），WT-1（+），P53（+）卵巢癌术后。术后恢复可，根据术后病理，于20大小15.12.06、2015",
    "entities": [
        {
            "label_type": "疾病和诊断",
            "overlap": 0,
            "start_pos": 15,
            "end_pos": 18,
            "text": "卵巢癌"
        },
        {
            "label_type": "手术",
            "overlap": 0,
            "start_pos": 26,
            "end_pos": 55,
            "text": "经腹子宫+两侧附件切除+大网膜切除+部分肠壁转移病灶切除术"
        },
        {
            "end_pos": 66,
            "label_type": "解剖部位",
            "overlap": 0,
            "start_pos": 63,
            "text": "盆腹腔"
        },
        {
            "end_pos": 72,
            "label_type": "解剖部位",
            "overlap": 0,
            "start_pos": 71,
            "text": "腹"
        },
        {
            "end_pos": 84,
            "label_type": "解剖部位",
            "overlap": 0,
            "start_pos": 82,
            "text": "子宫"
        },
        {
            "end_pos": 104,
            "label_type": "解剖部位",
            "overlap": 0,
            "start_pos": 100,
            "text": "右侧卵巢"
        },
        {
            "end_pos": 131,
            "label_type": "解剖部位",
            "overlap": 0,
            "start_pos": 127,
            "text": "左侧卵巢"
        },
        {
            "end_pos": 147,
            "label_type": "解剖部位",
            "overlap": 0,
            "start_pos": 143,
            "text": "右侧卵巢"
        },
        {
            "label_type": "解剖部位",
            "overlap": 0,
            "start_pos": 162,
            "end_pos": 163,
            "text": "肠"
        },
        {
            "end_pos": 173,
            "label_type": "解剖部位",
            "overlap": 0,
            "start_pos": 171,
            "text": "结肠"
        },
        {
            "end_pos": 177,
            "label_type": "解剖部位",
            "overlap": 0,
            "start_pos": 174,
            "text": "升结肠"
        },
        {
            "end_pos": 181,
            "label_type": "解剖部位",
            "overlap": 0,
            "start_pos": 178,
            "text": "横结肠"
        },
        {
            "end_pos": 187,
            "label_type": "解剖部位",
            "overlap": 0,
            "start_pos": 182,
            "text": "直肠前前壁"
        },
        {
            "label_type": "解剖部位",
            "overlap": 0,
            "start_pos": 190,
            "end_pos": 191,
            "text": "肠"
        },
        {
            "end_pos": 201,
            "label_type": "解剖部位",
            "overlap": 0,
            "start_pos": 197,
            "text": "直肠前壁"
        },
        {
            "end_pos": 206,
            "label_type": "解剖部位",
            "overlap": 0,
            "start_pos": 202,
            "text": "结肠肝区"
        },
        {
            "end_pos": 210,
            "label_type": "解剖部位",
            "overlap": 0,
            "start_pos": 207,
            "text": "肝上极"
        },
        {
            "end_pos": 225,
            "label_type": "解剖部位",
            "overlap": 0,
            "start_pos": 222,
            "text": "腹盆壁"
        },
        {
            "end_pos": 228,
            "label_type": "解剖部位",
            "overlap": 0,
            "start_pos": 226,
            "text": "小肠"
        },
        {
            "end_pos": 256,
            "label_type": "解剖部位",
            "overlap": 0,
            "start_pos": 252,
            "text": "右侧附件"
        },
        {
            "end_pos": 268,
            "label_type": "解剖部位",
            "overlap": 0,
            "start_pos": 265,
            "text": "右附件"
        },
        {
            "label_type": "疾病和诊断",
            "overlap": 0,
            "start_pos": 273,
            "end_pos": 283,
            "text": "高级别浆液性乳头状癌"
        },
        {
            "label_type": "疾病和诊断",
            "overlap": 0,
            "start_pos": 293,
            "end_pos": 311,
            "text": "（两附件区）卵巢高级别浆液性乳头状癌"
        },
        {
            "end_pos": 317,
            "label_type": "解剖部位",
            "overlap": 0,
            "start_pos": 312,
            "text": "两侧输卵管"
        },
        {
            "end_pos": 328,
            "label_type": "解剖部位",
            "overlap": 0,
            "start_pos": 324,
            "text": "子宫浆膜"
        },
        {
            "end_pos": 335,
            "label_type": "解剖部位",
            "overlap": 0,
            "start_pos": 331,
            "text": "宫壁肌层"
        },
        {
            "label_type": "解剖部位",
            "overlap": 0,
            "start_pos": 339,
            "end_pos": 340,
            "text": "肠"
        },
        {
            "end_pos": 364,
            "label_type": "解剖部位",
            "overlap": 0,
            "start_pos": 356,
            "text": "右、左宫宫旁组织"
        },
        {
            "end_pos": 372,
            "label_type": "解剖部位",
            "overlap": 0,
            "start_pos": 370,
            "text": "子宫"
        },
        {
            "end_pos": 381,
            "label_type": "解剖部位",
            "overlap": 0,
            "start_pos": 377,
            "text": "子宫内膜"
        },
        {
            "label_type": "疾病和诊断",
            "overlap": 0,
            "start_pos": 382,
            "end_pos": 387,
            "text": "慢性宫颈炎"
        },
        {
            "end_pos": 494,
            "label_type": "药物",
            "overlap": 0,
            "start_pos": 492,
            "text": "顺铂"
        },
        {
            "end_pos": 503,
            "label_type": "药物",
            "overlap": 0,
            "start_pos": 500,
            "text": "多帕菲"
        },
        {
            "label_type": "疾病和诊断",
            "overlap": 0,
            "start_pos": 535,
            "end_pos": 540,
            "text": "卵巢癌术后"
        }
    ]
}