{
    "originalText": "入院前半月患者无明显诱因出现解黑色稀大便，每日一次，具体量不详。伴反酸、嗳气，间断出现恶心、呕吐，共呕吐3次胃内容物，为咖啡色样物质，无喷射性呕吐，具体呕吐量不详。无腹痛、腹胀、腹泻，无心悸、气促，无粘液脓血便，无黄疸、高热。在外口服“药物及输液”（具体不详）治疗后感稍好转，但解黑色不成型大便。入院前6天出现头昏、两上肢乏力，伴纳差明显，饮食量明显减少，每日进食少量清水及一个鸡蛋，余未再进食。感活动性心悸、气促，休息时可缓解。无黑朦、眼花、视物旋转，无抽搐、头痛、瘫痪。未予诊治。今日感头昏、两上肢乏力明显，遂来我院就诊，门诊查“血常规：HB：54g/L，电解质正常。”，为进一步诊治，门诊以“重度贫血”收入我科。病程中精神、饮食较差，大便如下述，小便正常，体重较前减轻（具体不详）。",
    "entities": [
        {
            "label_type": "解剖部位",
            "start_pos": 83,
            "end_pos": 84,
            "text": "腹"
        },
        {
            "label_type": "解剖部位",
            "start_pos": 86,
            "end_pos": 87,
            "text": "腹"
        },
        {
            "label_type": "解剖部位",
            "start_pos": 89,
            "end_pos": 90,
            "text": "腹"
        },
        {
            "label_type": "解剖部位",
            "start_pos": 93,
            "end_pos": 94,
            "text": "心"
        },
        {
            "label_type": "解剖部位",
            "start_pos": 155,
            "end_pos": 156,
            "text": "头"
        },
        {
            "label_type": "解剖部位",
            "start_pos": 158,
            "end_pos": 161,
            "text": "两上肢"
        },
        {
            "label_type": "解剖部位",
            "start_pos": 202,
            "end_pos": 203,
            "text": "心"
        },
        {
            "label_type": "解剖部位",
            "start_pos": 219,
            "end_pos": 220,
            "text": "眼"
        },
        {
            "label_type": "解剖部位",
            "start_pos": 231,
            "end_pos": 232,
            "text": "头"
        },
        {
            "label_type": "解剖部位",
            "start_pos": 245,
            "end_pos": 246,
            "text": "头"
        },
        {
            "label_type": "解剖部位",
            "start_pos": 248,
            "end_pos": 251,
            "text": "两上肢"
        },
        {
            "label_type": "实验室检验",
            "start_pos": 271,
            "end_pos": 273,
            "text": "HB"
        },
        {
            "label_type": "疾病和诊断",
            "start_pos": 299,
            "end_pos": 303,
            "text": "重度贫血"
        }
    ]
}