{
    "originalText": "患者入院3-月前，因直肠癌于2015-11-17行腹腔镜上直肠癌根治术，术后术后病（直肠）印戒细胞癌检：（肠直）印戒细胞癌，侵及周脂癌肪组织肠，两侧切缘未见癌累及，癌周围（脂肪组织）中术后淋巴结见癌转移后（9/13）。术后恢复良好，好转后我院腹。院腹外未腹诉特殊不适，无畏寒、发热、痛、泻、胀、恶心、呕吐等不适。于2015-12-19遵医嘱（奥沙利铂行第一氟尿嘧啶）次化疗，方案为FOLFOX4（+5-），化疗期后间无化疗副反应，复查血常腹规未腹见明腹显异常后出院。院外无特殊不适，无痛、胀、泻、恶心、呕吐等直肠癌术后不适。今为行第二次化疗就诊出院治，门诊",
    "entities": [
        {
            "label_type": "疾病和诊断",
            "overlap": 0,
            "start_pos": 10,
            "end_pos": 13,
            "text": "直肠癌"
        },
        {
            "end_pos": 35,
            "label_type": "手术",
            "overlap": 0,
            "start_pos": 25,
            "text": "腹腔镜上直肠癌根治术"
        },
        {
            "label_type": "疾病和诊断",
            "overlap": 0,
            "start_pos": 41,
            "end_pos": 50,
            "text": "（直肠）印戒细胞癌"
        },
        {
            "label_type": "解剖部位",
            "overlap": 0,
            "start_pos": 53,
            "end_pos": 54,
            "text": "肠"
        },
        {
            "end_pos": 71,
            "label_type": "解剖部位",
            "overlap": 0,
            "start_pos": 70,
            "text": "肠"
        },
        {
            "end_pos": 122,
            "label_type": "解剖部位",
            "overlap": 0,
            "start_pos": 121,
            "text": "腹"
        },
        {
            "end_pos": 125,
            "label_type": "解剖部位",
            "overlap": 0,
            "start_pos": 124,
            "text": "腹"
        },
        {
            "end_pos": 128,
            "label_type": "解剖部位",
            "overlap": 0,
            "start_pos": 127,
            "text": "腹"
        },
        {
            "end_pos": 175,
            "label_type": "药物",
            "overlap": 0,
            "start_pos": 171,
            "text": "奥沙利铂"
        },
        {
            "end_pos": 182,
            "label_type": "药物",
            "overlap": 0,
            "start_pos": 178,
            "text": "氟尿嘧啶"
        },
        {
            "end_pos": 220,
            "label_type": "解剖部位",
            "overlap": 0,
            "start_pos": 219,
            "text": "腹"
        },
        {
            "end_pos": 223,
            "label_type": "解剖部位",
            "overlap": 0,
            "start_pos": 222,
            "text": "腹"
        },
        {
            "end_pos": 226,
            "label_type": "解剖部位",
            "overlap": 0,
            "start_pos": 225,
            "text": "腹"
        },
        {
            "label_type": "疾病和诊断",
            "overlap": 0,
            "start_pos": 254,
            "end_pos": 259,
            "text": "直肠癌术后"
        }
    ]
}