{
    "originalText": "入院前10余年，患者无明显诱因出现活动后心累、气促，间断出现两上肢水肿、夜间喜高枕卧位，偶有胸闷，于当地医院就诊，考虑为“冠心病”。5年前因心累、气促加重，于“**医院”就诊，查心率30几次/分，给予安置“起搏器”，后喘累症状稍所好转，平素缓慢走平路即感气促，无明显胸闷、胸痛等不适。院外长期口服心脏疾病相关药物（具体不详）治疗。入院前3天，患者受凉后诉心累、气促症状加重，伴心前区及腹部不适，伴全身乏力，偶有咳嗽，量不多，无明显胸闷、胸痛、心前区压榨感，无恶心、呕吐、腹泻，无夜间阵发性呼吸困难。在外口服心脏疾病相关药物无缓解。遂就诊于我院，为进一步治疗，门诊以“冠心病、心衰”收入我科住院治疗。患者此次患病以来精神食欲欠佳，大便量次数较多，睡眠尚可，体力明显上降，体重无明显改变。",
    "entities": [
        {
            "label_type": "解剖部位",
            "start_pos": 20,
            "end_pos": 21,
            "text": "心"
        },
        {
            "label_type": "解剖部位",
            "start_pos": 30,
            "end_pos": 33,
            "text": "两上肢"
        },
        {
            "label_type": "解剖部位",
            "start_pos": 46,
            "end_pos": 47,
            "text": "胸"
        },
        {
            "label_type": "疾病和诊断",
            "start_pos": 61,
            "end_pos": 64,
            "text": "冠心病"
        },
        {
            "label_type": "疾病和诊断",
            "start_pos": 70,
            "end_pos": 71,
            "text": "心"
        },
        {
            "label_type": "解剖部位",
            "start_pos": 136,
            "end_pos": 137,
            "text": "胸"
        },
        {
            "label_type": "解剖部位",
            "start_pos": 148,
            "end_pos": 150,
            "text": "心脏"
        },
        {
            "label_type": "解剖部位",
            "start_pos": 177,
            "end_pos": 178,
            "text": "心"
        },
        {
            "label_type": "解剖部位",
            "start_pos": 188,
            "end_pos": 191,
            "text": "心前区"
        },
        {
            "label_type": "解剖部位",
            "start_pos": 192,
            "end_pos": 193,
            "text": "腹"
        },
        {
            "label_type": "解剖部位",
            "start_pos": 215,
            "end_pos": 216,
            "text": "胸"
        },
        {
            "label_type": "解剖部位",
            "start_pos": 218,
            "end_pos": 219,
            "text": "胸"
        },
        {
            "label_type": "解剖部位",
            "start_pos": 221,
            "end_pos": 224,
            "text": "心前区"
        },
        {
            "label_type": "解剖部位",
            "start_pos": 235,
            "end_pos": 236,
            "text": "腹"
        },
        {
            "label_type": "解剖部位",
            "start_pos": 253,
            "end_pos": 255,
            "text": "心脏"
        },
        {
            "label_type": "疾病和诊断",
            "start_pos": 283,
            "end_pos": 286,
            "text": "冠心病"
        },
        {
            "label_type": "疾病和诊断",
            "start_pos": 287,
            "end_pos": 289,
            "text": "心衰"
        }
    ]
}