{
    "originalText": "，，缘于入院2前23天因“中下腹反复2中下闷痛2，周胃于外院”，糜烂性胃炎（II级），胃角行胃性镜检查示：，（溃2疡性质待定。病理），（（胃角，S2）粘膜腺癌014239361），2：（，活检）。遂上于根治性远端胃大部切除术（毕II式，D2)2术0，术后14.1，，术后1.2（28于我院行在全麻），睡(远端胃大部)，眠胃角。术癌顺，，术后腺癌II级，恢中部复良黏液腺癌，好，，术，后病理：（2014，41656性），：()，，:溃疡癌变脉，为癌管状腺癌II，级，其切端中部分癌为，侵及肌小弯侧淋巴结层2，，大弯侧淋巴结间质，幽门上淋巴结纤维，母细胞(幽门下）淋巴结增生，(肝总动脉旁）淋巴结，并，(腹腔动脉旁）淋巴结多量，嗜酸性癌粒细胞，浸浸润，未见明确的脉管I内癌（栓及神经），侵犯，（标），本双切端（均未），见癌浸润（。），找到12（个），，1个，（3），个，及另2（送）1下个，3个，，4个，均未见癌，转移。，免疫，组腹化：腹肿瘤腹细，胞示KI67（70，%+），P53（+），，门P17胃癌术后0（++），GSTπ（，+），EGFR（+），，大小5-F，U（+），HER",
    "entities": [
        {
            "end_pos": 16,
            "label_type": "解剖部位",
            "overlap": 0,
            "start_pos": 13,
            "text": "中下腹"
        },
        {
            "label_type": "疾病和诊断",
            "overlap": 0,
            "start_pos": 32,
            "end_pos": 42,
            "text": "糜烂性胃炎（II级）"
        },
        {
            "end_pos": 45,
            "label_type": "解剖部位",
            "overlap": 0,
            "start_pos": 43,
            "text": "胃角"
        },
        {
            "end_pos": 71,
            "label_type": "解剖部位",
            "overlap": 0,
            "start_pos": 69,
            "text": "胃角"
        },
        {
            "label_type": "疾病和诊断",
            "overlap": 0,
            "start_pos": 75,
            "end_pos": 79,
            "text": "粘膜腺癌"
        },
        {
            "label_type": "手术",
            "overlap": 0,
            "start_pos": 101,
            "end_pos": 121,
            "text": "根治性远端胃大部切除术（毕II式，D2)"
        },
        {
            "end_pos": 157,
            "label_type": "解剖部位",
            "overlap": 0,
            "start_pos": 152,
            "text": "远端胃大部"
        },
        {
            "end_pos": 162,
            "label_type": "解剖部位",
            "overlap": 0,
            "start_pos": 160,
            "text": "胃角"
        },
        {
            "label_type": "疾病和诊断",
            "overlap": 0,
            "start_pos": 181,
            "end_pos": 185,
            "text": "黏液腺癌"
        },
        {
            "end_pos": 250,
            "label_type": "解剖部位",
            "overlap": 0,
            "start_pos": 244,
            "text": "小弯侧淋巴结"
        },
        {
            "end_pos": 260,
            "label_type": "解剖部位",
            "overlap": 0,
            "start_pos": 254,
            "text": "大弯侧淋巴结"
        },
        {
            "end_pos": 269,
            "label_type": "解剖部位",
            "overlap": 0,
            "start_pos": 263,
            "text": "幽门上淋巴结"
        },
        {
            "end_pos": 283,
            "label_type": "解剖部位",
            "overlap": 0,
            "start_pos": 275,
            "text": "(幽门下）淋巴结"
        },
        {
            "end_pos": 296,
            "label_type": "解剖部位",
            "overlap": 0,
            "start_pos": 286,
            "text": "(肝总动脉旁）淋巴结"
        },
        {
            "end_pos": 309,
            "label_type": "解剖部位",
            "overlap": 0,
            "start_pos": 299,
            "text": "(腹腔动脉旁）淋巴结"
        },
        {
            "end_pos": 414,
            "label_type": "解剖部位",
            "overlap": 0,
            "start_pos": 413,
            "text": "腹"
        },
        {
            "end_pos": 417,
            "label_type": "解剖部位",
            "overlap": 0,
            "start_pos": 416,
            "text": "腹"
        },
        {
            "end_pos": 420,
            "label_type": "解剖部位",
            "overlap": 0,
            "start_pos": 419,
            "text": "腹"
        },
        {
            "label_type": "疾病和诊断",
            "overlap": 0,
            "start_pos": 448,
            "end_pos": 452,
            "text": "胃癌术后"
        }
    ]
}