{
    "originalText": "入院前一年患者无诱因出现右侧鼻阻，流涕曾于我院五官科诊断为“1.右侧扁桃体恶性肿瘤；2.鼻咽癌（咽部、鼻咽部鳞状细胞癌）”。患者于2014年6月到*****医院住院，诊断为“鼻咽癌、右扁桃体癌”，内科治疗好转后出院。入院前半年患者受凉后出现咳嗽咳痰，量少，偶见痰中见血，伴头昏头痛在我科检查诊断为“慢支炎急性发作，脑梗死”，住院期间突发右侧肢体乏力及摔倒，经抗炎、扩管、营养神经等治疗后好转。入院前一周患者受凉后再次出现咳嗽咳白色粘痰，鼻塞，并见含血凝块鼻涕，伴活动后喘累、胸闷，伴头昏头痛，伴进食时呛咳，无恶心呕吐，无发热气促，无腹胀腹泻，无消瘦乏力，无两上肢水肿，遂于我院就诊，为进一步治疗，门诊以“鼻咽癌”收入我院住院治疗。病程中患者精神、饮食较差，大小便正常，体重无明显上降。",
    "entities": [
        {
            "label_type": "解剖部位",
            "start_pos": 12,
            "end_pos": 15,
            "text": "右侧鼻"
        },
        {
            "label_type": "疾病和诊断",
            "start_pos": 32,
            "end_pos": 41,
            "text": "右侧扁桃体恶性肿瘤"
        },
        {
            "label_type": "疾病和诊断",
            "start_pos": 44,
            "end_pos": 60,
            "text": "鼻咽癌（咽部、鼻咽部鳞状细胞癌）"
        },
        {
            "label_type": "疾病和诊断",
            "start_pos": 87,
            "end_pos": 90,
            "text": "鼻咽癌"
        },
        {
            "label_type": "疾病和诊断",
            "start_pos": 91,
            "end_pos": 96,
            "text": "右扁桃体癌"
        },
        {
            "label_type": "解剖部位",
            "start_pos": 136,
            "end_pos": 137,
            "text": "头"
        },
        {
            "label_type": "解剖部位",
            "start_pos": 138,
            "end_pos": 139,
            "text": "头"
        },
        {
            "label_type": "疾病和诊断",
            "start_pos": 149,
            "end_pos": 156,
            "text": "慢支炎急性发作"
        },
        {
            "label_type": "疾病和诊断",
            "start_pos": 157,
            "end_pos": 160,
            "text": "脑梗死"
        },
        {
            "label_type": "解剖部位",
            "start_pos": 168,
            "end_pos": 172,
            "text": "右侧肢体"
        },
        {
            "label_type": "解剖部位",
            "start_pos": 218,
            "end_pos": 219,
            "text": "鼻"
        },
        {
            "label_type": "解剖部位",
            "start_pos": 227,
            "end_pos": 228,
            "text": "鼻"
        },
        {
            "label_type": "解剖部位",
            "start_pos": 237,
            "end_pos": 238,
            "text": "胸"
        },
        {
            "label_type": "解剖部位",
            "start_pos": 241,
            "end_pos": 242,
            "text": "头"
        },
        {
            "label_type": "解剖部位",
            "start_pos": 243,
            "end_pos": 244,
            "text": "头"
        },
        {
            "label_type": "解剖部位",
            "start_pos": 266,
            "end_pos": 267,
            "text": "腹"
        },
        {
            "label_type": "解剖部位",
            "start_pos": 268,
            "end_pos": 269,
            "text": "腹"
        },
        {
            "label_type": "解剖部位",
            "start_pos": 278,
            "end_pos": 281,
            "text": "两上肢"
        },
        {
            "label_type": "疾病和诊断",
            "start_pos": 302,
            "end_pos": 305,
            "text": "鼻咽癌"
        }
    ]
}