{
    "originalText": "，缘于入院1年半前无明显诱因感下腹闷痛不适，就诊我院查腹部CT示“，胰头占位:考虑假乳头状假状”，于2013.04.11在全麻上胰头肿物切除、肝肿物切除、小肠憩室切除、胰肠吻合、空肠造瘘术行“术肿物术后切除（、肿物切除、憩室切）除、胰肝转移胰腺实性-假乳头状瘤肠吻合（胰头肿物）胰腺实性-假乳头状瘤、空肠造瘘术”，术胰腺顺，术后病（肝结节）理（2肿瘤0131044（小肠）8）小肠，示：小肠转移实性-胰腺假状瘤。1（肝结节）肝转移性胰腺实性-假乳头状瘤.，伴出血坏结死，C侵犯被摸。另送（结节）组织见肿瘤细胞浸润；2.（）今C为组织，全层见异位C组织；-3.C。，免疫组化结果C：CK(-PAN-C)(++),KI-67(6%),SY(+),C胰腺实性假乳头状瘤D肝转移术后56(+++),CGA(、-)、,CD10(小++),CD99(-),",
    "entities": [
        {
            "end_pos": 17,
            "label_type": "解剖部位",
            "overlap": 0,
            "start_pos": 15,
            "text": "下腹"
        },
        {
            "label_type": "影像检查",
            "overlap": 0,
            "start_pos": 27,
            "end_pos": 31,
            "text": "腹部CT"
        },
        {
            "end_pos": 36,
            "label_type": "解剖部位",
            "overlap": 0,
            "start_pos": 34,
            "text": "胰头"
        },
        {
            "end_pos": 44,
            "label_type": "解剖部位",
            "overlap": 0,
            "start_pos": 42,
            "text": "乳头"
        },
        {
            "label_type": "手术",
            "overlap": 0,
            "start_pos": 64,
            "end_pos": 94,
            "text": "胰头肿物切除、肝肿物切除、小肠憩室切除、胰肠吻合、空肠造瘘术"
        },
        {
            "label_type": "疾病和诊断",
            "overlap": 0,
            "start_pos": 117,
            "end_pos": 130,
            "text": "肝转移胰腺实性-假乳头状瘤"
        },
        {
            "label_type": "疾病和诊断",
            "overlap": 0,
            "start_pos": 133,
            "end_pos": 149,
            "text": "（胰头肿物）胰腺实性-假乳头状瘤"
        },
        {
            "end_pos": 160,
            "label_type": "解剖部位",
            "overlap": 0,
            "start_pos": 158,
            "text": "胰腺"
        },
        {
            "end_pos": 167,
            "label_type": "解剖部位",
            "overlap": 0,
            "start_pos": 166,
            "text": "肝"
        },
        {
            "end_pos": 185,
            "label_type": "解剖部位",
            "overlap": 0,
            "start_pos": 183,
            "text": "小肠"
        },
        {
            "end_pos": 190,
            "label_type": "解剖部位",
            "overlap": 0,
            "start_pos": 188,
            "text": "小肠"
        },
        {
            "end_pos": 195,
            "label_type": "解剖部位",
            "overlap": 0,
            "start_pos": 193,
            "text": "小肠"
        },
        {
            "end_pos": 202,
            "label_type": "解剖部位",
            "overlap": 0,
            "start_pos": 200,
            "text": "胰腺"
        },
        {
            "label_type": "疾病和诊断",
            "overlap": 0,
            "start_pos": 207,
            "end_pos": 226,
            "text": "（肝结节）肝转移性胰腺实性-假乳头状瘤"
        },
        {
            "label_type": "疾病和诊断",
            "overlap": 0,
            "start_pos": 322,
            "end_pos": 331,
            "text": "胰腺实性假乳头状瘤"
        },
        {
            "label_type": "疾病和诊断",
            "overlap": 0,
            "start_pos": 332,
            "end_pos": 337,
            "text": "肝转移术后"
        }
    ]
}