{
    "originalText": "入院前10+年患者无明显诱因出现活动后心累、气促，休息后可缓解，无夜间阵发性呼吸困难，无胸闷、胸痛、胸前区压榨感，无畏寒、发热、咳嗽、咳痰、盗汗、咳血。患者可耐受，未予诊治。下述症状反复发作，逐渐出现平时一般活动即感心累、气促，否认两上肢水肿，在外口服药物后可缓解。入院前1月下述症状再发，伴咳嗽、咳痰，咳白色粘液痰，可咯出，量较多。病程中心累、气促逐渐加重，出现轻微活动如：穿衣、吃饭即出现气促明显，夜间需高枕卧位。伴下腹部不适、恶心、呕吐2次胃内容物，饮食较差。在***医院就诊，考虑“冠心病，心功能不全，胃炎”，给予对症（具体不详）处理后感心累、气促无缓解。今日遂来我院就诊，为进一步诊治，门诊以“冠心病，胃炎”收入我科。此次病程中精神、饮食较差，大小便基本正常，体重无改变。",
    "entities": [
        {
            "label_type": "解剖部位",
            "start_pos": 19,
            "end_pos": 20,
            "text": "心"
        },
        {
            "label_type": "解剖部位",
            "start_pos": 44,
            "end_pos": 45,
            "text": "胸"
        },
        {
            "label_type": "解剖部位",
            "start_pos": 47,
            "end_pos": 48,
            "text": "胸"
        },
        {
            "label_type": "解剖部位",
            "start_pos": 50,
            "end_pos": 53,
            "text": "胸前区"
        },
        {
            "label_type": "解剖部位",
            "start_pos": 108,
            "end_pos": 109,
            "text": "心"
        },
        {
            "label_type": "解剖部位",
            "start_pos": 116,
            "end_pos": 119,
            "text": "两上肢"
        },
        {
            "label_type": "解剖部位",
            "start_pos": 170,
            "end_pos": 171,
            "text": "心"
        },
        {
            "label_type": "解剖部位",
            "start_pos": 210,
            "end_pos": 213,
            "text": "下腹部"
        },
        {
            "label_type": "解剖部位",
            "start_pos": 223,
            "end_pos": 224,
            "text": "胃"
        },
        {
            "label_type": "疾病和诊断",
            "start_pos": 245,
            "end_pos": 248,
            "text": "冠心病"
        },
        {
            "label_type": "疾病和诊断",
            "start_pos": 249,
            "end_pos": 254,
            "text": "心功能不全"
        },
        {
            "label_type": "疾病和诊断",
            "start_pos": 255,
            "end_pos": 257,
            "text": "胃炎"
        },
        {
            "label_type": "解剖部位",
            "start_pos": 273,
            "end_pos": 274,
            "text": "心"
        },
        {
            "label_type": "疾病和诊断",
            "start_pos": 302,
            "end_pos": 305,
            "text": "冠心病"
        },
        {
            "label_type": "疾病和诊断",
            "start_pos": 306,
            "end_pos": 308,
            "text": "胃炎"
        }
    ]
}