{
    "originalText": "，患者2016.1.26因因腹水原因待查“水原因待全查上”经腹腹膜外子宫切除+两附件切除+全盆腹膜切除+盆腔淋巴结清扫+腹主动脉旁淋巴结清扫+阑尾切除术于我术后院在全麻上行经（两侧卵巢）高级别浆液性乳头状癌膜外右侧肿瘤子宫切除+两附件切除+全盆膜左侧肿瘤切除+盆腔清扫+主动脉旁清扫肿瘤+阑两侧输卵管壁外膜尾右侧输卵管粘膜查切癌除子宫浆膜面术腹膜，，术膜后阑尾浆膜面常查规癌病右髂血管淋巴结理回示：，，右（侧肿瘤）查体积：1左髂血骨淋巴结2*9.5*5（CM，）查左侧肿瘤右闭孔淋巴结体积11*10（*5.）查5CM，左闭孔淋巴结肿瘤其内，查见（癌。面）查、膜、大上腔静脉旁淋巴结网膜、均查（见癌。）查4枚，其髂前淋巴结中1枚（1（/4））查查见转移腹主动脉旁淋巴结；3枚，（其中1）查枚（1/3腹膜外肿瘤）查查见淋巴结转移；2枚（，其中）查1枚（癌1/2）右髂血管淋巴结查见转移，左髂血管淋巴结3枚，其中2查枚（2/3）查见转移；1（+）枚，侵及（+）（1/1（+））查见转移；性1枚，其内（1/（1）查见转+）移；主（动脉旁3枚++），均（3/（+）3）查见转移+；“（膜外肿瘤”内查见1枚，其内）（1/1）卵巢癌术后查见转移癌。另送“”3枚卵巢癌术后及“”1枚，均未查见转移。，免后疫组化：CK（+）、CK7（+）、P53（+）、KI67阳性率约6",
    "entities": [
        {
            "label_type": "疾病和诊断",
            "overlap": 0,
            "start_pos": 14,
            "end_pos": 20,
            "text": "腹水原因待查"
        },
        {
            "label_type": "手术",
            "overlap": 0,
            "start_pos": 29,
            "end_pos": 76,
            "text": "经腹腹膜外子宫切除+两附件切除+全盆腹膜切除+盆腔淋巴结清扫+腹主动脉旁淋巴结清扫+阑尾切除术"
        },
        {
            "label_type": "疾病和诊断",
            "overlap": 0,
            "start_pos": 87,
            "end_pos": 103,
            "text": "（两侧卵巢）高级别浆液性乳头状癌"
        },
        {
            "end_pos": 153,
            "label_type": "解剖部位",
            "overlap": 0,
            "start_pos": 145,
            "text": "两侧输卵管壁外膜"
        },
        {
            "end_pos": 161,
            "label_type": "解剖部位",
            "overlap": 0,
            "start_pos": 154,
            "text": "右侧输卵管粘膜"
        },
        {
            "end_pos": 169,
            "label_type": "解剖部位",
            "overlap": 0,
            "start_pos": 165,
            "text": "子宫浆膜"
        },
        {
            "label_type": "解剖部位",
            "overlap": 0,
            "start_pos": 171,
            "end_pos": 172,
            "text": "腹"
        },
        {
            "end_pos": 183,
            "label_type": "解剖部位",
            "overlap": 0,
            "start_pos": 178,
            "text": "阑尾浆膜面"
        },
        {
            "end_pos": 195,
            "label_type": "解剖部位",
            "overlap": 0,
            "start_pos": 188,
            "text": "右髂血管淋巴结"
        },
        {
            "end_pos": 219,
            "label_type": "解剖部位",
            "overlap": 0,
            "start_pos": 212,
            "text": "左髂血骨淋巴结"
        },
        {
            "end_pos": 242,
            "label_type": "解剖部位",
            "overlap": 0,
            "start_pos": 236,
            "text": "右闭孔淋巴结"
        },
        {
            "end_pos": 265,
            "label_type": "解剖部位",
            "overlap": 0,
            "start_pos": 259,
            "text": "左闭孔淋巴结"
        },
        {
            "end_pos": 290,
            "label_type": "解剖部位",
            "overlap": 0,
            "start_pos": 282,
            "text": "上腔静脉旁淋巴结"
        },
        {
            "end_pos": 310,
            "label_type": "解剖部位",
            "overlap": 0,
            "start_pos": 305,
            "text": "髂前淋巴结"
        },
        {
            "end_pos": 333,
            "label_type": "解剖部位",
            "overlap": 0,
            "start_pos": 325,
            "text": "腹主动脉旁淋巴结"
        },
        {
            "label_type": "疾病和诊断",
            "overlap": 0,
            "start_pos": 348,
            "end_pos": 353,
            "text": "腹膜外肿瘤"
        },
        {
            "end_pos": 360,
            "label_type": "解剖部位",
            "overlap": 0,
            "start_pos": 357,
            "text": "淋巴结"
        },
        {
            "end_pos": 386,
            "label_type": "解剖部位",
            "overlap": 0,
            "start_pos": 379,
            "text": "右髂血管淋巴结"
        },
        {
            "end_pos": 398,
            "label_type": "解剖部位",
            "overlap": 0,
            "start_pos": 391,
            "text": "左髂血管淋巴结"
        },
        {
            "label_type": "疾病和诊断",
            "overlap": 0,
            "start_pos": 506,
            "end_pos": 511,
            "text": "卵巢癌术后"
        },
        {
            "label_type": "疾病和诊断",
            "overlap": 0,
            "start_pos": 523,
            "end_pos": 528,
            "text": "卵巢癌术后"
        }
    ]
}