{
    "originalText": "患者入院前3+年，无明显诱因出现活动后心悸、气促，伴咳嗽，曾就诊***三院诊断“冠心病 缺血性心肌病型 心房纤颤 多源性室性早搏 短阵室性心动过速 心功能Ⅲ级”等，曾出现心慌、心悸伴间断上肢浮肿，予以对症治疗后好转出院（具体不详）。入院前2天，患者无明显诱因出现纳差、咳嗽，喉部较多痰液，但患者咳痰无力，咳痰少，家属诉其咳出少量白色泡沫痰，伴精神萎靡，懒言少语，无畏寒，无恶心、呕吐，无胸痛、咯血，无晕厥、抽搐，无吞咽呛咳，无偏瘫，无口吐白沫、意识丧失，无腹泻等，今日患者家属发现患者心率偏快，精神较差，故立即就诊我院，为进一步治疗收入我科。患者近期食欲差，睡眠倒错，精神较差，小便未诉明显异常，1周前患者大便未解，昨日就诊***医院予以开塞露后解出较多大便，体力及体重无明显改变。",
    "entities": [
        {
            "label_type": "解剖部位",
            "start_pos": 19,
            "end_pos": 20,
            "text": "心"
        },
        {
            "label_type": "疾病和诊断",
            "start_pos": 40,
            "end_pos": 43,
            "text": "冠心病"
        },
        {
            "label_type": "疾病和诊断",
            "start_pos": 44,
            "end_pos": 51,
            "text": "缺血性心肌病型"
        },
        {
            "label_type": "疾病和诊断",
            "start_pos": 52,
            "end_pos": 56,
            "text": "心房纤颤"
        },
        {
            "label_type": "疾病和诊断",
            "start_pos": 57,
            "end_pos": 64,
            "text": "多源性室性早搏"
        },
        {
            "label_type": "疾病和诊断",
            "start_pos": 65,
            "end_pos": 73,
            "text": "短阵室性心动过速"
        },
        {
            "label_type": "疾病和诊断",
            "start_pos": 74,
            "end_pos": 79,
            "text": "心功能Ⅲ级"
        },
        {
            "label_type": "解剖部位",
            "start_pos": 85,
            "end_pos": 86,
            "text": "心"
        },
        {
            "label_type": "解剖部位",
            "start_pos": 88,
            "end_pos": 89,
            "text": "心"
        },
        {
            "label_type": "解剖部位",
            "start_pos": 93,
            "end_pos": 95,
            "text": "上肢"
        },
        {
            "label_type": "解剖部位",
            "start_pos": 137,
            "end_pos": 139,
            "text": "喉部"
        },
        {
            "label_type": "解剖部位",
            "start_pos": 193,
            "end_pos": 194,
            "text": "胸"
        },
        {
            "label_type": "解剖部位",
            "start_pos": 242,
            "end_pos": 243,
            "text": "心"
        },
        {
            "label_type": "药物",
            "start_pos": 319,
            "end_pos": 322,
            "text": "开塞露"
        }
    ]
}