{
    "originalText": "，患者半半个月前无明显诱因出现阵性腹部发性部脐周为绞痛，腹为主恶，伴胀，恶心、呕吐，停止排头气排便。顺利、乏力、发热等不适。就胃肠诊外院，予胃化液减压炎、抑液制消肠化治疗液、腹抗炎、补液、灌等治疗大，现痛缓解，今晨排不成形大便1次肠镜检。20结肠肝曲肿14肠镜-12-01检外院镜检腺癌查提示结肝曲肿物，镜不能通过，活检病左半结肠切除+开腹恶性肿瘤特殊治疗理提示。2014-1（结肠大体）镜检为中分化腺癌2部分为黏液腺癌-16日于膜全麻上行“左半结癌切除+开恶性肿瘤特殊阑尾粘膜慢性炎治疗”检术，，淋巴结术后病癌理：（1切（）结大癌体）（镜切检）为中癌分化（中央淋巴结）镜，为部分结为黏液，浸润癌至浆（中间淋巴结）镜膜为上层结，可见脉管内癌癌栓（肠旁淋巴结），未见神经癌束侵（阑尾）镜犯为粘膜慢性炎；；另送检化16枚（淋）巴结均未见癌（+）。2（近切（+）缘）未见癌（+）。3（远切（+）缘）未见癌（+）。4（）镜（上为脂+）肪结缔组织，未见癌。5（）镜上为脂肪结缔组织，未见癌。体6（）4枚，未",
    "entities": [
        {
            "end_pos": 19,
            "label_type": "解剖部位",
            "overlap": 0,
            "start_pos": 17,
            "text": "腹部"
        },
        {
            "end_pos": 24,
            "label_type": "解剖部位",
            "overlap": 0,
            "start_pos": 22,
            "text": "脐周"
        },
        {
            "end_pos": 29,
            "label_type": "解剖部位",
            "overlap": 0,
            "start_pos": 28,
            "text": "腹"
        },
        {
            "end_pos": 46,
            "label_type": "解剖部位",
            "overlap": 0,
            "start_pos": 45,
            "text": "头"
        },
        {
            "end_pos": 65,
            "label_type": "解剖部位",
            "overlap": 0,
            "start_pos": 63,
            "text": "胃肠"
        },
        {
            "end_pos": 82,
            "label_type": "解剖部位",
            "overlap": 0,
            "start_pos": 81,
            "text": "肠"
        },
        {
            "end_pos": 88,
            "label_type": "解剖部位",
            "overlap": 0,
            "start_pos": 87,
            "text": "腹"
        },
        {
            "end_pos": 125,
            "label_type": "解剖部位",
            "overlap": 0,
            "start_pos": 121,
            "text": "结肠肝曲"
        },
        {
            "label_type": "疾病和诊断",
            "overlap": 0,
            "start_pos": 141,
            "end_pos": 143,
            "text": "腺癌"
        },
        {
            "label_type": "手术",
            "overlap": 0,
            "start_pos": 161,
            "end_pos": 178,
            "text": "左半结肠切除+开腹恶性肿瘤特殊治疗"
        },
        {
            "label_type": "疾病和诊断",
            "overlap": 0,
            "start_pos": 188,
            "end_pos": 202,
            "text": "（结肠大体）镜检为中分化腺癌"
        },
        {
            "label_type": "疾病和诊断",
            "overlap": 0,
            "start_pos": 206,
            "end_pos": 210,
            "text": "黏液腺癌"
        },
        {
            "label_type": "疾病和诊断",
            "overlap": 0,
            "start_pos": 235,
            "end_pos": 242,
            "text": "阑尾粘膜慢性炎"
        },
        {
            "label_type": "解剖部位",
            "overlap": 0,
            "start_pos": 279,
            "end_pos": 284,
            "text": "中央淋巴结"
        },
        {
            "label_type": "解剖部位",
            "overlap": 0,
            "start_pos": 301,
            "end_pos": 306,
            "text": "中间淋巴结"
        },
        {
            "end_pos": 328,
            "label_type": "解剖部位",
            "overlap": 0,
            "start_pos": 323,
            "text": "肠旁淋巴结"
        },
        {
            "end_pos": 340,
            "label_type": "解剖部位",
            "overlap": 0,
            "start_pos": 338,
            "text": "阑尾"
        },
        {
            "label_type": "疾病和诊断",
            "overlap": 0,
            "start_pos": 344,
            "end_pos": 349,
            "text": "粘膜慢性炎"
        }
    ]
}