{
    "originalText": "患者入院前2天无明显诱因出现解黑色稀糊样大便，约3-4次/天，每次量少（具体不详）；伴头晕、心悸、大汗淋漓；晕厥1次，数分钟后苏醒，无意识丧失及四肢抽搐、大小便失禁；无呕血；无畏寒、发热、黄疸；无鼻塞、流涕；无潮热、盗汗；无胸闷、胸痛、呼吸困难；无咳嗽、咳痰、咯血；无腰痛、尿频、尿急、尿痛。为进一步诊治今日来我院，急诊查血常规：WBC：18.8×109/L，N：82.54%，L：13.82%。RBC：3.21×1012/L，Hb：102g/L，PLT：128×109/L，随机血糖：15.9mmol/L，腹部彩超：脂肪肝，胆囊切除，左肾结石。心电图：窦性心动过速。急诊以\\\"消化道出血\\\"收住入院。患者此次患病以来，精神、饮食、睡眠稍差，小便无异常，大便如下述，体重无变化。",
    "entities": [
        {
            "label_type": "解剖部位",
            "start_pos": 43,
            "end_pos": 44,
            "text": "头"
        },
        {
            "label_type": "解剖部位",
            "start_pos": 46,
            "end_pos": 47,
            "text": "心"
        },
        {
            "label_type": "解剖部位",
            "start_pos": 72,
            "end_pos": 74,
            "text": "四肢"
        },
        {
            "label_type": "解剖部位",
            "start_pos": 98,
            "end_pos": 99,
            "text": "鼻"
        },
        {
            "label_type": "解剖部位",
            "start_pos": 112,
            "end_pos": 113,
            "text": "胸"
        },
        {
            "label_type": "解剖部位",
            "start_pos": 115,
            "end_pos": 116,
            "text": "胸"
        },
        {
            "label_type": "解剖部位",
            "start_pos": 134,
            "end_pos": 135,
            "text": "腰"
        },
        {
            "label_type": "实验室检验",
            "start_pos": 165,
            "end_pos": 168,
            "text": "WBC"
        },
        {
            "label_type": "实验室检验",
            "start_pos": 180,
            "end_pos": 181,
            "text": "N"
        },
        {
            "label_type": "实验室检验",
            "start_pos": 189,
            "end_pos": 190,
            "text": "L"
        },
        {
            "label_type": "实验室检验",
            "start_pos": 198,
            "end_pos": 201,
            "text": "RBC"
        },
        {
            "label_type": "实验室检验",
            "start_pos": 214,
            "end_pos": 216,
            "text": "Hb"
        },
        {
            "label_type": "实验室检验",
            "start_pos": 224,
            "end_pos": 227,
            "text": "PLT"
        },
        {
            "label_type": "实验室检验",
            "start_pos": 240,
            "end_pos": 242,
            "text": "血糖"
        },
        {
            "label_type": "影像检查",
            "start_pos": 254,
            "end_pos": 258,
            "text": "腹部彩超"
        },
        {
            "label_type": "疾病和诊断",
            "start_pos": 259,
            "end_pos": 262,
            "text": "脂肪肝"
        },
        {
            "label_type": "疾病和诊断",
            "start_pos": 263,
            "end_pos": 267,
            "text": "胆囊切除"
        },
        {
            "label_type": "疾病和诊断",
            "start_pos": 268,
            "end_pos": 272,
            "text": "左肾结石"
        },
        {
            "label_type": "影像检查",
            "start_pos": 273,
            "end_pos": 276,
            "text": "心电图"
        },
        {
            "label_type": "疾病和诊断",
            "start_pos": 277,
            "end_pos": 283,
            "text": "窦性心动过速"
        },
        {
            "label_type": "疾病和诊断",
            "start_pos": 289,
            "end_pos": 294,
            "text": "消化道出血"
        }
    ]
}