{
    "originalText": "，患者因“胃恶性肿瘤”于221017-07-04在全麻上胃空肠吻合+空肠侧侧吻合术予行术空肠吻合+腹腔内空肠腹侧侧肝脏吻合术肿瘤；，胃窦小弯侧术中探查端见胃近1：腔内少量十二指肠第1段水，8正常，5肿瘤大小位于窦幽门梗阻小近端胃腔弯侧为主，胃远端肿绕近1肿瘤周，已累膜及，胰腺被膜约胰头浸润粘8*第7、*、5、5、C、8M12组淋巴结大小肿大，造成5、8、12组淋巴结，胰腺近合端腔明显扩张，壁水肿瘤肿增厚。肿术瘤已侵胃空肠吻合+空肠侧侧吻合术出浆膜，与被膜及（2浸1润15粘连，）第3（大网膜）纤维脂肪组织内浸润的低分化腺癌、4胃型粘膜、5、、肿6、7、8性及12结合组淋巴结明肿瘤显肿大分，其中与融术后化合成团，探查发指现原发肿瘤无法2切1除。术中1遂行空肠吻术后合+空肠侧化侧吻合术。病理学、检查、回示（20171539（化7），：。 充血、性水肿），轻度急慢性发炎。结合患者病情及门肿瘤病理与胃恶性肿瘤术后分期继续予行术后化疗相关辅助治疗指征存在；、19于2017-后7近-依情开始予行化术",
    "entities": [
        {
            "label_type": "疾病和诊断",
            "overlap": 0,
            "start_pos": 5,
            "end_pos": 10,
            "text": "胃恶性肿瘤"
        },
        {
            "label_type": "手术",
            "overlap": 0,
            "start_pos": 28,
            "end_pos": 41,
            "text": "胃空肠吻合+空肠侧侧吻合术"
        },
        {
            "end_pos": 51,
            "label_type": "解剖部位",
            "overlap": 0,
            "start_pos": 49,
            "text": "腹腔"
        },
        {
            "end_pos": 55,
            "label_type": "解剖部位",
            "overlap": 0,
            "start_pos": 54,
            "text": "腹"
        },
        {
            "end_pos": 59,
            "label_type": "解剖部位",
            "overlap": 0,
            "start_pos": 57,
            "text": "肝脏"
        },
        {
            "end_pos": 71,
            "label_type": "解剖部位",
            "overlap": 0,
            "start_pos": 66,
            "text": "胃窦小弯侧"
        },
        {
            "end_pos": 78,
            "label_type": "解剖部位",
            "overlap": 0,
            "start_pos": 77,
            "text": "胃"
        },
        {
            "end_pos": 92,
            "label_type": "解剖部位",
            "overlap": 0,
            "start_pos": 85,
            "text": "十二指肠第1段"
        },
        {
            "label_type": "疾病和诊断",
            "overlap": 0,
            "start_pos": 106,
            "end_pos": 110,
            "text": "幽门梗阻"
        },
        {
            "end_pos": 115,
            "label_type": "解剖部位",
            "overlap": 0,
            "start_pos": 111,
            "text": "近端胃腔"
        },
        {
            "label_type": "解剖部位",
            "overlap": 0,
            "start_pos": 120,
            "end_pos": 121,
            "text": "胃"
        },
        {
            "end_pos": 140,
            "label_type": "解剖部位",
            "overlap": 0,
            "start_pos": 136,
            "text": "胰腺被膜"
        },
        {
            "end_pos": 143,
            "label_type": "解剖部位",
            "overlap": 0,
            "start_pos": 141,
            "text": "胰头"
        },
        {
            "label_type": "解剖部位",
            "overlap": 0,
            "start_pos": 174,
            "end_pos": 184,
            "text": "5、8、12组淋巴结"
        },
        {
            "end_pos": 187,
            "label_type": "解剖部位",
            "overlap": 0,
            "start_pos": 185,
            "text": "胰腺"
        },
        {
            "label_type": "手术",
            "overlap": 0,
            "start_pos": 209,
            "end_pos": 222,
            "text": "胃空肠吻合+空肠侧侧吻合术"
        },
        {
            "label_type": "疾病和诊断",
            "overlap": 0,
            "start_pos": 243,
            "end_pos": 263,
            "text": "（大网膜）纤维脂肪组织内浸润的低分化腺癌"
        },
        {
            "end_pos": 269,
            "label_type": "解剖部位",
            "overlap": 0,
            "start_pos": 265,
            "text": "胃型粘膜"
        },
        {
            "label_type": "疾病和诊断",
            "overlap": 0,
            "start_pos": 400,
            "end_pos": 407,
            "text": "胃恶性肿瘤术后"
        }
    ]
}