{
    "originalText": "，，缘于入院前7月余因食管胃交界区癌“”于我科根治性全胃及食管上段切除+食管-空肠ROUX-EN-Y吻合术（行（20-15--0），术后9-（17），术后病理（）20（食管上段+全胃），：食管胃交界浸润型管状腺癌II级，1及533，702），示术“，下侵上切及浆膜层癌浸润，，侵大弯淋巴结犯神，幽门下淋巴结经，，幽门上淋巴结止吐标本下癌、上切，端均未见癌浸润，找：到6(下切个)，：，3切个，6个均癌浸润未见癌转移(贲门旁)淋巴结。，20，(胃右动脉旁)淋巴结15340，(腹腔动脉旁)淋巴结30：1，(肝总动脉旁)淋巴结.(下切，端癌)，：送术后检切端组，织未见安素泰癌浸润。2.找+顺铂到4/9个，-1/12个术后，0化/1个，（(总动脉-旁)-淋巴），结0/1化个消化道，见癌转，移”。术后恢复良好，并按“210MGD1+40MGD1--3”-方案行术洛铂后辅助化疗1周期+紫杉醇（20(安素泰)15-10-21），因第1次化疗反应剧烈，化故，于20肝15.11.13、201治5，.12.顺05、20术后15-12-，门28以食管胃交界区癌术后化“后50MG静滴D1，+注射液食()21，大0MG静，滴D1”方案化行",
    "entities": [
        {
            "label_type": "疾病和诊断",
            "overlap": 0,
            "start_pos": 11,
            "end_pos": 18,
            "text": "食管胃交界区癌"
        },
        {
            "label_type": "手术",
            "overlap": 0,
            "start_pos": 23,
            "end_pos": 53,
            "text": "根治性全胃及食管上段切除+食管-空肠ROUX-EN-Y吻合术"
        },
        {
            "label_type": "疾病和诊断",
            "overlap": 0,
            "start_pos": 83,
            "end_pos": 109,
            "text": "（食管上段+全胃），：食管胃交界浸润型管状腺癌II级"
        },
        {
            "end_pos": 144,
            "label_type": "解剖部位",
            "overlap": 0,
            "start_pos": 139,
            "text": "大弯淋巴结"
        },
        {
            "end_pos": 153,
            "label_type": "解剖部位",
            "overlap": 0,
            "start_pos": 147,
            "text": "幽门下淋巴结"
        },
        {
            "end_pos": 162,
            "label_type": "解剖部位",
            "overlap": 0,
            "start_pos": 156,
            "text": "幽门上淋巴结"
        },
        {
            "end_pos": 215,
            "label_type": "解剖部位",
            "overlap": 0,
            "start_pos": 207,
            "text": "(贲门旁)淋巴结"
        },
        {
            "end_pos": 230,
            "label_type": "解剖部位",
            "overlap": 0,
            "start_pos": 220,
            "text": "(胃右动脉旁)淋巴结"
        },
        {
            "end_pos": 246,
            "label_type": "解剖部位",
            "overlap": 0,
            "start_pos": 236,
            "text": "(腹腔动脉旁)淋巴结"
        },
        {
            "end_pos": 261,
            "label_type": "解剖部位",
            "overlap": 0,
            "start_pos": 251,
            "text": "(肝总动脉旁)淋巴结"
        },
        {
            "end_pos": 285,
            "label_type": "药物",
            "overlap": 0,
            "start_pos": 282,
            "text": "安素泰"
        },
        {
            "end_pos": 295,
            "label_type": "药物",
            "overlap": 0,
            "start_pos": 293,
            "text": "顺铂"
        },
        {
            "end_pos": 338,
            "label_type": "解剖部位",
            "overlap": 0,
            "start_pos": 335,
            "text": "消化道"
        },
        {
            "end_pos": 381,
            "label_type": "药物",
            "overlap": 0,
            "start_pos": 379,
            "text": "洛铂"
        },
        {
            "end_pos": 393,
            "label_type": "药物",
            "overlap": 0,
            "start_pos": 390,
            "text": "紫杉醇"
        },
        {
            "end_pos": 400,
            "label_type": "药物",
            "overlap": 0,
            "start_pos": 397,
            "text": "安素泰"
        },
        {
            "end_pos": 429,
            "label_type": "解剖部位",
            "overlap": 0,
            "start_pos": 428,
            "text": "肝"
        },
        {
            "label_type": "疾病和诊断",
            "overlap": 0,
            "start_pos": 467,
            "end_pos": 476,
            "text": "食管胃交界区癌术后"
        }
    ]
}