{
    "originalText": "患者入院前10年每逢冬春季节受凉后感咳嗽，咯白色泡沫痰，每年累计发病超过3月，未正规就诊治疗，抗炎等处理后症状可稍缓解。入院前1年患者感活动后心累、气喘，无胸痛、咯血，无上肢浮肿等，受凉后症状加重，曾在**医院检查治疗，考虑“肺气肿”，平时气喘加重后服用“氨茶碱”治疗。3月前患者双次均因受凉后感咳嗽，咯痰，稍动伴喘累明显，在我院内一科检查诊断为“慢性阻塞性肺病 肺心病，高血压3级极高危，脑梗死后遗症，”经住院治疗后好转出院，2天前患者因受凉后出现咳嗽、无痰，伴喘累明显，可平卧休息，无发热气促， 无胸痛咯血，无恶心呕吐，无两上肢水肿，今日遂在门诊检查，门诊以“慢性阻塞性肺病、高血压”收入我科住院治疗。患者此次患病以来精神食欲差，大小便正常，睡眠尚可,体力及体重无明显改变.",
    "entities": [
        {
            "label_type": "解剖部位",
            "start_pos": 71,
            "end_pos": 72,
            "text": "心"
        },
        {
            "label_type": "解剖部位",
            "start_pos": 78,
            "end_pos": 79,
            "text": "胸"
        },
        {
            "label_type": "解剖部位",
            "start_pos": 85,
            "end_pos": 87,
            "text": "上肢"
        },
        {
            "label_type": "疾病和诊断",
            "start_pos": 113,
            "end_pos": 116,
            "text": "肺气肿"
        },
        {
            "label_type": "药物",
            "start_pos": 128,
            "end_pos": 131,
            "text": "氨茶碱"
        },
        {
            "label_type": "疾病和诊断",
            "start_pos": 174,
            "end_pos": 181,
            "text": "慢性阻塞性肺病"
        },
        {
            "label_type": "疾病和诊断",
            "start_pos": 182,
            "end_pos": 185,
            "text": "肺心病"
        },
        {
            "label_type": "疾病和诊断",
            "start_pos": 186,
            "end_pos": 194,
            "text": "高血压3级极高危"
        },
        {
            "label_type": "疾病和诊断",
            "start_pos": 195,
            "end_pos": 201,
            "text": "脑梗死后遗症"
        },
        {
            "label_type": "解剖部位",
            "start_pos": 251,
            "end_pos": 252,
            "text": "胸"
        },
        {
            "label_type": "解剖部位",
            "start_pos": 263,
            "end_pos": 266,
            "text": "两上肢"
        },
        {
            "label_type": "疾病和诊断",
            "start_pos": 282,
            "end_pos": 289,
            "text": "慢性阻塞性肺病"
        },
        {
            "label_type": "疾病和诊断",
            "start_pos": 290,
            "end_pos": 293,
            "text": "高血压"
        }
    ]
}