{
    "originalText": "1+年前患者无明显诱因出现头昏、呈持续性发作，无视物模糊，平躺后症状减轻，无胸闷、心慌、耳鸣，无两下肢疼痛、麻木，无恶心、呕吐等症状，曾在*****医院行相关检查（未见报告）考虑“脑供血不足”，给予药物对症处理后感头昏症状缓解不明显，后于我院住院治疗，行头、颈部CTA等相关检查后诊断为“腔隙性脑梗塞、脑动脉粥样硬化”，行静脉输液（血塞通、天麻素）治疗后症状稍减轻；半年前患者无明显诱因出现两下肢震颤，活动时较明显，静息时稍有减轻，无两下肢疼痛、麻木、无力等症状，未行规范诊疗；1月前患者无明显诱因出现以下症状加重，伴颈部胀痛，呈阵发性发作，为进一步治疗，予今日来我科诊治，门诊以\\\"颈椎病\\\"收入住院。患者患病以来精神一般，食欲可，睡眠可，便秘，小便正常，近期无明显体重减轻。",
    "entities": [
        {
            "label_type": "解剖部位",
            "start_pos": 13,
            "end_pos": 14,
            "text": "头"
        },
        {
            "label_type": "解剖部位",
            "start_pos": 38,
            "end_pos": 39,
            "text": "胸"
        },
        {
            "label_type": "解剖部位",
            "start_pos": 41,
            "end_pos": 42,
            "text": "心"
        },
        {
            "label_type": "解剖部位",
            "start_pos": 44,
            "end_pos": 45,
            "text": "耳"
        },
        {
            "label_type": "解剖部位",
            "start_pos": 48,
            "end_pos": 51,
            "text": "两下肢"
        },
        {
            "label_type": "疾病和诊断",
            "start_pos": 90,
            "end_pos": 95,
            "text": "脑供血不足"
        },
        {
            "label_type": "解剖部位",
            "start_pos": 107,
            "end_pos": 108,
            "text": "头"
        },
        {
            "label_type": "影像检查",
            "start_pos": 127,
            "end_pos": 134,
            "text": "头、颈部CTA"
        },
        {
            "label_type": "疾病和诊断",
            "start_pos": 144,
            "end_pos": 150,
            "text": "腔隙性脑梗塞"
        },
        {
            "label_type": "疾病和诊断",
            "start_pos": 151,
            "end_pos": 158,
            "text": "脑动脉粥样硬化"
        },
        {
            "label_type": "药物",
            "start_pos": 166,
            "end_pos": 169,
            "text": "血塞通"
        },
        {
            "label_type": "药物",
            "start_pos": 170,
            "end_pos": 173,
            "text": "天麻素"
        },
        {
            "label_type": "解剖部位",
            "start_pos": 195,
            "end_pos": 198,
            "text": "两下肢"
        },
        {
            "label_type": "解剖部位",
            "start_pos": 217,
            "end_pos": 220,
            "text": "两下肢"
        },
        {
            "label_type": "解剖部位",
            "start_pos": 259,
            "end_pos": 261,
            "text": "颈部"
        },
        {
            "label_type": "疾病和诊断",
            "start_pos": 292,
            "end_pos": 295,
            "text": "颈椎病"
        }
    ]
}