{
    "originalText": "，，缘于1月前因进行性吞咽困难1个月就诊于我，院，术完善术后前准备后于-20-14-08-0经左胸三切口食管下段癌切除+食管胃底左颈部吻合+左侧第5肋骨固定术，，术7在全：麻胸腔上行，，，术中所见：全食管下段，奇静脉弓少，量部粘连，探查肿瘤，上切，上，，部局部增厚，下段食管旁长纵隔约6淋巴结CM，切除累胸段食管，及外胃底膜，局部颈部，侵食管-胃底手工吻合出术外，术后膜，旁及，术后多发淋巴结肿大。切除全，并将引线送至，行。术，顺，术后安返病术后房，术后给予预防5感5染、，：(食管)，：食管溃疡型鳞状细胞癌II级，营养支持、，手术制酸、切雾化祛痰(等切治)疗，患癌者恢复良好食管周淋巴结。术后病，理（(2切0)周淋巴结1425，(颈部食管旁)淋巴结956），(下段食管旁)淋巴结，：，侵，(胸部入口处)淋巴结出外膜层，(胃右动脉旁)淋巴结，手5术，(肝总动脉旁)淋巴结标本双切端癌及另送(位入于端)，均未见癌转移。找到1食管癌术后/2入个，，下另送(上切端)周胸淋巴结0/2胸背个，0腹/2腹个，(旁)淋巴结0/1个，(部食入口处)淋巴结1/1，个，0/5个，0",
    "entities": [
        {
            "label_type": "手术",
            "overlap": 0,
            "start_pos": 46,
            "end_pos": 79,
            "text": "经左胸三切口食管下段癌切除+食管胃底左颈部吻合+左侧第5肋骨固定术"
        },
        {
            "end_pos": 89,
            "label_type": "解剖部位",
            "overlap": 0,
            "start_pos": 87,
            "text": "胸腔"
        },
        {
            "end_pos": 104,
            "label_type": "解剖部位",
            "overlap": 0,
            "start_pos": 100,
            "text": "食管下段"
        },
        {
            "end_pos": 109,
            "label_type": "解剖部位",
            "overlap": 0,
            "start_pos": 105,
            "text": "奇静脉弓"
        },
        {
            "end_pos": 137,
            "label_type": "解剖部位",
            "overlap": 0,
            "start_pos": 133,
            "text": "下段食管"
        },
        {
            "end_pos": 141,
            "label_type": "解剖部位",
            "overlap": 0,
            "start_pos": 139,
            "text": "纵隔"
        },
        {
            "end_pos": 156,
            "label_type": "解剖部位",
            "overlap": 0,
            "start_pos": 152,
            "text": "胸段食管"
        },
        {
            "end_pos": 161,
            "label_type": "解剖部位",
            "overlap": 0,
            "start_pos": 159,
            "text": "胃底"
        },
        {
            "end_pos": 167,
            "label_type": "解剖部位",
            "overlap": 0,
            "start_pos": 165,
            "text": "颈部"
        },
        {
            "label_type": "手术",
            "overlap": 0,
            "start_pos": 169,
            "end_pos": 178,
            "text": "食管-胃底手工吻合"
        },
        {
            "label_type": "疾病和诊断",
            "overlap": 0,
            "start_pos": 238,
            "end_pos": 257,
            "text": "(食管)，：食管溃疡型鳞状细胞癌II级"
        },
        {
            "end_pos": 294,
            "label_type": "解剖部位",
            "overlap": 0,
            "start_pos": 288,
            "text": "食管周淋巴结"
        },
        {
            "end_pos": 325,
            "label_type": "解剖部位",
            "overlap": 0,
            "start_pos": 315,
            "text": "(颈部食管旁)淋巴结"
        },
        {
            "end_pos": 340,
            "label_type": "解剖部位",
            "overlap": 0,
            "start_pos": 330,
            "text": "(下段食管旁)淋巴结"
        },
        {
            "end_pos": 355,
            "label_type": "解剖部位",
            "overlap": 0,
            "start_pos": 345,
            "text": "(胸部入口处)淋巴结"
        },
        {
            "end_pos": 370,
            "label_type": "解剖部位",
            "overlap": 0,
            "start_pos": 360,
            "text": "(胃右动脉旁)淋巴结"
        },
        {
            "end_pos": 385,
            "label_type": "解剖部位",
            "overlap": 0,
            "start_pos": 375,
            "text": "(肝总动脉旁)淋巴结"
        },
        {
            "label_type": "疾病和诊断",
            "overlap": 0,
            "start_pos": 411,
            "end_pos": 416,
            "text": "食管癌术后"
        },
        {
            "end_pos": 432,
            "label_type": "解剖部位",
            "overlap": 0,
            "start_pos": 431,
            "text": "胸"
        },
        {
            "end_pos": 440,
            "label_type": "解剖部位",
            "overlap": 0,
            "start_pos": 438,
            "text": "胸背"
        },
        {
            "end_pos": 444,
            "label_type": "解剖部位",
            "overlap": 0,
            "start_pos": 443,
            "text": "腹"
        },
        {
            "end_pos": 447,
            "label_type": "解剖部位",
            "overlap": 0,
            "start_pos": 446,
            "text": "腹"
        }
    ]
}