{
    "originalText": "入院前10+年，患者无明显诱因出现反复咳嗽、咳痰，秋冬季节及受凉感冒后发作，每年累计时间达3月，曾于“324医院”就诊考虑为“慢性支气管炎”，并曾行“气管切开吸痰”（具体不详）。因患者痴呆，且长期活动量少，多数时间卧床或坐轮椅，不能表述是否有活动后喘累及气促，无两上肢水肿。入院前4天,患者受凉后咳嗽再发，伴咳痰，痰液粘稠，不易咳出，伴纳差，精神差，不能行走及进食，当地医院给予输注“头孢”后症状无好转，遂今日就诊于我院，急诊查胸片提示：卧位胸片考虑两肺广泛感染，随访复查或CT进一步检查。两下肺少许纤维化。心影稍增大，主动脉球钙化。两侧肋膈角稍变钝。为进一步治疗，急诊以“肺部感染”收入我科。患者此次患病以来精神、食欲、睡眠较差，大小便未诉明显异常，体力上降，体重无明显改变。",
    "entities": [
        {
            "label_type": "疾病和诊断",
            "start_pos": 63,
            "end_pos": 69,
            "text": "慢性支气管炎"
        },
        {
            "label_type": "手术",
            "start_pos": 75,
            "end_pos": 79,
            "text": "气管切开"
        },
        {
            "label_type": "解剖部位",
            "start_pos": 131,
            "end_pos": 134,
            "text": "两上肢"
        },
        {
            "label_type": "药物",
            "start_pos": 192,
            "end_pos": 194,
            "text": "头孢"
        },
        {
            "label_type": "影像检查",
            "start_pos": 214,
            "end_pos": 216,
            "text": "胸片"
        },
        {
            "label_type": "疾病和诊断",
            "start_pos": 225,
            "end_pos": 231,
            "text": "两肺广泛感染"
        },
        {
            "label_type": "影像检查",
            "start_pos": 237,
            "end_pos": 239,
            "text": "CT"
        },
        {
            "label_type": "解剖部位",
            "start_pos": 245,
            "end_pos": 248,
            "text": "两下肺"
        },
        {
            "label_type": "解剖部位",
            "start_pos": 254,
            "end_pos": 255,
            "text": "心"
        },
        {
            "label_type": "解剖部位",
            "start_pos": 260,
            "end_pos": 264,
            "text": "主动脉球"
        },
        {
            "label_type": "解剖部位",
            "start_pos": 267,
            "end_pos": 272,
            "text": "两侧肋膈角"
        },
        {
            "label_type": "疾病和诊断",
            "start_pos": 287,
            "end_pos": 291,
            "text": "肺部感染"
        }
    ]
}