{
    "originalText": "，，缘于3月（前（20-14--8）1食管癌1-18）胸腹腔镜联合翻身三切口全胸段食管切除+食管-胃底右颈吻合+空肠造瘘术因于我术院行，术后“”。手后术顺利术后，术（后恢复良好后出院。），：（食管及胃底），：食管隆起型鳞状细胞癌II级，术后病，癌组理（20管及神经组1，4管41癌0，9及0），：，术伴坏下切死，上切癌组织侵癌犯脉管及神食管周淋巴结经组织，，胃周淋巴结脉管内见，及癌栓（下段食管旁）淋巴结，见癌外，（上段食管旁）淋巴结膜层。手，（左喉返旁神经）淋巴结术标本下，（第7组）淋巴结切端8、，（第8组）淋巴结上切端均未癌侵及浸，润。组找到1结/：2I个7（，0/2个），，及另（++），送07/（-），1个，0（++），/3个，（+++）0/4个，0/8个，0/2个见癌转移。，免疫组化染洛铂色结果：KI+氟尿嘧啶67（40%阳I性），P53（+术后+周），P，170（肝-），GSTπ（++），EGFR（+++）。于201，4.12食管上段鳞癌术后.24、2术后015.返0，1食.14按“50M食GD1+4000MGCIV44H”方案",
    "entities": [
        {
            "label_type": "疾病和诊断",
            "overlap": 0,
            "start_pos": 19,
            "end_pos": 22,
            "text": "食管癌"
        },
        {
            "label_type": "手术",
            "overlap": 0,
            "start_pos": 27,
            "end_pos": 61,
            "text": "胸腹腔镜联合翻身三切口全胸段食管切除+食管-胃底右颈吻合+空肠造瘘术"
        },
        {
            "label_type": "疾病和诊断",
            "overlap": 0,
            "start_pos": 95,
            "end_pos": 117,
            "text": "（食管及胃底），：食管隆起型鳞状细胞癌II级"
        },
        {
            "end_pos": 174,
            "label_type": "解剖部位",
            "overlap": 0,
            "start_pos": 168,
            "text": "食管周淋巴结"
        },
        {
            "end_pos": 184,
            "label_type": "解剖部位",
            "overlap": 0,
            "start_pos": 179,
            "text": "胃周淋巴结"
        },
        {
            "end_pos": 202,
            "label_type": "解剖部位",
            "overlap": 0,
            "start_pos": 192,
            "text": "（下段食管旁）淋巴结"
        },
        {
            "end_pos": 217,
            "label_type": "解剖部位",
            "overlap": 0,
            "start_pos": 207,
            "text": "（上段食管旁）淋巴结"
        },
        {
            "end_pos": 233,
            "label_type": "解剖部位",
            "overlap": 0,
            "start_pos": 222,
            "text": "（左喉返旁神经）淋巴结"
        },
        {
            "label_type": "解剖部位",
            "overlap": 0,
            "start_pos": 238,
            "end_pos": 246,
            "text": "（第7组）淋巴结"
        },
        {
            "label_type": "解剖部位",
            "overlap": 0,
            "start_pos": 251,
            "end_pos": 259,
            "text": "（第8组）淋巴结"
        },
        {
            "end_pos": 351,
            "label_type": "药物",
            "overlap": 0,
            "start_pos": 349,
            "text": "洛铂"
        },
        {
            "end_pos": 362,
            "label_type": "药物",
            "overlap": 0,
            "start_pos": 358,
            "text": "氟尿嘧啶"
        },
        {
            "end_pos": 391,
            "label_type": "解剖部位",
            "overlap": 0,
            "start_pos": 390,
            "text": "肝"
        },
        {
            "label_type": "疾病和诊断",
            "overlap": 0,
            "start_pos": 422,
            "end_pos": 430,
            "text": "食管上段鳞癌术后"
        }
    ]
}