{
    "originalText": "入院前10+天患者无明显诱因出现下腹部阵发性胀痛，伴背部放射性胀痛，每次疼痛持续约30-40分钟，以饥饿及夜间明显，进食后腹痛可缓解。伴反酸、嗳气、烧心，间断出现解黑便，具体情况不详。无心悸、气促、胸闷、胸痛，无恶心、呕吐、呕血。在外未予正规处理，口服“斯达舒”感腹痛可稍缓解。病程中腹痛反复发作，于2015-04-08在“**********医院行下腹部平扫CT示：脂肪肝，余未见异常”。今日为进一步诊治遂来我院就诊，门诊查“心电图正常。胃镜示：1、十二指肠球部多发性溃疡A1期；2、糜烂性胃窦炎2级；3、反流性食管炎2级；4、食道静脉轻度曲张；5、食道胃黏膜异位。”，为进一步诊治，以“十二指肠溃疡”收入我科。病程中精神、饮食尚可，大便如下述，小便正常，体重无明显减轻。",
    "entities": [
        {
            "label_type": "解剖部位",
            "start_pos": 16,
            "end_pos": 19,
            "text": "下腹部"
        },
        {
            "label_type": "解剖部位",
            "start_pos": 26,
            "end_pos": 28,
            "text": "背部"
        },
        {
            "label_type": "解剖部位",
            "start_pos": 61,
            "end_pos": 62,
            "text": "腹"
        },
        {
            "label_type": "解剖部位",
            "start_pos": 93,
            "end_pos": 94,
            "text": "心"
        },
        {
            "label_type": "解剖部位",
            "start_pos": 99,
            "end_pos": 100,
            "text": "胸"
        },
        {
            "label_type": "解剖部位",
            "start_pos": 102,
            "end_pos": 103,
            "text": "胸"
        },
        {
            "label_type": "药物",
            "start_pos": 127,
            "end_pos": 130,
            "text": "斯达舒"
        },
        {
            "label_type": "解剖部位",
            "start_pos": 132,
            "end_pos": 133,
            "text": "腹"
        },
        {
            "label_type": "解剖部位",
            "start_pos": 142,
            "end_pos": 143,
            "text": "腹"
        },
        {
            "label_type": "影像检查",
            "start_pos": 176,
            "end_pos": 182,
            "text": "腹部平扫CT"
        },
        {
            "label_type": "疾病和诊断",
            "start_pos": 184,
            "end_pos": 187,
            "text": "脂肪肝"
        },
        {
            "label_type": "影像检查",
            "start_pos": 214,
            "end_pos": 217,
            "text": "心电图"
        },
        {
            "label_type": "疾病和诊断",
            "start_pos": 226,
            "end_pos": 240,
            "text": "十二指肠球部多发性溃疡A1期"
        },
        {
            "label_type": "疾病和诊断",
            "start_pos": 243,
            "end_pos": 251,
            "text": "糜烂性胃窦炎2级"
        },
        {
            "label_type": "疾病和诊断",
            "start_pos": 254,
            "end_pos": 262,
            "text": "反流性食管炎2级"
        },
        {
            "label_type": "疾病和诊断",
            "start_pos": 265,
            "end_pos": 273,
            "text": "食道静脉轻度曲张"
        },
        {
            "label_type": "疾病和诊断",
            "start_pos": 276,
            "end_pos": 283,
            "text": "食道胃黏膜异位"
        },
        {
            "label_type": "疾病和诊断",
            "start_pos": 295,
            "end_pos": 301,
            "text": "十二指肠溃疡"
        }
    ]
}