{
    "originalText": "1++月前，患者因“大便习惯改、变、便血”于胃肠我院外科治住院治疗，行肠钡剂乙状结肠灌提示乙状结上腹部CT占位乙状结肠壁性病变；提示乙状结壁5占位性病变；于20上1腹腔镜上腹腔探查术+中转开腹+术中冰冻活检+乙状结肠癌根治术+小肠部分切除术、肠吻合术5术中.08.2右上腹1在右侧盆壁全麻上行腔镜上腔部分小肠、膀胱壁探查术腹腔+中转开腹+术中冰冻盆壁活检分+乙状结升结肠、横结肠癌根治术+小乙状结肠部分降结肠切除及术、吻合5术，C术中见肿瘤位于右上，肠壁与粘右侧盆壁连紧密，同时与部分右侧膀胱壁部分小、粘小肠连回盲部，腔少量C清亮水，肿瘤与粘乙状结肠系膜间及根部连分及离困淋巴结难，术、未见利异术常，于乙状结靠近处扪头孢替安及一直径治约5X4CM质合硬术肿块检，乙状结肠低分化腺癌肿及瘤膜浸透肠系膜淋巴结壁癌转，与5广泛粘连且检右侧盆壁紧癌密及，与右侧部5分粘连，小距约1F80FCM处与奥沙利铂肿5瘤粘连，乙状+亚叶酸钙结系膜间及根部可扪+5-FU及肿大淋巴5结。手术过程顺利，术+5-FU后D1出现感染，予以抗感染、等治疗5，伤口逐渐愈合。F术后F病检：侵奥沙利铂及5浆膜层，见癌+亚叶酸钙转移（5/6），送+5-FU检见癌累及；于2015.09+5-FU.04予以FOLFOX4（化15化0MG中 伤口、+0.3G 化D结1~2查+ 0.6骨髓抑制25G D1~2静治脉注射+ 1治G ",
    "entities": [
        {
            "label_type": "解剖部位",
            "overlap": 0,
            "start_pos": 22,
            "end_pos": 23,
            "text": "胃"
        },
        {
            "label_type": "解剖部位",
            "overlap": 0,
            "start_pos": 23,
            "end_pos": 24,
            "text": "肠"
        },
        {
            "end_pos": 36,
            "label_type": "解剖部位",
            "overlap": 0,
            "start_pos": 35,
            "text": "肠"
        },
        {
            "end_pos": 42,
            "label_type": "解剖部位",
            "overlap": 0,
            "start_pos": 38,
            "text": "乙状结肠"
        },
        {
            "label_type": "影像检查",
            "overlap": 0,
            "start_pos": 48,
            "end_pos": 53,
            "text": "上腹部CT"
        },
        {
            "end_pos": 60,
            "label_type": "解剖部位",
            "overlap": 0,
            "start_pos": 55,
            "text": "乙状结肠壁"
        },
        {
            "label_type": "手术",
            "overlap": 0,
            "start_pos": 82,
            "end_pos": 125,
            "text": "腹腔镜上腹腔探查术+中转开腹+术中冰冻活检+乙状结肠癌根治术+小肠部分切除术、肠吻合术"
        },
        {
            "end_pos": 136,
            "label_type": "解剖部位",
            "overlap": 0,
            "start_pos": 133,
            "text": "右上腹"
        },
        {
            "end_pos": 142,
            "label_type": "解剖部位",
            "overlap": 0,
            "start_pos": 138,
            "text": "右侧盆壁"
        },
        {
            "end_pos": 154,
            "label_type": "解剖部位",
            "overlap": 0,
            "start_pos": 152,
            "text": "小肠"
        },
        {
            "end_pos": 158,
            "label_type": "解剖部位",
            "overlap": 0,
            "start_pos": 155,
            "text": "膀胱壁"
        },
        {
            "label_type": "解剖部位",
            "overlap": 0,
            "start_pos": 161,
            "end_pos": 162,
            "text": "腹"
        },
        {
            "end_pos": 168,
            "label_type": "解剖部位",
            "overlap": 0,
            "start_pos": 167,
            "text": "腹"
        },
        {
            "end_pos": 175,
            "label_type": "解剖部位",
            "overlap": 0,
            "start_pos": 173,
            "text": "盆壁"
        },
        {
            "end_pos": 185,
            "label_type": "解剖部位",
            "overlap": 0,
            "start_pos": 182,
            "text": "升结肠"
        },
        {
            "end_pos": 189,
            "label_type": "解剖部位",
            "overlap": 0,
            "start_pos": 186,
            "text": "横结肠"
        },
        {
            "end_pos": 199,
            "label_type": "解剖部位",
            "overlap": 0,
            "start_pos": 195,
            "text": "乙状结肠"
        },
        {
            "end_pos": 204,
            "label_type": "解剖部位",
            "overlap": 0,
            "start_pos": 201,
            "text": "降结肠"
        },
        {
            "label_type": "解剖部位",
            "overlap": 0,
            "start_pos": 225,
            "end_pos": 226,
            "text": "肠"
        },
        {
            "end_pos": 233,
            "label_type": "解剖部位",
            "overlap": 0,
            "start_pos": 229,
            "text": "右侧盆壁"
        },
        {
            "end_pos": 247,
            "label_type": "解剖部位",
            "overlap": 0,
            "start_pos": 242,
            "text": "右侧膀胱壁"
        },
        {
            "end_pos": 254,
            "label_type": "解剖部位",
            "overlap": 0,
            "start_pos": 252,
            "text": "小肠"
        },
        {
            "end_pos": 258,
            "label_type": "解剖部位",
            "overlap": 0,
            "start_pos": 255,
            "text": "回盲部"
        },
        {
            "end_pos": 281,
            "label_type": "解剖部位",
            "overlap": 0,
            "start_pos": 271,
            "text": "乙状结肠系膜间及根部"
        },
        {
            "end_pos": 312,
            "label_type": "药物",
            "overlap": 0,
            "start_pos": 308,
            "text": "头孢替安"
        },
        {
            "label_type": "疾病和诊断",
            "overlap": 0,
            "start_pos": 331,
            "end_pos": 340,
            "text": "乙状结肠低分化腺癌"
        },
        {
            "end_pos": 352,
            "label_type": "解剖部位",
            "overlap": 0,
            "start_pos": 346,
            "text": "肠系膜淋巴结"
        },
        {
            "end_pos": 368,
            "label_type": "解剖部位",
            "overlap": 0,
            "start_pos": 364,
            "text": "右侧盆壁"
        },
        {
            "end_pos": 398,
            "label_type": "药物",
            "overlap": 0,
            "start_pos": 394,
            "text": "奥沙利铂"
        },
        {
            "end_pos": 411,
            "label_type": "药物",
            "overlap": 0,
            "start_pos": 407,
            "text": "亚叶酸钙"
        },
        {
            "end_pos": 425,
            "label_type": "药物",
            "overlap": 0,
            "start_pos": 421,
            "text": "5-FU"
        },
        {
            "end_pos": 446,
            "label_type": "药物",
            "overlap": 0,
            "start_pos": 442,
            "text": "5-FU"
        },
        {
            "end_pos": 484,
            "label_type": "药物",
            "overlap": 0,
            "start_pos": 480,
            "text": "奥沙利铂"
        },
        {
            "end_pos": 497,
            "label_type": "药物",
            "overlap": 0,
            "start_pos": 493,
            "text": "亚叶酸钙"
        },
        {
            "end_pos": 511,
            "label_type": "药物",
            "overlap": 0,
            "start_pos": 507,
            "text": "5-FU"
        },
        {
            "end_pos": 530,
            "label_type": "药物",
            "overlap": 0,
            "start_pos": 526,
            "text": "5-FU"
        },
        {
            "label_type": "疾病和诊断",
            "overlap": 0,
            "start_pos": 573,
            "end_pos": 577,
            "text": "骨髓抑制"
        }
    ]
}