{
    "originalText": "，患者2015-03无明显诱因出现下次带暗红血，量少，伴大便次数增加至至2-3次/天，稀烂，偶有里急后重，外肠院镜检查提升结肠近肝曲示升结近肝肠曲环形肿物，镜能通过，腺癌活升结肠检乙状结肠病直肠理提小示；升结、乙状结、直多发小息肉。后升结肠癌就诊我院，完善检查后诊断为升结癌，未见远处转移，遂左半结肠切除术于20术15-结07-06全近切麻上行“癌左半结切切除术”，癌，术后病理淋巴结结果回示：1癌（近切中缘）淋巴结未见癌。2（癌远切缘肠旁淋巴结）未见癌。3（癌根部淋癌结巴结）5枚，肠未见癌。4（中至低分化腺癌中间组至肠淋巴膜结）4枚，未见癌。及5（）15枚阑尾及小肠粘膜慢性炎，未见癌；化另见癌结节一枚。6（大体）镜检为中至低分化，浸润至壁浆膜上层，未见明确脉管及神经束侵犯；。，免疫组化：MSH2（+），MS分H6（+），PMS2（+），MLH术1（+），ER（-），ERCC1（+），KI67（6胃0%+）。诊断分小期PT3N1CM0I",
    "entities": [
        {
            "end_pos": 66,
            "label_type": "解剖部位",
            "overlap": 0,
            "start_pos": 60,
            "text": "升结肠近肝曲"
        },
        {
            "label_type": "疾病和诊断",
            "overlap": 0,
            "start_pos": 83,
            "end_pos": 85,
            "text": "腺癌"
        },
        {
            "end_pos": 89,
            "label_type": "解剖部位",
            "overlap": 0,
            "start_pos": 86,
            "text": "升结肠"
        },
        {
            "end_pos": 94,
            "label_type": "解剖部位",
            "overlap": 0,
            "start_pos": 90,
            "text": "乙状结肠"
        },
        {
            "end_pos": 97,
            "label_type": "解剖部位",
            "overlap": 0,
            "start_pos": 95,
            "text": "直肠"
        },
        {
            "label_type": "疾病和诊断",
            "overlap": 0,
            "start_pos": 117,
            "end_pos": 121,
            "text": "升结肠癌"
        },
        {
            "end_pos": 153,
            "label_type": "手术",
            "overlap": 0,
            "start_pos": 146,
            "text": "左半结肠切除术"
        },
        {
            "end_pos": 223,
            "label_type": "解剖部位",
            "overlap": 0,
            "start_pos": 218,
            "text": "肠旁淋巴结"
        },
        {
            "end_pos": 243,
            "label_type": "解剖部位",
            "overlap": 0,
            "start_pos": 242,
            "text": "肠"
        },
        {
            "label_type": "疾病和诊断",
            "overlap": 0,
            "start_pos": 249,
            "end_pos": 256,
            "text": "中至低分化腺癌"
        },
        {
            "label_type": "解剖部位",
            "overlap": 0,
            "start_pos": 260,
            "end_pos": 261,
            "text": "肠"
        },
        {
            "label_type": "疾病和诊断",
            "overlap": 0,
            "start_pos": 280,
            "end_pos": 290,
            "text": "阑尾及小肠粘膜慢性炎"
        },
        {
            "end_pos": 403,
            "label_type": "解剖部位",
            "overlap": 0,
            "start_pos": 402,
            "text": "胃"
        }
    ]
}