{
    "originalText": "患者入院前10年多于受凉后感咳嗽，咯白色泡沫痰，每年累计发病超过3月，未正规就诊治疗，抗炎等处理后症状缓解。入院前1年患者感活动后心累、气喘，无明显胸痛，无胸骨后压榨感，无上肢浮肿等，受凉后症状加重，曾在**医院检查治疗，考虑“肺气肿”，平时气喘加重后服用“氨茶碱”治疗。近10天患者受凉后病情加重，感咳嗽，咯粘痰，并气喘，活动后心累明显，无畏寒发热，无潮热盗汗，无胸痛，无上肢浮肿等不适，院外服用“感冒清胶囊”治疗，效不佳，今日来院就诊，测血压220/100mmHg，门诊予以静脉注射乌拉地尔 2.5ml，并静脉滴注多索茶碱0.2mg，雾化“布地奈德、异丙托溴铵”处理后，为进一步治疗收入我科住院。患者此次患病以来精神食欲差，大小便正常，睡眠尚可,体力及体重无明显改变.",
    "entities": [
        {
            "label_type": "解剖部位",
            "start_pos": 65,
            "end_pos": 66,
            "text": "心"
        },
        {
            "label_type": "解剖部位",
            "start_pos": 74,
            "end_pos": 75,
            "text": "胸"
        },
        {
            "label_type": "解剖部位",
            "start_pos": 78,
            "end_pos": 80,
            "text": "胸骨"
        },
        {
            "label_type": "解剖部位",
            "start_pos": 86,
            "end_pos": 88,
            "text": "上肢"
        },
        {
            "label_type": "疾病和诊断",
            "start_pos": 114,
            "end_pos": 117,
            "text": "肺气肿"
        },
        {
            "label_type": "药物",
            "start_pos": 129,
            "end_pos": 132,
            "text": "氨茶碱"
        },
        {
            "label_type": "解剖部位",
            "start_pos": 165,
            "end_pos": 166,
            "text": "心"
        },
        {
            "label_type": "解剖部位",
            "start_pos": 183,
            "end_pos": 184,
            "text": "胸"
        },
        {
            "label_type": "解剖部位",
            "start_pos": 187,
            "end_pos": 189,
            "text": "上肢"
        },
        {
            "label_type": "药物",
            "start_pos": 200,
            "end_pos": 205,
            "text": "感冒清胶囊"
        },
        {
            "label_type": "药物",
            "start_pos": 243,
            "end_pos": 247,
            "text": "乌拉地尔"
        },
        {
            "label_type": "药物",
            "start_pos": 259,
            "end_pos": 263,
            "text": "多索茶碱"
        },
        {
            "label_type": "药物",
            "start_pos": 272,
            "end_pos": 276,
            "text": "布地奈德"
        },
        {
            "label_type": "药物",
            "start_pos": 277,
            "end_pos": 282,
            "text": "异丙托溴铵"
        }
    ]
}