{
    "originalText": "患者1月余前因“大便带血3月余。”入院，，诊断为直肠癌“，”，患者入院后完善相关辅助，检查，排除切线后于2016-01-17日在全腹腔镜直肠癌根治术，术麻上行，术结后病（直肠）中分化腺癌，溃疡型，理检查结果:，肿物切面积3.，5*0.5周CM，侵透，外术膜达周围脂肪周组织，手术下癌，肠周淋巴结上禁忌中及环周切线均未查见癌，1化3治枚中均未查见转移。现患者为求化疗治疗再次，就诊于我，科。患者，近日来饮食",
    "entities": [
        {
            "label_type": "疾病和诊断",
            "overlap": 0,
            "start_pos": 24,
            "end_pos": 27,
            "text": "直肠癌"
        },
        {
            "end_pos": 74,
            "label_type": "手术",
            "overlap": 0,
            "start_pos": 65,
            "text": "腹腔镜直肠癌根治术"
        },
        {
            "label_type": "疾病和诊断",
            "overlap": 0,
            "start_pos": 84,
            "end_pos": 97,
            "text": "（直肠）中分化腺癌，溃疡型"
        },
        {
            "end_pos": 147,
            "label_type": "解剖部位",
            "overlap": 0,
            "start_pos": 142,
            "text": "肠周淋巴结"
        }
    ]
}