{
    "originalText": "入院前10+年患者反复出现咳嗽、咳痰，多于冬春季及受凉后发作，抗感染治疗有效，每年发作超过3个月。入院前6+年开始出现咳嗽咳痰时伴喘累，逐渐出现活动后心累，于下坡时出现。2014年4月患者曾因下诉症状发作在我科住院治疗，当时查“心脏彩超示右房、左房、左室增大，多瓣膜反流，肺动脉重度高压，心包腔积液；胸片提示右肺中上野团片影；后反复在我科住院，监测胸片或CT提示右上肺团块影持续存在。院外遵嘱长期口服利尿剂及支气管解痉药物，平地慢步活动可耐受。半月前患者受凉后感咳嗽，痰液较少，痰不易咯出，连续咯痰后感气促、胸闷，端坐休息后稍缓解，无明显咽痛流涕，无畏寒发热，无潮热盗汗等不适，今为求进一步治疗来我院。本次发病以来患者精神食欲尚可，大小便如常，睡眠尚可，体重无明显上降。",
    "entities": [
        {
            "label_type": "解剖部位",
            "start_pos": 75,
            "end_pos": 76,
            "text": "心"
        },
        {
            "label_type": "影像检查",
            "start_pos": 114,
            "end_pos": 118,
            "text": "心脏彩超"
        },
        {
            "label_type": "疾病和诊断",
            "start_pos": 119,
            "end_pos": 129,
            "text": "右房、左房、左室增大"
        },
        {
            "label_type": "疾病和诊断",
            "start_pos": 130,
            "end_pos": 135,
            "text": "多瓣膜反流"
        },
        {
            "label_type": "疾病和诊断",
            "start_pos": 136,
            "end_pos": 143,
            "text": "肺动脉重度高压"
        },
        {
            "label_type": "疾病和诊断",
            "start_pos": 144,
            "end_pos": 149,
            "text": "心包腔积液"
        },
        {
            "label_type": "影像检查",
            "start_pos": 150,
            "end_pos": 152,
            "text": "胸片"
        },
        {
            "label_type": "解剖部位",
            "start_pos": 154,
            "end_pos": 158,
            "text": "右肺中上"
        },
        {
            "label_type": "影像检查",
            "start_pos": 174,
            "end_pos": 176,
            "text": "胸片"
        },
        {
            "label_type": "影像检查",
            "start_pos": 177,
            "end_pos": 179,
            "text": "CT"
        },
        {
            "label_type": "解剖部位",
            "start_pos": 181,
            "end_pos": 184,
            "text": "右上肺"
        },
        {
            "label_type": "解剖部位",
            "start_pos": 204,
            "end_pos": 207,
            "text": "支气管"
        },
        {
            "label_type": "解剖部位",
            "start_pos": 254,
            "end_pos": 255,
            "text": "胸"
        },
        {
            "label_type": "解剖部位",
            "start_pos": 269,
            "end_pos": 270,
            "text": "咽"
        }
    ]
}