{
    "originalText": "入院前5小时患者无明显诱因晨起后感四肢乏力，不能坐起，右侧较明显，伴有右侧嘴角流涎，言语吐词较前模糊，小便失禁，无头晕、头痛，无恶心、呕吐，无心悸、胸闷、胸痛，无腹痛、腹泻，无大便失禁，无抽搐等不适。于我院急诊科就诊，查血常规：WBC 11.5*10^9/L，NEUT 95.01%；血气分析PH 7.39，PO2 118mmHg，PCO2 35mmHg，HCO3- 22.6mmol/l。静脉血糖32.28mmol/l，心肌酶谱：CK-MB 26U/L，LDH 337.7U/L。头部CT：左侧脑室体部旁及左侧基底节区脑梗死。给予胰岛素缓慢泵入，疏血通、脑苷肌肽静滴，为进一步诊治收治我科。患者此次起病以来精神、食欲、睡眠可，小便失禁，大便未解，体力及体重无明显改变。",
    "entities": [
        {
            "label_type": "解剖部位",
            "start_pos": 17,
            "end_pos": 19,
            "text": "四肢"
        },
        {
            "label_type": "解剖部位",
            "start_pos": 35,
            "end_pos": 39,
            "text": "右侧嘴角"
        },
        {
            "label_type": "解剖部位",
            "start_pos": 57,
            "end_pos": 58,
            "text": "头"
        },
        {
            "label_type": "解剖部位",
            "start_pos": 60,
            "end_pos": 61,
            "text": "头"
        },
        {
            "label_type": "解剖部位",
            "start_pos": 71,
            "end_pos": 72,
            "text": "心"
        },
        {
            "label_type": "解剖部位",
            "start_pos": 74,
            "end_pos": 75,
            "text": "胸"
        },
        {
            "label_type": "解剖部位",
            "start_pos": 77,
            "end_pos": 78,
            "text": "胸"
        },
        {
            "label_type": "解剖部位",
            "start_pos": 81,
            "end_pos": 82,
            "text": "腹"
        },
        {
            "label_type": "解剖部位",
            "start_pos": 84,
            "end_pos": 85,
            "text": "腹"
        },
        {
            "label_type": "实验室检验",
            "start_pos": 114,
            "end_pos": 117,
            "text": "WBC"
        },
        {
            "label_type": "实验室检验",
            "start_pos": 130,
            "end_pos": 134,
            "text": "NEUT"
        },
        {
            "label_type": "实验室检验",
            "start_pos": 146,
            "end_pos": 148,
            "text": "PH"
        },
        {
            "label_type": "实验室检验",
            "start_pos": 154,
            "end_pos": 157,
            "text": "PO2"
        },
        {
            "label_type": "实验室检验",
            "start_pos": 166,
            "end_pos": 170,
            "text": "PCO2"
        },
        {
            "label_type": "实验室检验",
            "start_pos": 178,
            "end_pos": 182,
            "text": "HCO3"
        },
        {
            "label_type": "实验室检验",
            "start_pos": 197,
            "end_pos": 199,
            "text": "血糖"
        },
        {
            "label_type": "实验室检验",
            "start_pos": 216,
            "end_pos": 221,
            "text": "CK-MB"
        },
        {
            "label_type": "实验室检验",
            "start_pos": 228,
            "end_pos": 231,
            "text": "LDH"
        },
        {
            "label_type": "影像检查",
            "start_pos": 241,
            "end_pos": 245,
            "text": "头部CT"
        },
        {
            "label_type": "解剖部位",
            "start_pos": 246,
            "end_pos": 251,
            "text": "左侧脑室体"
        },
        {
            "label_type": "解剖部位",
            "start_pos": 254,
            "end_pos": 260,
            "text": "左侧基底节区"
        },
        {
            "label_type": "疾病和诊断",
            "start_pos": 260,
            "end_pos": 263,
            "text": "脑梗死"
        },
        {
            "label_type": "药物",
            "start_pos": 266,
            "end_pos": 269,
            "text": "胰岛素"
        },
        {
            "label_type": "药物",
            "start_pos": 274,
            "end_pos": 277,
            "text": "疏血通"
        },
        {
            "label_type": "药物",
            "start_pos": 278,
            "end_pos": 282,
            "text": "脑苷肌肽"
        }
    ]
}