{
    "originalText": "，，无泻2013年8月16日于我科全麻上乙状结肠癌根治术，，术行，，术进展期乙状结肠癌，溃疡浸润型，中分化腺癌，，浸润后病理：，，，，浸润深度：浸润型透浆，膜，，生长方式：浸润，型生长，，肌间癌，神经结节侵癌犯（+），II级，，断端无癌，，分期淋巴结期未，见癌转化结移（0/19枚），DUKES，分期：B2期。，免疫组化结果：KI67>80%,P53>70%,CDX2 >50%,CA199(+),NM23(+)，,MLH1>70%,术MS腹H化2>7，0%,MSH6化>60，%,，病理号：，517进。患者术化后行腔化疗2次，XELOX，辅助化疗4，次，无明，显不良反应，，腹今，为求进，一步辅助化疗收入我科。患者近日，无分发热分，",
    "entities": [
        {
            "end_pos": 28,
            "label_type": "手术",
            "overlap": 0,
            "start_pos": 20,
            "text": "乙状结肠癌根治术"
        },
        {
            "label_type": "疾病和诊断",
            "overlap": 0,
            "start_pos": 35,
            "end_pos": 55,
            "text": "进展期乙状结肠癌，溃疡浸润型，中分化腺癌"
        },
        {
            "label_type": "解剖部位",
            "overlap": 0,
            "start_pos": 220,
            "end_pos": 221,
            "text": "腹"
        },
        {
            "end_pos": 289,
            "label_type": "解剖部位",
            "overlap": 0,
            "start_pos": 288,
            "text": "腹"
        }
    ]
}