{
    "originalText": "患者1周前被家属发现精神异常、情绪低落，活动较平日减少，稍活动即感肢体乏力，反复间断自言自语，语言内容逻辑混乱，无明显口齿不清、单侧肢体无活动等，未见呼吸急促、咳嗽、发热、寒战，无恶心、呕吐、腹泻；未进一步检查及治疗。1周来下述症状持续存在，患者尚可自主入厕及进食，无呛咳，今家属送来我院，门诊予以收住院治疗。入院30年前患者常于受凉后出现咳嗽、咳痰伴喘累，呈阵发性发作，自服“感冒”药或于附近门诊输液治疗后可缓解。下述症状多在冬春季节受凉后反复发作，每年发作时间累积大于3月。曾在我院住院诊断为“慢性支气管炎急性发作，阻塞性肺气肿”，病情稳定期可在家人搀扶上短距离活动，伴喘息，未长期使用喷吸类药物。本次发病以来患者精神食欲稍差，大小便如常，睡眠较差，体重无明显上降。",
    "entities": [
        {
            "label_type": "解剖部位",
            "start_pos": 59,
            "end_pos": 61,
            "text": "口齿"
        },
        {
            "label_type": "解剖部位",
            "start_pos": 96,
            "end_pos": 97,
            "text": "腹"
        },
        {
            "label_type": "疾病和诊断",
            "start_pos": 249,
            "end_pos": 259,
            "text": "慢性支气管炎急性发作"
        },
        {
            "label_type": "疾病和诊断",
            "start_pos": 260,
            "end_pos": 266,
            "text": "阻塞性肺气肿"
        }
    ]
}