{
    "originalText": "患者11月余前因“嗳气剑突、上隐痛5月余。”于我院就诊，后，完善辅助检查201恢复020215.胃癌根治术（D2全胃+ROUX-EN-Y重建）0，术4.29行“胃食管结合部腺癌II型，PT3N3AM0，IIIB期”术，术后病，理腹提示腹：。术后后于可，无痛、胀201、恶0心、2呕吐SOX等不（奥沙利铂1适0M。于I2DRIP0D1+S-1150M.0PO5BID.D1-12）7行SOX方案（1建50MG IVDRIP D1+，食 6，0MG PO， BID D1-，1重4）化疗。现",
    "entities": [
        {
            "label_type": "解剖部位",
            "overlap": 0,
            "start_pos": 11,
            "end_pos": 13,
            "text": "剑突"
        },
        {
            "label_type": "手术",
            "overlap": 0,
            "start_pos": 48,
            "end_pos": 71,
            "text": "胃癌根治术（D2全胃+ROUX-EN-Y重建）"
        },
        {
            "label_type": "疾病和诊断",
            "overlap": 0,
            "start_pos": 80,
            "end_pos": 106,
            "text": "胃食管结合部腺癌II型，PT3N3AM0，IIIB期"
        },
        {
            "end_pos": 115,
            "label_type": "解剖部位",
            "overlap": 0,
            "start_pos": 114,
            "text": "腹"
        },
        {
            "end_pos": 118,
            "label_type": "解剖部位",
            "overlap": 0,
            "start_pos": 117,
            "text": "腹"
        },
        {
            "end_pos": 151,
            "label_type": "药物",
            "overlap": 0,
            "start_pos": 147,
            "text": "奥沙利铂"
        },
        {
            "end_pos": 170,
            "label_type": "药物",
            "overlap": 0,
            "start_pos": 167,
            "text": "S-1"
        }
    ]
}