{
    "originalText": "患者因“胃窦癌”于20115-7-8在偶感全麻上行\\远端胃癌姑息切除癌姑息切除术\"\\，术\"，利，术术程顺利，胃窦癌（PT4AN3BM1，IV期)术后病术理提示。，患者术1后恢复可1，于201（维康达45M-8BI-1P2行S1O14X奥沙利铂（140MMGIV BIPID3 PO D1，-14利，+ 15，0MG IVDRIP Q3，W）方案一术程，过程顺利，我院疲乏，余无恶心、，呕吐、发热等不适，，今为，行上程术后，辅助化疗收入我科",
    "entities": [
        {
            "label_type": "疾病和诊断",
            "overlap": 0,
            "start_pos": 4,
            "end_pos": 7,
            "text": "胃窦癌"
        },
        {
            "end_pos": 40,
            "label_type": "手术",
            "overlap": 0,
            "start_pos": 26,
            "text": "远端胃癌姑息切除癌姑息切除术"
        },
        {
            "label_type": "疾病和诊断",
            "overlap": 0,
            "start_pos": 54,
            "end_pos": 72,
            "text": "胃窦癌（PT4AN3BM1，IV期)"
        },
        {
            "end_pos": 99,
            "label_type": "药物",
            "overlap": 0,
            "start_pos": 96,
            "text": "维康达"
        },
        {
            "end_pos": 121,
            "label_type": "药物",
            "overlap": 0,
            "start_pos": 117,
            "text": "奥沙利铂"
        }
    ]
}