{
    "originalText": "平素月经规律，月经周期27-30天，末次月经2014-3-30，预产期2014-12-27。孕早期无阴道流血保胎病史。孕18周开始自觉胎动至今。孕期正规产检，孕期查甲功及甘胆酸正常，无创基因诊断提示低风险，OGTT提示餐后1小时血糖10.04mmol/l,余正常，予糖尿病饮食。孕期无头晕、眼花、胸闷、心慌及皮肤瘙痒等不适。入院前12天，无明显诱因突然出现无痛性阴道流血，咖啡色伴血凝块，量约20ml，以“低置胎盘”收入我院，给予保胎期待治疗，复查B超提示为部分性前置胎盘，治疗好转后自动出院。入院前1+天，患者活动后又开始出现阴道流血，量约20ml，色鲜红，无凝血块及其他组织物，无发热、腹痛、肛门坠胀、阴道流液等不适，门诊行B超检查后\\\"完全性前置胎盘\\\"收入院。",
    "entities": [
        {
            "label_type": "解剖部位",
            "start_pos": 50,
            "end_pos": 52,
            "text": "阴道"
        },
        {
            "label_type": "实验室检验",
            "start_pos": 85,
            "end_pos": 88,
            "text": "甘胆酸"
        },
        {
            "label_type": "实验室检验",
            "start_pos": 109,
            "end_pos": 116,
            "text": "餐后1小时血糖"
        },
        {
            "label_type": "疾病和诊断",
            "start_pos": 133,
            "end_pos": 136,
            "text": "糖尿病"
        },
        {
            "label_type": "解剖部位",
            "start_pos": 142,
            "end_pos": 143,
            "text": "头"
        },
        {
            "label_type": "解剖部位",
            "start_pos": 145,
            "end_pos": 146,
            "text": "眼"
        },
        {
            "label_type": "解剖部位",
            "start_pos": 148,
            "end_pos": 149,
            "text": "胸"
        },
        {
            "label_type": "解剖部位",
            "start_pos": 151,
            "end_pos": 152,
            "text": "心"
        },
        {
            "label_type": "解剖部位",
            "start_pos": 181,
            "end_pos": 183,
            "text": "阴道"
        },
        {
            "label_type": "疾病和诊断",
            "start_pos": 203,
            "end_pos": 207,
            "text": "低置胎盘"
        },
        {
            "label_type": "影像检查",
            "start_pos": 224,
            "end_pos": 226,
            "text": "B超"
        },
        {
            "label_type": "疾病和诊断",
            "start_pos": 229,
            "end_pos": 236,
            "text": "部分性前置胎盘"
        },
        {
            "label_type": "解剖部位",
            "start_pos": 264,
            "end_pos": 266,
            "text": "阴道"
        },
        {
            "label_type": "解剖部位",
            "start_pos": 295,
            "end_pos": 296,
            "text": "腹"
        },
        {
            "label_type": "解剖部位",
            "start_pos": 298,
            "end_pos": 300,
            "text": "肛门"
        },
        {
            "label_type": "解剖部位",
            "start_pos": 303,
            "end_pos": 305,
            "text": "阴道"
        },
        {
            "label_type": "影像检查",
            "start_pos": 314,
            "end_pos": 316,
            "text": "B超"
        },
        {
            "label_type": "疾病和诊断",
            "start_pos": 321,
            "end_pos": 328,
            "text": "完全性前置胎盘"
        }
    ]
}