{
    "originalText": "，患者因“胃窦癌窦癌”入以来于2014-12-24在全麻上行（远端）胃癌根治术\\\"\\术\"，术程顺术后利，，术后病（胃理回报:）“（肿胃中至低分化腺癌物大体）镜检为中分至低肠分化，L胃AUREN，分型：型癌，浸润壁浆膜层，可见脉管内癌癌栓及神经束侵犯；网膜腺癌组织未（见癌远。淋）巴结癌4/61枚化见转移。（（近）、远切缘）未（见癌）。，免疫组化：VEGF（+），HER-术后2（1+）。P术后T4化AN2M0，III胃窦癌术后B期。”患者术后恢复可，现为行术后辅助化疗来我院就诊，拟“”入我科。自下次出院我院，患者一般",
    "entities": [
        {
            "label_type": "疾病和诊断",
            "overlap": 0,
            "start_pos": 5,
            "end_pos": 8,
            "text": "胃窦癌"
        },
        {
            "label_type": "手术",
            "overlap": 0,
            "start_pos": 30,
            "end_pos": 39,
            "text": "（远端）胃癌根治术"
        },
        {
            "label_type": "解剖部位",
            "overlap": 0,
            "start_pos": 57,
            "end_pos": 58,
            "text": "胃"
        },
        {
            "label_type": "疾病和诊断",
            "overlap": 0,
            "start_pos": 66,
            "end_pos": 74,
            "text": "胃中至低分化腺癌"
        },
        {
            "end_pos": 86,
            "label_type": "解剖部位",
            "overlap": 0,
            "start_pos": 85,
            "text": "肠"
        },
        {
            "label_type": "解剖部位",
            "overlap": 0,
            "start_pos": 90,
            "end_pos": 91,
            "text": "胃"
        },
        {
            "label_type": "疾病和诊断",
            "overlap": 0,
            "start_pos": 127,
            "end_pos": 129,
            "text": "腺癌"
        },
        {
            "label_type": "疾病和诊断",
            "overlap": 0,
            "start_pos": 208,
            "end_pos": 213,
            "text": "胃窦癌术后"
        }
    ]
}