{
    "originalText": "患者于入院前1天无明显诱因出现发热，未测体温，无咳嗽、咳痰、呼吸困难、流涕、腹痛、腹泻、呕吐、尿频、腰痛等，未重视。今日下午出现反复寒颤，伴全身乏力，跌倒再次（具体受伤机制不详），致右侧面部摔伤，无单侧肢体乏力、意识障碍及大小便失禁等。养老院工作人员通知家属后送入我院急诊科，测体温39.5℃，血压183/72mmHg，急查血常规提示WBC 4.0*109/l N 0.859 Hb 82g/l PLT 62*109/l。电解质K 3.49mmol/l，心肌酶谱CK 902.8u/l CKMB 34u/l。肌钙蛋白阴性。予静推“乌拉地尔”降压、静滴“赖氨匹林”后收入我科住院治疗。患者此次患病以来精神食欲差，长期大小便失禁，睡眠尚可，体力明显上降，体重无明显改变。",
    "entities": [
        {
            "label_type": "解剖部位",
            "start_pos": 38,
            "end_pos": 39,
            "text": "腹"
        },
        {
            "label_type": "解剖部位",
            "start_pos": 41,
            "end_pos": 42,
            "text": "腹"
        },
        {
            "label_type": "解剖部位",
            "start_pos": 50,
            "end_pos": 51,
            "text": "腰"
        },
        {
            "label_type": "解剖部位",
            "start_pos": 91,
            "end_pos": 95,
            "text": "右侧面部"
        },
        {
            "label_type": "解剖部位",
            "start_pos": 99,
            "end_pos": 103,
            "text": "单侧肢体"
        },
        {
            "label_type": "实验室检验",
            "start_pos": 167,
            "end_pos": 170,
            "text": "WBC"
        },
        {
            "label_type": "实验室检验",
            "start_pos": 181,
            "end_pos": 182,
            "text": "N"
        },
        {
            "label_type": "实验室检验",
            "start_pos": 189,
            "end_pos": 191,
            "text": "Hb"
        },
        {
            "label_type": "实验室检验",
            "start_pos": 198,
            "end_pos": 201,
            "text": "PLT"
        },
        {
            "label_type": "实验室检验",
            "start_pos": 214,
            "end_pos": 215,
            "text": "K"
        },
        {
            "label_type": "实验室检验",
            "start_pos": 231,
            "end_pos": 233,
            "text": "CK"
        },
        {
            "label_type": "实验室检验",
            "start_pos": 243,
            "end_pos": 247,
            "text": "CKMB"
        },
        {
            "label_type": "实验室检验",
            "start_pos": 254,
            "end_pos": 258,
            "text": "肌钙蛋白"
        },
        {
            "label_type": "药物",
            "start_pos": 265,
            "end_pos": 269,
            "text": "乌拉地尔"
        },
        {
            "label_type": "药物",
            "start_pos": 276,
            "end_pos": 280,
            "text": "赖氨匹林"
        }
    ]
}