{
    "originalText": "，患者约于4个月前因“胃恶性肿瘤”在我院全麻上行姑息性胃大部切除术+毕II式吻合，手术术过程利顺术利，术后患者恢切复好合，切口术愈合好，胃窦部低分化腺癌，术部后病理腺癌：，局部呈粘液腺癌图像，浸润溃疡型，体积7.5*3.7*2.2CM部切除，侵穿观切察，累及癌底部切除面。双端切线未查见癌。呈三组（3/3个）、五组（2/4癌个）、六组（5/7个）淋巴结癌癌转移。四组化（2个）淋巴结未查见癌。，+免疫组化染色示：CERBB-2（1++）、SYN（-）I、EIIIRCC+1弥漫（+）、+β-TUBULIN+-III少量II（+）+、TS较多（+）、R化RM1少量（+）、TOPOII少量（+）。化根据患者病情具奥沙利铂有化疗指征，于2+亚叶酸钙014-08-06开+替加氟始第一周期化疗，，方案为：200MG D1+0.3肝G D2-6 +1000MG D2-6 化静滴，同时给与升白细胞、护、化止吐、免疫增强治化疗，注意浆",
    "entities": [
        {
            "label_type": "疾病和诊断",
            "overlap": 0,
            "start_pos": 11,
            "end_pos": 16,
            "text": "胃恶性肿瘤"
        },
        {
            "label_type": "手术",
            "overlap": 0,
            "start_pos": 24,
            "end_pos": 40,
            "text": "姑息性胃大部切除术+毕II式吻合"
        },
        {
            "label_type": "疾病和诊断",
            "overlap": 0,
            "start_pos": 68,
            "end_pos": 76,
            "text": "胃窦部低分化腺癌"
        },
        {
            "end_pos": 309,
            "label_type": "药物",
            "overlap": 0,
            "start_pos": 305,
            "text": "奥沙利铂"
        },
        {
            "end_pos": 322,
            "label_type": "药物",
            "overlap": 0,
            "start_pos": 318,
            "text": "亚叶酸钙"
        },
        {
            "end_pos": 336,
            "label_type": "药物",
            "overlap": 0,
            "start_pos": 333,
            "text": "替加氟"
        },
        {
            "end_pos": 362,
            "label_type": "解剖部位",
            "overlap": 0,
            "start_pos": 361,
            "text": "肝"
        }
    ]
}