{
    "originalText": "入院前3天患者无明显诱因出现咳嗽，咯少许白色粘痰，无畏寒发热，无鼻塞流涕，无胸痛咯血，无喘累气促，无呼吸困难，患者在家自服消炎药物（具体不详），下述症状无改善。今日患者咳嗽咯痰加重，咳嗽较为频繁，喉头闻及较多痰鸣音，咯痰费力，且患者精神较差，阵性呻吟，不能对答，无潮热、盗汗，无恶心、呕吐，无腹胀、腹泻，无尿频、尿急、尿痛，无喘累、气促，无呼吸困难等。家属护送患者来我院门诊就诊，拒绝门诊完善检查，要求输液治疗，随后门诊予以静滴“头孢呋辛、氨溴索、多索茶碱”等。与患者家属进一步沟通后同意住院，随后以“肺部感染”收入我科住院治疗。患者自发病以来精神、食欲差，睡眠可，近4天未解大便，小便未诉异常。近半月患者懒言少语，反应迟钝，但能正确对答。近期体重无明显减轻。",
    "entities": [
        {
            "label_type": "解剖部位",
            "start_pos": 32,
            "end_pos": 33,
            "text": "鼻"
        },
        {
            "label_type": "解剖部位",
            "start_pos": 38,
            "end_pos": 39,
            "text": "胸"
        },
        {
            "label_type": "解剖部位",
            "start_pos": 98,
            "end_pos": 100,
            "text": "喉头"
        },
        {
            "label_type": "解剖部位",
            "start_pos": 146,
            "end_pos": 147,
            "text": "腹"
        },
        {
            "label_type": "解剖部位",
            "start_pos": 149,
            "end_pos": 150,
            "text": "腹"
        },
        {
            "label_type": "药物",
            "start_pos": 215,
            "end_pos": 219,
            "text": "头孢呋辛"
        },
        {
            "label_type": "药物",
            "start_pos": 220,
            "end_pos": 223,
            "text": "氨溴索"
        },
        {
            "label_type": "药物",
            "start_pos": 224,
            "end_pos": 228,
            "text": "多索茶碱"
        },
        {
            "label_type": "疾病和诊断",
            "start_pos": 251,
            "end_pos": 255,
            "text": "肺部感染"
        }
    ]
}