{
    "originalText": "缘于入院前3个月月于我院诊为“卵巢癌”，，于2013-10-16在我行科全麻上行盆腔粘连松解+阔韧带肿物切除术+全子宫切除术行，术后“”，术后病卵巢子宫内膜样腺癌I级，术后理回报示，：，术后II恢复良术后好，伤口愈合II/甲。术后于2013-11-03多西他赛及2013-1I1-27予“+洛铂70MG/M2IIVGTTD1+30MG/，M2IVGT，TD1”方案间II度骨髓抑制期2次，化疗后过程顺利，第2次化疗出现,予升白治紫杉醇疗后好转出I院。2013+洛铂-12-I26予“240MGIVGTT，D1+50M，GI后VGII度骨髓抑制TTD1”方后案第3次化疗，化疗期过程，顺利，化疗后出现，,予升白治疗，后腹好转腹出院。现，化疗化疗已满，患，者无畏冷卵巢子宫内膜样腺癌(II期，I级)术后、发热，无恶心、呕吐，，无痛、泻等不适，今，为求进一步，诊治，门诊拟“”收入",
    "entities": [
        {
            "label_type": "疾病和诊断",
            "overlap": 0,
            "start_pos": 15,
            "end_pos": 18,
            "text": "卵巢癌"
        },
        {
            "label_type": "手术",
            "overlap": 0,
            "start_pos": 36,
            "end_pos": 62,
            "text": "全麻上行盆腔粘连松解+阔韧带肿物切除术+全子宫切除术"
        },
        {
            "label_type": "疾病和诊断",
            "overlap": 0,
            "start_pos": 72,
            "end_pos": 83,
            "text": "卵巢子宫内膜样腺癌I级"
        },
        {
            "end_pos": 130,
            "label_type": "药物",
            "overlap": 0,
            "start_pos": 126,
            "text": "多西他赛"
        },
        {
            "end_pos": 147,
            "label_type": "药物",
            "overlap": 0,
            "start_pos": 145,
            "text": "洛铂"
        },
        {
            "label_type": "疾病和诊断",
            "overlap": 0,
            "start_pos": 183,
            "end_pos": 190,
            "text": "II度骨髓抑制"
        },
        {
            "end_pos": 217,
            "label_type": "药物",
            "overlap": 0,
            "start_pos": 214,
            "text": "紫杉醇"
        },
        {
            "end_pos": 232,
            "label_type": "药物",
            "overlap": 0,
            "start_pos": 230,
            "text": "洛铂"
        },
        {
            "label_type": "疾病和诊断",
            "overlap": 0,
            "start_pos": 264,
            "end_pos": 271,
            "text": "II度骨髓抑制"
        },
        {
            "end_pos": 309,
            "label_type": "解剖部位",
            "overlap": 0,
            "start_pos": 308,
            "text": "腹"
        },
        {
            "end_pos": 312,
            "label_type": "解剖部位",
            "overlap": 0,
            "start_pos": 311,
            "text": "腹"
        },
        {
            "label_type": "疾病和诊断",
            "overlap": 0,
            "start_pos": 330,
            "end_pos": 349,
            "text": "卵巢子宫内膜样腺癌(II期，I级)术后"
        }
    ]
}