{
    "originalText": "入院前20年，患者体检时发现血压高，最高血压不详，长期服用“坎地沙坦”控制血压，未正规监测血压。入院前10+天，患者无明显诱因出现纳差、乏力，伴咳嗽，无明显咳痰，无畏寒、发热，未予重视。入院前1天，患者家属诉其乏力、纳差加重，行走不稳，无畏寒、发热，无胸闷、胸痛，无尿频、尿急、尿痛，无喘累、气促，无端坐呼吸、阵发性呼吸困难，无大汗淋漓、咯血，无黑朦、晕厥，无肢体瘫痪、意识障碍、大小便失禁等，故就诊**医院，当时测血压收缩压达180mmhg以下，给予甘露醇静滴后拨打我院120后送入我院急救部，途中患者出现恶心、呕吐2次，吐出胃内容物，非喷射性呕吐，无咖啡样液体吐出，为进一步治疗收入我科住院。患者自发病以来精神、食欲差，大小便未诉异常。近期体重无明显减轻。",
    "entities": [
        {
            "label_type": "药物",
            "start_pos": 30,
            "end_pos": 34,
            "text": "坎地沙坦"
        },
        {
            "label_type": "解剖部位",
            "start_pos": 126,
            "end_pos": 127,
            "text": "胸"
        },
        {
            "label_type": "解剖部位",
            "start_pos": 129,
            "end_pos": 130,
            "text": "胸"
        },
        {
            "label_type": "药物",
            "start_pos": 226,
            "end_pos": 229,
            "text": "甘露醇"
        },
        {
            "label_type": "解剖部位",
            "start_pos": 264,
            "end_pos": 265,
            "text": "胃"
        }
    ]
}