{
    "originalText": "，，患者3月前结肠癌“”于012010115 -10-1姑息性乙状结肠癌切除+横结肠造瘘术，4术 在全利，术后麻上行姑息，切性乙状切，除+横结肠，术后造瘘术，01手1术过1程（乙状结肠）粘液腺癌，浸润溃疡型，顺利1，以来患者恢复，好，切口愈 合好切，按期拆癌线 肠壁一站（10个）淋巴结。，术癌后，病理：2015癌17712，（体）积12（*）6*3CM（，）侵穿浆膜1（+）。  双端切（+）线未查见癌（+）。未查见癌（+）。，免疫组化染色示癌组织：，SY01N（10-）、TS01（-11）、BRA01F（1-）、0MLH1（，，+）、 奥沙利铂1M0SH 21，亚叶酸钙0（+）+替加氟0、MS H6（+），、PMS2（+）。根肝据患者病情具有化疗指，征，一于20，15-1乙状结肠癌术后0-27、2015-11，-24、20，15-12-20行化疗",
    "entities": [
        {
            "label_type": "疾病和诊断",
            "overlap": 0,
            "start_pos": 7,
            "end_pos": 10,
            "text": "结肠癌"
        },
        {
            "label_type": "手术",
            "overlap": 0,
            "start_pos": 28,
            "end_pos": 45,
            "text": "姑息性乙状结肠癌切除+横结肠造瘘术"
        },
        {
            "label_type": "疾病和诊断",
            "overlap": 0,
            "start_pos": 87,
            "end_pos": 103,
            "text": "（乙状结肠）粘液腺癌，浸润溃疡型"
        },
        {
            "label_type": "解剖部位",
            "overlap": 0,
            "start_pos": 130,
            "end_pos": 143,
            "text": " 肠壁一站（10个）淋巴结"
        },
        {
            "end_pos": 275,
            "label_type": "药物",
            "overlap": 0,
            "start_pos": 271,
            "text": "奥沙利铂"
        },
        {
            "end_pos": 288,
            "label_type": "药物",
            "overlap": 0,
            "start_pos": 284,
            "text": "亚叶酸钙"
        },
        {
            "end_pos": 296,
            "label_type": "药物",
            "overlap": 0,
            "start_pos": 293,
            "text": "替加氟"
        },
        {
            "end_pos": 318,
            "label_type": "解剖部位",
            "overlap": 0,
            "start_pos": 317,
            "text": "肝"
        },
        {
            "label_type": "疾病和诊断",
            "overlap": 0,
            "start_pos": 340,
            "end_pos": 347,
            "text": "乙状结肠癌术后"
        }
    ]
}