{
    "originalText": "患者因家族性结肠息肉性病于210190-9-8在全我院于全结肠切除术+远端直肠息肉电切术全麻术出院，手术术后过程顺利，、术后给予抗感染、营养支持及对症治疗，恢复好，好转结肠多发绒毛状管状腺瘤上行。腺病理回示中：，部分腺体；呈端切轻－中度不典型；肠壁一站（19个）、二站（13个）、三站（69个）；“结肠中动脉”（1个）淋巴结增生；双性端切；慢性阑尾炎线未见明显病变；，呈反应性增易蒙停生；。   院外期间患者坚持6口服等药物治疗，大便成型肠，约5-直肠息肉电切6次/日，定期入院复查并一行肠镜检查及治疗。现患者为行复查结肠全切除术后、肠息肉及进一步诊疗再次来我院就诊，门诊后一以\\\"、\\\"收入院。 、  患者自下次出院后一般情况可，精",
    "entities": [
        {
            "label_type": "疾病和诊断",
            "overlap": 0,
            "start_pos": 6,
            "end_pos": 10,
            "text": "结肠息肉"
        },
        {
            "label_type": "疾病和诊断",
            "overlap": 0,
            "start_pos": 28,
            "end_pos": 44,
            "text": "全结肠切除术+远端直肠息肉电切术"
        },
        {
            "label_type": "疾病和诊断",
            "overlap": 0,
            "start_pos": 84,
            "end_pos": 95,
            "text": "结肠多发绒毛状管状腺瘤"
        },
        {
            "label_type": "解剖部位",
            "overlap": 0,
            "start_pos": 122,
            "end_pos": 162,
            "text": "肠壁一站（19个）、二站（13个）、三站（69个）；“结肠中动脉”（1个）淋巴结"
        },
        {
            "label_type": "疾病和诊断",
            "overlap": 0,
            "start_pos": 170,
            "end_pos": 175,
            "text": "慢性阑尾炎"
        },
        {
            "end_pos": 192,
            "label_type": "药物",
            "overlap": 0,
            "start_pos": 189,
            "text": "易蒙停"
        },
        {
            "end_pos": 230,
            "label_type": "手术",
            "overlap": 0,
            "start_pos": 224,
            "text": "直肠息肉电切"
        },
        {
            "label_type": "疾病和诊断",
            "overlap": 0,
            "start_pos": 259,
            "end_pos": 266,
            "text": "结肠全切除术后"
        },
        {
            "label_type": "疾病和诊断",
            "overlap": 0,
            "start_pos": 267,
            "end_pos": 270,
            "text": "肠息肉"
        }
    ]
}