{
    "originalText": "患者于入院前3年即开始反复出现胸痛症状，有心前区压榨感，均在活动及进食后出现，不能耐受平地快走，发作后含服“速效救心丸”或休息后可逐渐缓解。病程中曾多次出现突发呼吸困难、大汗、濒死感，在****医院等住院治疗好转。2年前患者进餐后再次突然出现呼吸困难，全身大汗、胸痛，诊断为“冠心病、心力衰竭”，于我科住院，给予扩管、抗血小板聚集、降压、控制心室率等治疗后好转出院。后患者反复因气促伴呼吸困难在我科住院，经对症治疗病情好转出院。入院前半天，患者感心累气促加重，呼吸困难，夜间不能平卧，无畏寒发热，无咳嗽咳痰，无反酸嗳气，无明显胸痛，无颜面四肢浮肿。现为进一步诊治，收治我科。患者此次患病以来精神一般，食欲差，大小便正常，睡眠尚可，体力明显上降，体重无明显改变。",
    "entities": [
        {
            "label_type": "解剖部位",
            "start_pos": 15,
            "end_pos": 16,
            "text": "胸"
        },
        {
            "label_type": "解剖部位",
            "start_pos": 21,
            "end_pos": 24,
            "text": "心前区"
        },
        {
            "label_type": "药物",
            "start_pos": 54,
            "end_pos": 59,
            "text": "速效救心丸"
        },
        {
            "label_type": "解剖部位",
            "start_pos": 131,
            "end_pos": 132,
            "text": "胸"
        },
        {
            "label_type": "疾病和诊断",
            "start_pos": 138,
            "end_pos": 141,
            "text": "冠心病"
        },
        {
            "label_type": "疾病和诊断",
            "start_pos": 142,
            "end_pos": 146,
            "text": "心力衰竭"
        },
        {
            "label_type": "解剖部位",
            "start_pos": 171,
            "end_pos": 172,
            "text": "心"
        },
        {
            "label_type": "解剖部位",
            "start_pos": 223,
            "end_pos": 224,
            "text": "心"
        },
        {
            "label_type": "解剖部位",
            "start_pos": 263,
            "end_pos": 264,
            "text": "胸"
        },
        {
            "label_type": "解剖部位",
            "start_pos": 267,
            "end_pos": 269,
            "text": "颜面"
        },
        {
            "label_type": "解剖部位",
            "start_pos": 269,
            "end_pos": 271,
            "text": "四肢"
        }
    ]
}