{
    "originalText": "入院前1周患者无明显诱因出现纳差，食欲明显减退，仅进食少许清稀饭。伴恶心、呕吐，进食后呕吐明显，均呕吐胃内容物，未见咖啡色物质，无喷射性呕吐。伴小便颜色黄红色，量少。伴两上肢水肿，伴咳嗽，咳白色粘液痰，无腹痛、腹胀、反酸、嗳气、烧心，无畏寒、发热、头昏、意识障碍。未予处理。入院前3天患者自觉纳差较前加重，仅饮入少许清水，恶心、呕吐较前明显。仍未诊治。今晨患者家属见患者精神差，遂送入***医院就诊，查凝血试验、心肌酶谱明显异常（未见报告），为进一步诊治遂来我院，急诊行心电图示：心房纤颤，给予呋塞米利尿减轻心脏负荷。请心内科会诊后暂不考虑急性冠脉综合征，请我科会诊后给予收入我科进一步治疗。病程中精神、饮食差，未上床活动，小便量少，未解大便，体重改变不详。",
    "entities": [
        {
            "label_type": "解剖部位",
            "start_pos": 51,
            "end_pos": 52,
            "text": "胃"
        },
        {
            "label_type": "解剖部位",
            "start_pos": 84,
            "end_pos": 87,
            "text": "两上肢"
        },
        {
            "label_type": "解剖部位",
            "start_pos": 102,
            "end_pos": 103,
            "text": "腹"
        },
        {
            "label_type": "解剖部位",
            "start_pos": 105,
            "end_pos": 106,
            "text": "腹"
        },
        {
            "label_type": "解剖部位",
            "start_pos": 115,
            "end_pos": 116,
            "text": "心"
        },
        {
            "label_type": "解剖部位",
            "start_pos": 124,
            "end_pos": 125,
            "text": "头"
        },
        {
            "label_type": "影像检查",
            "start_pos": 235,
            "end_pos": 238,
            "text": "心电图"
        },
        {
            "label_type": "疾病和诊断",
            "start_pos": 240,
            "end_pos": 244,
            "text": "心房纤颤"
        },
        {
            "label_type": "药物",
            "start_pos": 247,
            "end_pos": 250,
            "text": "呋塞米"
        },
        {
            "label_type": "疾病和诊断",
            "start_pos": 270,
            "end_pos": 277,
            "text": "急性冠脉综合征"
        }
    ]
}