{
    "originalText": "，患者2015.11.03在我院于全麻上行“经腹子宫切除+两附件切除+大网膜切除+肠壁转移瘤切除术”。2015.11.09，术后术后常规病理回（右附件）高级别浆液性乳头状癌示肿瘤体：，肿瘤体积约4*2.5子宫内膜及肌层*宫颈2左附件及大网膜CM。及癌肌层、、肠壁转移瘤左附件内及大癌网膜均未查化见癌。（另送“”）组织（内查见癌）。，免（+）疫组化：（+）ER（约60%）PR（约10%）P性53（+）WT-状1子宫内膜（慢性宫颈炎+左卵巢黄体囊肿），NAPSI后NA(-),KI67阳性率约50%；分泌状态；；。评估患者病情后，于紫杉醇（力朴素）2015.+卡铂（波贝）11.12、201化疗5.12.12、201液6.1.疗6化疗给予（）270MG+（转）600MG方案静脉化化疗疗3周期，并给予止吐恶性肿瘤术后化疗、补液等对症治疗。化疗过程顺利及，副反应大轻，好转出阴道院，现患液者体为行第4次化化",
    "entities": [
        {
            "label_type": "手术",
            "overlap": 0,
            "start_pos": 22,
            "end_pos": 49,
            "text": "经腹子宫切除+两附件切除+大网膜切除+肠壁转移瘤切除术"
        },
        {
            "label_type": "疾病和诊断",
            "overlap": 0,
            "start_pos": 71,
            "end_pos": 86,
            "text": "（右附件）高级别浆液性乳头状癌"
        },
        {
            "end_pos": 109,
            "label_type": "解剖部位",
            "overlap": 0,
            "start_pos": 102,
            "text": "子宫内膜及肌层"
        },
        {
            "end_pos": 112,
            "label_type": "解剖部位",
            "overlap": 0,
            "start_pos": 110,
            "text": "宫颈"
        },
        {
            "label_type": "疾病和诊断",
            "overlap": 0,
            "start_pos": 129,
            "end_pos": 134,
            "text": "肠壁转移瘤"
        },
        {
            "end_pos": 209,
            "label_type": "解剖部位",
            "overlap": 0,
            "start_pos": 205,
            "text": "子宫内膜"
        },
        {
            "label_type": "疾病和诊断",
            "overlap": 0,
            "start_pos": 210,
            "end_pos": 215,
            "text": "慢性宫颈炎"
        },
        {
            "label_type": "疾病和诊断",
            "overlap": 0,
            "start_pos": 216,
            "end_pos": 223,
            "text": "左卵巢黄体囊肿"
        },
        {
            "end_pos": 268,
            "label_type": "药物",
            "overlap": 0,
            "start_pos": 265,
            "text": "紫杉醇"
        },
        {
            "end_pos": 272,
            "label_type": "药物",
            "overlap": 0,
            "start_pos": 269,
            "text": "力朴素"
        },
        {
            "end_pos": 281,
            "label_type": "药物",
            "overlap": 0,
            "start_pos": 279,
            "text": "卡铂"
        },
        {
            "end_pos": 284,
            "label_type": "药物",
            "overlap": 0,
            "start_pos": 282,
            "text": "波贝"
        },
        {
            "label_type": "疾病和诊断",
            "overlap": 0,
            "start_pos": 351,
            "end_pos": 359,
            "text": "恶性肿瘤术后化疗"
        },
        {
            "end_pos": 387,
            "label_type": "解剖部位",
            "overlap": 0,
            "start_pos": 385,
            "text": "阴道"
        }
    ]
}