{
    "originalText": "10年前患者无明显诱因出现腰部疼痛，阵发性胀痛性质，劳累、受凉、久坐后加重，休息时缓解，无头痛头昏、发热咳嗽、胸闷心慌、恶心呕吐、腹痛腹泻等，曾在*****医院就诊，行腰椎MRI等检查后，诊断为“腰椎间盘突出症”，行针灸等理疗后未缓解；20+天前无诱因下述症状加重，并伴左上肢疼痛。10+年前患者无明显诱因出现两膝关节疼痛，行走、负重、下上台阶时加重，休息后可减轻，无关节晨僵、弹响、交锁，无上肢麻木、间歇性跛行，无头晕头痛、心慌胸闷、发热盗汗等症状，曾在***医院就诊，行两膝摄片后，诊断为“两膝退行性骨关节炎”，行小针刀等治疗后未缓解，半年前，患者下述症状加重。患者患病以来精神一般，食欲可，睡眠差，常有烦热、盗汗等症状，大小便正常，近期无明显体重减轻。",
    "entities": [
        {
            "label_type": "解剖部位",
            "start_pos": 13,
            "end_pos": 14,
            "text": "腰"
        },
        {
            "label_type": "解剖部位",
            "start_pos": 45,
            "end_pos": 46,
            "text": "头"
        },
        {
            "label_type": "解剖部位",
            "start_pos": 47,
            "end_pos": 48,
            "text": "头"
        },
        {
            "label_type": "解剖部位",
            "start_pos": 55,
            "end_pos": 56,
            "text": "胸"
        },
        {
            "label_type": "解剖部位",
            "start_pos": 57,
            "end_pos": 58,
            "text": "心"
        },
        {
            "label_type": "解剖部位",
            "start_pos": 65,
            "end_pos": 66,
            "text": "腹"
        },
        {
            "label_type": "解剖部位",
            "start_pos": 67,
            "end_pos": 68,
            "text": "腹"
        },
        {
            "label_type": "影像检查",
            "start_pos": 84,
            "end_pos": 89,
            "text": "腰椎MRI"
        },
        {
            "label_type": "疾病和诊断",
            "start_pos": 98,
            "end_pos": 105,
            "text": "腰椎间盘突出症"
        },
        {
            "label_type": "解剖部位",
            "start_pos": 135,
            "end_pos": 138,
            "text": "左上肢"
        },
        {
            "label_type": "解剖部位",
            "start_pos": 155,
            "end_pos": 159,
            "text": "两膝关节"
        },
        {
            "label_type": "解剖部位",
            "start_pos": 196,
            "end_pos": 198,
            "text": "上肢"
        },
        {
            "label_type": "解剖部位",
            "start_pos": 208,
            "end_pos": 209,
            "text": "头"
        },
        {
            "label_type": "解剖部位",
            "start_pos": 210,
            "end_pos": 211,
            "text": "头"
        },
        {
            "label_type": "解剖部位",
            "start_pos": 213,
            "end_pos": 214,
            "text": "心"
        },
        {
            "label_type": "解剖部位",
            "start_pos": 215,
            "end_pos": 216,
            "text": "胸"
        },
        {
            "label_type": "影像检查",
            "start_pos": 237,
            "end_pos": 241,
            "text": "两膝摄片"
        },
        {
            "label_type": "疾病和诊断",
            "start_pos": 247,
            "end_pos": 256,
            "text": "两膝退行性骨关节炎"
        }
    ]
}