{
    "originalText": "，，缘于入院前1月于我院诊结肠癌，为，于2016年变化月20日在上全腹腔镜辅助上乙状结肠癌根治术麻，上术行腔镜上辅助上腹腔乙状根治术。，，手术经过，如上:腹探，查腔内无结明，肝脏显粘连，无明显，乙状结肠上段出血，无明，显水，膜未，及动种植，周结节，未见明大淋巴结，术后显转移灶，可探及肿瘤，侵出浆膜层，活动度可治，周术后围未及，明显肿大（，淋巴结：，术后予预防性抗），：（乙状结肠），：大肠溃疡型管状腺癌II级，感染、膜制，酸术、免疫调节及营养（支持等）（上治疗），。术后癌恢复可，病肠周淋巴结理回报（，，病理号（：20）淋巴结16377（肠系膜上动脉根部）淋巴结6），：，，癌侵出外膜层，手术标本双切端及，另送（结肠癌术后下切端）（上切端），均未见癌浸润。找到1/，1腹7个腹，及另送，大（中间组，）淋巴结0/6个、0",
    "entities": [
        {
            "label_type": "疾病和诊断",
            "overlap": 0,
            "start_pos": 13,
            "end_pos": 16,
            "text": "结肠癌"
        },
        {
            "end_pos": 48,
            "label_type": "手术",
            "overlap": 0,
            "start_pos": 34,
            "text": "腹腔镜辅助上乙状结肠癌根治术"
        },
        {
            "label_type": "解剖部位",
            "overlap": 0,
            "start_pos": 59,
            "end_pos": 60,
            "text": "腹"
        },
        {
            "end_pos": 78,
            "label_type": "解剖部位",
            "overlap": 0,
            "start_pos": 77,
            "text": "腹"
        },
        {
            "end_pos": 89,
            "label_type": "解剖部位",
            "overlap": 0,
            "start_pos": 87,
            "text": "肝脏"
        },
        {
            "end_pos": 103,
            "label_type": "解剖部位",
            "overlap": 0,
            "start_pos": 97,
            "text": "乙状结肠上段"
        },
        {
            "label_type": "疾病和诊断",
            "overlap": 0,
            "start_pos": 185,
            "end_pos": 205,
            "text": "（乙状结肠），：大肠溃疡型管状腺癌II级"
        },
        {
            "end_pos": 247,
            "label_type": "解剖部位",
            "overlap": 0,
            "start_pos": 242,
            "text": "肠周淋巴结"
        },
        {
            "end_pos": 282,
            "label_type": "解剖部位",
            "overlap": 0,
            "start_pos": 269,
            "text": "（肠系膜上动脉根部）淋巴结"
        },
        {
            "label_type": "疾病和诊断",
            "overlap": 0,
            "start_pos": 307,
            "end_pos": 312,
            "text": "结肠癌术后"
        },
        {
            "end_pos": 336,
            "label_type": "解剖部位",
            "overlap": 0,
            "start_pos": 335,
            "text": "腹"
        },
        {
            "end_pos": 339,
            "label_type": "解剖部位",
            "overlap": 0,
            "start_pos": 338,
            "text": "腹"
        }
    ]
}