{
    "originalText": "2小时前，患者无明显诱因突发呼吸困难，喘累、气促，无呕吐，无咯血，无胸痛，无大小便失禁，由家属拨打120求助，我院院前急救医师到场建立静脉通道后护送入急诊科。完善相关检查：血常规：白细胞数 12.6×10^9/L、中性粒细胞百分比 80.64 %，肾功：肌酐 194.6 μmol/l，高敏肌钙蛋白：高敏肌钙蛋白T 258.90 pg/ml，D_2聚体 38.71 μg/ml。血气分析：PH 7.29 PCO2 28mmHg PO2 56mmHg，Lac 10.5mmol/L。患者病情极其危重，经我科医师会诊后建议收入ICU进一步抢救。患者家属坚持要求入住普通病房，现为进一步治疗遂收入我科。患者近2年长期处于植物状态，大小便如常。近期体重无明显减轻。",
    "entities": [
        {
            "label_type": "解剖部位",
            "start_pos": 34,
            "end_pos": 35,
            "text": "胸"
        },
        {
            "label_type": "实验室检验",
            "start_pos": 90,
            "end_pos": 94,
            "text": "白细胞数"
        },
        {
            "label_type": "实验室检验",
            "start_pos": 107,
            "end_pos": 115,
            "text": "中性粒细胞百分比"
        },
        {
            "label_type": "实验室检验",
            "start_pos": 127,
            "end_pos": 129,
            "text": "肌酐"
        },
        {
            "label_type": "实验室检验",
            "start_pos": 150,
            "end_pos": 157,
            "text": "高敏肌钙蛋白T"
        },
        {
            "label_type": "实验室检验",
            "start_pos": 171,
            "end_pos": 176,
            "text": "D_2聚体"
        },
        {
            "label_type": "实验室检验",
            "start_pos": 194,
            "end_pos": 196,
            "text": "PH"
        },
        {
            "label_type": "实验室检验",
            "start_pos": 202,
            "end_pos": 206,
            "text": "PCO2"
        },
        {
            "label_type": "实验室检验",
            "start_pos": 214,
            "end_pos": 217,
            "text": "PO2"
        },
        {
            "label_type": "实验室检验",
            "start_pos": 225,
            "end_pos": 228,
            "text": "Lac"
        }
    ]
}