{
    "originalText": "，，缘于入院前16月于我院诊断直肠癌，为直癌，于2014年12月01上日在腹腔镜上根治性直肠癌切除术+回肠造瘘术全，术麻上腹腔行“”，术中，小肠见小肠腔内无肠明显出，盆腔血，小与腹小，多节段间腹膜返折粘连，少，量黄色膜，周水，肿瘤位于膜大淋巴结，返折左侧盆腔下3CM结，侵出术浆利膜术后，周回围（可探及根部肿大淋巴），结（直乙交界），：大肠溃疡型管状腺癌II级，，肿瘤，部可疑种状植结型，节。手膜术，癌顺利。术脉管后病理回报，脉管（2癌014术419切85上切），:，（伴切坏）死（上切，）部分为癌筛状粉刺型肠周淋巴结，侵出浆膜层，癌（肠系膜上动脉根部）淋巴结组织侵犯脉癌管及神（腹经结组）织，脉管内见癌栓；手术腺癌标本下切端、上切端及另送（下切端，）、（上切端）均未见，癌浸润。找到1/14个及另送（系膜上动脉多发）奥沙利铂淋齐沙巴结0/4个见癌转移+希罗达。（壁结节）送检纤I维、脂肪组织中见组织浸，润。于2015.胃01.21，，2015.0肝肾功能损害2骨髓抑制.13，2015.03.25,201肛门5.，04.性29，行腹“(腹)，200MG静滴，D1+1腹0，00MG口服治BIDD1门-14直肠癌术后”方后（案化疗，辅以增强I免疫）、保、营养等处理，化疗过后程中无、等不，良腹反应腹。入院1，月前无明，显诱因出现疼痛，呈阵",
    "entities": [
        {
            "label_type": "疾病和诊断",
            "overlap": 0,
            "start_pos": 15,
            "end_pos": 18,
            "text": "直肠癌"
        },
        {
            "label_type": "手术",
            "overlap": 0,
            "start_pos": 37,
            "end_pos": 56,
            "text": "腹腔镜上根治性直肠癌切除术+回肠造瘘术"
        },
        {
            "label_type": "解剖部位",
            "overlap": 0,
            "start_pos": 61,
            "end_pos": 62,
            "text": "腹"
        },
        {
            "end_pos": 72,
            "label_type": "解剖部位",
            "overlap": 0,
            "start_pos": 70,
            "text": "小肠"
        },
        {
            "end_pos": 75,
            "label_type": "解剖部位",
            "overlap": 0,
            "start_pos": 73,
            "text": "小肠"
        },
        {
            "end_pos": 79,
            "label_type": "解剖部位",
            "overlap": 0,
            "start_pos": 78,
            "text": "肠"
        },
        {
            "end_pos": 85,
            "label_type": "解剖部位",
            "overlap": 0,
            "start_pos": 83,
            "text": "盆腔"
        },
        {
            "end_pos": 90,
            "label_type": "解剖部位",
            "overlap": 0,
            "start_pos": 89,
            "text": "腹"
        },
        {
            "end_pos": 100,
            "label_type": "解剖部位",
            "overlap": 0,
            "start_pos": 96,
            "text": "腹膜返折"
        },
        {
            "end_pos": 129,
            "label_type": "解剖部位",
            "overlap": 0,
            "start_pos": 125,
            "text": "左侧盆腔"
        },
        {
            "label_type": "疾病和诊断",
            "overlap": 0,
            "start_pos": 160,
            "end_pos": 180,
            "text": "（直乙交界），：大肠溃疡型管状腺癌II级"
        },
        {
            "end_pos": 259,
            "label_type": "解剖部位",
            "overlap": 0,
            "start_pos": 254,
            "text": "肠周淋巴结"
        },
        {
            "end_pos": 280,
            "label_type": "解剖部位",
            "overlap": 0,
            "start_pos": 267,
            "text": "（肠系膜上动脉根部）淋巴结"
        },
        {
            "label_type": "解剖部位",
            "overlap": 0,
            "start_pos": 290,
            "end_pos": 291,
            "text": "腹"
        },
        {
            "label_type": "疾病和诊断",
            "overlap": 0,
            "start_pos": 306,
            "end_pos": 308,
            "text": "腺癌"
        },
        {
            "end_pos": 363,
            "label_type": "药物",
            "overlap": 0,
            "start_pos": 359,
            "text": "奥沙利铂"
        },
        {
            "end_pos": 366,
            "label_type": "药物",
            "overlap": 0,
            "start_pos": 364,
            "text": "齐沙"
        },
        {
            "end_pos": 380,
            "label_type": "药物",
            "overlap": 0,
            "start_pos": 377,
            "text": "希罗达"
        },
        {
            "end_pos": 411,
            "label_type": "解剖部位",
            "overlap": 0,
            "start_pos": 410,
            "text": "胃"
        },
        {
            "label_type": "疾病和诊断",
            "overlap": 0,
            "start_pos": 424,
            "end_pos": 430,
            "text": "肝肾功能损害"
        },
        {
            "label_type": "疾病和诊断",
            "overlap": 0,
            "start_pos": 431,
            "end_pos": 435,
            "text": "骨髓抑制"
        },
        {
            "end_pos": 455,
            "label_type": "解剖部位",
            "overlap": 0,
            "start_pos": 453,
            "text": "肛门"
        },
        {
            "end_pos": 467,
            "label_type": "解剖部位",
            "overlap": 0,
            "start_pos": 466,
            "text": "腹"
        },
        {
            "end_pos": 470,
            "label_type": "解剖部位",
            "overlap": 0,
            "start_pos": 469,
            "text": "腹"
        },
        {
            "end_pos": 485,
            "label_type": "解剖部位",
            "overlap": 0,
            "start_pos": 484,
            "text": "腹"
        },
        {
            "label_type": "疾病和诊断",
            "overlap": 0,
            "start_pos": 503,
            "end_pos": 508,
            "text": "直肠癌术后"
        },
        {
            "end_pos": 546,
            "label_type": "解剖部位",
            "overlap": 0,
            "start_pos": 545,
            "text": "腹"
        },
        {
            "end_pos": 549,
            "label_type": "解剖部位",
            "overlap": 0,
            "start_pos": 548,
            "text": "腹"
        }
    ]
}