{
    "originalText": "，缘，缘于前入院前（5月余（201）5.08）因“排便异常，”全腹CT（就诊我院，查（），：20乙状结肠15，.08结肠癌，部），：1膜、病变，，周围多考虑淋巴结，，正常侵及浆膜面可能，伴周腹腔镜上直肠癌根治术（DIXON）围，术后多发小（淋巴结，于2015），：（直肠下段），：肠溃疡型管状腺癌II级，.部08筛状粉刺型腺癌，.14行钙“，”，外膜术，后术病理示（201周5缘296(下60），(上：，大，部分为癌，伴，坏死肠管周围淋巴结及钙化，侵，出外(肠系膜上动脉根部）淋巴结膜层，手，术癌标本，，双切端、环周结切：缘I及另（送(下切端），)、3（(），上切端)（，均未），见癌T残（余），，找到2（/），24个，（另），送0/4（个，见），癌转移，，（免疫组），化染色结（果：KI67（6），：0%阳性），P53（+），术后，P1，70（+++），GSTπ（-），EGFR（3-），5-FU（-），MOLHOX1（+奥沙利铂++），MDSH氟尿嘧啶3-6（++CI+），基D因检亚叶酸钙3测（20D151492）术后，：KR3A周S，和BRAF无突变，术后恢复好，于201，5.09I.0T9术，、2015T.T0，9.T2T3DT、2015.10，.7予FOL骶前F闭孔O髂内X骶3下缘方下髂外淋巴案“14CT0M，GCTD1DT+3500MGC，IV氟尿嘧啶44HD1+300DM周GD1-2Q2W”，术后腹部辅助化疗3个周期，于20135.10.20开始行同步放化疗周，放O疗采OX用I术后MRT技，术，以瘤治床，为GTV直肠癌根治术后TB，PGT下VTB后，DT50GY/25F，，以包括瘤，床、、、、以下引",
    "entities": [
        {
            "label_type": "影像检查",
            "overlap": 0,
            "start_pos": 31,
            "end_pos": 35,
            "text": "全腹CT"
        },
        {
            "end_pos": 52,
            "label_type": "解剖部位",
            "overlap": 0,
            "start_pos": 48,
            "text": "乙状结肠"
        },
        {
            "label_type": "疾病和诊断",
            "overlap": 0,
            "start_pos": 58,
            "end_pos": 61,
            "text": "结肠癌"
        },
        {
            "label_type": "手术",
            "overlap": 0,
            "start_pos": 95,
            "end_pos": 112,
            "text": "腹腔镜上直肠癌根治术（DIXON）"
        },
        {
            "label_type": "疾病和诊断",
            "overlap": 0,
            "start_pos": 132,
            "end_pos": 151,
            "text": "（直肠下段），：肠溃疡型管状腺癌II级"
        },
        {
            "label_type": "疾病和诊断",
            "overlap": 0,
            "start_pos": 156,
            "end_pos": 163,
            "text": "筛状粉刺型腺癌"
        },
        {
            "end_pos": 220,
            "label_type": "解剖部位",
            "overlap": 0,
            "start_pos": 213,
            "text": "肠管周围淋巴结"
        },
        {
            "end_pos": 241,
            "label_type": "解剖部位",
            "overlap": 0,
            "start_pos": 228,
            "text": "(肠系膜上动脉根部）淋巴结"
        },
        {
            "end_pos": 416,
            "label_type": "药物",
            "overlap": 0,
            "start_pos": 412,
            "text": "奥沙利铂"
        },
        {
            "end_pos": 428,
            "label_type": "药物",
            "overlap": 0,
            "start_pos": 424,
            "text": "氟尿嘧啶"
        },
        {
            "end_pos": 447,
            "label_type": "药物",
            "overlap": 0,
            "start_pos": 443,
            "text": "亚叶酸钙"
        },
        {
            "end_pos": 537,
            "label_type": "解剖部位",
            "overlap": 0,
            "start_pos": 535,
            "text": "骶前"
        },
        {
            "end_pos": 540,
            "label_type": "解剖部位",
            "overlap": 0,
            "start_pos": 538,
            "text": "闭孔"
        },
        {
            "end_pos": 543,
            "label_type": "解剖部位",
            "overlap": 0,
            "start_pos": 541,
            "text": "髂内"
        },
        {
            "end_pos": 548,
            "label_type": "解剖部位",
            "overlap": 0,
            "start_pos": 544,
            "text": "骶3下缘"
        },
        {
            "label_type": "解剖部位",
            "overlap": 0,
            "start_pos": 550,
            "end_pos": 554,
            "text": "髂外淋巴"
        },
        {
            "end_pos": 585,
            "label_type": "药物",
            "overlap": 0,
            "start_pos": 581,
            "text": "氟尿嘧啶"
        },
        {
            "end_pos": 611,
            "label_type": "解剖部位",
            "overlap": 0,
            "start_pos": 609,
            "text": "腹部"
        },
        {
            "label_type": "疾病和诊断",
            "overlap": 0,
            "start_pos": 668,
            "end_pos": 675,
            "text": "直肠癌根治术后"
        }
    ]
}