{
    "originalText": "入院前5月患者无明显诱因出现下腹部持续性隐痛，以剑突上明显，夜间稍明显。偶有阵发性绞痛，伴肩背部放射痛，与进食及体位无关，无明显缓解方式。伴纳差，饮食量较前减少，未观察大便颜色。无反酸、嗳气、烧心，无恶心、呕吐，无心悸、气促、胸闷、胸痛，无畏寒、发热。未正规检查，在外口服“药物”（具体不详）治疗可稍缓解。入院前2月出现大便性状改变，大便变细，呈手指大小，有时为不成形稀糊状黄便，2-3天/次。无粘液脓血便，无黑便。未予处理。入院前1天出现腹痛加重，剑突上疼痛明显，伴阵发性绞痛明显，伴肩背部放射痛，无恶心、呕吐、反酸、嗳气。腹痛不能耐受，今日遂来我院就诊，门诊以“腹痛待查”收入我科。病程中精神、饮食较差，大便如下述，小便正常。体重较前减轻（具体不详）。",
    "entities": [
        {
            "label_type": "解剖部位",
            "start_pos": 14,
            "end_pos": 17,
            "text": "下腹部"
        },
        {
            "label_type": "解剖部位",
            "start_pos": 24,
            "end_pos": 26,
            "text": "剑突"
        },
        {
            "label_type": "解剖部位",
            "start_pos": 45,
            "end_pos": 48,
            "text": "肩背部"
        },
        {
            "label_type": "解剖部位",
            "start_pos": 113,
            "end_pos": 114,
            "text": "胸"
        },
        {
            "label_type": "解剖部位",
            "start_pos": 116,
            "end_pos": 117,
            "text": "胸"
        },
        {
            "label_type": "解剖部位",
            "start_pos": 220,
            "end_pos": 221,
            "text": "腹"
        },
        {
            "label_type": "解剖部位",
            "start_pos": 225,
            "end_pos": 227,
            "text": "剑突"
        },
        {
            "label_type": "解剖部位",
            "start_pos": 243,
            "end_pos": 246,
            "text": "肩背部"
        },
        {
            "label_type": "解剖部位",
            "start_pos": 263,
            "end_pos": 264,
            "text": "腹"
        },
        {
            "label_type": "疾病和诊断",
            "start_pos": 283,
            "end_pos": 287,
            "text": "腹痛待查"
        }
    ]
}