{
    "originalText": "40+年前患者无明显诱因发现血压升高，最高时血压230/？mmHg，明确诊断“高血压病”，后长期服用降压药物控制血压（近期服用施慧达），家属诉血压控制尚可。近1年余患者反复发作心悸，伴有气促，活动后心累，未诉明显胸痛、上肢浮肿等不适，自行口服“银丹心泰滴丸”后症状可缓解，2016年9月19日至9月26日患者第一次在我院就诊，行心脏彩超、心电图等检查，临床考虑“冠心病”，予以改善循环、营养心悸治疗症状好转。入院前半月患者症状再发加重，感心悸，右耳鸣，夜间发作明显，无头昏、头痛，无胸闷、胸痛，无四肢乏力，无喘累气促，无恶心呕吐，无反酸嗳气，无腹痛腹泻，无两上肢水肿等，现患者为进一步治疗遂入我科。患者此次患病以来精神食欲尚可，大小便正常，体重无明显改变。",
    "entities": [
        {
            "label_type": "疾病和诊断",
            "start_pos": 39,
            "end_pos": 43,
            "text": "高血压病"
        },
        {
            "label_type": "药物",
            "start_pos": 63,
            "end_pos": 66,
            "text": "施慧达"
        },
        {
            "label_type": "解剖部位",
            "start_pos": 88,
            "end_pos": 89,
            "text": "心"
        },
        {
            "label_type": "解剖部位",
            "start_pos": 99,
            "end_pos": 100,
            "text": "心"
        },
        {
            "label_type": "解剖部位",
            "start_pos": 106,
            "end_pos": 107,
            "text": "胸"
        },
        {
            "label_type": "解剖部位",
            "start_pos": 109,
            "end_pos": 111,
            "text": "上肢"
        },
        {
            "label_type": "药物",
            "start_pos": 122,
            "end_pos": 128,
            "text": "银丹心泰滴丸"
        },
        {
            "label_type": "影像检查",
            "start_pos": 164,
            "end_pos": 168,
            "text": "心脏彩超"
        },
        {
            "label_type": "影像检查",
            "start_pos": 169,
            "end_pos": 172,
            "text": "心电图"
        },
        {
            "label_type": "疾病和诊断",
            "start_pos": 181,
            "end_pos": 184,
            "text": "冠心病"
        },
        {
            "label_type": "解剖部位",
            "start_pos": 195,
            "end_pos": 196,
            "text": "心"
        },
        {
            "label_type": "解剖部位",
            "start_pos": 219,
            "end_pos": 220,
            "text": "心"
        },
        {
            "label_type": "解剖部位",
            "start_pos": 222,
            "end_pos": 224,
            "text": "右耳"
        },
        {
            "label_type": "解剖部位",
            "start_pos": 234,
            "end_pos": 235,
            "text": "头"
        },
        {
            "label_type": "解剖部位",
            "start_pos": 237,
            "end_pos": 238,
            "text": "头"
        },
        {
            "label_type": "解剖部位",
            "start_pos": 241,
            "end_pos": 242,
            "text": "胸"
        },
        {
            "label_type": "解剖部位",
            "start_pos": 244,
            "end_pos": 245,
            "text": "胸"
        },
        {
            "label_type": "解剖部位",
            "start_pos": 248,
            "end_pos": 250,
            "text": "四肢"
        },
        {
            "label_type": "解剖部位",
            "start_pos": 272,
            "end_pos": 273,
            "text": "腹"
        },
        {
            "label_type": "解剖部位",
            "start_pos": 274,
            "end_pos": 275,
            "text": "腹"
        },
        {
            "label_type": "解剖部位",
            "start_pos": 278,
            "end_pos": 281,
            "text": "两上肢"
        }
    ]
}