{
    "originalText": "，患者近1个月前（（2015-11-）6）胃癌因“”于我胃癌根治术（毕I式吻合）科行术，手术过程顺术后利，，术后常（胃）规病理示癌：（胃）癌（后中分化腺癌伴）粘液腺癌（治疗约占15%），溃疡型，切面积4*1.0CM，侵透浆膜吻合达周围脂肪组织癌。小弯侧淋巴结下上切线及吻合器切线均未癌（查见癌。）2大弯侧淋巴结7枚，（其中7枚）查见转移癌（7/27癌）；10枚（0/1（0））及网膜组织（未）查见转移癌。（，免）疫组化：CK（+），术后E-CAD（+），H治ER-2后（2+）。400治92.15，胃癌术后术后给予抗炎补液营养支持后者，好转后出院，现为求化疗治疗，门诊以“术后化疗”收入院。患者高血压自下次出院以来高，饮食睡眠可，二便无明显异治常，",
    "entities": [
        {
            "label_type": "疾病和诊断",
            "overlap": 0,
            "start_pos": 21,
            "end_pos": 23,
            "text": "胃癌"
        },
        {
            "label_type": "手术",
            "overlap": 0,
            "start_pos": 28,
            "end_pos": 40,
            "text": "胃癌根治术（毕I式吻合）"
        },
        {
            "end_pos": 129,
            "label_type": "解剖部位",
            "overlap": 0,
            "start_pos": 123,
            "text": "小弯侧淋巴结"
        },
        {
            "end_pos": 155,
            "label_type": "解剖部位",
            "overlap": 0,
            "start_pos": 149,
            "text": "大弯侧淋巴结"
        },
        {
            "label_type": "疾病和诊断",
            "overlap": 0,
            "start_pos": 249,
            "end_pos": 253,
            "text": "胃癌术后"
        },
        {
            "label_type": "疾病和诊断",
            "overlap": 0,
            "start_pos": 297,
            "end_pos": 300,
            "text": "高血压"
        }
    ]
}