{
    "originalText": "，，患者3个月余前因“反复嗳气半年，余，解黑便3周。”就诊，我院，一程相后关检胃窦癌，查后诊术断，排后除手术禁忌-症后-于2015-0胃癌根治术（远端胃大切），术9-利，术后06在全麻上行，术程顺，利，术后，术后预防感染中-低分化腺癌，LAUREN，分支持对合症，等处理胃壁浆膜层，，恢复好癌。，，术后病理示：，LN ，分型：混（合）型，浸润N至，脉，管内见癌栓，可见后神经束侵犯，，LN 16/64（+）；PT4-N3-M0，IIIC-期。-出院后生活质量可（奥沙利铂 ，已于201替吉奥 5.10 .8、）化疗，化疗2015-10-2，9、20，15-11-25行SOX化疗方案（ 150，MG胃癌综合治疗后+60MG BID），化疗，化疗期，间无明显，大毒副反应，，有恶心感，化耐",
    "entities": [
        {
            "label_type": "疾病和诊断",
            "overlap": 0,
            "start_pos": 39,
            "end_pos": 42,
            "text": "胃窦癌"
        },
        {
            "label_type": "手术",
            "overlap": 0,
            "start_pos": 67,
            "end_pos": 79,
            "text": "胃癌根治术（远端胃大切）"
        },
        {
            "label_type": "疾病和诊断",
            "overlap": 0,
            "start_pos": 110,
            "end_pos": 124,
            "text": "中-低分化腺癌，LAUREN"
        },
        {
            "end_pos": 140,
            "label_type": "解剖部位",
            "overlap": 0,
            "start_pos": 135,
            "text": "胃壁浆膜层"
        },
        {
            "end_pos": 235,
            "label_type": "药物",
            "overlap": 0,
            "start_pos": 231,
            "text": "奥沙利铂"
        },
        {
            "end_pos": 246,
            "label_type": "药物",
            "overlap": 0,
            "start_pos": 242,
            "text": "替吉奥 "
        },
        {
            "label_type": "疾病和诊断",
            "overlap": 0,
            "start_pos": 299,
            "end_pos": 306,
            "text": "胃癌综合治疗后"
        }
    ]
}