{
    "originalText": "入院前1+年，患者无明显诱因出现头晕，伴眩晕、恶心，无头痛，无黑朦、晕厥等不适，于我院门诊输液治疗（具体不详）后症状可缓解。病程中，下述症状反复发作，受凉后易诱发。入院前2天患者无明显诱因出现头晕加重，伴恶心、呕吐胃内容物1次，伴有视物旋转、乏力，自觉行走不稳，无头痛，无耳鸣、听力上降，无发热、畏寒，无咳嗽、咳痰，无咽痛、流涕等不适。于我院就诊，查头部CT提示：头颅CT平扫扫描未见明显异常。两侧筛窦及下颌窦炎症，两侧下颌窦内多个小结节状钙化影，考虑真菌感染？给予山莨菪碱静滴、甲磺酸倍他司汀、安脑丸口服。患者自觉症状好转不明显，今日再次入我院，为进一步诊治收治我科。患者此次起病以来精神、食欲、睡眠可，大便3天解1次，小便正常，体力及体重无明显改变。",
    "entities": [
        {
            "label_type": "解剖部位",
            "start_pos": 16,
            "end_pos": 17,
            "text": "头"
        },
        {
            "label_type": "解剖部位",
            "start_pos": 27,
            "end_pos": 28,
            "text": "头"
        },
        {
            "label_type": "解剖部位",
            "start_pos": 96,
            "end_pos": 97,
            "text": "头"
        },
        {
            "label_type": "解剖部位",
            "start_pos": 107,
            "end_pos": 108,
            "text": "胃"
        },
        {
            "label_type": "解剖部位",
            "start_pos": 132,
            "end_pos": 133,
            "text": "头"
        },
        {
            "label_type": "解剖部位",
            "start_pos": 136,
            "end_pos": 137,
            "text": "耳"
        },
        {
            "label_type": "解剖部位",
            "start_pos": 159,
            "end_pos": 160,
            "text": "咽"
        },
        {
            "label_type": "影像检查",
            "start_pos": 175,
            "end_pos": 179,
            "text": "头部CT"
        },
        {
            "label_type": "影像检查",
            "start_pos": 182,
            "end_pos": 186,
            "text": "头颅CT"
        },
        {
            "label_type": "解剖部位",
            "start_pos": 197,
            "end_pos": 201,
            "text": "两侧筛窦"
        },
        {
            "label_type": "解剖部位",
            "start_pos": 202,
            "end_pos": 205,
            "text": "下颌窦"
        },
        {
            "label_type": "解剖部位",
            "start_pos": 208,
            "end_pos": 213,
            "text": "两侧下颌窦"
        },
        {
            "label_type": "疾病和诊断",
            "start_pos": 226,
            "end_pos": 230,
            "text": "真菌感染"
        },
        {
            "label_type": "药物",
            "start_pos": 233,
            "end_pos": 237,
            "text": "山莨菪碱"
        },
        {
            "label_type": "药物",
            "start_pos": 240,
            "end_pos": 247,
            "text": "甲磺酸倍他司汀"
        },
        {
            "label_type": "药物",
            "start_pos": 248,
            "end_pos": 251,
            "text": "安脑丸"
        }
    ]
}