{
    "originalText": "患者于入院前20+年体检发现血压高，最高时达180/？mmHg，口服降压药治疗有效（具体不详），现口服雅施达4mg/天控血压，随访血压可控制在140/90mmHg以内。入院前5年患者逐渐出现认知功能障碍，生活不能自理，行走不稳，在外院考虑“老年性痴呆”。近3月患者活动极少，长期卧床或久坐，逐渐出现骶尾部、髋关节、肩背部、脚踝等多个部位皮肤擦伤破损，家属自行换药处理效不佳，创面逐渐扩大，经久不愈。近期居住养老院。入院前2天，护理人员发现其发热，测体温最高达39，咳嗽，有较多黄白色粘痰不易咯出，无寒颤，无潮热盗汗，无恶心呕吐，无腹痛腹泻，无上肢浮肿，今日家属送入我科住院治疗。患者自起病以来，精神、食欲、睡眠较差，体力明显上降，体重无改变。大小便正常。",
    "entities": [
        {
            "label_type": "药物",
            "start_pos": 51,
            "end_pos": 54,
            "text": "雅施达"
        },
        {
            "label_type": "疾病和诊断",
            "start_pos": 120,
            "end_pos": 125,
            "text": "老年性痴呆"
        },
        {
            "label_type": "解剖部位",
            "start_pos": 149,
            "end_pos": 152,
            "text": "骶尾部"
        },
        {
            "label_type": "解剖部位",
            "start_pos": 153,
            "end_pos": 156,
            "text": "髋关节"
        },
        {
            "label_type": "解剖部位",
            "start_pos": 157,
            "end_pos": 160,
            "text": "肩背部"
        },
        {
            "label_type": "解剖部位",
            "start_pos": 161,
            "end_pos": 163,
            "text": "脚踝"
        },
        {
            "label_type": "解剖部位",
            "start_pos": 265,
            "end_pos": 266,
            "text": "腹"
        },
        {
            "label_type": "解剖部位",
            "start_pos": 267,
            "end_pos": 268,
            "text": "腹"
        },
        {
            "label_type": "解剖部位",
            "start_pos": 271,
            "end_pos": 273,
            "text": "上肢"
        }
    ]
}