{
    "originalText": "，入院前20+天，患者无明显收入出现大便干结结，次数增多，平均每天3-4次，量少，不成形，伴大中便中带血肛门，伴坠胀、后里急后腹重，腹无胀、痛，无呕血、黑头便，头无晕、痛等、发热等症状。门遂于我院门诊就诊结肠，，行乙状结肠镜并取活检提结肠示：直肠，电子（乙状结）肠镜：新生物（性L质？直肠）；，病腺癌理活检直肠癌：&LT;&GT;腺癌。以“”原因我科。于20腹16-直肠癌根治术（MILES术式）0术中2-2（4日在全麻上行腔镜上根治）术（直肠中等分化腺癌MILES术式）。术中送癌病检（肠系膜淋巴结，病癌理号（：16）0术后1483），：中等分化腺胃等癌侵及全治层，术后远近切端均未见癌累及，未见癌转移（0/7）。术化后予以抗感直肠癌术后染，止化血、抑酸护等对",
    "entities": [
        {
            "end_pos": 54,
            "label_type": "解剖部位",
            "overlap": 0,
            "start_pos": 52,
            "text": "肛门"
        },
        {
            "end_pos": 64,
            "label_type": "解剖部位",
            "overlap": 0,
            "start_pos": 63,
            "text": "腹"
        },
        {
            "end_pos": 67,
            "label_type": "解剖部位",
            "overlap": 0,
            "start_pos": 66,
            "text": "腹"
        },
        {
            "end_pos": 78,
            "label_type": "解剖部位",
            "overlap": 0,
            "start_pos": 77,
            "text": "头"
        },
        {
            "end_pos": 81,
            "label_type": "解剖部位",
            "overlap": 0,
            "start_pos": 80,
            "text": "头"
        },
        {
            "end_pos": 123,
            "label_type": "解剖部位",
            "overlap": 0,
            "start_pos": 121,
            "text": "直肠"
        },
        {
            "label_type": "疾病和诊断",
            "overlap": 0,
            "start_pos": 153,
            "end_pos": 156,
            "text": "直肠癌"
        },
        {
            "label_type": "手术",
            "overlap": 0,
            "start_pos": 183,
            "end_pos": 198,
            "text": "直肠癌根治术（MILES术式）"
        },
        {
            "label_type": "疾病和诊断",
            "overlap": 0,
            "start_pos": 220,
            "end_pos": 228,
            "text": "直肠中等分化腺癌"
        },
        {
            "end_pos": 250,
            "label_type": "解剖部位",
            "overlap": 0,
            "start_pos": 244,
            "text": "肠系膜淋巴结"
        },
        {
            "end_pos": 276,
            "label_type": "解剖部位",
            "overlap": 0,
            "start_pos": 275,
            "text": "胃"
        },
        {
            "label_type": "疾病和诊断",
            "overlap": 0,
            "start_pos": 315,
            "end_pos": 320,
            "text": "直肠癌术后"
        }
    ]
}