{
    "originalText": "，，缘于入院前1，月，我院诊胃癌为“癌,于2013年11月07日上在全腹腔镜上胃癌根治术麻，上术行“腹，术腔镜上：（远端胃大部），：胃体小弯浸润型印戒细胞癌，癌根治术”，，手术顺利。术，术后端病上端理：，（胃侵端及浆）膜层浸润，侵犯小弯淋巴结神经。，大弯淋巴结手术，幽门上淋巴结标本，下端、（上端及淋巴结另送），（（下端）淋巴结切口，（）均为）淋巴结浸润，（。找到）淋巴结1个，（吗，7个）淋巴结，3个，及癌另送（，第1组淋：巴结1个），（第7组）淋巴结5个，细胞（第8，组）淋巴结1个，（第9组）（淋），巴结3个，（（第12组），）淋巴结1（个均），未见癌（转移）。，免疫组化：KI67(（3），0%+（)），,P53(（下），次细胞阳性)，CK7（(）+术++),CK20（-），VILLIN（++++），治C，DX-2（++），CEA（++）,CD56(-门),S胃印戒细胞癌YN（-），CGA（-），HER-2（-，大小），E，体-CADHERIN",
    "entities": [
        {
            "label_type": "疾病和诊断",
            "overlap": 0,
            "start_pos": 14,
            "end_pos": 16,
            "text": "胃癌"
        },
        {
            "end_pos": 44,
            "label_type": "手术",
            "overlap": 0,
            "start_pos": 35,
            "text": "腹腔镜上胃癌根治术"
        },
        {
            "label_type": "疾病和诊断",
            "overlap": 0,
            "start_pos": 57,
            "end_pos": 78,
            "text": "（远端胃大部），：胃体小弯浸润型印戒细胞癌"
        },
        {
            "end_pos": 104,
            "label_type": "解剖部位",
            "overlap": 0,
            "start_pos": 103,
            "text": "胃"
        },
        {
            "end_pos": 121,
            "label_type": "解剖部位",
            "overlap": 0,
            "start_pos": 116,
            "text": "小弯淋巴结"
        },
        {
            "end_pos": 130,
            "label_type": "解剖部位",
            "overlap": 0,
            "start_pos": 125,
            "text": "大弯淋巴结"
        },
        {
            "end_pos": 139,
            "label_type": "解剖部位",
            "overlap": 0,
            "start_pos": 133,
            "text": "幽门上淋巴结"
        },
        {
            "label_type": "疾病和诊断",
            "overlap": 0,
            "start_pos": 385,
            "end_pos": 391,
            "text": "胃印戒细胞癌"
        }
    ]
}