{
    "originalText": "患者于入院前20+年体检发现血压高，最高时达180/？mmHg，口服降压药治疗有效（具体不详），现口服雅施达4mg/天控血压，随访血压可控制在140/90mmHg以内。入院前5年患者逐渐出现认知功能障碍，生活不能自理，行走不稳，在外院考虑“老年性痴呆”。近2月患者活动极少，长期卧床或久坐，逐渐出现骶尾部、髋关节、肩背部等多个部位皮肤擦伤破损，家属自行换药处理效不佳，创面逐渐扩大，经久不愈。入院前1周，家属发现其言语含糊不清，并口角流涎，进食饮水呛咳，后咳嗽加重，咯痰困难，无畏寒发热，无潮热盗汗，无恶心呕吐，无腹痛腹泻，无上肢浮肿，今日家属为进一步治疗呼叫120接回我院，收入我科治疗。患者自发病以来精神、食欲差，大小便未诉异常。近期体重无明显减轻。",
    "entities": [
        {
            "label_type": "药物",
            "start_pos": 51,
            "end_pos": 54,
            "text": "雅施达"
        },
        {
            "label_type": "疾病和诊断",
            "start_pos": 120,
            "end_pos": 125,
            "text": "老年性痴呆"
        },
        {
            "label_type": "解剖部位",
            "start_pos": 149,
            "end_pos": 152,
            "text": "骶尾部"
        },
        {
            "label_type": "解剖部位",
            "start_pos": 153,
            "end_pos": 156,
            "text": "髋关节"
        },
        {
            "label_type": "解剖部位",
            "start_pos": 157,
            "end_pos": 160,
            "text": "肩背部"
        },
        {
            "label_type": "解剖部位",
            "start_pos": 215,
            "end_pos": 217,
            "text": "口角"
        },
        {
            "label_type": "解剖部位",
            "start_pos": 257,
            "end_pos": 258,
            "text": "腹"
        },
        {
            "label_type": "解剖部位",
            "start_pos": 259,
            "end_pos": 260,
            "text": "腹"
        },
        {
            "label_type": "解剖部位",
            "start_pos": 263,
            "end_pos": 265,
            "text": "上肢"
        }
    ]
}