{
    "originalText": "，，缘于入院前1月，余，于我院结肠脾曲癌，诊为，于2016-04-11在全腹腔镜辅助右半结肠根治性切除术、胃部分切除术，，术中麻：上行腔镜辅助结肠脾曲，大右半结肠根治性切除术，、胃肠部分壁切除术，，，腹术中见：探，查浸胃大弯后壁，润位于胰腺、脾脏、肾脏，术后大小约（右半结肠+部分胃壁），：结肠溃疡型中分化腺癌，大部分1筛状粉刺型腺癌，0X5X5，CM，侵出肠管前壁浆膜，层，胃与前膜明显粘连，，侵术犯，未切侵、及切、、。术后病切理）、（示切，大部分为癌，侵出浆膜肠周淋巴结层，未，见肯定癌脉管及神经胃体侵犯，，中度慢性浅表性胃炎侵及，术后胃浆膜层、及浆膜上层治，，手术标本，近切端、远切端及另送(近切端）、（远切端)均未见癌奥沙利铂肿物；找到31+卡培他滨个，均未见癌转移。送检粘膜，化呈改周变，术后给化予对症、营养支，持等治结肠癌术后疗，恢复良好，伤口愈合I、I/、甲。于，大2015，体.05.06在化我",
    "entities": [
        {
            "label_type": "疾病和诊断",
            "overlap": 0,
            "start_pos": 15,
            "end_pos": 20,
            "text": "结肠脾曲癌"
        },
        {
            "label_type": "手术",
            "overlap": 0,
            "start_pos": 37,
            "end_pos": 59,
            "text": "腹腔镜辅助右半结肠根治性切除术、胃部分切除术"
        },
        {
            "end_pos": 75,
            "label_type": "解剖部位",
            "overlap": 0,
            "start_pos": 71,
            "text": "结肠脾曲"
        },
        {
            "label_type": "解剖部位",
            "overlap": 0,
            "start_pos": 100,
            "end_pos": 101,
            "text": "腹"
        },
        {
            "end_pos": 114,
            "label_type": "解剖部位",
            "overlap": 0,
            "start_pos": 109,
            "text": "胃大弯后壁"
        },
        {
            "end_pos": 120,
            "label_type": "解剖部位",
            "overlap": 0,
            "start_pos": 118,
            "text": "胰腺"
        },
        {
            "end_pos": 123,
            "label_type": "解剖部位",
            "overlap": 0,
            "start_pos": 121,
            "text": "脾脏"
        },
        {
            "end_pos": 126,
            "label_type": "解剖部位",
            "overlap": 0,
            "start_pos": 124,
            "text": "肾脏"
        },
        {
            "label_type": "疾病和诊断",
            "overlap": 0,
            "start_pos": 132,
            "end_pos": 155,
            "text": "（右半结肠+部分胃壁），：结肠溃疡型中分化腺癌"
        },
        {
            "label_type": "疾病和诊断",
            "overlap": 0,
            "start_pos": 160,
            "end_pos": 167,
            "text": "筛状粉刺型腺癌"
        },
        {
            "end_pos": 237,
            "label_type": "解剖部位",
            "overlap": 0,
            "start_pos": 232,
            "text": "肠周淋巴结"
        },
        {
            "label_type": "解剖部位",
            "overlap": 0,
            "start_pos": 250,
            "end_pos": 252,
            "text": "胃体"
        },
        {
            "label_type": "疾病和诊断",
            "overlap": 0,
            "start_pos": 256,
            "end_pos": 265,
            "text": "中度慢性浅表性胃炎"
        },
        {
            "end_pos": 317,
            "label_type": "药物",
            "overlap": 0,
            "start_pos": 313,
            "text": "奥沙利铂"
        },
        {
            "end_pos": 329,
            "label_type": "药物",
            "overlap": 0,
            "start_pos": 325,
            "text": "卡培他滨"
        },
        {
            "label_type": "疾病和诊断",
            "overlap": 0,
            "start_pos": 364,
            "end_pos": 369,
            "text": "结肠癌术后"
        }
    ]
}