{
    "originalText": "孕妇既往月经规律，末次月经2016年8月4日，预产期2017年5月11日。孕早期少量褐色分泌物，口服黄体酮保胎治疗，后未再出血。孕20周自觉胎动至今。孕中晚期无头昏、眼花及皮肤瘙痒不适。孕期正规产检，外院彩超提示左肾肾窦分离1.1cm，患者未诉不适，外院未予特殊处理。孕期查甲功、总胆汁酸结果正常，OGTT提示餐后1小时血糖高于正常，诊断“妊娠期糖尿病”，予饮食控制后监测餐后血糖稍高于正常。患者入院前18天产检发现臀位至今。患者入院前1+小时（3:00）无明显诱因出现阴道流液，色清亮，无明显腹痛不适，无阴道流血，胎监提示不规律宫缩，门诊以\\\"臀位，胎膜早破，妊娠期糖尿病，先兆临产\\\"收入院。患者孕期以来，精神食欲好，二便正常，孕期体重随孕周增长。",
    "entities": [
        {
            "label_type": "药物",
            "start_pos": 50,
            "end_pos": 53,
            "text": "黄体酮"
        },
        {
            "label_type": "解剖部位",
            "start_pos": 80,
            "end_pos": 81,
            "text": "头"
        },
        {
            "label_type": "解剖部位",
            "start_pos": 83,
            "end_pos": 84,
            "text": "眼"
        },
        {
            "label_type": "影像检查",
            "start_pos": 102,
            "end_pos": 104,
            "text": "彩超"
        },
        {
            "label_type": "解剖部位",
            "start_pos": 106,
            "end_pos": 108,
            "text": "左肾"
        },
        {
            "label_type": "疾病和诊断",
            "start_pos": 108,
            "end_pos": 112,
            "text": "肾窦分离"
        },
        {
            "label_type": "实验室检验",
            "start_pos": 160,
            "end_pos": 162,
            "text": "血糖"
        },
        {
            "label_type": "疾病和诊断",
            "start_pos": 170,
            "end_pos": 176,
            "text": "妊娠期糖尿病"
        },
        {
            "label_type": "实验室检验",
            "start_pos": 188,
            "end_pos": 190,
            "text": "血糖"
        },
        {
            "label_type": "解剖部位",
            "start_pos": 208,
            "end_pos": 210,
            "text": "臀位"
        },
        {
            "label_type": "解剖部位",
            "start_pos": 235,
            "end_pos": 237,
            "text": "阴道"
        },
        {
            "label_type": "解剖部位",
            "start_pos": 247,
            "end_pos": 248,
            "text": "腹"
        },
        {
            "label_type": "解剖部位",
            "start_pos": 253,
            "end_pos": 255,
            "text": "阴道"
        },
        {
            "label_type": "疾病和诊断",
            "start_pos": 273,
            "end_pos": 275,
            "text": "臀位"
        },
        {
            "label_type": "疾病和诊断",
            "start_pos": 276,
            "end_pos": 280,
            "text": "胎膜早破"
        },
        {
            "label_type": "疾病和诊断",
            "start_pos": 281,
            "end_pos": 287,
            "text": "妊娠期糖尿病"
        },
        {
            "label_type": "疾病和诊断",
            "start_pos": 288,
            "end_pos": 292,
            "text": "先兆临产"
        }
    ]
}