{
    "originalText": "患者入院前1天无明显诱因出现中腹部阵发性疼痛，无放射痛，伴有反酸、嗳气，有恶心、呕吐1次，非喷射状，为黑色凝块物质，解鲜血便2次，约200ml，解黑色成形大便2次，量少，有头昏、乏力、心悸，无晕厥，无意识障碍，无胸闷，无皮肤黄染，无浮肿，在门诊查：血型：ABO血型 “B”型、RhD血型 阳性，血常规：白细胞数 11.6 10^9/L、血红蛋白浓度 120 g/L，肾功：尿素 15.01 mmol/L。电解质，血尿淀粉，肝功，凝血象无异常。床旁心电图：窦性心动过速。腹部彩超无异常。予奥美拉唑，蛇毒凝血酶处理，现为进一步治疗，急诊以“消化道出血”收入我科。近3天服用“四季感冒胶囊”史。病程中患者精神、饮食欠佳，小便正常，大便如下述，体重无明显上降。",
    "entities": [
        {
            "label_type": "解剖部位",
            "start_pos": 15,
            "end_pos": 17,
            "text": "腹部"
        },
        {
            "label_type": "解剖部位",
            "start_pos": 86,
            "end_pos": 87,
            "text": "头"
        },
        {
            "label_type": "解剖部位",
            "start_pos": 92,
            "end_pos": 93,
            "text": "心"
        },
        {
            "label_type": "解剖部位",
            "start_pos": 106,
            "end_pos": 107,
            "text": "胸"
        },
        {
            "label_type": "实验室检验",
            "start_pos": 127,
            "end_pos": 132,
            "text": "ABO血型"
        },
        {
            "label_type": "实验室检验",
            "start_pos": 138,
            "end_pos": 143,
            "text": "RhD血型"
        },
        {
            "label_type": "实验室检验",
            "start_pos": 151,
            "end_pos": 155,
            "text": "白细胞数"
        },
        {
            "label_type": "实验室检验",
            "start_pos": 168,
            "end_pos": 174,
            "text": "血红蛋白浓度"
        },
        {
            "label_type": "实验室检验",
            "start_pos": 186,
            "end_pos": 188,
            "text": "尿素"
        },
        {
            "label_type": "影像检查",
            "start_pos": 223,
            "end_pos": 226,
            "text": "心电图"
        },
        {
            "label_type": "疾病和诊断",
            "start_pos": 227,
            "end_pos": 233,
            "text": "窦性心动过速"
        },
        {
            "label_type": "影像检查",
            "start_pos": 234,
            "end_pos": 238,
            "text": "腹部彩超"
        },
        {
            "label_type": "药物",
            "start_pos": 243,
            "end_pos": 247,
            "text": "奥美拉唑"
        },
        {
            "label_type": "药物",
            "start_pos": 248,
            "end_pos": 253,
            "text": "蛇毒凝血酶"
        },
        {
            "label_type": "疾病和诊断",
            "start_pos": 268,
            "end_pos": 273,
            "text": "消化道出血"
        },
        {
            "label_type": "药物",
            "start_pos": 285,
            "end_pos": 291,
            "text": "四季感冒胶囊"
        }
    ]
}