{
    "originalText": "，，患者3月前主因腹“痛3月”入，院，入院后完善检相，关除检术查，排，除手术禁忌症，于2016全.04胃癌根治术（全胃切除+ ROUX-EN-Y重建），术.26，术在全麻上行，术，术程顺利，术后安返病房化，术后经抗感染、抑治酸，，术、止血、化（胃大体）镜检为胃中至低分化腺癌，LAUREN，分痰、静脉营，养支至胃持等治疗，，，术食管后至病理示：，分型管：癌混合型，浸润至胃壁体力层，并癌累及壁切至外膜癌层；可见脉管LN内+癌栓分及神经束AN侵犯O；网膜组织未见 癌。远术近切缘未见，为术癌。15/XELOX31化LN(+)。分期PT4，AN3头MO头,，IIIC期。 现患者胸术后胸恢，复良体好，为，食术后行，第7程X，ELOX，体重辅助化疗来我院就",
    "entities": [
        {
            "end_pos": 10,
            "label_type": "解剖部位",
            "overlap": 0,
            "start_pos": 9,
            "text": "腹"
        },
        {
            "label_type": "手术",
            "overlap": 0,
            "start_pos": 51,
            "end_pos": 75,
            "text": "胃癌根治术（全胃切除+ ROUX-EN-Y重建）"
        },
        {
            "label_type": "疾病和诊断",
            "overlap": 0,
            "start_pos": 121,
            "end_pos": 144,
            "text": "（胃大体）镜检为胃中至低分化腺癌，LAUREN"
        },
        {
            "end_pos": 166,
            "label_type": "解剖部位",
            "overlap": 0,
            "start_pos": 164,
            "text": "食管"
        },
        {
            "end_pos": 272,
            "label_type": "解剖部位",
            "overlap": 0,
            "start_pos": 271,
            "text": "头"
        },
        {
            "end_pos": 275,
            "label_type": "解剖部位",
            "overlap": 0,
            "start_pos": 274,
            "text": "头"
        },
        {
            "end_pos": 288,
            "label_type": "解剖部位",
            "overlap": 0,
            "start_pos": 287,
            "text": "胸"
        },
        {
            "end_pos": 291,
            "label_type": "解剖部位",
            "overlap": 0,
            "start_pos": 290,
            "text": "胸"
        }
    ]
}