{
    "originalText": "，，缘于入院前+2+个月于我院诊宫颈腺癌为，“”，1于211013年11月2全7日于广泛全子宫切除+两附件切除术+盆腔淋巴结清扫术我，术中院在盆腔全腹麻，子宫上行。，术中见：，无水，增，右侧卵巢大如孕，2个月大，表面光，滑子宫，盆底粘右，分侧一囊肿，大小约液体3*，两侧骶韧带3C，子宫后壁M紫，与结及，直肠子宫陷凹粘连，左侧附件，右输卵管分离过程见巧克术后力样液体（流产1，增粗，见紫），蓝色（全子宫+两附件）子宫颈内生浸润型中分化粘液腺癌（宫颈管亚型），结节，变（浸润浅，及未度见1明显异常），。术后宫内膜病理，（右回左）宫报（201术33阴道7408癌浸润）盆腔淋巴结，示癌：，，宫体侵犯肌层（浸润最深，宫内膜处深生度约，两侧输卵管1卵巢.0癌CM）术后，未侵及，组织，（II右、左术后）宫旁1组织1及手1术标本残1端未1见癌浸润。未见癌紫杉醇转移液(安素泰)，1肌间多I发性平滑肌1+瘤，呈洛铂增生状态I，及未见癌1转移。1，术后化恢复化良后好，I度骨髓抑制伤口愈合II/甲。后术后于2013.12.1，0腹及2腹0，14.1.8，予头PT头方案“注，射液()2，10MG宫颈腺癌(IB1期，II级)术后IVGTTD1+注射用，43MGIVGTT，D1”以来，体1，2次化疗。化化",
    "entities": [
        {
            "label_type": "疾病和诊断",
            "overlap": 0,
            "start_pos": 16,
            "end_pos": 20,
            "text": "宫颈腺癌"
        },
        {
            "label_type": "手术",
            "overlap": 0,
            "start_pos": 42,
            "end_pos": 65,
            "text": "广泛全子宫切除+两附件切除术+盆腔淋巴结清扫术"
        },
        {
            "end_pos": 73,
            "label_type": "解剖部位",
            "overlap": 0,
            "start_pos": 71,
            "text": "盆腔"
        },
        {
            "end_pos": 75,
            "label_type": "解剖部位",
            "overlap": 0,
            "start_pos": 74,
            "text": "腹"
        },
        {
            "end_pos": 79,
            "label_type": "解剖部位",
            "overlap": 0,
            "start_pos": 77,
            "text": "子宫"
        },
        {
            "end_pos": 97,
            "label_type": "解剖部位",
            "overlap": 0,
            "start_pos": 93,
            "text": "右侧卵巢"
        },
        {
            "end_pos": 113,
            "label_type": "解剖部位",
            "overlap": 0,
            "start_pos": 111,
            "text": "子宫"
        },
        {
            "end_pos": 116,
            "label_type": "解剖部位",
            "overlap": 0,
            "start_pos": 114,
            "text": "盆底"
        },
        {
            "end_pos": 138,
            "label_type": "解剖部位",
            "overlap": 0,
            "start_pos": 133,
            "text": "两侧骶韧带"
        },
        {
            "end_pos": 145,
            "label_type": "解剖部位",
            "overlap": 0,
            "start_pos": 141,
            "text": "子宫后壁"
        },
        {
            "end_pos": 158,
            "label_type": "解剖部位",
            "overlap": 0,
            "start_pos": 152,
            "text": "直肠子宫陷凹"
        },
        {
            "end_pos": 165,
            "label_type": "解剖部位",
            "overlap": 0,
            "start_pos": 161,
            "text": "左侧附件"
        },
        {
            "end_pos": 170,
            "label_type": "解剖部位",
            "overlap": 0,
            "start_pos": 166,
            "text": "右输卵管"
        },
        {
            "label_type": "疾病和诊断",
            "overlap": 0,
            "start_pos": 197,
            "end_pos": 228,
            "text": "（全子宫+两附件）子宫颈内生浸润型中分化粘液腺癌（宫颈管亚型）"
        },
        {
            "end_pos": 255,
            "label_type": "解剖部位",
            "overlap": 0,
            "start_pos": 252,
            "text": "宫内膜"
        },
        {
            "end_pos": 274,
            "label_type": "解剖部位",
            "overlap": 0,
            "start_pos": 272,
            "text": "阴道"
        },
        {
            "end_pos": 287,
            "label_type": "解剖部位",
            "overlap": 0,
            "start_pos": 282,
            "text": "盆腔淋巴结"
        },
        {
            "end_pos": 295,
            "label_type": "解剖部位",
            "overlap": 0,
            "start_pos": 293,
            "text": "宫体"
        },
        {
            "end_pos": 319,
            "label_type": "解剖部位",
            "overlap": 0,
            "start_pos": 314,
            "text": "两侧输卵管"
        },
        {
            "end_pos": 322,
            "label_type": "解剖部位",
            "overlap": 0,
            "start_pos": 320,
            "text": "卵巢"
        },
        {
            "end_pos": 375,
            "label_type": "药物",
            "overlap": 0,
            "start_pos": 372,
            "text": "紫杉醇"
        },
        {
            "end_pos": 382,
            "label_type": "药物",
            "overlap": 0,
            "start_pos": 379,
            "text": "安素泰"
        },
        {
            "end_pos": 401,
            "label_type": "药物",
            "overlap": 0,
            "start_pos": 399,
            "text": "洛铂"
        },
        {
            "label_type": "疾病和诊断",
            "overlap": 0,
            "start_pos": 427,
            "end_pos": 433,
            "text": "I度骨髓抑制"
        },
        {
            "end_pos": 458,
            "label_type": "解剖部位",
            "overlap": 0,
            "start_pos": 457,
            "text": "腹"
        },
        {
            "end_pos": 461,
            "label_type": "解剖部位",
            "overlap": 0,
            "start_pos": 460,
            "text": "腹"
        },
        {
            "end_pos": 472,
            "label_type": "解剖部位",
            "overlap": 0,
            "start_pos": 471,
            "text": "头"
        },
        {
            "end_pos": 475,
            "label_type": "解剖部位",
            "overlap": 0,
            "start_pos": 474,
            "text": "头"
        },
        {
            "label_type": "疾病和诊断",
            "overlap": 0,
            "start_pos": 490,
            "end_pos": 506,
            "text": "宫颈腺癌(IB1期，II级)术后"
        }
    ]
}