{
    "originalText": "入院前2天患者无明显诱因出现解黑色稀糊便，起始解2次黑色稀糊便，具体量不详，伴恶心、呕吐，呕吐3次黑色胃内容物，无血凝块。呕吐后全身乏力、心悸，出现晕倒1次，自述有意识丧失，具体不能描述。无大小便失禁、肢体抽搐、偏瘫，无腹痛、腹胀、反酸、嗳气、烧心、畏寒、发热。遂由家属送往***附属第三医院就诊，行腹部CT示肾囊肿（家属口述，未见报告），给予对症处理后感病情稍好转。因该院无床，患者于昨日出院后再次出现解黑色稀糊便，并感全身乏力，精神较差，继续在附三院急诊科治疗。今日患者出院，院外再次出现恶心、呕吐黑色物质3次，伴心悸、乏力。遂送来我院就诊要求直接住院处理，门诊以“下消化道出血”收入我科。病程中精神、饮食差，大便如下述，小便基本正常，体重无改变。",
    "entities": [
        {
            "label_type": "解剖部位",
            "start_pos": 51,
            "end_pos": 52,
            "text": "胃"
        },
        {
            "label_type": "解剖部位",
            "start_pos": 110,
            "end_pos": 111,
            "text": "腹"
        },
        {
            "label_type": "解剖部位",
            "start_pos": 113,
            "end_pos": 114,
            "text": "腹"
        },
        {
            "label_type": "解剖部位",
            "start_pos": 123,
            "end_pos": 124,
            "text": "心"
        },
        {
            "label_type": "影像检查",
            "start_pos": 150,
            "end_pos": 154,
            "text": "腹部CT"
        },
        {
            "label_type": "疾病和诊断",
            "start_pos": 155,
            "end_pos": 158,
            "text": "肾囊肿"
        },
        {
            "label_type": "解剖部位",
            "start_pos": 259,
            "end_pos": 260,
            "text": "心"
        },
        {
            "label_type": "疾病和诊断",
            "start_pos": 285,
            "end_pos": 291,
            "text": "下消化道出血"
        }
    ]
}