{
    "originalText": "平素月经规律，月经周期30-37天，末次月经2015-04-13，预产期2016-01-20。孕早期早孕反应不明显，孕早期无感冒、发热、服药史，无腹痛、阴道流血、保胎史。孕20周开始自觉胎动至今。孕期正规产检，孕期甲功及总胆汁酸均正常。3+月前OGTT提示空腹血糖及服糖后1小时、2小时均高于正常，诊断妊娠期糖尿病，予运动+饮食控制，其后监测血糖基本正常。12月31日查糖化血红蛋白5.6%，自诉自行在家监测血糖，餐后2小时血糖控制欠佳（均在7.0mmol/l以下）,孕期无头晕、眼花、胸闷、心慌及皮肤瘙痒等不适。今日因临近预产期，以\\\"妊娠期糖尿病、妊娠39+1周孕1产0LO\\\"收入院待产。孕期神志清醒，精神良好，食欲好，二便正常，体重随孕周增加。",
    "entities": [
        {
            "label_type": "解剖部位",
            "start_pos": 73,
            "end_pos": 74,
            "text": "腹"
        },
        {
            "label_type": "解剖部位",
            "start_pos": 76,
            "end_pos": 78,
            "text": "阴道"
        },
        {
            "label_type": "实验室检验",
            "start_pos": 110,
            "end_pos": 114,
            "text": "总胆汁酸"
        },
        {
            "label_type": "实验室检验",
            "start_pos": 128,
            "end_pos": 132,
            "text": "空腹血糖"
        },
        {
            "label_type": "疾病和诊断",
            "start_pos": 151,
            "end_pos": 157,
            "text": "妊娠期糖尿病"
        },
        {
            "label_type": "实验室检验",
            "start_pos": 171,
            "end_pos": 173,
            "text": "血糖"
        },
        {
            "label_type": "实验室检验",
            "start_pos": 185,
            "end_pos": 191,
            "text": "糖化血红蛋白"
        },
        {
            "label_type": "实验室检验",
            "start_pos": 204,
            "end_pos": 206,
            "text": "血糖"
        },
        {
            "label_type": "实验室检验",
            "start_pos": 207,
            "end_pos": 214,
            "text": "餐后2小时血糖"
        },
        {
            "label_type": "解剖部位",
            "start_pos": 237,
            "end_pos": 238,
            "text": "头"
        },
        {
            "label_type": "解剖部位",
            "start_pos": 240,
            "end_pos": 241,
            "text": "眼"
        },
        {
            "label_type": "解剖部位",
            "start_pos": 243,
            "end_pos": 244,
            "text": "胸"
        },
        {
            "label_type": "解剖部位",
            "start_pos": 246,
            "end_pos": 247,
            "text": "心"
        },
        {
            "label_type": "疾病和诊断",
            "start_pos": 269,
            "end_pos": 275,
            "text": "妊娠期糖尿病"
        },
        {
            "label_type": "疾病和诊断",
            "start_pos": 276,
            "end_pos": 289,
            "text": "妊娠39+1周孕1产0LO"
        }
    ]
}