{
    "originalText": "，，缘于入院前2月余因下腹部“闷痛2月”入，院，于2016年12月09全日上在全腹腔镜上根治性全胃切除术麻，术上，术后行“腔镜上肝根治性全胃切除术”，术，，术后顺，术：(全胃)，：胃体小弯溃疡型低粘附性癌（低分化腺癌），后予制酸、，保、营养支持、补液，等术处理下，上切，术后病（下切理）示：，癌侵犯浆膜层贲门周淋巴结，侵犯脉管，小弯淋巴结及神经组，大弯淋巴结织，手术，幽门下淋巴结标本下、，幽门上淋巴结上切端及另送（(下切端）淋巴结）均未见，癌癌浸润；找到（3/1淋巴结）3（枚，9/淋巴结）9枚，0/3枚，0/2枚，0/胃低分化腺癌3，枚及另送(11D）淋巴结0乐沙定/2枚，见癌转移。另送（第6组希罗达淋巴结）、（第10组淋巴结）为纤维脂肪化及，脉管组织。诊断为“，”，于20后17.01.07行“2周0化0MGIV，门GTT胃低分化腺癌术后化QDD1+1下500MGPOBIDD1-1，4腹”方腹案化疗，，大小感耳鸣，体、恶心、呕吐，化予",
    "entities": [
        {
            "end_pos": 14,
            "label_type": "解剖部位",
            "overlap": 0,
            "start_pos": 11,
            "text": "下腹部"
        },
        {
            "end_pos": 52,
            "label_type": "手术",
            "overlap": 0,
            "start_pos": 40,
            "text": "腹腔镜上根治性全胃切除术"
        },
        {
            "end_pos": 65,
            "label_type": "解剖部位",
            "overlap": 0,
            "start_pos": 64,
            "text": "肝"
        },
        {
            "label_type": "疾病和诊断",
            "overlap": 0,
            "start_pos": 84,
            "end_pos": 109,
            "text": "(全胃)，：胃体小弯溃疡型低粘附性癌（低分化腺癌）"
        },
        {
            "end_pos": 158,
            "label_type": "解剖部位",
            "overlap": 0,
            "start_pos": 152,
            "text": "贲门周淋巴结"
        },
        {
            "end_pos": 169,
            "label_type": "解剖部位",
            "overlap": 0,
            "start_pos": 164,
            "text": "小弯淋巴结"
        },
        {
            "end_pos": 179,
            "label_type": "解剖部位",
            "overlap": 0,
            "start_pos": 174,
            "text": "大弯淋巴结"
        },
        {
            "end_pos": 190,
            "label_type": "解剖部位",
            "overlap": 0,
            "start_pos": 184,
            "text": "幽门下淋巴结"
        },
        {
            "end_pos": 201,
            "label_type": "解剖部位",
            "overlap": 0,
            "start_pos": 195,
            "text": "幽门上淋巴结"
        },
        {
            "label_type": "疾病和诊断",
            "overlap": 0,
            "start_pos": 261,
            "end_pos": 267,
            "text": "胃低分化腺癌"
        },
        {
            "end_pos": 285,
            "label_type": "药物",
            "overlap": 0,
            "start_pos": 282,
            "text": "乐沙定"
        },
        {
            "end_pos": 303,
            "label_type": "药物",
            "overlap": 0,
            "start_pos": 300,
            "text": "希罗达"
        },
        {
            "label_type": "疾病和诊断",
            "overlap": 0,
            "start_pos": 365,
            "end_pos": 373,
            "text": "胃低分化腺癌术后"
        },
        {
            "end_pos": 398,
            "label_type": "解剖部位",
            "overlap": 0,
            "start_pos": 397,
            "text": "腹"
        },
        {
            "end_pos": 401,
            "label_type": "解剖部位",
            "overlap": 0,
            "start_pos": 400,
            "text": "腹"
        }
    ]
}