{
    "originalText": "，患者因诊为直肠癌2013-12-12就诊于我院，行放化化疗查，查术无手术禁忌症，于2014-3-20全直肠癌低位前切除术麻术上行低位前切吻合口瘘、腹膜炎除术，术后第六天出现、，于2剖腹探查术、腹盆腔冲洗、回肠造瘘术、腹盆腔置管引流术0术14-炎、3-26急诊 行，术后予抗术炎、营养支持治疗 ，恢复直可。，术后病理：（近端18CM，直径 3CM，距一断端溃疡型2CM，距另一断端 12CM，可 溃疡见一周期型肿物切，大小、3.、5×X直肠X化X3C切除M，  肠溃疡型中分化腺癌溃疡深0.6CM，切面灰白、实性、质硬。放化疗后（切 除 ），：伴粘液形 成 ，大小3.5×XXX 3×X管癌XX 0.切6CM；切 - 癌侵 至固有肌层癌； - 肿瘤缓 解 率约50％分； 未见脉管癌栓； 双端切缘化及环周切缘未见癌； 淋巴结未见癌转移0/21； - ，肿瘤病理分期：YPT2N0。，-免疫组化结果显示肿瘤细胞:CD44(－),CMET(－),COX2(局灶+),EGFR(+),HEP(－),HER2(1+),KI-67(+60%),MLH1(+＞75%),MSH2(+50～75%),MSH6(+＞75%),P170(+),P2术7(+),化P5化3(－),TOPOII(+15%)奥沙利铂,乐沙定TTF-1( －)。卡陪他滨片于片 201 4-05-05日行术后第1溃疡、化疗，化疗方案为“XELOX”，，具体为：（）240MG D1+3片 2/日 D1-14。2014-5-26、、、2、0、1、4-6化-16前，2014-0造口7-10,2014-7-30，2014-08-25，2014-9-19行第2、3、4",
    "entities": [
        {
            "label_type": "疾病和诊断",
            "overlap": 0,
            "start_pos": 6,
            "end_pos": 9,
            "text": "直肠癌"
        },
        {
            "end_pos": 61,
            "label_type": "手术",
            "overlap": 0,
            "start_pos": 52,
            "text": "直肠癌低位前切除术"
        },
        {
            "label_type": "疾病和诊断",
            "overlap": 0,
            "start_pos": 69,
            "end_pos": 73,
            "text": "吻合口瘘"
        },
        {
            "label_type": "疾病和诊断",
            "overlap": 0,
            "start_pos": 74,
            "end_pos": 77,
            "text": "腹膜炎"
        },
        {
            "label_type": "手术",
            "overlap": 0,
            "start_pos": 91,
            "end_pos": 117,
            "text": "剖腹探查术、腹盆腔冲洗、回肠造瘘术、腹盆腔置管引流术"
        },
        {
            "end_pos": 220,
            "label_type": "解剖部位",
            "overlap": 0,
            "start_pos": 218,
            "text": "直肠"
        },
        {
            "label_type": "疾病和诊断",
            "overlap": 0,
            "start_pos": 230,
            "end_pos": 240,
            "text": " 肠溃疡型中分化腺癌"
        },
        {
            "end_pos": 546,
            "label_type": "药物",
            "overlap": 0,
            "start_pos": 542,
            "text": "奥沙利铂"
        },
        {
            "end_pos": 550,
            "label_type": "药物",
            "overlap": 0,
            "start_pos": 547,
            "text": "乐沙定"
        },
        {
            "end_pos": 565,
            "label_type": "药物",
            "overlap": 0,
            "start_pos": 560,
            "text": "卡陪他滨片"
        }
    ]
}