{
    "originalText": "入院前10+年患者偶然查出血压升高，190/120mmHg，伴头昏、头痛，服用降压药物后好转。现口服替米沙坦20mg/日、富马酸比索洛尔片2.5mg/日降血压，近期院外监测血压160-170/90-100mmHg。7年前患者因喘息、气急、咳嗽到***324医院就诊，诊断为“支气管哮喘”，经平喘、抗过敏等治疗好转，院外长期服用氨茶碱等药物，近期患者感活动后气急、咳嗽、咳黄色黏痰。病程中患者诉流泪，无头昏、头痛，无视物模糊，无腰痛、尿少，无心悸、胸闷，无腹痛、腹胀，无烦渴、多饮，无两上肢水肿等不适。今日到我院就诊，查血压190/110mmHg,，为进一步诊治，门诊以“高血压、支气管哮喘”收入我科。病程中患者精神、饮食可，大小便正常，体重无明显上降。",
    "entities": [
        {
            "label_type": "解剖部位",
            "start_pos": 31,
            "end_pos": 32,
            "text": "头"
        },
        {
            "label_type": "解剖部位",
            "start_pos": 34,
            "end_pos": 35,
            "text": "头"
        },
        {
            "label_type": "药物",
            "start_pos": 50,
            "end_pos": 54,
            "text": "替米沙坦"
        },
        {
            "label_type": "药物",
            "start_pos": 61,
            "end_pos": 69,
            "text": "富马酸比索洛尔片"
        },
        {
            "label_type": "疾病和诊断",
            "start_pos": 137,
            "end_pos": 142,
            "text": "支气管哮喘"
        },
        {
            "label_type": "药物",
            "start_pos": 163,
            "end_pos": 166,
            "text": "氨茶碱"
        },
        {
            "label_type": "解剖部位",
            "start_pos": 200,
            "end_pos": 201,
            "text": "头"
        },
        {
            "label_type": "解剖部位",
            "start_pos": 203,
            "end_pos": 204,
            "text": "头"
        },
        {
            "label_type": "解剖部位",
            "start_pos": 213,
            "end_pos": 214,
            "text": "腰"
        },
        {
            "label_type": "解剖部位",
            "start_pos": 220,
            "end_pos": 221,
            "text": "心"
        },
        {
            "label_type": "解剖部位",
            "start_pos": 223,
            "end_pos": 224,
            "text": "胸"
        },
        {
            "label_type": "解剖部位",
            "start_pos": 227,
            "end_pos": 228,
            "text": "腹"
        },
        {
            "label_type": "解剖部位",
            "start_pos": 230,
            "end_pos": 231,
            "text": "腹"
        },
        {
            "label_type": "解剖部位",
            "start_pos": 241,
            "end_pos": 244,
            "text": "两上肢"
        },
        {
            "label_type": "疾病和诊断",
            "start_pos": 285,
            "end_pos": 288,
            "text": "高血压"
        },
        {
            "label_type": "疾病和诊断",
            "start_pos": 289,
            "end_pos": 294,
            "text": "支气管哮喘"
        }
    ]
}