{
    "originalText": "患者入院前4小时在进食时突感头昏、乏力，站立不稳，感恶心，呕吐胃内容物1次，非喷射性呕吐，未见咖啡色样及血性物质，吐后感咽痛，此后一直感头昏痛、乏力，稍感气促，出冷汗，无意识障碍，无视物旋转或模糊，无耳鸣，无胸闷胸痛，无心悸心慌，无腹痛腹泻，无畏寒发热。由家属送我院急诊科，查BP90/56mmHg，查CRP、心肌酶谱、肌钙蛋白未见异常，血钾3.51mmol/L，尿酸394.2umol/L，血常规白细胞9.8*109/L，予“生脉、奥美拉唑”静滴，监测血压均低于90/65mmHg，询问患者近期未服用任何药物，为进一步治疗门诊收入我科住院。患者此次患病以来精神较差，大小便正常，体力及体重无明显改变。4+天前出现轻微咳嗽、咳痰，持续2天，自行好转。",
    "entities": [
        {
            "label_type": "解剖部位",
            "start_pos": 14,
            "end_pos": 15,
            "text": "头"
        },
        {
            "label_type": "解剖部位",
            "start_pos": 31,
            "end_pos": 32,
            "text": "胃"
        },
        {
            "label_type": "解剖部位",
            "start_pos": 60,
            "end_pos": 61,
            "text": "咽"
        },
        {
            "label_type": "解剖部位",
            "start_pos": 68,
            "end_pos": 69,
            "text": "头"
        },
        {
            "label_type": "解剖部位",
            "start_pos": 100,
            "end_pos": 101,
            "text": "耳"
        },
        {
            "label_type": "解剖部位",
            "start_pos": 104,
            "end_pos": 105,
            "text": "胸"
        },
        {
            "label_type": "解剖部位",
            "start_pos": 106,
            "end_pos": 107,
            "text": "胸"
        },
        {
            "label_type": "解剖部位",
            "start_pos": 110,
            "end_pos": 111,
            "text": "心"
        },
        {
            "label_type": "解剖部位",
            "start_pos": 112,
            "end_pos": 113,
            "text": "心"
        },
        {
            "label_type": "解剖部位",
            "start_pos": 116,
            "end_pos": 117,
            "text": "腹"
        },
        {
            "label_type": "解剖部位",
            "start_pos": 118,
            "end_pos": 119,
            "text": "腹"
        },
        {
            "label_type": "实验室检验",
            "start_pos": 151,
            "end_pos": 154,
            "text": "CRP"
        },
        {
            "label_type": "实验室检验",
            "start_pos": 160,
            "end_pos": 164,
            "text": "肌钙蛋白"
        },
        {
            "label_type": "实验室检验",
            "start_pos": 169,
            "end_pos": 171,
            "text": "血钾"
        },
        {
            "label_type": "实验室检验",
            "start_pos": 182,
            "end_pos": 184,
            "text": "尿酸"
        },
        {
            "label_type": "实验室检验",
            "start_pos": 199,
            "end_pos": 202,
            "text": "白细胞"
        },
        {
            "label_type": "药物",
            "start_pos": 214,
            "end_pos": 216,
            "text": "生脉"
        },
        {
            "label_type": "药物",
            "start_pos": 217,
            "end_pos": 221,
            "text": "奥美拉唑"
        }
    ]
}