{
    "originalText": "，，患者因罹患胃窦小弯侧低分化腺癌“”于2013-10-15在我院予行全麻根治性胃大部切除，毕I式吻合上术后。术后病理（ 2013129，57胃窦小弯侧低分化腺癌，溃疡型，），示：，面积，3*3CM，侵达外膜脂切肪组织。双端切切线及另送癌“远切线”未查见癌。三组（4个）、四组（4个）、五组（1个）、“1、3、7组”（1癌1，癌个）淋巴结化未查见癌癌。，癌组织免疫组化I染色III示癌组织：β-TUBULIN-III（-）、IIT性S（-）、RRM1（-）、TOPOII，术后阳性分细胞数约50%、C，IIIERBB-2（-）。，术后病理分分期：术后PT性化4N0M0，IIIA术期。依据患者病情及肿瘤病理与分期，出院术后辅助性化疗指征存在。，自下次手术继，续（2013，-10-25），以来，患腹者一腹般情况保持良好；无发热，无恶心、呕吐，无反酸、嗳气，无，明显进食不适胃术后，未现明显痛、胀。现患者为行进一步复，查并必要时适，当处理而后再来我院就诊，门诊化依",
    "entities": [
        {
            "label_type": "疾病和诊断",
            "overlap": 0,
            "start_pos": 7,
            "end_pos": 17,
            "text": "胃窦小弯侧低分化腺癌"
        },
        {
            "label_type": "疾病和诊断",
            "overlap": 0,
            "start_pos": 37,
            "end_pos": 51,
            "text": "根治性胃大部切除，毕I式吻合"
        },
        {
            "label_type": "疾病和诊断",
            "overlap": 0,
            "start_pos": 71,
            "end_pos": 85,
            "text": "胃窦小弯侧低分化腺癌，溃疡型"
        },
        {
            "end_pos": 349,
            "label_type": "解剖部位",
            "overlap": 0,
            "start_pos": 348,
            "text": "腹"
        },
        {
            "end_pos": 352,
            "label_type": "解剖部位",
            "overlap": 0,
            "start_pos": 351,
            "text": "腹"
        },
        {
            "label_type": "疾病和诊断",
            "overlap": 0,
            "start_pos": 386,
            "end_pos": 389,
            "text": "胃术后"
        }
    ]
}