{
    "originalText": "入院前20年患者发现血糖高，曾口服药物降血糖，血糖控制情况不详，未诉视物模糊，皮肤瘙痒及肢体麻木，半年前出现两上肢浮肿，无夜间不能平卧，近期服用“二甲两胍，格列美脲”，因患者意识恍惚家属病情叙述不全。患者半年来多次在我科住院诊断1、2型糖尿病 糖尿病酮症 2、腔隙性脑梗塞 脑萎缩 3、尿路感染 4、老年性痴呆 .经治疗后好转出现，出院后给予来得时晚13iu皮上注射控制血糖等治疗.1天前患者出现发热伴意识模糊，呼之无反应，伴纳差乏力，无头昏、头痛，无恶心、呕吐，无腹痛、腹泻，无两上肢水肿，于今日来我院就诊，为进一步明确诊断，门诊以“2型糖尿病”收入我科住院治疗。本次发病患者精神差，大便未解，小便因长期使用尿不湿不知其是否有失禁，体重无明显上降。",
    "entities": [
        {
            "label_type": "实验室检验",
            "start_pos": 10,
            "end_pos": 12,
            "text": "血糖"
        },
        {
            "label_type": "实验室检验",
            "start_pos": 20,
            "end_pos": 22,
            "text": "血糖"
        },
        {
            "label_type": "实验室检验",
            "start_pos": 23,
            "end_pos": 25,
            "text": "血糖"
        },
        {
            "label_type": "解剖部位",
            "start_pos": 54,
            "end_pos": 57,
            "text": "两上肢"
        },
        {
            "label_type": "药物",
            "start_pos": 73,
            "end_pos": 77,
            "text": "二甲两胍"
        },
        {
            "label_type": "药物",
            "start_pos": 78,
            "end_pos": 82,
            "text": "格列美脲"
        },
        {
            "label_type": "疾病和诊断",
            "start_pos": 116,
            "end_pos": 121,
            "text": "2型糖尿病"
        },
        {
            "label_type": "疾病和诊断",
            "start_pos": 122,
            "end_pos": 127,
            "text": "糖尿病酮症"
        },
        {
            "label_type": "疾病和诊断",
            "start_pos": 130,
            "end_pos": 136,
            "text": "腔隙性脑梗塞"
        },
        {
            "label_type": "疾病和诊断",
            "start_pos": 137,
            "end_pos": 140,
            "text": "脑萎缩"
        },
        {
            "label_type": "疾病和诊断",
            "start_pos": 143,
            "end_pos": 147,
            "text": "尿路感染"
        },
        {
            "label_type": "疾病和诊断",
            "start_pos": 150,
            "end_pos": 155,
            "text": "老年性痴呆"
        },
        {
            "label_type": "药物",
            "start_pos": 171,
            "end_pos": 174,
            "text": "来得时"
        },
        {
            "label_type": "实验室检验",
            "start_pos": 185,
            "end_pos": 187,
            "text": "血糖"
        },
        {
            "label_type": "解剖部位",
            "start_pos": 219,
            "end_pos": 220,
            "text": "头"
        },
        {
            "label_type": "解剖部位",
            "start_pos": 222,
            "end_pos": 223,
            "text": "头"
        },
        {
            "label_type": "解剖部位",
            "start_pos": 233,
            "end_pos": 234,
            "text": "腹"
        },
        {
            "label_type": "解剖部位",
            "start_pos": 236,
            "end_pos": 237,
            "text": "腹"
        },
        {
            "label_type": "解剖部位",
            "start_pos": 240,
            "end_pos": 243,
            "text": "两上肢"
        },
        {
            "label_type": "疾病和诊断",
            "start_pos": 268,
            "end_pos": 273,
            "text": "2型糖尿病"
        }
    ]
}