{
    "originalText": "，缘于入院前2年因食管髓质型鳞状细胞癌IIIA期（PT3N1M0）在全麻上上食管中段癌切除+食管-胃底弓下吻合术行术后，治疗予抗感染、抑酸、营养支持等术术后后。，术后食管髓质型鳞状细胞癌II级病理回报：，侵及术外膜下层上切，手术标（下切本）下、上癌切端及另送（下段食管旁）淋巴结1（1下切（中段食管旁）淋巴结0端1）均（贲门旁）淋巴结0未3见癌（胃右动脉旁）淋巴结0浸1润。（降主动脉旁）淋巴结1找1到1（隆突上）淋巴结0/31个（上肺韧带旁）淋巴结0，30/癌1个，0/3个，0/I1个（，01+）/P13（+++）个P，3（+++）0/3个，0（++++）/3个1见（++）癌转移11。（-），术后免顺铂疫0M组化1-3+安素泰：K0MI617（403%期+），P肝53（+++），P63（+++）顺，CK5/6（+右胸肋骨+++）胸，CK18（++），CD117（-）。术后予40MGD1-3+240M门GD1食管癌术后方案化疗3周期，辅以保、止吐、制酸等治食疗，下患者疗程较为顺利。近2月来出现右",
    "entities": [
        {
            "label_type": "疾病和诊断",
            "overlap": 0,
            "start_pos": 9,
            "end_pos": 33,
            "text": "食管髓质型鳞状细胞癌IIIA期（PT3N1M0）"
        },
        {
            "label_type": "手术",
            "overlap": 0,
            "start_pos": 38,
            "end_pos": 56,
            "text": "食管中段癌切除+食管-胃底弓下吻合术"
        },
        {
            "label_type": "疾病和诊断",
            "overlap": 0,
            "start_pos": 83,
            "end_pos": 96,
            "text": "食管髓质型鳞状细胞癌II级"
        },
        {
            "end_pos": 139,
            "label_type": "解剖部位",
            "overlap": 0,
            "start_pos": 129,
            "text": "（下段食管旁）淋巴结"
        },
        {
            "end_pos": 154,
            "label_type": "解剖部位",
            "overlap": 0,
            "start_pos": 144,
            "text": "（中段食管旁）淋巴结"
        },
        {
            "end_pos": 167,
            "label_type": "解剖部位",
            "overlap": 0,
            "start_pos": 159,
            "text": "（贲门旁）淋巴结"
        },
        {
            "end_pos": 182,
            "label_type": "解剖部位",
            "overlap": 0,
            "start_pos": 172,
            "text": "（胃右动脉旁）淋巴结"
        },
        {
            "end_pos": 197,
            "label_type": "解剖部位",
            "overlap": 0,
            "start_pos": 187,
            "text": "（降主动脉旁）淋巴结"
        },
        {
            "end_pos": 210,
            "label_type": "解剖部位",
            "overlap": 0,
            "start_pos": 202,
            "text": "（隆突上）淋巴结"
        },
        {
            "end_pos": 225,
            "label_type": "解剖部位",
            "overlap": 0,
            "start_pos": 215,
            "text": "（上肺韧带旁）淋巴结"
        },
        {
            "end_pos": 304,
            "label_type": "药物",
            "overlap": 0,
            "start_pos": 302,
            "text": "顺铂"
        },
        {
            "end_pos": 316,
            "label_type": "药物",
            "overlap": 0,
            "start_pos": 313,
            "text": "安素泰"
        },
        {
            "end_pos": 335,
            "label_type": "解剖部位",
            "overlap": 0,
            "start_pos": 334,
            "text": "肝"
        },
        {
            "end_pos": 364,
            "label_type": "解剖部位",
            "overlap": 0,
            "start_pos": 360,
            "text": "右胸肋骨"
        },
        {
            "end_pos": 369,
            "label_type": "解剖部位",
            "overlap": 0,
            "start_pos": 368,
            "text": "胸"
        },
        {
            "label_type": "疾病和诊断",
            "overlap": 0,
            "start_pos": 408,
            "end_pos": 413,
            "text": "食管癌术后"
        }
    ]
}