{
    "originalText": "，患者缘于入院前前1年余于我院诊断为胃间质瘤“”，于2012.09.13在全上麻腹腔镜辅助上胃体间质瘤楔形切除术上行术。，术中见：肿胃体前壁偏小弯侧物位于，内生型，浆膜光滑无明显隆起，与周围组织无明显粘术连，手术后术顺利。术后病理（2912271胃间质瘤60）胃间质瘤，：()，：，术后危险程度低。术后予抗感染、补液、制酸、营养支持等治疗。恢复良好，伤口愈合I前I/甲。于格列卫1年余前开始后口服“”治疗前，服用后无诉不适。目前患者为复查，胃间质瘤术后睡眠就诊我院，门诊拟“术后”收入院。自下次腹出院腹以来饮食、体再次前正常，无痛、",
    "entities": [
        {
            "label_type": "疾病和诊断",
            "overlap": 0,
            "start_pos": 18,
            "end_pos": 22,
            "text": "胃间质瘤"
        },
        {
            "end_pos": 56,
            "label_type": "手术",
            "overlap": 0,
            "start_pos": 40,
            "text": "腹腔镜辅助上胃体间质瘤楔形切除术"
        },
        {
            "end_pos": 74,
            "label_type": "解剖部位",
            "overlap": 0,
            "start_pos": 66,
            "text": "胃体前壁偏小弯侧"
        },
        {
            "label_type": "疾病和诊断",
            "overlap": 0,
            "start_pos": 130,
            "end_pos": 134,
            "text": "胃间质瘤"
        },
        {
            "end_pos": 189,
            "label_type": "药物",
            "overlap": 0,
            "start_pos": 186,
            "text": "格列卫"
        },
        {
            "label_type": "疾病和诊断",
            "overlap": 0,
            "start_pos": 220,
            "end_pos": 226,
            "text": "胃间质瘤术后"
        },
        {
            "end_pos": 248,
            "label_type": "解剖部位",
            "overlap": 0,
            "start_pos": 247,
            "text": "腹"
        },
        {
            "end_pos": 251,
            "label_type": "解剖部位",
            "overlap": 0,
            "start_pos": 250,
            "text": "腹"
        }
    ]
}