{
    "originalText": "3+月前患者无明显诱因出现下腹部胀痛，无明显呕血、黑便、寒战、发热、胸痛、呼吸困难等。到**医院检查，查功：凝血象：凝血试验：凝血酶原时间19.1 秒、活化部分凝血酶原时间 46.0秒。查血淀粉酶、脂肪酶高，CT：1.肝硬化。2.胆囊结石,胆囊炎 3.盆腹腔积液。B超：1.提示肝硬化。门静脉高压，脾大，腹腔积液。2.胆囊结石，胆囊壁稍后。诊断：酒精性肝硬化，急性胰腺炎，结石性胆囊炎，经抑酸，保肝，对症治疗，患者下腹痛症状有好转，患者肝功差，未行腹腔镜上胆囊切除术。3天前患者感腹胀痛加重，腹围明显增大，进食量明显减少，今日到我院就诊，为进一步就诊，以“肝硬化失代偿”收入住院。病程中患者精神、饮食尚可，睡眠差，小便正常，大便正常。体重无明显上降。",
    "entities": [
        {
            "label_type": "解剖部位",
            "start_pos": 13,
            "end_pos": 16,
            "text": "下腹部"
        },
        {
            "label_type": "解剖部位",
            "start_pos": 34,
            "end_pos": 35,
            "text": "胸"
        },
        {
            "label_type": "实验室检验",
            "start_pos": 63,
            "end_pos": 69,
            "text": "凝血酶原时间"
        },
        {
            "label_type": "实验室检验",
            "start_pos": 76,
            "end_pos": 86,
            "text": "活化部分凝血酶原时间"
        },
        {
            "label_type": "实验室检验",
            "start_pos": 94,
            "end_pos": 98,
            "text": "血淀粉酶"
        },
        {
            "label_type": "实验室检验",
            "start_pos": 99,
            "end_pos": 102,
            "text": "脂肪酶"
        },
        {
            "label_type": "影像检查",
            "start_pos": 104,
            "end_pos": 106,
            "text": "CT"
        },
        {
            "label_type": "疾病和诊断",
            "start_pos": 109,
            "end_pos": 112,
            "text": "肝硬化"
        },
        {
            "label_type": "疾病和诊断",
            "start_pos": 115,
            "end_pos": 119,
            "text": "胆囊结石"
        },
        {
            "label_type": "疾病和诊断",
            "start_pos": 120,
            "end_pos": 123,
            "text": "胆囊炎"
        },
        {
            "label_type": "疾病和诊断",
            "start_pos": 126,
            "end_pos": 131,
            "text": "盆腹腔积液"
        },
        {
            "label_type": "影像检查",
            "start_pos": 132,
            "end_pos": 134,
            "text": "B超"
        },
        {
            "label_type": "疾病和诊断",
            "start_pos": 139,
            "end_pos": 142,
            "text": "肝硬化"
        },
        {
            "label_type": "疾病和诊断",
            "start_pos": 143,
            "end_pos": 148,
            "text": "门静脉高压"
        },
        {
            "label_type": "解剖部位",
            "start_pos": 149,
            "end_pos": 150,
            "text": "脾"
        },
        {
            "label_type": "疾病和诊断",
            "start_pos": 152,
            "end_pos": 156,
            "text": "腹腔积液"
        },
        {
            "label_type": "疾病和诊断",
            "start_pos": 159,
            "end_pos": 163,
            "text": "胆囊结石"
        },
        {
            "label_type": "解剖部位",
            "start_pos": 164,
            "end_pos": 166,
            "text": "胆囊"
        },
        {
            "label_type": "疾病和诊断",
            "start_pos": 173,
            "end_pos": 179,
            "text": "酒精性肝硬化"
        },
        {
            "label_type": "疾病和诊断",
            "start_pos": 180,
            "end_pos": 185,
            "text": "急性胰腺炎"
        },
        {
            "label_type": "疾病和诊断",
            "start_pos": 186,
            "end_pos": 192,
            "text": "结石性胆囊炎"
        },
        {
            "label_type": "解剖部位",
            "start_pos": 198,
            "end_pos": 199,
            "text": "肝"
        },
        {
            "label_type": "解剖部位",
            "start_pos": 207,
            "end_pos": 209,
            "text": "下腹"
        },
        {
            "label_type": "解剖部位",
            "start_pos": 218,
            "end_pos": 219,
            "text": "肝"
        },
        {
            "label_type": "手术",
            "start_pos": 224,
            "end_pos": 233,
            "text": "腹腔镜上胆囊切除术"
        },
        {
            "label_type": "解剖部位",
            "start_pos": 240,
            "end_pos": 241,
            "text": "腹"
        },
        {
            "label_type": "解剖部位",
            "start_pos": 246,
            "end_pos": 247,
            "text": "腹"
        },
        {
            "label_type": "疾病和诊断",
            "start_pos": 278,
            "end_pos": 284,
            "text": "肝硬化失代偿"
        }
    ]
}