{
    "originalText": "，患者因罹患“结肠癌”“2”1于2013-608-06在我院姑息性右半结肠切除术予术后行未（查上姑息性2右1半）结切（横结肠）腺癌（中度分化）除部分术，术腺癌后病理（9750.20136），：（横结膜）腺肠壁癌（组中度分化），部分呈粘液肠壁一站（2/6个）、二站（1/1个）、“肠系膜根部”（1/1个）、“肠系膜中动脉根部”（2/2个）淋巴结癌腺癌图中间组（1个）淋巴结像，浸癌润溃术后疡型分，面积7*26CM，侵穿浆膜，术后于壁6脂肪化组织内化查见转移灶奥沙利铂23处。呈癌转1移亚叶酸钙。全麻见癌。2，6术后替加氟1病理分期：T42N62M0，IIIC期。、术后、已行6周期化疗，，化疗方案为：200MG 2D11+0.3G1 D2-化6 +1000MG D伊利替康22-6 静滴1、，同时亚叶酸钙给予止吐、升2血6、增替加氟1强免疫等治疗，2因6肿瘤指标仍有升高，依、情于、2014-03-31开始化更改间化疗方案，，具体用药为：200一MG D1、D8+0.3G D、2-6 +酸、1000MG D2-6 静滴，腹同、腹时辅以镇吐、升血、免疫调化节等对症支持治疗。门化疗期间“结肠术后”耐受良好。自下次出院以来，患者一般情况保、持良好；无间发热，无肛门恶心、呕吐，无反酸、嗳气，无化明",
    "entities": [
        {
            "label_type": "疾病和诊断",
            "overlap": 0,
            "start_pos": 7,
            "end_pos": 10,
            "text": "结肠癌"
        },
        {
            "end_pos": 40,
            "label_type": "手术",
            "overlap": 0,
            "start_pos": 30,
            "text": "姑息性右半结肠切除术"
        },
        {
            "label_type": "疾病和诊断",
            "overlap": 0,
            "start_pos": 58,
            "end_pos": 71,
            "text": "（横结肠）腺癌（中度分化）"
        },
        {
            "label_type": "解剖部位",
            "overlap": 0,
            "start_pos": 102,
            "end_pos": 103,
            "text": "肠"
        },
        {
            "label_type": "解剖部位",
            "overlap": 0,
            "start_pos": 118,
            "end_pos": 171,
            "text": "肠壁一站（2/6个）、二站（1/1个）、“肠系膜根部”（1/1个）、“肠系膜中动脉根部”（2/2个）淋巴结"
        },
        {
            "label_type": "解剖部位",
            "overlap": 0,
            "start_pos": 175,
            "end_pos": 185,
            "text": "中间组（1个）淋巴结"
        },
        {
            "end_pos": 232,
            "label_type": "药物",
            "overlap": 0,
            "start_pos": 228,
            "text": "奥沙利铂"
        },
        {
            "end_pos": 245,
            "label_type": "药物",
            "overlap": 0,
            "start_pos": 241,
            "text": "亚叶酸钙"
        },
        {
            "end_pos": 259,
            "label_type": "药物",
            "overlap": 0,
            "start_pos": 256,
            "text": "替加氟"
        },
        {
            "end_pos": 335,
            "label_type": "药物",
            "overlap": 0,
            "start_pos": 331,
            "text": "伊利替康"
        },
        {
            "end_pos": 351,
            "label_type": "药物",
            "overlap": 0,
            "start_pos": 347,
            "text": "亚叶酸钙"
        },
        {
            "end_pos": 365,
            "label_type": "药物",
            "overlap": 0,
            "start_pos": 362,
            "text": "替加氟"
        },
        {
            "end_pos": 461,
            "label_type": "解剖部位",
            "overlap": 0,
            "start_pos": 460,
            "text": "腹"
        },
        {
            "end_pos": 464,
            "label_type": "解剖部位",
            "overlap": 0,
            "start_pos": 463,
            "text": "腹"
        },
        {
            "label_type": "疾病和诊断",
            "overlap": 0,
            "start_pos": 492,
            "end_pos": 496,
            "text": "结肠术后"
        },
        {
            "end_pos": 530,
            "label_type": "解剖部位",
            "overlap": 0,
            "start_pos": 528,
            "text": "肛门"
        }
    ]
}