{
    "originalText": "入院前3天患者感头昏，自服“头痛粉”，后发现解黑色成形大便，共3次，量约250g/次，伴乏力、皮肤粘膜苍白，无反酸、嗳气、烧心，无呕血、腹痛、腹胀，无恶心、呕吐、晕厥，无口干、颜面肢体水肿、腹围增大。在**医院查腹部彩超提示1.肝实质回声增粗2.餐后胆囊，胆囊内强回声光点，考虑胆囊结石，心电图窦性心动过速。入院前1天至**医院就诊，查血常规：HB：35g/L，RBC：1.78*10^12/L，WBC：2.0*10^9/L，诊断“消化道出血”，给予泮托拉唑，卡洛磺钠、血凝酶等治疗后复查HB：31g/L，为进一步诊治遂至我院，门诊以“1.下消化道出血2.重度贫血”收入我科。病程以来患者精神食欲差，大便同前，小便尚可，体重近1月有上降（具体不详）。",
    "entities": [
        {
            "label_type": "药物",
            "start_pos": 14,
            "end_pos": 17,
            "text": "头痛粉"
        },
        {
            "label_type": "解剖部位",
            "start_pos": 62,
            "end_pos": 63,
            "text": "心"
        },
        {
            "label_type": "解剖部位",
            "start_pos": 68,
            "end_pos": 69,
            "text": "腹"
        },
        {
            "label_type": "解剖部位",
            "start_pos": 71,
            "end_pos": 72,
            "text": "腹"
        },
        {
            "label_type": "解剖部位",
            "start_pos": 85,
            "end_pos": 86,
            "text": "口"
        },
        {
            "label_type": "解剖部位",
            "start_pos": 88,
            "end_pos": 90,
            "text": "颜面"
        },
        {
            "label_type": "解剖部位",
            "start_pos": 95,
            "end_pos": 96,
            "text": "腹"
        },
        {
            "label_type": "影像检查",
            "start_pos": 106,
            "end_pos": 110,
            "text": "腹部彩超"
        },
        {
            "label_type": "解剖部位",
            "start_pos": 114,
            "end_pos": 115,
            "text": "肝"
        },
        {
            "label_type": "解剖部位",
            "start_pos": 125,
            "end_pos": 127,
            "text": "胆囊"
        },
        {
            "label_type": "解剖部位",
            "start_pos": 128,
            "end_pos": 130,
            "text": "胆囊"
        },
        {
            "label_type": "疾病和诊断",
            "start_pos": 139,
            "end_pos": 143,
            "text": "胆囊结石"
        },
        {
            "label_type": "影像检查",
            "start_pos": 144,
            "end_pos": 147,
            "text": "心电图"
        },
        {
            "label_type": "疾病和诊断",
            "start_pos": 147,
            "end_pos": 153,
            "text": "窦性心动过速"
        },
        {
            "label_type": "实验室检验",
            "start_pos": 172,
            "end_pos": 174,
            "text": "HB"
        },
        {
            "label_type": "实验室检验",
            "start_pos": 181,
            "end_pos": 184,
            "text": "RBC"
        },
        {
            "label_type": "实验室检验",
            "start_pos": 198,
            "end_pos": 201,
            "text": "WBC"
        },
        {
            "label_type": "疾病和诊断",
            "start_pos": 216,
            "end_pos": 221,
            "text": "消化道出血"
        },
        {
            "label_type": "药物",
            "start_pos": 225,
            "end_pos": 229,
            "text": "泮托拉唑"
        },
        {
            "label_type": "药物",
            "start_pos": 230,
            "end_pos": 234,
            "text": "卡洛磺钠"
        },
        {
            "label_type": "药物",
            "start_pos": 235,
            "end_pos": 238,
            "text": "血凝酶"
        },
        {
            "label_type": "实验室检验",
            "start_pos": 244,
            "end_pos": 246,
            "text": "HB"
        },
        {
            "label_type": "疾病和诊断",
            "start_pos": 270,
            "end_pos": 276,
            "text": "下消化道出血"
        },
        {
            "label_type": "疾病和诊断",
            "start_pos": 278,
            "end_pos": 282,
            "text": "重度贫血"
        }
    ]
}