{
    "originalText": "，，缘于入院前3月余于我院诊直肠癌，为，于2015-01-23在全麻直肠癌根治术（DIXON手术），术上，术后行根治（术（DIXON手术），：（直肠），：直肠溃疡型管状腺癌II级，），术顺，，无痛病理示（，2管01癌5，肠周纤维脂肪0302癌结6）手术，：，侵出外膜层，侵（犯神经）组（织，脉）管内见癌癌栓，组织肠周淋巴结中见癌结节，。癌手术标本下、上切术后端及另送（下切端）、（上切替加氟端）均未见I癌（浸润。）D找到奥沙利铂（艾恒）1/12个I，见癌转D移。替加氟恢复良好,I术（后于2）D01亚叶酸钙5.03.I03予“D2.D5GCIV（46，H）D1+（）150MG替加氟IVGTTID（1+2）D.5奥沙利铂（艾恒）GCIV（I46H）DD3亚叶酸钙+300MIGIVGDTTDD1-D5”，方案化利，疗1次，2015.03，.26直肠癌术后予“后2.5GCIV（46H）D1+（）15，0腹MG腹IVGT，TD2+3，00MGIVGTTD",
    "entities": [
        {
            "label_type": "疾病和诊断",
            "overlap": 0,
            "start_pos": 14,
            "end_pos": 17,
            "text": "直肠癌"
        },
        {
            "label_type": "手术",
            "overlap": 0,
            "start_pos": 34,
            "end_pos": 49,
            "text": "直肠癌根治术（DIXON手术）"
        },
        {
            "label_type": "疾病和诊断",
            "overlap": 0,
            "start_pos": 71,
            "end_pos": 89,
            "text": "（直肠），：直肠溃疡型管状腺癌II级"
        },
        {
            "end_pos": 116,
            "label_type": "解剖部位",
            "overlap": 0,
            "start_pos": 110,
            "text": "肠周纤维脂肪"
        },
        {
            "end_pos": 161,
            "label_type": "解剖部位",
            "overlap": 0,
            "start_pos": 156,
            "text": "肠周淋巴结"
        },
        {
            "end_pos": 195,
            "label_type": "药物",
            "overlap": 0,
            "start_pos": 192,
            "text": "替加氟"
        },
        {
            "end_pos": 214,
            "label_type": "药物",
            "overlap": 0,
            "start_pos": 210,
            "text": "奥沙利铂"
        },
        {
            "end_pos": 217,
            "label_type": "药物",
            "overlap": 0,
            "start_pos": 215,
            "text": "艾恒"
        },
        {
            "end_pos": 234,
            "label_type": "药物",
            "overlap": 0,
            "start_pos": 231,
            "text": "替加氟"
        },
        {
            "end_pos": 253,
            "label_type": "药物",
            "overlap": 0,
            "start_pos": 249,
            "text": "亚叶酸钙"
        },
        {
            "end_pos": 291,
            "label_type": "药物",
            "overlap": 0,
            "start_pos": 288,
            "text": "替加氟"
        },
        {
            "end_pos": 310,
            "label_type": "药物",
            "overlap": 0,
            "start_pos": 306,
            "text": "奥沙利铂"
        },
        {
            "end_pos": 313,
            "label_type": "药物",
            "overlap": 0,
            "start_pos": 311,
            "text": "艾恒"
        },
        {
            "end_pos": 331,
            "label_type": "药物",
            "overlap": 0,
            "start_pos": 327,
            "text": "亚叶酸钙"
        },
        {
            "label_type": "疾病和诊断",
            "overlap": 0,
            "start_pos": 372,
            "end_pos": 377,
            "text": "直肠癌术后"
        },
        {
            "end_pos": 402,
            "label_type": "解剖部位",
            "overlap": 0,
            "start_pos": 401,
            "text": "腹"
        },
        {
            "end_pos": 405,
            "label_type": "解剖部位",
            "overlap": 0,
            "start_pos": 404,
            "text": "腹"
        }
    ]
}