{
    "originalText": "患者平时月经规律，末次月经为2016年04月27日，经期经量同既往，停经30+天自测尿HCG阳性，停经50天我院彩超提示“宫内早孕，活胎”（未见报告）。孕期未接触有毒化学物质及辐射物，未饮酒吸烟，未饲养宠物。6小时前，进食后不久便出现上腹持续性绞痛，伴呕吐，呕吐物为胃内容物，解稀大便2次，便后感腹痛稍缓解，随后再次出现明显绞痛，伴肛门坠胀，不伴畏寒、发热、里急后重感、腹胀及阴道流血，无头晕、乏力，无尿频、尿急、尿痛等不适。来我院门诊就诊，查血白细胞数12.2* 10^9/L、中性粒细胞百分比 92.91 %；彩超：早孕，活胎。建议住院治疗，故门诊以“急性胃肠炎、早孕”收入院。患者患病以来，精神、食欲、睡眠尚可，小便尚正常，孕期体重无明显增加。",
    "entities": [
        {
            "label_type": "实验室检验",
            "start_pos": 42,
            "end_pos": 46,
            "text": "尿HCG"
        },
        {
            "label_type": "影像检查",
            "start_pos": 56,
            "end_pos": 58,
            "text": "彩超"
        },
        {
            "label_type": "疾病和诊断",
            "start_pos": 61,
            "end_pos": 65,
            "text": "宫内早孕"
        },
        {
            "label_type": "解剖部位",
            "start_pos": 117,
            "end_pos": 119,
            "text": "上腹"
        },
        {
            "label_type": "解剖部位",
            "start_pos": 133,
            "end_pos": 134,
            "text": "胃"
        },
        {
            "label_type": "解剖部位",
            "start_pos": 148,
            "end_pos": 149,
            "text": "腹"
        },
        {
            "label_type": "解剖部位",
            "start_pos": 166,
            "end_pos": 168,
            "text": "肛门"
        },
        {
            "label_type": "解剖部位",
            "start_pos": 185,
            "end_pos": 186,
            "text": "腹"
        },
        {
            "label_type": "解剖部位",
            "start_pos": 188,
            "end_pos": 190,
            "text": "阴道"
        },
        {
            "label_type": "解剖部位",
            "start_pos": 194,
            "end_pos": 195,
            "text": "头"
        },
        {
            "label_type": "实验室检验",
            "start_pos": 223,
            "end_pos": 227,
            "text": "白细胞数"
        },
        {
            "label_type": "实验室检验",
            "start_pos": 240,
            "end_pos": 248,
            "text": "中性粒细胞百分比"
        },
        {
            "label_type": "影像检查",
            "start_pos": 257,
            "end_pos": 259,
            "text": "彩超"
        },
        {
            "label_type": "疾病和诊断",
            "start_pos": 260,
            "end_pos": 262,
            "text": "早孕"
        },
        {
            "label_type": "疾病和诊断",
            "start_pos": 278,
            "end_pos": 283,
            "text": "急性胃肠炎"
        },
        {
            "label_type": "疾病和诊断",
            "start_pos": 284,
            "end_pos": 286,
            "text": "早孕"
        }
    ]
}