{
    "originalText": "，患者6月前因诊断为食管胸中段癌于我院行腹左胸食管癌切除术，术术后患者出左侧胸腔积液现左侧胸腔积液引流，引留置穿刺液引流可术引出略浑浊液浸润性高分化鳞状细胞癌体，，术后病理提示：，大小3×XX癌X2×XXX1CM；癌侵透固有肌癌层达外膜层；淋化巴结未见癌转移。，免疫组化结果显示:CD44(+++),CMET(+++),COX2(+),EGFR(+++),ERCC-1(+50～75%),HER2(－),KI-67(+明显～50%),P170(+),P27(+＜25%),P53(－),术TOPOII(+＜5胸腔感染%)。术后胸腔引流、胸腔冲洗、患者出现吻、合口瘘，感染，给予通畅引流、冲洗、抗生素治疗、营养支持等胸腔感染治疗，复查造影以及食胃镜，提食示吻流合口瘘愈食合，患者感染治愈，患者可经口进食，主诉进食后返流呕吐，进食量少。今为进一步治疗化而",
    "entities": [
        {
            "label_type": "疾病和诊断",
            "overlap": 0,
            "start_pos": 10,
            "end_pos": 16,
            "text": "食管胸中段癌"
        },
        {
            "end_pos": 29,
            "label_type": "手术",
            "overlap": 0,
            "start_pos": 20,
            "text": "腹左胸食管癌切除术"
        },
        {
            "label_type": "疾病和诊断",
            "overlap": 0,
            "start_pos": 36,
            "end_pos": 42,
            "text": "左侧胸腔积液"
        },
        {
            "end_pos": 47,
            "label_type": "解剖部位",
            "overlap": 0,
            "start_pos": 45,
            "text": "胸腔"
        },
        {
            "label_type": "疾病和诊断",
            "overlap": 0,
            "start_pos": 68,
            "end_pos": 79,
            "text": "浸润性高分化鳞状细胞癌"
        },
        {
            "end_pos": 256,
            "label_type": "解剖部位",
            "overlap": 0,
            "start_pos": 254,
            "text": "胸腔"
        },
        {
            "label_type": "手术",
            "overlap": 0,
            "start_pos": 263,
            "end_pos": 272,
            "text": "胸腔引流、胸腔冲洗"
        },
        {
            "label_type": "疾病和诊断",
            "overlap": 0,
            "start_pos": 307,
            "end_pos": 311,
            "text": "胸腔感染"
        }
    ]
}