{
    "originalText": "入院前10+年患者开始出现活动后心累、心慌，偶出现上肢浮肿，在重医附一院检查诊断为“冠心病”，给予口服药物治疗后好转，长期坚持服药。但活动后心累反复发作，有时出现上肢浮肿，多次住院治疗。入院前4+年患者感头昏，行走缓慢，发现心率慢，行动态心电图检查后示窦性心动过缓（约40次/分），在重医附一院安置心脏起搏器，此后心率维持在65-70次/分。入院前1周患者感活动后心累再次加重，走平路即感心累，逐渐出现上肢浮肿，稍感头昏，感咽痛，无头痛，无畏寒发热，无咯血，无咳嗽咳痰，无胸闷胸痛，无腹痛腹泻，自服药物（具体不详）无好转，症状逐渐加重。今日由家属送入我科住院治疗。患者此次患病以来精神、食欲、睡眠均不佳，时有便秘，尿量有减少，体力及体重无明显改变。",
    "entities": [
        {
            "label_type": "解剖部位",
            "start_pos": 16,
            "end_pos": 17,
            "text": "心"
        },
        {
            "label_type": "解剖部位",
            "start_pos": 19,
            "end_pos": 20,
            "text": "心"
        },
        {
            "label_type": "解剖部位",
            "start_pos": 25,
            "end_pos": 27,
            "text": "上肢"
        },
        {
            "label_type": "疾病和诊断",
            "start_pos": 42,
            "end_pos": 45,
            "text": "冠心病"
        },
        {
            "label_type": "解剖部位",
            "start_pos": 70,
            "end_pos": 71,
            "text": "心"
        },
        {
            "label_type": "解剖部位",
            "start_pos": 81,
            "end_pos": 83,
            "text": "上肢"
        },
        {
            "label_type": "解剖部位",
            "start_pos": 102,
            "end_pos": 103,
            "text": "头"
        },
        {
            "label_type": "解剖部位",
            "start_pos": 112,
            "end_pos": 113,
            "text": "心"
        },
        {
            "label_type": "影像检查",
            "start_pos": 117,
            "end_pos": 122,
            "text": "动态心电图"
        },
        {
            "label_type": "疾病和诊断",
            "start_pos": 126,
            "end_pos": 132,
            "text": "窦性心动过缓"
        },
        {
            "label_type": "手术",
            "start_pos": 147,
            "end_pos": 154,
            "text": "安置心脏起搏器"
        },
        {
            "label_type": "解剖部位",
            "start_pos": 157,
            "end_pos": 158,
            "text": "心"
        },
        {
            "label_type": "解剖部位",
            "start_pos": 182,
            "end_pos": 183,
            "text": "心"
        },
        {
            "label_type": "解剖部位",
            "start_pos": 194,
            "end_pos": 195,
            "text": "心"
        },
        {
            "label_type": "解剖部位",
            "start_pos": 201,
            "end_pos": 203,
            "text": "上肢"
        },
        {
            "label_type": "解剖部位",
            "start_pos": 208,
            "end_pos": 209,
            "text": "头"
        },
        {
            "label_type": "解剖部位",
            "start_pos": 212,
            "end_pos": 213,
            "text": "咽"
        },
        {
            "label_type": "解剖部位",
            "start_pos": 216,
            "end_pos": 217,
            "text": "头"
        },
        {
            "label_type": "解剖部位",
            "start_pos": 236,
            "end_pos": 237,
            "text": "胸"
        },
        {
            "label_type": "解剖部位",
            "start_pos": 238,
            "end_pos": 239,
            "text": "胸"
        },
        {
            "label_type": "解剖部位",
            "start_pos": 242,
            "end_pos": 243,
            "text": "腹"
        },
        {
            "label_type": "解剖部位",
            "start_pos": 244,
            "end_pos": 245,
            "text": "腹"
        }
    ]
}