{
    "originalText": "入院前4年患者于院外发现血糖高，当时检查具体不详，后诊断\\\"2型糖尿病\\\"，未服用药物，未监测血糖。5天前患者家属诉患者食欲上降，未诉畏寒发热，未诉胸闷气促，未诉胸痛咳嗽，未诉腹痛腹胀腹泻，未诉上肢水肿，今于城南家园查血常规：白细胞数 7.13 10^9/L、红细胞数 4.79 10^12/L、血红蛋白浓度 137 g/L、血小板数 194 10^9/L、中性粒细胞百分比 70.80 %.空腹指尖血糖 9.7mmol/L，头颅CT：腔隙性脑梗死、脑萎缩、白质脱髓鞘性脑病，随访复查。为进一步治疗，遂门诊以\\\"糖尿病、食欲上降待查\\\"收入我科住院治疗。病程中患者精神、饮食差，院外长期使用尿不湿，据陪护家属诉其近来大小便变化不大，体重无明显上降。",
    "entities": [
        {
            "label_type": "实验室检验",
            "start_pos": 12,
            "end_pos": 14,
            "text": "血糖"
        },
        {
            "label_type": "疾病和诊断",
            "start_pos": 30,
            "end_pos": 35,
            "text": "2型糖尿病"
        },
        {
            "label_type": "实验室检验",
            "start_pos": 47,
            "end_pos": 49,
            "text": "血糖"
        },
        {
            "label_type": "解剖部位",
            "start_pos": 74,
            "end_pos": 75,
            "text": "胸"
        },
        {
            "label_type": "解剖部位",
            "start_pos": 81,
            "end_pos": 82,
            "text": "胸"
        },
        {
            "label_type": "解剖部位",
            "start_pos": 88,
            "end_pos": 89,
            "text": "腹"
        },
        {
            "label_type": "解剖部位",
            "start_pos": 90,
            "end_pos": 91,
            "text": "腹"
        },
        {
            "label_type": "解剖部位",
            "start_pos": 92,
            "end_pos": 93,
            "text": "腹"
        },
        {
            "label_type": "解剖部位",
            "start_pos": 97,
            "end_pos": 99,
            "text": "上肢"
        },
        {
            "label_type": "实验室检验",
            "start_pos": 113,
            "end_pos": 117,
            "text": "白细胞数"
        },
        {
            "label_type": "实验室检验",
            "start_pos": 130,
            "end_pos": 135,
            "text": "红细胞数 "
        },
        {
            "label_type": "实验室检验",
            "start_pos": 148,
            "end_pos": 154,
            "text": "血红蛋白浓度"
        },
        {
            "label_type": "实验室检验",
            "start_pos": 163,
            "end_pos": 167,
            "text": "血小板数"
        },
        {
            "label_type": "实验室检验",
            "start_pos": 179,
            "end_pos": 187,
            "text": "中性粒细胞百分比"
        },
        {
            "label_type": "实验室检验",
            "start_pos": 196,
            "end_pos": 202,
            "text": "空腹指尖血糖"
        },
        {
            "label_type": "影像检查",
            "start_pos": 213,
            "end_pos": 217,
            "text": "头颅CT"
        },
        {
            "label_type": "疾病和诊断",
            "start_pos": 218,
            "end_pos": 224,
            "text": "腔隙性脑梗死"
        },
        {
            "label_type": "疾病和诊断",
            "start_pos": 225,
            "end_pos": 228,
            "text": "脑萎缩"
        },
        {
            "label_type": "疾病和诊断",
            "start_pos": 229,
            "end_pos": 237,
            "text": "白质脱髓鞘性脑病"
        },
        {
            "label_type": "疾病和诊断",
            "start_pos": 256,
            "end_pos": 259,
            "text": "糖尿病"
        },
        {
            "label_type": "疾病和诊断",
            "start_pos": 260,
            "end_pos": 266,
            "text": "食欲上降待查"
        }
    ]
}