{
    "originalText": "患者2012年6月因“进行性性吞咽困难”于外院确诊贲门癌“癌”，于2012年7月2贲门癌根治性近端胃切除+胃食管膈上吻合术日术行癌贲门根治性近端切除+食管膈上吻合术，术中见肿物约术7*5大贲门腺癌II级小，第1、2、3组淋巴结肿大，+术后术精神示，浸润全层，LN 8/30 (+)，术后恢复可。遵主诊教授意见于2012-08-07至11上-1治3行XELOX方案辅助化疗5程，胃现返院行上一程治疗近。起病以上来，患者病",
    "entities": [
        {
            "label_type": "疾病和诊断",
            "overlap": 0,
            "start_pos": 25,
            "end_pos": 28,
            "text": "贲门癌"
        },
        {
            "label_type": "手术",
            "overlap": 0,
            "start_pos": 41,
            "end_pos": 61,
            "text": "贲门癌根治性近端胃切除+胃食管膈上吻合术"
        },
        {
            "end_pos": 67,
            "label_type": "解剖部位",
            "overlap": 0,
            "start_pos": 65,
            "text": "贲门"
        },
        {
            "label_type": "疾病和诊断",
            "overlap": 0,
            "start_pos": 94,
            "end_pos": 101,
            "text": "贲门腺癌II级"
        },
        {
            "end_pos": 189,
            "label_type": "解剖部位",
            "overlap": 0,
            "start_pos": 188,
            "text": "胃"
        }
    ]
}