{
    "originalText": "，患者因“升结肠恶性肿瘤”于20114-091-12在我院予行全麻根治性左半结肠切除术上（行。1（12101）41回盲部腺癌（中、低度分化）4部分1粘液腺癌80），：，部分呈7图像，隆起型，体积7*6.5*4.5CM，侵达纤维切膜，未累癌及浆肠壁一站（1/17个）淋巴结癌膜。双端站（切个）、线站（未个）、中查见（1癌个）、中。明（显个）淋巴结转移。癌二站（4个化）、三癌站（3个）、部分（中）、间组（（1）5个术后）、分中央组（21个）淋巴结未查见癌。，免疫组化染肿瘤色示癌分组织：术后TS性化大部分（+）、SY化N（-后术后）。，化术后病理分期：奥沙利铂T3N1M01 I亚叶酸钙IIB期。依据患者病情替加氟1及肿瘤病理与分期继续术后辅助性化疗、升指、征存在，，查无化疗治禁忌后术化后行辅助化疗具性体用药为：化2结00MGD1一 +0.3G D2-6 +恶1、G D2-酸、6 静脉滴注；同时予镇吐、升血腹、、腹免疫调节等对症支一持治疗。患者化疗期间总体耐受性好。自下次化疗结束以升结肠恶性肿瘤术后来，患者一般情况保持良好；无发热，无恶心、、呕吐，无反酸、嗳后气，无呈癌进食不适化，",
    "entities": [
        {
            "label_type": "疾病和诊断",
            "overlap": 0,
            "start_pos": 5,
            "end_pos": 12,
            "text": "升结肠恶性肿瘤"
        },
        {
            "end_pos": 43,
            "label_type": "手术",
            "overlap": 0,
            "start_pos": 33,
            "text": "根治性左半结肠切除术"
        },
        {
            "label_type": "疾病和诊断",
            "overlap": 0,
            "start_pos": 57,
            "end_pos": 70,
            "text": "回盲部腺癌（中、低度分化）"
        },
        {
            "label_type": "疾病和诊断",
            "overlap": 0,
            "start_pos": 74,
            "end_pos": 78,
            "text": "粘液腺癌"
        },
        {
            "label_type": "解剖部位",
            "overlap": 0,
            "start_pos": 121,
            "end_pos": 135,
            "text": "肠壁一站（1/17个）淋巴结"
        },
        {
            "end_pos": 279,
            "label_type": "药物",
            "overlap": 0,
            "start_pos": 275,
            "text": "奥沙利铂"
        },
        {
            "end_pos": 292,
            "label_type": "药物",
            "overlap": 0,
            "start_pos": 288,
            "text": "亚叶酸钙"
        },
        {
            "end_pos": 306,
            "label_type": "药物",
            "overlap": 0,
            "start_pos": 303,
            "text": "替加氟"
        },
        {
            "end_pos": 405,
            "label_type": "解剖部位",
            "overlap": 0,
            "start_pos": 404,
            "text": "腹"
        },
        {
            "end_pos": 408,
            "label_type": "解剖部位",
            "overlap": 0,
            "start_pos": 407,
            "text": "腹"
        },
        {
            "label_type": "疾病和诊断",
            "overlap": 0,
            "start_pos": 442,
            "end_pos": 451,
            "text": "升结肠恶性肿瘤术后"
        }
    ]
}