{
    "originalText": "LMP：2015-06-19,6-7/45天。今日在我院查孕酮:孕酮(PROG)(PROG) 23.96 ng/ml↑，绒毛膜促性腺激素及β亚单位:绒毛膜促性腺激素+β亚单位(HCG+β)(HCG+Β) 74926.0 mIU/ml↑，甲状腺功能:促甲状腺激素(TSH)(TSH) 2.28 mIU/l、甲状腺素(T4)(T4) 156 nmol/l、游离甲状腺素(FT4)(FT4) 18.37 pmol/l、游离三碘甲状腺原氨酸(FT3)(FT3) 4.31 pmol/l、三碘甲状腺原氨酸(T3)(T3) 1.74 nmol/l，抗甲状腺过氧化物酶抗体:抗甲状腺过氧化物酶抗体(Anti-TPO)(ANTI-TPO) 16.51 IU/ml。",
    "entities": [
        {
            "label_type": "实验室检验",
            "start_pos": 29,
            "end_pos": 31,
            "text": "孕酮"
        },
        {
            "label_type": "实验室检验",
            "start_pos": 32,
            "end_pos": 46,
            "text": "孕酮(PROG)(PROG)"
        },
        {
            "label_type": "实验室检验",
            "start_pos": 60,
            "end_pos": 73,
            "text": "绒毛膜促性腺激素及β亚单位"
        },
        {
            "label_type": "实验室检验",
            "start_pos": 74,
            "end_pos": 102,
            "text": "绒毛膜促性腺激素+β亚单位(HCG+β)(HCG+Β) "
        },
        {
            "label_type": "实验室检验",
            "start_pos": 124,
            "end_pos": 140,
            "text": "促甲状腺激素(TSH)(TSH)"
        },
        {
            "label_type": "实验室检验",
            "start_pos": 152,
            "end_pos": 164,
            "text": "甲状腺素(T4)(T4)"
        },
        {
            "label_type": "实验室检验",
            "start_pos": 176,
            "end_pos": 192,
            "text": "游离甲状腺素(FT4)(FT4)"
        },
        {
            "label_type": "实验室检验",
            "start_pos": 206,
            "end_pos": 226,
            "text": "游离三碘甲状腺原氨酸(FT3)(FT3)"
        },
        {
            "label_type": "实验室检验",
            "start_pos": 239,
            "end_pos": 255,
            "text": "三碘甲状腺原氨酸(T3)(T3)"
        },
        {
            "label_type": "实验室检验",
            "start_pos": 268,
            "end_pos": 279,
            "text": "抗甲状腺过氧化物酶抗体"
        },
        {
            "label_type": "实验室检验",
            "start_pos": 280,
            "end_pos": 312,
            "text": "抗甲状腺过氧化物酶抗体(Anti-TPO)(ANTI-TPO) "
        }
    ]
}