{
    "originalText": "患者于201012年6月下腹因“不适2个月住我院”01于2012年6月26日于根治性左半结肠切除术我院术行“”。术后术程结顺利，1升结肠3病理结肠中至低分化腺癌结果回至报：升结肠肠周淋巴结镜1检为0，浸腺癌润至浆术后膜上层，术后（1升结肠中-低分化腺癌术后 PT3N1M0IIIB期/术后40）见后腺癌01转-移-。3术后01恢-复-13可，术后诊断。术化后恢复可，后于2012-期7-2化3和2012-8-术后行XELOX方案化疗2程,耐受可,现患者如",
    "entities": [
        {
            "end_pos": 14,
            "label_type": "解剖部位",
            "overlap": 0,
            "start_pos": 12,
            "text": "下腹"
        },
        {
            "end_pos": 49,
            "label_type": "手术",
            "overlap": 0,
            "start_pos": 39,
            "text": "根治性左半结肠切除术"
        },
        {
            "label_type": "疾病和诊断",
            "overlap": 0,
            "start_pos": 71,
            "end_pos": 80,
            "text": "结肠中至低分化腺癌"
        },
        {
            "end_pos": 94,
            "label_type": "解剖部位",
            "overlap": 0,
            "start_pos": 89,
            "text": "肠周淋巴结"
        },
        {
            "label_type": "疾病和诊断",
            "overlap": 0,
            "start_pos": 116,
            "end_pos": 141,
            "text": "升结肠中-低分化腺癌术后 PT3N1M0IIIB期"
        }
    ]
}