{
    "originalText": "入院前1周患者无明显诱因出现下腹部持续性胀痛，间或有阵发性加重，伴背部胀满不适，腹痛以夜间明显，诉站立位及嗳气后稍缓解。伴烧心、嗳气、反酸，伴咽喉部不适，咽喉部有烧灼感。伴食欲减退，伴阵发性咳嗽、咳痰，咳白色粘液痰，伴咳嗽后心累，伴头痛，无恶心、呕吐、腹泻、黄疸、黑便，无畏寒、发热、头昏、咽痛、咽痒，无胸痛、咯血、胸前区压榨感。在迎龙镇卫生院就诊，行相关检查后诊断为“1.慢性胃窦炎；2.急性支气管炎；3.脑动脉供血不足；4.高血压病。”给予对症处理后感头痛缓解，但腹部胀痛无缓解。入院前1天患者感下腹部胀痛明显，不能耐受，遂来我院就诊，行心电图未见异常，为进一步诊治，门诊以“腹痛待查”收入我科。病程中精神、饮食较差，大小便正常，体重无改变。",
    "entities": [
        {
            "label_type": "解剖部位",
            "start_pos": 14,
            "end_pos": 17,
            "text": "下腹部"
        },
        {
            "label_type": "解剖部位",
            "start_pos": 33,
            "end_pos": 35,
            "text": "背部"
        },
        {
            "label_type": "解剖部位",
            "start_pos": 40,
            "end_pos": 41,
            "text": "腹"
        },
        {
            "label_type": "解剖部位",
            "start_pos": 62,
            "end_pos": 63,
            "text": "心"
        },
        {
            "label_type": "解剖部位",
            "start_pos": 71,
            "end_pos": 74,
            "text": "咽喉部"
        },
        {
            "label_type": "解剖部位",
            "start_pos": 116,
            "end_pos": 117,
            "text": "头"
        },
        {
            "label_type": "解剖部位",
            "start_pos": 126,
            "end_pos": 127,
            "text": "腹"
        },
        {
            "label_type": "解剖部位",
            "start_pos": 142,
            "end_pos": 143,
            "text": "头"
        },
        {
            "label_type": "解剖部位",
            "start_pos": 145,
            "end_pos": 146,
            "text": "咽"
        },
        {
            "label_type": "解剖部位",
            "start_pos": 148,
            "end_pos": 149,
            "text": "咽"
        },
        {
            "label_type": "解剖部位",
            "start_pos": 152,
            "end_pos": 153,
            "text": "胸"
        },
        {
            "label_type": "解剖部位",
            "start_pos": 158,
            "end_pos": 161,
            "text": "胸前区"
        },
        {
            "label_type": "疾病和诊断",
            "start_pos": 187,
            "end_pos": 192,
            "text": "慢性胃窦炎"
        },
        {
            "label_type": "疾病和诊断",
            "start_pos": 195,
            "end_pos": 201,
            "text": "急性支气管炎"
        },
        {
            "label_type": "疾病和诊断",
            "start_pos": 204,
            "end_pos": 211,
            "text": "脑动脉供血不足"
        },
        {
            "label_type": "疾病和诊断",
            "start_pos": 214,
            "end_pos": 218,
            "text": "高血压病"
        },
        {
            "label_type": "解剖部位",
            "start_pos": 228,
            "end_pos": 229,
            "text": "头"
        },
        {
            "label_type": "解剖部位",
            "start_pos": 234,
            "end_pos": 235,
            "text": "腹"
        },
        {
            "label_type": "解剖部位",
            "start_pos": 250,
            "end_pos": 253,
            "text": "下腹部"
        },
        {
            "label_type": "疾病和诊断",
            "start_pos": 290,
            "end_pos": 294,
            "text": "腹痛待查"
        }
    ]
}