{
    "originalText": "，缘于入院3个月前因胃癌就诊我院，于2015.4.17全全麻上行腹腔镜中转-根治性全胃切除术“腔镜术中中转腹腔-根腹治性脾脏全切除术后胃切除腹腔术”，，术膜中见结：腔内明显，胃体下段至胃底贲门部呈切除溃疡型术后改变，腔、盆地、网膜未膜见结节，后肿胰体尾瘤位于胃体中转下腹段至胃底胰体尾后部，浸润溃疡型，大小约7*5C腹膜后淋巴结M贲门右，侵出浆膜层，侵淋巴结犯胃右动脉后肝总动脉壁肝固有动脉并与粘连，中转开再探淋巴结查术后，后方多发大小约1*1.5CM肿大膜食管胃交界处溃疡型低分化腺癌后淋巴结，右一脉管1.5CM大术下小切淋巴结，癌转及、术后表面见数个1CM大小淋巴结。术后病理（201514107），奥沙利铂回齐沙报示：，侵及将磨层，脉管内见希罗达瘤栓，手术下上切端均未见癌-转移。术后术后于2化015.5.13肝、2015治.6.5、术后201化5.6.29予门（20胃癌术后化0MG）IVGTTD后1食+1500M腹GP腹OBIDD体1-14方案行化术",
    "entities": [
        {
            "label_type": "疾病和诊断",
            "overlap": 0,
            "start_pos": 10,
            "end_pos": 12,
            "text": "胃癌"
        },
        {
            "end_pos": 46,
            "label_type": "手术",
            "overlap": 0,
            "start_pos": 32,
            "text": "腹腔镜中转-根治性全胃切除术"
        },
        {
            "end_pos": 55,
            "label_type": "解剖部位",
            "overlap": 0,
            "start_pos": 53,
            "text": "腹腔"
        },
        {
            "end_pos": 58,
            "label_type": "解剖部位",
            "overlap": 0,
            "start_pos": 57,
            "text": "腹"
        },
        {
            "end_pos": 62,
            "label_type": "解剖部位",
            "overlap": 0,
            "start_pos": 60,
            "text": "脾脏"
        },
        {
            "end_pos": 72,
            "label_type": "解剖部位",
            "overlap": 0,
            "start_pos": 70,
            "text": "腹腔"
        },
        {
            "end_pos": 97,
            "label_type": "解剖部位",
            "overlap": 0,
            "start_pos": 87,
            "text": "胃体下段至胃底贲门部"
        },
        {
            "end_pos": 126,
            "label_type": "解剖部位",
            "overlap": 0,
            "start_pos": 123,
            "text": "胰体尾"
        },
        {
            "end_pos": 142,
            "label_type": "解剖部位",
            "overlap": 0,
            "start_pos": 139,
            "text": "胰体尾"
        },
        {
            "end_pos": 164,
            "label_type": "解剖部位",
            "overlap": 0,
            "start_pos": 158,
            "text": "腹膜后淋巴结"
        },
        {
            "end_pos": 167,
            "label_type": "解剖部位",
            "overlap": 0,
            "start_pos": 165,
            "text": "贲门"
        },
        {
            "end_pos": 184,
            "label_type": "解剖部位",
            "overlap": 0,
            "start_pos": 180,
            "text": "胃右动脉"
        },
        {
            "end_pos": 189,
            "label_type": "解剖部位",
            "overlap": 0,
            "start_pos": 185,
            "text": "肝总动脉"
        },
        {
            "end_pos": 195,
            "label_type": "解剖部位",
            "overlap": 0,
            "start_pos": 190,
            "text": "肝固有动脉"
        },
        {
            "label_type": "疾病和诊断",
            "overlap": 0,
            "start_pos": 229,
            "end_pos": 243,
            "text": "食管胃交界处溃疡型低分化腺癌"
        },
        {
            "end_pos": 306,
            "label_type": "药物",
            "overlap": 0,
            "start_pos": 302,
            "text": "奥沙利铂"
        },
        {
            "end_pos": 309,
            "label_type": "药物",
            "overlap": 0,
            "start_pos": 307,
            "text": "齐沙"
        },
        {
            "end_pos": 326,
            "label_type": "药物",
            "overlap": 0,
            "start_pos": 323,
            "text": "希罗达"
        },
        {
            "end_pos": 359,
            "label_type": "解剖部位",
            "overlap": 0,
            "start_pos": 358,
            "text": "肝"
        },
        {
            "label_type": "疾病和诊断",
            "overlap": 0,
            "start_pos": 387,
            "end_pos": 391,
            "text": "胃癌术后"
        },
        {
            "end_pos": 412,
            "label_type": "解剖部位",
            "overlap": 0,
            "start_pos": 411,
            "text": "腹"
        },
        {
            "end_pos": 415,
            "label_type": "解剖部位",
            "overlap": 0,
            "start_pos": 414,
            "text": "腹"
        }
    ]
}