{
    "originalText": "孕妇平素月经规律，末次月经2014年12月20日，根据早孕B超推算预产期2015年10月3日。停经后有恶心、呕吐等早孕反应。孕期正规产检，唐氏筛查1:758，拒行无创基因检测，3+月前孕检OGTT提示“妊娠期糖尿病”,予饮食控制及适当运动，其后监测血糖大致正常。孕期甲功提示“亚临床甲减”，予优甲乐口服治疗，现优甲乐剂量为50ugQd。孕期查总胆汁酸结果正常。孕中晚期无头昏、眼花及皮肤瘙痒等不适。患者入院前1+小时（5:40）无明显诱因出现阴道少量血性分泌物，无腹痛，无阴道流液，门诊以“先兆临产，妊娠期糖尿病，妊娠合并亚临床甲减”收入院。孕妇诉既往无糖尿病史，平素无多饮、多食、多尿等，孕期以来，精神食欲好，大小便正常，体重增长约5.5Kg。",
    "entities": [
        {
            "label_type": "影像检查",
            "start_pos": 27,
            "end_pos": 31,
            "text": "早孕B超"
        },
        {
            "label_type": "疾病和诊断",
            "start_pos": 101,
            "end_pos": 107,
            "text": "妊娠期糖尿病"
        },
        {
            "label_type": "实验室检验",
            "start_pos": 124,
            "end_pos": 126,
            "text": "血糖"
        },
        {
            "label_type": "疾病和诊断",
            "start_pos": 138,
            "end_pos": 143,
            "text": "亚临床甲减"
        },
        {
            "label_type": "药物",
            "start_pos": 146,
            "end_pos": 149,
            "text": "优甲乐"
        },
        {
            "label_type": "药物",
            "start_pos": 155,
            "end_pos": 158,
            "text": "优甲乐"
        },
        {
            "label_type": "实验室检验",
            "start_pos": 171,
            "end_pos": 175,
            "text": "总胆汁酸"
        },
        {
            "label_type": "解剖部位",
            "start_pos": 185,
            "end_pos": 186,
            "text": "头"
        },
        {
            "label_type": "解剖部位",
            "start_pos": 188,
            "end_pos": 189,
            "text": "眼"
        },
        {
            "label_type": "解剖部位",
            "start_pos": 221,
            "end_pos": 223,
            "text": "阴道"
        },
        {
            "label_type": "解剖部位",
            "start_pos": 232,
            "end_pos": 233,
            "text": "腹"
        },
        {
            "label_type": "解剖部位",
            "start_pos": 236,
            "end_pos": 238,
            "text": "阴道"
        },
        {
            "label_type": "疾病和诊断",
            "start_pos": 245,
            "end_pos": 249,
            "text": "先兆临产"
        },
        {
            "label_type": "疾病和诊断",
            "start_pos": 250,
            "end_pos": 256,
            "text": "妊娠期糖尿病"
        },
        {
            "label_type": "疾病和诊断",
            "start_pos": 257,
            "end_pos": 266,
            "text": "妊娠合并亚临床甲减"
        },
        {
            "label_type": "疾病和诊断",
            "start_pos": 277,
            "end_pos": 280,
            "text": "糖尿病"
        }
    ]
}