{
    "originalText": "缘于入院前5月余前因食管腹段癌于我科行“右进胸食管腹段癌切除+食管-胃底弓上吻合术右（进切除+-阻塞--底）弓术上吻合术”（2014-06-25（腹段食管及近端胃）食管蕈伞型鳞状细胞癌II-III级），及术后病理(术2014上切端及20（0切端）98)癌示“（段食食管周淋巴结管及近及端）（右上肺门）淋巴结食管蕈（隆突上）淋巴结伞型鳞（胃右动脉旁）淋巴结状细胞（贲门旁）淋巴结癌II-II癌I级，胃侵轻度慢性浅表性胃炎及外膜层，手术标本下进食、上切端及另送吻合口狭窄（下切端）均胃镜上吻合口狭窄扩张术未见癌浸顺铂润。找到2个-，+安素泰及另送2个，6个，4个术，2个，均未周见（癌转移。呈”。2个多月前因反复进食食管，考虑为“”并入院行“”，）按“40M顺GD1-3+心240MG头D1头”方案行术后辅助化疗胸3周胸期（2014心.09腹.1腹7，2014.1术0.0周7，2014.11.门06）食管上段癌。疗程较为顺近利，无明显恶、呕吐食，无痛、痛，无呕血、黑便，无闷、痛",
    "entities": [
        {
            "label_type": "疾病和诊断",
            "overlap": 0,
            "start_pos": 10,
            "end_pos": 15,
            "text": "食管腹段癌"
        },
        {
            "label_type": "手术",
            "overlap": 0,
            "start_pos": 20,
            "end_pos": 41,
            "text": "右进胸食管腹段癌切除+食管-胃底弓上吻合术"
        },
        {
            "label_type": "疾病和诊断",
            "overlap": 0,
            "start_pos": 72,
            "end_pos": 99,
            "text": "（腹段食管及近端胃）食管蕈伞型鳞状细胞癌II-III级"
        },
        {
            "end_pos": 138,
            "label_type": "解剖部位",
            "overlap": 0,
            "start_pos": 132,
            "text": "食管周淋巴结"
        },
        {
            "end_pos": 153,
            "label_type": "解剖部位",
            "overlap": 0,
            "start_pos": 144,
            "text": "（右上肺门）淋巴结"
        },
        {
            "end_pos": 164,
            "label_type": "解剖部位",
            "overlap": 0,
            "start_pos": 156,
            "text": "（隆突上）淋巴结"
        },
        {
            "end_pos": 177,
            "label_type": "解剖部位",
            "overlap": 0,
            "start_pos": 167,
            "text": "（胃右动脉旁）淋巴结"
        },
        {
            "end_pos": 188,
            "label_type": "解剖部位",
            "overlap": 0,
            "start_pos": 180,
            "text": "（贲门旁）淋巴结"
        },
        {
            "end_pos": 199,
            "label_type": "解剖部位",
            "overlap": 0,
            "start_pos": 198,
            "text": "胃"
        },
        {
            "label_type": "疾病和诊断",
            "overlap": 0,
            "start_pos": 200,
            "end_pos": 209,
            "text": "轻度慢性浅表性胃炎"
        },
        {
            "label_type": "疾病和诊断",
            "overlap": 0,
            "start_pos": 228,
            "end_pos": 233,
            "text": "吻合口狭窄"
        },
        {
            "end_pos": 250,
            "label_type": "手术",
            "overlap": 0,
            "start_pos": 239,
            "text": "胃镜上吻合口狭窄扩张术"
        },
        {
            "end_pos": 256,
            "label_type": "药物",
            "overlap": 0,
            "start_pos": 254,
            "text": "顺铂"
        },
        {
            "end_pos": 268,
            "label_type": "药物",
            "overlap": 0,
            "start_pos": 265,
            "text": "安素泰"
        },
        {
            "end_pos": 341,
            "label_type": "解剖部位",
            "overlap": 0,
            "start_pos": 340,
            "text": "头"
        },
        {
            "end_pos": 344,
            "label_type": "解剖部位",
            "overlap": 0,
            "start_pos": 343,
            "text": "头"
        },
        {
            "end_pos": 355,
            "label_type": "解剖部位",
            "overlap": 0,
            "start_pos": 354,
            "text": "胸"
        },
        {
            "end_pos": 358,
            "label_type": "解剖部位",
            "overlap": 0,
            "start_pos": 357,
            "text": "胸"
        },
        {
            "end_pos": 365,
            "label_type": "解剖部位",
            "overlap": 0,
            "start_pos": 364,
            "text": "心"
        },
        {
            "end_pos": 369,
            "label_type": "解剖部位",
            "overlap": 0,
            "start_pos": 368,
            "text": "腹"
        },
        {
            "end_pos": 372,
            "label_type": "解剖部位",
            "overlap": 0,
            "start_pos": 371,
            "text": "腹"
        },
        {
            "label_type": "疾病和诊断",
            "overlap": 0,
            "start_pos": 399,
            "end_pos": 404,
            "text": "食管上段癌"
        }
    ]
}