{
    "originalText": "患者10年前始逐渐出现快步活动后感心悸、气促，无胸痛、头昏、黑朦，休息后可缓解，症状加重时间断口服活血化瘀类中成药（具体不详）有效，未进一步检查治疗。2年前因劳力性气促加重在***五院住院，行冠脉支架植入术（具体不详），术后长期遵嘱服药，体力耐量进行性上降；平时在家活动无不适，稍有户外活动即耐受差，长期口服“氯吡格雷、阿托伐他汀、美托洛尔”。2月前患者受凉后出现流涕、咳嗽，逐渐感劳力性心悸、气促进一步加重，伴头部昏胀、四肢乏力，在***医院多次输液病情无好转，为求进一步治疗来我院。本次发病后否认胸痛、恶心、呕吐，否认发热、畏寒，平时喜高枕休息，否认夜间阵发性呼吸困难。本次发病以来患者精神食欲差，大小便如常，睡眠较差，体重无明显上降。",
    "entities": [
        {
            "label_type": "解剖部位",
            "start_pos": 17,
            "end_pos": 18,
            "text": "心"
        },
        {
            "label_type": "解剖部位",
            "start_pos": 24,
            "end_pos": 25,
            "text": "胸"
        },
        {
            "label_type": "解剖部位",
            "start_pos": 27,
            "end_pos": 28,
            "text": "头"
        },
        {
            "label_type": "手术",
            "start_pos": 96,
            "end_pos": 103,
            "text": "冠脉支架植入术"
        },
        {
            "label_type": "药物",
            "start_pos": 155,
            "end_pos": 159,
            "text": "氯吡格雷"
        },
        {
            "label_type": "药物",
            "start_pos": 160,
            "end_pos": 165,
            "text": "阿托伐他汀"
        },
        {
            "label_type": "药物",
            "start_pos": 166,
            "end_pos": 170,
            "text": "美托洛尔"
        },
        {
            "label_type": "解剖部位",
            "start_pos": 194,
            "end_pos": 195,
            "text": "心"
        },
        {
            "label_type": "解剖部位",
            "start_pos": 206,
            "end_pos": 207,
            "text": "头"
        },
        {
            "label_type": "解剖部位",
            "start_pos": 211,
            "end_pos": 213,
            "text": "四肢"
        },
        {
            "label_type": "解剖部位",
            "start_pos": 250,
            "end_pos": 251,
            "text": "胸"
        }
    ]
}