{
    "originalText": "1+月前因“腹胀”到我院就诊，查腹部彩超：肝脏上缘紧邻第一肝门处多发低回声结节。胸片：两上肺纹理稍增多，胸椎骨质增生。血常规、凝血象、肝肾功、电解质、血脂未见明显异常。甲胎蛋白：1210.00 ng/ml，癌胚抗原：癌胚抗原 67.69 ng/ml。胃镜：胃癌，反流性食管炎2级。病检：（胃体）腺癌。患者随即到**医院就诊，行全身CT提示存在肝肺转移。无手术指针。病程中无畏寒、发热、心悸、胸痛、呼吸困难、黑便、呕血等。2天前患者反复出现进食后2小时恶心、呕吐，呕吐物物清亮胃内容，伴全身乏力，今日到我院就诊，要求姑息治疗，门诊以“胃癌伴转移”收入我科。患者此次患病以来，纳差，精神状态欠佳，小便色黄，大便正常。近1月体重减轻约10斤。",
    "entities": [
        {
            "label_type": "解剖部位",
            "start_pos": 6,
            "end_pos": 7,
            "text": "腹"
        },
        {
            "label_type": "影像检查",
            "start_pos": 16,
            "end_pos": 20,
            "text": "腹部彩超"
        },
        {
            "label_type": "解剖部位",
            "start_pos": 21,
            "end_pos": 23,
            "text": "肝脏"
        },
        {
            "label_type": "解剖部位",
            "start_pos": 29,
            "end_pos": 31,
            "text": "肝门"
        },
        {
            "label_type": "影像检查",
            "start_pos": 40,
            "end_pos": 42,
            "text": "胸片"
        },
        {
            "label_type": "解剖部位",
            "start_pos": 43,
            "end_pos": 46,
            "text": "两上肺"
        },
        {
            "label_type": "解剖部位",
            "start_pos": 52,
            "end_pos": 54,
            "text": "胸椎"
        },
        {
            "label_type": "实验室检验",
            "start_pos": 84,
            "end_pos": 88,
            "text": "甲胎蛋白"
        },
        {
            "label_type": "实验室检验",
            "start_pos": 103,
            "end_pos": 107,
            "text": "癌胚抗原"
        },
        {
            "label_type": "实验室检验",
            "start_pos": 108,
            "end_pos": 112,
            "text": "癌胚抗原"
        },
        {
            "label_type": "疾病和诊断",
            "start_pos": 128,
            "end_pos": 130,
            "text": "胃癌"
        },
        {
            "label_type": "疾病和诊断",
            "start_pos": 131,
            "end_pos": 139,
            "text": "反流性食管炎2级"
        },
        {
            "label_type": "疾病和诊断",
            "start_pos": 143,
            "end_pos": 149,
            "text": "（胃体）腺癌"
        },
        {
            "label_type": "影像检查",
            "start_pos": 163,
            "end_pos": 167,
            "text": "全身CT"
        },
        {
            "label_type": "疾病和诊断",
            "start_pos": 171,
            "end_pos": 175,
            "text": "肝肺转移"
        },
        {
            "label_type": "解剖部位",
            "start_pos": 192,
            "end_pos": 193,
            "text": "心"
        },
        {
            "label_type": "解剖部位",
            "start_pos": 195,
            "end_pos": 196,
            "text": "胸"
        },
        {
            "label_type": "解剖部位",
            "start_pos": 237,
            "end_pos": 238,
            "text": "胃"
        },
        {
            "label_type": "疾病和诊断",
            "start_pos": 266,
            "end_pos": 271,
            "text": "胃癌伴转移"
        }
    ]
}