{
    "originalText": "，缘于半月余前细食管下段鳞癌胞段鳞癌于我院行（-2-014翻身三切口食管下段癌切除+食管-胃底右颈部吻合+第6后肋内固定+空肠造瘘术-术后2-14）翻身三切6口6下段癌食管溃疡型鳞状细胞癌II级切除+-胃底右颈术部吻下切合+上切第6后肋(食管下切内)固定+癌空肠造瘘术食管周淋巴结，术后病理(喉返旁)淋巴结6（2(上段食管旁)淋巴结014(隆突上)淋巴结036(胃右动脉旁)淋巴结96），(贲门旁)淋巴结：溃疡(胃大弯)淋巴结型鳞状因下癌癌II级，侵出外膜结层，手I6术标6本下切端、上切端及另-送(下切端)均-未见癌浸润；找++到周淋巴结7个-及另送6个、(上段旁)淋巴结7(颈段食管个、8个、下切19)个、7个食管切、1个，均未癌见癌转术后移。，免疫组化结果：KI67（65%阳性），P53（-），P1食70（-），GSTπ（++）头，E头GFR（-）。（20胸14胸035腹88腹），：周身骨骼(颈段（缝线处为下切端术后第）周)，：送检切端组门织，食管下段癌术后未见癌浸润。术后给予抗感染、营养支食持、制大酸、雾化祛痰等治疗，病情恢",
    "entities": [
        {
            "label_type": "疾病和诊断",
            "overlap": 0,
            "start_pos": 8,
            "end_pos": 14,
            "text": "食管下段鳞癌"
        },
        {
            "label_type": "手术",
            "overlap": 0,
            "start_pos": 29,
            "end_pos": 66,
            "text": "翻身三切口食管下段癌切除+食管-胃底右颈部吻合+第6后肋内固定+空肠造瘘术"
        },
        {
            "label_type": "疾病和诊断",
            "overlap": 0,
            "start_pos": 84,
            "end_pos": 97,
            "text": "食管溃疡型鳞状细胞癌II级"
        },
        {
            "end_pos": 121,
            "label_type": "解剖部位",
            "overlap": 0,
            "start_pos": 119,
            "text": "食管"
        },
        {
            "end_pos": 140,
            "label_type": "解剖部位",
            "overlap": 0,
            "start_pos": 134,
            "text": "食管周淋巴结"
        },
        {
            "end_pos": 153,
            "label_type": "解剖部位",
            "overlap": 0,
            "start_pos": 145,
            "text": "(喉返旁)淋巴结"
        },
        {
            "end_pos": 166,
            "label_type": "解剖部位",
            "overlap": 0,
            "start_pos": 156,
            "text": "(上段食管旁)淋巴结"
        },
        {
            "end_pos": 177,
            "label_type": "解剖部位",
            "overlap": 0,
            "start_pos": 169,
            "text": "(隆突上)淋巴结"
        },
        {
            "end_pos": 190,
            "label_type": "解剖部位",
            "overlap": 0,
            "start_pos": 180,
            "text": "(胃右动脉旁)淋巴结"
        },
        {
            "end_pos": 202,
            "label_type": "解剖部位",
            "overlap": 0,
            "start_pos": 194,
            "text": "(贲门旁)淋巴结"
        },
        {
            "end_pos": 213,
            "label_type": "解剖部位",
            "overlap": 0,
            "start_pos": 205,
            "text": "(胃大弯)淋巴结"
        },
        {
            "end_pos": 293,
            "label_type": "解剖部位",
            "overlap": 0,
            "start_pos": 289,
            "text": "颈段食管"
        },
        {
            "end_pos": 309,
            "label_type": "解剖部位",
            "overlap": 0,
            "start_pos": 307,
            "text": "食管"
        },
        {
            "end_pos": 369,
            "label_type": "解剖部位",
            "overlap": 0,
            "start_pos": 368,
            "text": "头"
        },
        {
            "end_pos": 372,
            "label_type": "解剖部位",
            "overlap": 0,
            "start_pos": 371,
            "text": "头"
        },
        {
            "end_pos": 383,
            "label_type": "解剖部位",
            "overlap": 0,
            "start_pos": 382,
            "text": "胸"
        },
        {
            "end_pos": 386,
            "label_type": "解剖部位",
            "overlap": 0,
            "start_pos": 385,
            "text": "胸"
        },
        {
            "end_pos": 390,
            "label_type": "解剖部位",
            "overlap": 0,
            "start_pos": 389,
            "text": "腹"
        },
        {
            "end_pos": 393,
            "label_type": "解剖部位",
            "overlap": 0,
            "start_pos": 392,
            "text": "腹"
        },
        {
            "end_pos": 400,
            "label_type": "解剖部位",
            "overlap": 0,
            "start_pos": 396,
            "text": "周身骨骼"
        },
        {
            "label_type": "疾病和诊断",
            "overlap": 0,
            "start_pos": 427,
            "end_pos": 434,
            "text": "食管下段癌术后"
        }
    ]
}