{
    "originalText": "患者自诉近10年来大便秘结结，排便困难，伴进食腹后胀，无血便、黑便、恶心等，头侵犯、乏力、发热等不适。2015-03外院体肠检镜检查提示肛距1C6CM肿肠物，镜能通过，活检病理高分化腺癌提示。腹部CT外胸片院部CT、未见远处转移结肠癌。门诊以“”收入我院。2015-04-0乙状结肠切除术（DIXONS’术式）8术全麻上行乙分化腺癌状癌结切除术（肠DIXONS’术式），术后病理：中分切化腺癌癌，癌N组织浸润至壁外膜层术；分未见明T确脉N管及神经III束无晕术，切缘未见癌，LN 1/11(+)。术后分期为PT4AXN1OXM0 I化IIB期。术后恢复可，2015化-04-29、2015-05-20行XE胃LOX方案辅助化疗2程，过程顺利。化现",
    "entities": [
        {
            "end_pos": 24,
            "label_type": "解剖部位",
            "overlap": 0,
            "start_pos": 23,
            "text": "腹"
        },
        {
            "end_pos": 39,
            "label_type": "解剖部位",
            "overlap": 0,
            "start_pos": 38,
            "text": "头"
        },
        {
            "end_pos": 69,
            "label_type": "解剖部位",
            "overlap": 0,
            "start_pos": 68,
            "text": "肛"
        },
        {
            "label_type": "疾病和诊断",
            "overlap": 0,
            "start_pos": 88,
            "end_pos": 93,
            "text": "高分化腺癌"
        },
        {
            "label_type": "影像检查",
            "overlap": 0,
            "start_pos": 96,
            "end_pos": 100,
            "text": "腹部CT"
        },
        {
            "label_type": "影像检查",
            "overlap": 0,
            "start_pos": 101,
            "end_pos": 103,
            "text": "胸片"
        },
        {
            "label_type": "疾病和诊断",
            "overlap": 0,
            "start_pos": 114,
            "end_pos": 117,
            "text": "结肠癌"
        },
        {
            "label_type": "手术",
            "overlap": 0,
            "start_pos": 137,
            "end_pos": 155,
            "text": "乙状结肠切除术（DIXONS’术式）"
        },
        {
            "label_type": "解剖部位",
            "overlap": 0,
            "start_pos": 173,
            "end_pos": 174,
            "text": "肠"
        },
        {
            "end_pos": 304,
            "label_type": "解剖部位",
            "overlap": 0,
            "start_pos": 303,
            "text": "胃"
        }
    ]
}