{
    "originalText": "患者于2小时前被家属发现意识模糊，阵性胡言乱语，无法交流，无恶心、呕吐、发热、气促、呼吸困难、抽搐及大小便失禁等。家属将其送入我院急诊科查指血糖2.1mmol/l，血压216/98mmHg，头颅CT提示右侧基底节腔隙性脑梗死；两侧脑室体旁及半卵圆中心脱髓鞘改变；脑萎缩。血常规：白细胞数 4.6 10^9/L、血红蛋白浓度 109 g/L、中性粒细胞百分比 75.31 %，电解质：钾 3.24 mmol/l。心肌酶谱、肌钙蛋白、肾功等大致正常。予静推“50%葡萄糖 40ml”、静滴“神经节甘酯”后逐渐清醒，血糖升至6.7mmol/l，送入我科住院治疗。患者此次患病以来精神食欲差，大小便正常，睡眠尚可，体力明显上降，体重无明显改变。",
    "entities": [
        {
            "label_type": "实验室检验",
            "start_pos": 69,
            "end_pos": 72,
            "text": "指血糖"
        },
        {
            "label_type": "影像检查",
            "start_pos": 95,
            "end_pos": 99,
            "text": "头颅CT"
        },
        {
            "label_type": "疾病和诊断",
            "start_pos": 101,
            "end_pos": 112,
            "text": "右侧基底节腔隙性脑梗死"
        },
        {
            "label_type": "解剖部位",
            "start_pos": 113,
            "end_pos": 118,
            "text": "两侧脑室体"
        },
        {
            "label_type": "解剖部位",
            "start_pos": 120,
            "end_pos": 125,
            "text": "半卵圆中心"
        },
        {
            "label_type": "疾病和诊断",
            "start_pos": 131,
            "end_pos": 134,
            "text": "脑萎缩"
        },
        {
            "label_type": "实验室检验",
            "start_pos": 139,
            "end_pos": 143,
            "text": "白细胞数"
        },
        {
            "label_type": "实验室检验",
            "start_pos": 155,
            "end_pos": 161,
            "text": "血红蛋白浓度"
        },
        {
            "label_type": "实验室检验",
            "start_pos": 170,
            "end_pos": 178,
            "text": "中性粒细胞百分比"
        },
        {
            "label_type": "实验室检验",
            "start_pos": 191,
            "end_pos": 192,
            "text": "钾"
        },
        {
            "label_type": "实验室检验",
            "start_pos": 210,
            "end_pos": 214,
            "text": "肌钙蛋白"
        },
        {
            "label_type": "药物",
            "start_pos": 227,
            "end_pos": 233,
            "text": "50%葡萄糖"
        },
        {
            "label_type": "药物",
            "start_pos": 243,
            "end_pos": 248,
            "text": "神经节甘酯"
        },
        {
            "label_type": "实验室检验",
            "start_pos": 255,
            "end_pos": 257,
            "text": "血糖"
        }
    ]
}