{
    "originalText": "平素月经规律，月经周期30天，末次月经2014-1-7，预产期2014-10-14。孕早期有轻微恶心呕吐等早孕反应，孕早期层服感冒药，具体不详，孕早期因阴道少量流血口服黄体酮保胎治疗。孕18周开始自觉胎动至今。孕期正规产检，孕期外院查总胆汁酸、甲功结果基本正常。2+月前查OGTT空腹4.5mmol/L，1小时10.7mmol/L,2小时8.3mmol/L，嘱糖尿病饮食，适当活动，其后监测血糖基本正常。唐氏筛查1:619，未行无创基因检测。孕晚期无头晕、眼花、胸闷、心慌及皮肤瘙痒等不适。入院前1+天出现不规律腹胀，今来我院要求手术终止妊娠，胎监提示不规律宫缩，门诊以\\\"妊娠期糖尿病，妊娠39+1周孕2产0RO先兆临产\\\"收入院。",
    "entities": [
        {
            "label_type": "解剖部位",
            "start_pos": 76,
            "end_pos": 78,
            "text": "阴道"
        },
        {
            "label_type": "药物",
            "start_pos": 84,
            "end_pos": 87,
            "text": "黄体酮"
        },
        {
            "label_type": "实验室检验",
            "start_pos": 117,
            "end_pos": 121,
            "text": "总胆汁酸"
        },
        {
            "label_type": "疾病和诊断",
            "start_pos": 180,
            "end_pos": 183,
            "text": "糖尿病"
        },
        {
            "label_type": "实验室检验",
            "start_pos": 195,
            "end_pos": 197,
            "text": "血糖"
        },
        {
            "label_type": "解剖部位",
            "start_pos": 225,
            "end_pos": 226,
            "text": "头"
        },
        {
            "label_type": "解剖部位",
            "start_pos": 228,
            "end_pos": 229,
            "text": "眼"
        },
        {
            "label_type": "解剖部位",
            "start_pos": 231,
            "end_pos": 232,
            "text": "胸"
        },
        {
            "label_type": "解剖部位",
            "start_pos": 234,
            "end_pos": 235,
            "text": "心"
        },
        {
            "label_type": "解剖部位",
            "start_pos": 256,
            "end_pos": 257,
            "text": "腹"
        },
        {
            "label_type": "疾病和诊断",
            "start_pos": 287,
            "end_pos": 293,
            "text": "妊娠期糖尿病"
        },
        {
            "label_type": "疾病和诊断",
            "start_pos": 294,
            "end_pos": 311,
            "text": "妊娠39+1周孕2产0RO先兆临产"
        }
    ]
}