{
    "originalText": "患者1周余前在我院诊断为胃癌癌，于2013-3-20在全麻上腹腔镜辅助远端胃癌根治术行腹术腔镜辅助远术端癌根治术，手远端胃术过程顺利，术后病理结癌果回报远端局部残留粘膜内低分化腺癌（LAUREN分癌型：混合型；大小1毫米癌），未胃见端脉十二指肠管端癌栓癌，术淋巴结0/胃11未见癌转移，治疗治及残端未见癌。术后患者出现排空障碍，为求进一步残端入院。患者自发病以来精",
    "entities": [
        {
            "label_type": "疾病和诊断",
            "overlap": 0,
            "start_pos": 12,
            "end_pos": 14,
            "text": "胃癌"
        },
        {
            "end_pos": 42,
            "label_type": "手术",
            "overlap": 0,
            "start_pos": 30,
            "text": "腹腔镜辅助远端胃癌根治术"
        },
        {
            "end_pos": 115,
            "label_type": "解剖部位",
            "overlap": 0,
            "start_pos": 114,
            "text": "胃"
        },
        {
            "end_pos": 122,
            "label_type": "解剖部位",
            "overlap": 0,
            "start_pos": 118,
            "text": "十二指肠"
        },
        {
            "end_pos": 135,
            "label_type": "解剖部位",
            "overlap": 0,
            "start_pos": 134,
            "text": "胃"
        }
    ]
}