{
    "originalText": "入院前15年患者无明显诱因出现心悸、胸闷，无心前区压榨感，无恶心、呕吐，无发热、畏寒，无黑朦、晕厥等。于外院就诊，诊断为“冠心病”，长期给予“氯吡格雷、辛伐他汀、美托洛尔缓释片”等治疗。8月前患者于重医附一院青冈养老中心住院，查血红蛋白107g/l，肌酐143umol/l，期间病情较平稳。入院前5天患者受凉后感心悸、胸闷加重，有咳嗽、发热，给予“头孢地尼”抗感染、对症治疗后未再发热，咳嗽稍好转，但仍感心悸。昨日复查血红蛋白72g/l，肌酐318umol/l。家属今日送其入我院，为进一步诊治收治我科。患者此次患病以来精神、食欲、睡眠一般，大便干结，小便正常，体力及体重无明显改变。20+年前有隐痛发作，曾住院治疗，具体情况不详。",
    "entities": [
        {
            "label_type": "解剖部位",
            "start_pos": 15,
            "end_pos": 16,
            "text": "心"
        },
        {
            "label_type": "解剖部位",
            "start_pos": 18,
            "end_pos": 19,
            "text": "胸"
        },
        {
            "label_type": "解剖部位",
            "start_pos": 22,
            "end_pos": 25,
            "text": "心前区"
        },
        {
            "label_type": "疾病和诊断",
            "start_pos": 61,
            "end_pos": 64,
            "text": "冠心病"
        },
        {
            "label_type": "药物",
            "start_pos": 71,
            "end_pos": 75,
            "text": "氯吡格雷"
        },
        {
            "label_type": "药物",
            "start_pos": 76,
            "end_pos": 80,
            "text": "辛伐他汀"
        },
        {
            "label_type": "药物",
            "start_pos": 81,
            "end_pos": 88,
            "text": "美托洛尔缓释片"
        },
        {
            "label_type": "实验室检验",
            "start_pos": 114,
            "end_pos": 118,
            "text": "血红蛋白"
        },
        {
            "label_type": "实验室检验",
            "start_pos": 125,
            "end_pos": 127,
            "text": "肌酐"
        },
        {
            "label_type": "解剖部位",
            "start_pos": 156,
            "end_pos": 157,
            "text": "心"
        },
        {
            "label_type": "解剖部位",
            "start_pos": 159,
            "end_pos": 160,
            "text": "胸"
        },
        {
            "label_type": "药物",
            "start_pos": 174,
            "end_pos": 178,
            "text": "头孢地尼"
        },
        {
            "label_type": "解剖部位",
            "start_pos": 202,
            "end_pos": 203,
            "text": "心"
        },
        {
            "label_type": "实验室检验",
            "start_pos": 209,
            "end_pos": 213,
            "text": "血红蛋白"
        },
        {
            "label_type": "实验室检验",
            "start_pos": 219,
            "end_pos": 221,
            "text": "肌酐"
        }
    ]
}