{
    "originalText": "，缘于入院前1月余诊断“直乙交界处结肠癌”，于2013.11.11在我科行“腹腔镜上直乙交界处结肠癌根治术腔镜术上根腹腔治术”，腹术中见腔内无明显结水，乙状结肠未见明显转移结节直肠-乙状结肠交界处，上稍迂腹膜返折曲，肿瘤位于，上缘距膜返折约7膜CM，约5周×4CM，侵及浆膜层，未周侵犯周围组织大淋巴结，术未形术成明返显梗阻，周围未见明显肿大淋巴治结。术后术顺（，术毕安返病理，）予补液（直肠）大肠隆起型管状腺癌II级及营养对膜症支持术等治疗。上术后病房（（203）3（上51）11）癌，示：，侵犯外周膜淋巴结层，手术肠周淋巴结标本下、上切端（肠系膜上动脉根部）淋巴结及另送（下切癌端）、（上切端）结均未见癌浸润。找到肿物周围淋-巴结1I1个I，21个，及另送5个，均未见癌转移。-，免疫组化结果：CK2-0(+)，（CK7）(-)，VILLINI(+++)，CEA术后(++)，后CDX-2(++)，CD56(奥沙利铂-)，CGIA（个别+），希罗达SY(个别+)，KII67-(85%+)术后。术周后恢复出院，后胃于2肝013.治12.05利开始予“术后15周0MGIVGTTD1+100直乙交界处结肠癌术后0MGPOBIDD2-15”方案行术后第1周期腹化疗腹，辅以保、大保、止吐等治疗，过程顺利。现为",
    "entities": [
        {
            "label_type": "疾病和诊断",
            "overlap": 0,
            "start_pos": 12,
            "end_pos": 20,
            "text": "直乙交界处结肠癌"
        },
        {
            "end_pos": 53,
            "label_type": "手术",
            "overlap": 0,
            "start_pos": 38,
            "text": "腹腔镜上直乙交界处结肠癌根治术"
        },
        {
            "end_pos": 60,
            "label_type": "解剖部位",
            "overlap": 0,
            "start_pos": 58,
            "text": "腹腔"
        },
        {
            "end_pos": 65,
            "label_type": "解剖部位",
            "overlap": 0,
            "start_pos": 64,
            "text": "腹"
        },
        {
            "end_pos": 80,
            "label_type": "解剖部位",
            "overlap": 0,
            "start_pos": 76,
            "text": "乙状结肠"
        },
        {
            "end_pos": 98,
            "label_type": "解剖部位",
            "overlap": 0,
            "start_pos": 88,
            "text": "直肠-乙状结肠交界处"
        },
        {
            "end_pos": 106,
            "label_type": "解剖部位",
            "overlap": 0,
            "start_pos": 102,
            "text": "腹膜返折"
        },
        {
            "label_type": "疾病和诊断",
            "overlap": 0,
            "start_pos": 193,
            "end_pos": 209,
            "text": "（直肠）大肠隆起型管状腺癌II级"
        },
        {
            "end_pos": 264,
            "label_type": "解剖部位",
            "overlap": 0,
            "start_pos": 259,
            "text": "肠周淋巴结"
        },
        {
            "end_pos": 284,
            "label_type": "解剖部位",
            "overlap": 0,
            "start_pos": 271,
            "text": "（肠系膜上动脉根部）淋巴结"
        },
        {
            "end_pos": 410,
            "label_type": "药物",
            "overlap": 0,
            "start_pos": 406,
            "text": "奥沙利铂"
        },
        {
            "end_pos": 426,
            "label_type": "药物",
            "overlap": 0,
            "start_pos": 423,
            "text": "希罗达"
        },
        {
            "end_pos": 459,
            "label_type": "解剖部位",
            "overlap": 0,
            "start_pos": 458,
            "text": "胃"
        },
        {
            "end_pos": 462,
            "label_type": "解剖部位",
            "overlap": 0,
            "start_pos": 461,
            "text": "肝"
        },
        {
            "label_type": "疾病和诊断",
            "overlap": 0,
            "start_pos": 496,
            "end_pos": 506,
            "text": "直乙交界处结肠癌术后"
        },
        {
            "end_pos": 530,
            "label_type": "解剖部位",
            "overlap": 0,
            "start_pos": 529,
            "text": "腹"
        },
        {
            "end_pos": 533,
            "label_type": "解剖部位",
            "overlap": 0,
            "start_pos": 532,
            "text": "腹"
        }
    ]
}