{
    "originalText": "，患者3月前因“直肠癌”于在我院于全麻上行直肠癌根治术（DIXON术），手术过程顺利，术后给予抗感染及营养支持治疗，患者恢复好，切口愈合良好。，术后病理示：直肠腺癌（中低度分化），浸润溃疡型，面积3.5*2CM，侵达外膜。双端切线另送“近端”、“远端”及环周底部切除面未查见癌。肠壁一站（10个）、中间组（8个）淋巴结未查见癌。，免疫组化染色示：ERCC1弥漫（+）、TS少部分弱（+）、SYN（-）、CGA（-）。术后查无化疗禁忌后给予3周期化疗，，方案为：奥沙利铂150MG D1，亚叶酸钙0.3G+替加氟1.0G D2-D6，同时给与升白细胞、护肝、止吐、免疫增强治疗，患者副反应轻。院外期间患者一般情况好，无恶心，无腹痛腹胀胀不适，无现患者为行复查及化疗再次来院就诊，门诊以“直肠癌术后”收入院。   近期患者精神可，饮食可，大便正常，小便正常，近期体重无明显变化。",
    "entities": [
        {
            "label_type": "疾病和诊断",
            "overlap": 0,
            "start_pos": 8,
            "end_pos": 11
        },
        {
            "label_type": "手术",
            "overlap": 0,
            "start_pos": 21,
            "end_pos": 35
        },
        {
            "label_type": "疾病和诊断",
            "overlap": 0,
            "start_pos": 78,
            "end_pos": 95
        },
        {
            "label_type": "解剖部位",
            "overlap": 0,
            "start_pos": 139,
            "end_pos": 159
        },
        {
            "end_pos": 234,
            "label_type": "药物",
            "overlap": 0,
            "start_pos": 230
        },
        {
            "end_pos": 247,
            "label_type": "药物",
            "overlap": 0,
            "start_pos": 243
        },
        {
            "end_pos": 255,
            "label_type": "药物",
            "overlap": 0,
            "start_pos": 252
        },
        {
            "label_type": "解剖部位",
            "overlap": 0,
            "start_pos": 276,
            "end_pos": 277
        },
        {
            "label_type": "解剖部位",
            "overlap": 0,
            "start_pos": 312,
            "end_pos": 313
        },
        {
            "label_type": "解剖部位",
            "overlap": 0,
            "start_pos": 314,
            "end_pos": 315
        },
        {
            "label_type": "疾病和诊断",
            "overlap": 0,
            "start_pos": 342,
            "end_pos": 347
        }
    ]
}