{
    "originalText": "，缘于入院前3年余于我院诊断为胃癌，于2012-04-11在全麻上行腹腔镜上根治性全胃切除术，术后病理示(201210103)，：食管胃交界溃疡型管状腺癌II－III级，侵出浆膜层，手术标本下、上切端及另送（下切端）均未见癌浸润。找到贲门左淋巴结1/15个，小弯淋巴结0/2个，大弯淋巴结0/1个，幽门下淋巴结0/5个，幽门上淋巴结0/5个，及另送（第8组）淋巴结0/4个见癌转移。，免疫组化：KI67（30%+），P53（-），CD56（-），SY（-），CGA（-），CK18（+++）。术后给予对症、营养支持等治疗，恢复良好,伤口愈合II/甲。术后再入院行洛铂50MG+表柔比星100MGD1+希罗达1500MGBIDD1-D14方案化疗6周期，未见明显化疗反应，2天前,自诉腹痛,脐周明显,呈阵发性,可自行缓解,伴肛门停止排气排便.现感症状加重,无明显缓解方式,为求进一步诊治遂来我院，门诊拟腹痛待查收入院。下次出院以来精神、睡眠、饮食可，无腹痛、腹胀、发热，大小便正常，体重较前无明显变化。",
    "entities": [
        {
            "label_type": "疾病和诊断",
            "overlap": 0,
            "start_pos": 15,
            "end_pos": 17
        },
        {
            "end_pos": 46,
            "label_type": "手术",
            "overlap": 0,
            "start_pos": 34
        },
        {
            "label_type": "疾病和诊断",
            "overlap": 0,
            "start_pos": 65,
            "end_pos": 84
        },
        {
            "end_pos": 123,
            "label_type": "解剖部位",
            "overlap": 0,
            "start_pos": 117
        },
        {
            "end_pos": 134,
            "label_type": "解剖部位",
            "overlap": 0,
            "start_pos": 129
        },
        {
            "end_pos": 144,
            "label_type": "解剖部位",
            "overlap": 0,
            "start_pos": 139
        },
        {
            "end_pos": 155,
            "label_type": "解剖部位",
            "overlap": 0,
            "start_pos": 149
        },
        {
            "end_pos": 166,
            "label_type": "解剖部位",
            "overlap": 0,
            "start_pos": 160
        },
        {
            "end_pos": 182,
            "label_type": "解剖部位",
            "overlap": 0,
            "start_pos": 174
        },
        {
            "end_pos": 283,
            "label_type": "药物",
            "overlap": 0,
            "start_pos": 281
        },
        {
            "end_pos": 292,
            "label_type": "药物",
            "overlap": 0,
            "start_pos": 288
        },
        {
            "end_pos": 303,
            "label_type": "药物",
            "overlap": 0,
            "start_pos": 300
        },
        {
            "end_pos": 342,
            "label_type": "解剖部位",
            "overlap": 0,
            "start_pos": 341
        },
        {
            "label_type": "解剖部位",
            "overlap": 0,
            "start_pos": 344,
            "end_pos": 345
        },
        {
            "label_type": "解剖部位",
            "overlap": 0,
            "start_pos": 361,
            "end_pos": 363
        },
        {
            "label_type": "疾病和诊断",
            "overlap": 0,
            "start_pos": 400,
            "end_pos": 404
        },
        {
            "end_pos": 426,
            "label_type": "解剖部位",
            "overlap": 0,
            "start_pos": 425
        },
        {
            "end_pos": 429,
            "label_type": "解剖部位",
            "overlap": 0,
            "start_pos": 428
        }
    ]
}