{
    "originalText": "，缘于入院前1月因门诊胃镜检查示：“贲门溃疡型胃癌”，，病理：腺癌，门诊拟“贲门癌”收住入院，入院后完善相关检查未见明显手术禁忌症，2014年07月07日在全麻上行“根治性全胃切除术（食道空肠ROUX-Y吻合、D2、R0）”，术顺，术后予换药、止血、补液、营养心肌、维持电解质平衡等治疗。，术后病理结果：1、，全胃：食管胃交界溃疡型管状腺癌II，侵出浆膜层，侵犯神经，脉管内见癌栓，手术标本上切端未见癌浸润。找到贲门周淋巴结1/7个，小弯淋巴结2/6个，大弯淋巴结0/4个，幽门下淋巴结0/1个，幽门上淋巴结0/4个，及另送的（第8组）淋巴结0/3个，（第9组）淋巴结0/5个，（第十一组）淋巴结0/1个，（腹主动脉旁）淋巴结0/1个，（空肠系膜）淋巴结0/1个见癌转移。2、（食管上段旁）、（第十组），：送检脉管、纤维及脂肪组织。3、（大网膜结节），：送检纤维脂肪组织中见癌浸润。此次为化疗再次就诊我院，门诊拟胃癌术后化疗收入院。下次出院以来精神、睡眠、饮食可，无腹痛、腹胀、发热，大小便正常，体重较前无明显变化。",
    "entities": [
        {
            "label_type": "疾病和诊断",
            "overlap": 0,
            "start_pos": 18,
            "end_pos": 25
        },
        {
            "label_type": "疾病和诊断",
            "overlap": 0,
            "start_pos": 31,
            "end_pos": 33
        },
        {
            "label_type": "疾病和诊断",
            "overlap": 0,
            "start_pos": 38,
            "end_pos": 41
        },
        {
            "label_type": "手术",
            "overlap": 0,
            "start_pos": 83,
            "end_pos": 111
        },
        {
            "label_type": "解剖部位",
            "overlap": 0,
            "start_pos": 130,
            "end_pos": 131
        },
        {
            "end_pos": 157,
            "label_type": "解剖部位",
            "overlap": 0,
            "start_pos": 156
        },
        {
            "label_type": "疾病和诊断",
            "overlap": 0,
            "start_pos": 158,
            "end_pos": 172
        },
        {
            "end_pos": 212,
            "label_type": "解剖部位",
            "overlap": 0,
            "start_pos": 206
        },
        {
            "end_pos": 222,
            "label_type": "解剖部位",
            "overlap": 0,
            "start_pos": 217
        },
        {
            "end_pos": 232,
            "label_type": "解剖部位",
            "overlap": 0,
            "start_pos": 227
        },
        {
            "end_pos": 243,
            "label_type": "解剖部位",
            "overlap": 0,
            "start_pos": 237
        },
        {
            "end_pos": 254,
            "label_type": "解剖部位",
            "overlap": 0,
            "start_pos": 248
        },
        {
            "label_type": "解剖部位",
            "overlap": 0,
            "start_pos": 263,
            "end_pos": 271
        },
        {
            "label_type": "解剖部位",
            "overlap": 0,
            "start_pos": 276,
            "end_pos": 284
        },
        {
            "label_type": "解剖部位",
            "overlap": 0,
            "start_pos": 289,
            "end_pos": 298
        },
        {
            "end_pos": 313,
            "label_type": "解剖部位",
            "overlap": 0,
            "start_pos": 303
        },
        {
            "end_pos": 327,
            "label_type": "解剖部位",
            "overlap": 0,
            "start_pos": 318
        },
        {
            "end_pos": 343,
            "label_type": "解剖部位",
            "overlap": 0,
            "start_pos": 339
        },
        {
            "label_type": "疾病和诊断",
            "overlap": 0,
            "start_pos": 406,
            "end_pos": 410
        },
        {
            "label_type": "解剖部位",
            "overlap": 0,
            "start_pos": 433,
            "end_pos": 434
        },
        {
            "end_pos": 437,
            "label_type": "解剖部位",
            "overlap": 0,
            "start_pos": 436
        }
    ]
}