{
    "originalText": "患者于约4月前无明显诱因上开始出现阴道出血，于******健院行宫颈活检提示中分化鳞癌，后至我院行病理会诊提示低分化癌，考虑为低分化鳞状细胞癌。临床考虑宫颈癌IIA2期。2016-01-18、2016-2-15于我院行力朴素+顺铂方案2程。2016-03-15全麻上行III型子宫切除、两附件切除、盆腔淋巴结清扫。术后病理：（子宫）镜检为宫颈低分化鳞状细胞癌，浸润宫颈及宫颈管深肌层；累及阴道穹窿；可见脉管内癌栓，未见明确神经束侵犯；萎缩性子宫内膜；平滑肌瘤。送检（左髂内淋巴结）1枚，见癌转移，其余多组淋巴结送检均未见癌。术后恢复好，现患者按主诊教授意见入院行术后辅助化疗，2016-04-07给予TC（力扑素240MGD1+顺铂50MGD1）方案化疗1程顺利，无不适。查体无特殊。患者发病以来,精神、饮食、睡眠尚可,大小便无明显异常。体重无明显减轻。",
    "entities": [
        {
            "end_pos": 19,
            "label_type": "解剖部位",
            "overlap": 0,
            "start_pos": 17
        },
        {
            "end_pos": 34,
            "label_type": "解剖部位",
            "overlap": 0,
            "start_pos": 32
        },
        {
            "label_type": "疾病和诊断",
            "overlap": 0,
            "start_pos": 38,
            "end_pos": 43
        },
        {
            "label_type": "疾病和诊断",
            "overlap": 0,
            "start_pos": 55,
            "end_pos": 59
        },
        {
            "label_type": "疾病和诊断",
            "overlap": 0,
            "start_pos": 63,
            "end_pos": 71
        },
        {
            "label_type": "疾病和诊断",
            "overlap": 0,
            "start_pos": 76,
            "end_pos": 84
        },
        {
            "end_pos": 112,
            "label_type": "药物",
            "overlap": 0,
            "start_pos": 109
        },
        {
            "end_pos": 115,
            "label_type": "药物",
            "overlap": 0,
            "start_pos": 113
        },
        {
            "label_type": "手术",
            "overlap": 0,
            "start_pos": 134,
            "end_pos": 156
        },
        {
            "label_type": "疾病和诊断",
            "overlap": 0,
            "start_pos": 169,
            "end_pos": 179
        },
        {
            "end_pos": 184,
            "label_type": "解剖部位",
            "overlap": 0,
            "start_pos": 182
        },
        {
            "end_pos": 188,
            "label_type": "解剖部位",
            "overlap": 0,
            "start_pos": 185
        },
        {
            "end_pos": 198,
            "label_type": "解剖部位",
            "overlap": 0,
            "start_pos": 194
        },
        {
            "label_type": "解剖部位",
            "overlap": 0,
            "start_pos": 220,
            "end_pos": 224
        },
        {
            "end_pos": 239,
            "label_type": "解剖部位",
            "overlap": 0,
            "start_pos": 233
        },
        {
            "end_pos": 306,
            "label_type": "药物",
            "overlap": 0,
            "start_pos": 303
        },
        {
            "end_pos": 316,
            "label_type": "药物",
            "overlap": 0,
            "start_pos": 314
        }
    ]
}