{
    "originalText": "患者7月前于我院行剖腹探查+胃癌根治（D2，R1）+放射性粒子植入术，手术顺利，术后安返病房，术后给予补液、消肿、营养支持等对症处理，术后患者恢复顺利，术后病理检查结果：（胃窦）低分化腺癌。胃第八组淋巴结）可见癌转移（1/1）。（胃窦）溃疡型低分化腺癌，浸及胃壁全层，神经见癌侵犯，脉管中见癌栓，上切端见癌累及，下切端食管复鳞下皮轻度不典型增生，胃小弯、大弯淋巴结见癌转移（各为7/8、7/8），网膜中未见癌转移，患者出院后无特处不适。1周前无明显诱因出现全身乏力，且食欲减退，无畏寒、发热，无腹痛，无恶心呕吐等症状，为弄清病情并及时治疗，今入我院我科。\\U0004   患者自起病以来，精神略差，胃纳较差，大便如常，小便如常，体重未见明显上降。",
    "entities": [
        {
            "label_type": "手术",
            "overlap": 0,
            "start_pos": 9,
            "end_pos": 34
        },
        {
            "label_type": "疾病和诊断",
            "overlap": 0,
            "start_pos": 85,
            "end_pos": 94
        },
        {
            "end_pos": 102,
            "label_type": "解剖部位",
            "overlap": 0,
            "start_pos": 95
        },
        {
            "label_type": "疾病和诊断",
            "overlap": 0,
            "start_pos": 114,
            "end_pos": 126
        },
        {
            "label_type": "解剖部位",
            "overlap": 0,
            "start_pos": 129,
            "end_pos": 130
        },
        {
            "end_pos": 161,
            "label_type": "解剖部位",
            "overlap": 0,
            "start_pos": 159
        },
        {
            "label_type": "解剖部位",
            "overlap": 0,
            "start_pos": 173,
            "end_pos": 182
        },
        {
            "end_pos": 248,
            "label_type": "解剖部位",
            "overlap": 0,
            "start_pos": 247
        }
    ]
}