{
    "originalText": "患者6月余前（2015-7-16）因结肠癌于我院行左半结肠切除术+淋巴结清扫术，术后常规病理示：（25232.15）（左半结肠）中低分化腺癌，溃疡型，切面积6*4.5CM，侵达外膜，下上切缘、阑尾及另送吻合器切缘均未查见癌。肠周淋巴结14枚，其中7枚查见转移（7/14）；另送肠系膜根部淋巴结1枚，未查见转移癌（0/1）。术后给予消炎营养支持治疗，病情好转后出院。后患者因“术后肠梗阻”再次入院，行保守治疗好转后出院。后患者再次返院行奥沙利铂+CF+替加氟方案化疗5周期，耐受好。现患者为行上一周期化疗治疗再次来我院，门诊以“结肠癌术后化疗”收入院。自发病来，患者饮食睡眠尚可，二便无明显异常，体重较前无明显改变。",
    "entities": [
        {
            "label_type": "疾病和诊断",
            "overlap": 0,
            "start_pos": 18,
            "end_pos": 21
        },
        {
            "label_type": "手术",
            "overlap": 0,
            "start_pos": 25,
            "end_pos": 39
        },
        {
            "label_type": "疾病和诊断",
            "overlap": 0,
            "start_pos": 58,
            "end_pos": 70
        },
        {
            "end_pos": 98,
            "label_type": "解剖部位",
            "overlap": 0,
            "start_pos": 96
        },
        {
            "end_pos": 117,
            "label_type": "解剖部位",
            "overlap": 0,
            "start_pos": 112
        },
        {
            "end_pos": 146,
            "label_type": "解剖部位",
            "overlap": 0,
            "start_pos": 138
        },
        {
            "label_type": "疾病和诊断",
            "overlap": 0,
            "start_pos": 187,
            "end_pos": 192
        },
        {
            "end_pos": 221,
            "label_type": "药物",
            "overlap": 0,
            "start_pos": 217
        },
        {
            "end_pos": 224,
            "label_type": "药物",
            "overlap": 0,
            "start_pos": 222
        },
        {
            "end_pos": 228,
            "label_type": "药物",
            "overlap": 0,
            "start_pos": 225
        },
        {
            "label_type": "疾病和诊断",
            "overlap": 0,
            "start_pos": 263,
            "end_pos": 268
        }
    ]
}