{
    "originalText": "缘于入院前4月余于我院诊为“胃癌、直肠癌”，于2016.6.11在全麻上行“全腹腔镜上根治性远端胃大部切除术+直肠癌根治术”。术后病理示“（远端胃)胃角溃疡型低黏附性癌(低分化腺癌，部分为印戒细胞癌)，侵出浆膜层，侵犯神经及脉管组织，手术标本下、上切端及另送(胃下切端)均未见癌浸润；找到胃小弯淋巴结0/18个，大弯及网膜淋巴结0/9个，幽门下淋巴结1/1个，幽门上淋巴结0/8个，见癌转移。小弯侧脂肪组织见少量胰腺组织”，术后给予对症、营养支持等治疗，恢复良好,伤口愈合II/甲。术后分别于2016.7.13、2016.8.3、2016.8.23予“乐沙定200MGIVGTTQDD1+卡培他滨片1500MGPOBIDD1-14”方案化疗。于2016.09.21行回肠造口还纳术，术后恢复可，此次为行再次化疗就诊我院，门诊拟胃癌、直肠癌术后收入院。下次出院以来精神、睡眠、饮食可，无腹痛、腹胀、发热，大小便正常，体重较前无明显变化。",
    "entities": [
        {
            "label_type": "疾病和诊断",
            "overlap": 0,
            "start_pos": 14,
            "end_pos": 16
        },
        {
            "label_type": "疾病和诊断",
            "overlap": 0,
            "start_pos": 17,
            "end_pos": 20
        },
        {
            "label_type": "手术",
            "overlap": 0,
            "start_pos": 38,
            "end_pos": 61
        },
        {
            "end_pos": 73,
            "label_type": "解剖部位",
            "overlap": 0,
            "start_pos": 72
        },
        {
            "label_type": "疾病和诊断",
            "overlap": 0,
            "start_pos": 74,
            "end_pos": 100
        },
        {
            "end_pos": 131,
            "label_type": "解剖部位",
            "overlap": 0,
            "start_pos": 130
        },
        {
            "end_pos": 150,
            "label_type": "解剖部位",
            "overlap": 0,
            "start_pos": 144
        },
        {
            "label_type": "解剖部位",
            "overlap": 0,
            "start_pos": 156,
            "end_pos": 164
        },
        {
            "end_pos": 175,
            "label_type": "解剖部位",
            "overlap": 0,
            "start_pos": 169
        },
        {
            "end_pos": 186,
            "label_type": "解剖部位",
            "overlap": 0,
            "start_pos": 180
        },
        {
            "label_type": "解剖部位",
            "overlap": 0,
            "start_pos": 196,
            "end_pos": 198
        },
        {
            "end_pos": 208,
            "label_type": "解剖部位",
            "overlap": 0,
            "start_pos": 206
        },
        {
            "end_pos": 279,
            "label_type": "药物",
            "overlap": 0,
            "start_pos": 276
        },
        {
            "end_pos": 298,
            "label_type": "药物",
            "overlap": 0,
            "start_pos": 294
        },
        {
            "end_pos": 340,
            "label_type": "手术",
            "overlap": 0,
            "start_pos": 333
        },
        {
            "label_type": "疾病和诊断",
            "overlap": 0,
            "start_pos": 363,
            "end_pos": 365
        },
        {
            "label_type": "疾病和诊断",
            "overlap": 0,
            "start_pos": 366,
            "end_pos": 371
        },
        {
            "end_pos": 393,
            "label_type": "解剖部位",
            "overlap": 0,
            "start_pos": 392
        },
        {
            "end_pos": 396,
            "label_type": "解剖部位",
            "overlap": 0,
            "start_pos": 395
        }
    ]
}