{
    "originalText": "，缘于入院前2月余因“胃癌”于2015.11.27全麻上行“腹腔镜辅助上根治性全胃切除术（D2）”，术后病理回报（201543270），：（全胃），：胃体小弯侧浸润型管状腺癌II-III级，部分为粘液腺癌和低粘附性癌，侵及浆膜层，脉管内见癌栓。手术标本下、上切端及另送（下切端）未见癌浸润。找到贲门左淋巴结0/21个，小弯淋巴结11/13个，大弯淋巴结1/7个，幽门下淋巴结0/2个，幽门上淋巴结1/8个，另送（第7组）淋巴结3/4个，（第8组）淋巴结1/3个，（第9组）淋巴结7/7个，（第11组）淋巴结3/5个，（第12A组）淋巴结0/1个，（第12P组）淋巴结0/1个，见癌转移。，免疫组化：KI67（60%肿瘤细胞阳性），CK7（+），CK20（-），VILLIN（+++），CK18（+++），HER-2（-），CEA（+++），E-CADHERIN（+++），CD68（+++），CD163（-），CD34（+++），D2-40（+），CD31（+++），CD56（-），SYN（-），CGA（-）。于2015.12.23、2016.01.14日行“伊立替康240MGIVGTTD1+替吉奥60MGPOBIDD1-14”方案化疗。为求再次术后化疗就诊我院，门诊拟胃癌术后化疗收入院，下次出院以来，精神、睡眠、食欲差，大便，小便正常，体重无明显变化。",
    "entities": [
        {
            "label_type": "疾病和诊断",
            "overlap": 0,
            "start_pos": 11,
            "end_pos": 13
        },
        {
            "end_pos": 44,
            "label_type": "手术",
            "overlap": 0,
            "start_pos": 30
        },
        {
            "end_pos": 72,
            "label_type": "解剖部位",
            "overlap": 0,
            "start_pos": 71
        },
        {
            "label_type": "疾病和诊断",
            "overlap": 0,
            "start_pos": 75,
            "end_pos": 108
        },
        {
            "end_pos": 153,
            "label_type": "解剖部位",
            "overlap": 0,
            "start_pos": 147
        },
        {
            "end_pos": 164,
            "label_type": "解剖部位",
            "overlap": 0,
            "start_pos": 159
        },
        {
            "end_pos": 176,
            "label_type": "解剖部位",
            "overlap": 0,
            "start_pos": 171
        },
        {
            "end_pos": 187,
            "label_type": "解剖部位",
            "overlap": 0,
            "start_pos": 181
        },
        {
            "end_pos": 198,
            "label_type": "解剖部位",
            "overlap": 0,
            "start_pos": 192
        },
        {
            "label_type": "解剖部位",
            "overlap": 0,
            "start_pos": 205,
            "end_pos": 213
        },
        {
            "label_type": "解剖部位",
            "overlap": 0,
            "start_pos": 218,
            "end_pos": 226
        },
        {
            "label_type": "解剖部位",
            "overlap": 0,
            "start_pos": 231,
            "end_pos": 239
        },
        {
            "label_type": "解剖部位",
            "overlap": 0,
            "start_pos": 244,
            "end_pos": 253
        },
        {
            "label_type": "解剖部位",
            "overlap": 0,
            "start_pos": 258,
            "end_pos": 268
        },
        {
            "label_type": "解剖部位",
            "overlap": 0,
            "start_pos": 273,
            "end_pos": 283
        },
        {
            "end_pos": 485,
            "label_type": "药物",
            "overlap": 0,
            "start_pos": 481
        },
        {
            "end_pos": 501,
            "label_type": "药物",
            "overlap": 0,
            "start_pos": 498
        },
        {
            "label_type": "疾病和诊断",
            "overlap": 0,
            "start_pos": 537,
            "end_pos": 541
        }
    ]
}