{
    "originalText": "患者2-月前因诊断为升结肠恶性肿瘤及肝内外胆管结石行根治性左半结肠切除术+胆总管探查术。升结肠肿瘤病理类型：左半结肠溃疡型中分化管状乳头状腺癌，免疫组化 CK7（－） CK20（+++） CEA（++） VILLIN（+++） CDX－2（++） KI-67（+++）＞90% P53（+） CERBB-2（－） EGFR（+） GST－π（+） TOPOII（++） PGP（+） SYN（－） CGA（－） NSE（－） CD56（－） MLH－1（++） MSH－2（+++） MSH－6（+++） PMS－2（++）；分期T3N1M0。今可按照FOXFOL方案行第二次化疗。遂以“升结肠肿瘤根治术后2-月，拟行第2次化疗”收治入院。\\U0004   患者自起病以来，精神可，胃纳可，大便如常，小便如常，体重未见明显上降。",
    "entities": [
        {
            "label_type": "疾病和诊断",
            "overlap": 0,
            "start_pos": 10,
            "end_pos": 17
        },
        {
            "label_type": "疾病和诊断",
            "overlap": 0,
            "start_pos": 18,
            "end_pos": 25
        },
        {
            "label_type": "手术",
            "overlap": 0,
            "start_pos": 26,
            "end_pos": 43
        },
        {
            "end_pos": 47,
            "label_type": "解剖部位",
            "overlap": 0,
            "start_pos": 44
        },
        {
            "label_type": "疾病和诊断",
            "overlap": 0,
            "start_pos": 54,
            "end_pos": 71
        },
        {
            "label_type": "疾病和诊断",
            "overlap": 0,
            "start_pos": 294,
            "end_pos": 303
        },
        {
            "end_pos": 342,
            "label_type": "解剖部位",
            "overlap": 0,
            "start_pos": 341
        }
    ]
}