{
    "originalText": "缘于入院前4年因“乙状结肠癌”就诊我院，于我院行“腹腔镜辅助上乙状结肠癌根治术”，术中见“肿瘤位于乙状结肠中段，约3*2.5CM，对系膜侧侵出浆膜层，未侵犯周围组织，周围无明显肿大淋巴结”，术后病理(201131862)回报“(乙状)结肠蕈伞型管状腺癌II级，侵及浆膜层，手术标本下、上切端及另送(下、上切端)未见癌浸润，找到肠周淋巴结11个均未见癌转移，另送(肠系膜上动脉根部淋巴结)为脂肪脉管结缔组织”，术后病情恢复良好出院，后门诊定期复查发现肝、肺、骨多发转移。入院前2年前开始给予口服希罗达及中药治疗，无诉腹痛、腹胀，无畏冷、发热等不适。今为再次治疗，门诊拟“乙状结肠癌术后伴肝、肺骨多发转移”收治入院，自发病以来，饮食较差，睡眠可，二便正常，无消瘦乏力，体重较前无明显改变。",
    "entities": [
        {
            "label_type": "疾病和诊断",
            "overlap": 0,
            "start_pos": 9,
            "end_pos": 14
        },
        {
            "end_pos": 39,
            "label_type": "手术",
            "overlap": 0,
            "start_pos": 25
        },
        {
            "label_type": "解剖部位",
            "overlap": 0,
            "start_pos": 49,
            "end_pos": 55
        },
        {
            "label_type": "疾病和诊断",
            "overlap": 0,
            "start_pos": 113,
            "end_pos": 129
        },
        {
            "end_pos": 168,
            "label_type": "解剖部位",
            "overlap": 0,
            "start_pos": 163
        },
        {
            "end_pos": 192,
            "label_type": "解剖部位",
            "overlap": 0,
            "start_pos": 181
        },
        {
            "label_type": "疾病和诊断",
            "overlap": 0,
            "start_pos": 224,
            "end_pos": 233
        },
        {
            "end_pos": 249,
            "label_type": "药物",
            "overlap": 0,
            "start_pos": 246
        },
        {
            "end_pos": 258,
            "label_type": "解剖部位",
            "overlap": 0,
            "start_pos": 257
        },
        {
            "end_pos": 261,
            "label_type": "解剖部位",
            "overlap": 0,
            "start_pos": 260
        },
        {
            "label_type": "疾病和诊断",
            "overlap": 0,
            "start_pos": 284,
            "end_pos": 300
        }
    ]
}