{
    "originalText": "，缘于入院前4月余诊为直肠癌，于2014年11月19日在全麻上行“腹腔镜上直肠癌根治术（MILES）”，手术顺利。术后病理(201440195），：“（直肠）直肠溃疡型管状腺癌II级并坏死，侵出外膜层，未侵及齿状线，侵犯神经组织，下、上切端及环周切缘均未见癌浸润。肿物周围淋巴结6个、肠周淋巴结14个未见癌转移。，病理分期：PT4AN0M0，IIB期。”术后给予对症、抗感染治疗，恢复良好,伤口愈合II/甲。于2015年1月7日、2015年2月4日、2015年3月4日行“奥沙利铂（齐沙）250MGIVGTTD1+希罗达1500MGPOBIDD1-14”方案3次化疗，未见明显化疗副反应，今返院行第4周期化疗，门诊拟“直肠癌术后化疗”收入院。出院后饮食、睡眠可，无腹痛、腹胀、发热，体重较前无明显变化。",
    "entities": [
        {
            "label_type": "疾病和诊断",
            "overlap": 0,
            "start_pos": 11,
            "end_pos": 14
        },
        {
            "label_type": "手术",
            "overlap": 0,
            "start_pos": 33,
            "end_pos": 50
        },
        {
            "end_pos": 78,
            "label_type": "解剖部位",
            "overlap": 0,
            "start_pos": 76
        },
        {
            "label_type": "疾病和诊断",
            "overlap": 0,
            "start_pos": 79,
            "end_pos": 91
        },
        {
            "end_pos": 147,
            "label_type": "解剖部位",
            "overlap": 0,
            "start_pos": 142
        },
        {
            "end_pos": 240,
            "label_type": "药物",
            "overlap": 0,
            "start_pos": 236
        },
        {
            "end_pos": 243,
            "label_type": "药物",
            "overlap": 0,
            "start_pos": 241
        },
        {
            "end_pos": 260,
            "label_type": "药物",
            "overlap": 0,
            "start_pos": 257
        },
        {
            "label_type": "疾病和诊断",
            "overlap": 0,
            "start_pos": 309,
            "end_pos": 314
        },
        {
            "end_pos": 333,
            "label_type": "解剖部位",
            "overlap": 0,
            "start_pos": 332
        },
        {
            "end_pos": 336,
            "label_type": "解剖部位",
            "overlap": 0,
            "start_pos": 335
        }
    ]
}