{
    "originalText": "，缘于入院前5月余，以“排便次数增多伴血便1个月。”为主诉入院，诊断直肠癌，遂于2013-5-7在全麻上行腹腔镜上直肠癌根治术+预防性回肠造瘘，术顺，术后予防感染、补液等治疗。，病理示：1、大肠溃疡型管状腺癌II级，侵及深肌层，手术标本吻合切端见少量癌浸润，手术标本另一切端及另送（下切端）、（上切端）均未见癌浸润。找到肿物周淋巴结6个，肠周淋巴结9个均未见癌转移。另送（肠系膜上动脉根部淋巴结）为脂肪、脉管及神经组织。2、大肠管状腺瘤，伴低级别下皮内瘤变。，免疫组化结果：CK7（-），CK20（++），VILLIN（+++），CEA（+++），CDX-2（+++），CD56（-），KI67（50%+）。今患者再次入院，要求关闭造瘘口，门诊拟“直肠癌术后，回肠造瘘术后”收入院，自发病以来，精神、睡眠、食欲尚可，大便经造瘘口排出可，小便正常，体重无明显变化。",
    "entities": [
        {
            "label_type": "疾病和诊断",
            "overlap": 0,
            "start_pos": 34,
            "end_pos": 37
        },
        {
            "label_type": "手术",
            "overlap": 0,
            "start_pos": 53,
            "end_pos": 71
        },
        {
            "label_type": "疾病和诊断",
            "overlap": 0,
            "start_pos": 95,
            "end_pos": 107
        },
        {
            "label_type": "解剖部位",
            "overlap": 0,
            "start_pos": 160,
            "end_pos": 166
        },
        {
            "end_pos": 174,
            "label_type": "解剖部位",
            "overlap": 0,
            "start_pos": 169
        },
        {
            "end_pos": 197,
            "label_type": "解剖部位",
            "overlap": 0,
            "start_pos": 186
        },
        {
            "label_type": "疾病和诊断",
            "overlap": 0,
            "start_pos": 212,
            "end_pos": 218
        },
        {
            "label_type": "疾病和诊断",
            "overlap": 0,
            "start_pos": 324,
            "end_pos": 336
        }
    ]
}