{
    "originalText": "患者于1月余前因“直肠癌”在我科行“腹腔镜上直肠癌根治术（MILES）+放射性粒子植入术”，手术顺利，术后病理结果为：（直肠）溃疡型中分化管状腺癌浸及肠壁深肌层，双切端未见癌累及，肠壁淋巴结见癌转移（1/10）。术后患者恢复较好，出院后患者无腹痛、腹胀，无畏寒发热，会阴部切口逐步愈合，现已明显变浅变小，肉芽组织生长良好，今患者为求术后第1次全身静脉化疗来我院就诊，门诊以“直肠癌（MILES）术后”收入我科。\\U0004   患者发病以来，神志 清晰，精神可，胃纳可，大便如常，小便如常，体重未见明显上降。",
    "entities": [
        {
            "label_type": "疾病和诊断",
            "overlap": 0,
            "start_pos": 9,
            "end_pos": 12
        },
        {
            "label_type": "手术",
            "overlap": 0,
            "start_pos": 18,
            "end_pos": 44
        },
        {
            "label_type": "疾病和诊断",
            "overlap": 0,
            "start_pos": 59,
            "end_pos": 73
        },
        {
            "label_type": "解剖部位",
            "overlap": 0,
            "start_pos": 75,
            "end_pos": 76
        },
        {
            "end_pos": 95,
            "label_type": "解剖部位",
            "overlap": 0,
            "start_pos": 90
        },
        {
            "end_pos": 122,
            "label_type": "解剖部位",
            "overlap": 0,
            "start_pos": 121
        },
        {
            "end_pos": 125,
            "label_type": "解剖部位",
            "overlap": 0,
            "start_pos": 124
        },
        {
            "end_pos": 136,
            "label_type": "解剖部位",
            "overlap": 0,
            "start_pos": 133
        },
        {
            "label_type": "疾病和诊断",
            "overlap": 0,
            "start_pos": 187,
            "end_pos": 199
        }
    ]
}