{
    "originalText": "，患者于4月前（2015-09-07）因“1.盆腔包块（卵巢CA？）；2.糖尿病”在全麻上行剖腹探查+全子宫两附件切除+大网膜切除+阑尾切除+放射性粒子置入术。，术中见：右侧附件失去正常形态，大小约10X9X8CM，实性，表面充血水肿，呈紫蓝色，可见烂鱼肉样组织，质脆，易触血，侵及后盆壁，与宫底、乙状结肠形成粘连。钝性分离粘连后，见子宫常大，子宫底、前壁见转移癌灶。左侧输卵管见少量转移灶，左卵巢形态正常。大网膜增厚、盆腔腹膜见散状结节病灶，最大约3CM。术中切除右附件交家属过目后送病理行冰冻切片示“（右附件）卵巢浆液性乳头状囊腺癌浸及输卵管”，遂行子宫、左侧附件、大网膜、阑尾切除术后标本送病检，，术后病检示：1、（肿瘤组织）送检物为浆液性乳头状囊腺癌。2、子宫表面见癌组织累及，宫腔、宫颈及右附件均未见癌累及。3、大网膜及阑尾均未见癌转移。并于09-11行顺铂100MG腹腔灌注、09-15行紫杉醇210MG静滴第一次化疗。分别于2015-10-20、2015-12-01予患者行紫杉醇（特素)210MG+奥沙利铂180MG化疗2个疗程，化疗过程较为顺利，患者恶心、呕吐等不适症状较轻。现患者无特殊不适，要求行第四次化疗。\\U0004   患者本次发病以来，食欲正常， 神志清醒，精神尚可，睡眠尚可，大便正常，小便正常，体重无明显变化。",
    "entities": [
        {
            "end_pos": 25,
            "label_type": "解剖部位",
            "overlap": 0,
            "start_pos": 23
        },
        {
            "label_type": "疾病和诊断",
            "overlap": 0,
            "start_pos": 28,
            "end_pos": 32
        },
        {
            "label_type": "疾病和诊断",
            "overlap": 0,
            "start_pos": 37,
            "end_pos": 40
        },
        {
            "label_type": "手术",
            "overlap": 0,
            "start_pos": 46,
            "end_pos": 79
        },
        {
            "end_pos": 89,
            "label_type": "解剖部位",
            "overlap": 0,
            "start_pos": 85
        },
        {
            "end_pos": 148,
            "label_type": "解剖部位",
            "overlap": 0,
            "start_pos": 146
        },
        {
            "end_pos": 153,
            "label_type": "解剖部位",
            "overlap": 0,
            "start_pos": 149
        },
        {
            "end_pos": 169,
            "label_type": "解剖部位",
            "overlap": 0,
            "start_pos": 167
        },
        {
            "label_type": "解剖部位",
            "overlap": 0,
            "start_pos": 172,
            "end_pos": 178
        },
        {
            "end_pos": 189,
            "label_type": "解剖部位",
            "overlap": 0,
            "start_pos": 184
        },
        {
            "end_pos": 199,
            "label_type": "解剖部位",
            "overlap": 0,
            "start_pos": 196
        },
        {
            "label_type": "解剖部位",
            "overlap": 0,
            "start_pos": 210,
            "end_pos": 212
        },
        {
            "label_type": "解剖部位",
            "overlap": 0,
            "start_pos": 212,
            "end_pos": 213
        },
        {
            "end_pos": 236,
            "label_type": "解剖部位",
            "overlap": 0,
            "start_pos": 233
        },
        {
            "label_type": "疾病和诊断",
            "overlap": 0,
            "start_pos": 252,
            "end_pos": 268
        },
        {
            "end_pos": 273,
            "label_type": "解剖部位",
            "overlap": 0,
            "start_pos": 270
        },
        {
            "end_pos": 279,
            "label_type": "解剖部位",
            "overlap": 0,
            "start_pos": 277
        },
        {
            "end_pos": 284,
            "label_type": "解剖部位",
            "overlap": 0,
            "start_pos": 280
        },
        {
            "end_pos": 288,
            "label_type": "解剖部位",
            "overlap": 0,
            "start_pos": 285
        },
        {
            "end_pos": 294,
            "label_type": "手术",
            "overlap": 0,
            "start_pos": 289
        },
        {
            "label_type": "疾病和诊断",
            "overlap": 0,
            "start_pos": 320,
            "end_pos": 329
        },
        {
            "end_pos": 334,
            "label_type": "解剖部位",
            "overlap": 0,
            "start_pos": 332
        },
        {
            "end_pos": 345,
            "label_type": "解剖部位",
            "overlap": 0,
            "start_pos": 343
        },
        {
            "end_pos": 348,
            "label_type": "解剖部位",
            "overlap": 0,
            "start_pos": 346
        },
        {
            "end_pos": 352,
            "label_type": "解剖部位",
            "overlap": 0,
            "start_pos": 349
        },
        {
            "end_pos": 367,
            "label_type": "解剖部位",
            "overlap": 0,
            "start_pos": 365
        },
        {
            "end_pos": 384,
            "label_type": "药物",
            "overlap": 0,
            "start_pos": 382
        },
        {
            "end_pos": 391,
            "label_type": "解剖部位",
            "overlap": 0,
            "start_pos": 389
        },
        {
            "end_pos": 403,
            "label_type": "药物",
            "overlap": 0,
            "start_pos": 400
        },
        {
            "end_pos": 447,
            "label_type": "药物",
            "overlap": 0,
            "start_pos": 444
        },
        {
            "end_pos": 450,
            "label_type": "药物",
            "overlap": 0,
            "start_pos": 448
        },
        {
            "end_pos": 461,
            "label_type": "药物",
            "overlap": 0,
            "start_pos": 457
        }
    ]
}