{
    "originalText": "，患者3月前因“反复腹痛、腹泻10余天，加重3天”入院，于2016-03-18在全麻上行乙状结肠部分切除+乙状结肠单腔造瘘术，手术过程顺利。，术后病理：结肠腺癌（中度分化），浸润溃疡型，体积5*4*0.9CM，侵达浆膜脂肪组织。双端切线及环周底部切除面未查见癌。肠壁一站（8/14个）淋巴结癌转移。符合结肠炎性息肉。，免疫组化染色示癌组织：SYN（-）、TS弱（+）。2月前患者造口旁出现可复性肿物，站立和用力后增大，平卧后可以回纳消失，伴造口脱垂及肠粘膜渗血，现患者为求进一步诊治，门诊以“造口旁疝”收入我科。   患者精神欠佳，普通饮食，大小便正常，体重较前无明显变化。",
    "entities": [
        {
            "end_pos": 11,
            "label_type": "解剖部位",
            "overlap": 0,
            "start_pos": 10
        },
        {
            "end_pos": 14,
            "label_type": "解剖部位",
            "overlap": 0,
            "start_pos": 13
        },
        {
            "label_type": "手术",
            "overlap": 0,
            "start_pos": 44,
            "end_pos": 62
        },
        {
            "label_type": "疾病和诊断",
            "overlap": 0,
            "start_pos": 76,
            "end_pos": 86
        },
        {
            "label_type": "解剖部位",
            "overlap": 0,
            "start_pos": 131,
            "end_pos": 145
        },
        {
            "label_type": "疾病和诊断",
            "overlap": 0,
            "start_pos": 151,
            "end_pos": 157
        },
        {
            "label_type": "解剖部位",
            "overlap": 0,
            "start_pos": 225,
            "end_pos": 226
        },
        {
            "label_type": "疾病和诊断",
            "overlap": 0,
            "start_pos": 246,
            "end_pos": 250
        }
    ]
}