{
    "originalText": "，缘于入院前1月余于我院诊为回盲部肿瘤，于2013-12-10在全麻上行根治性左半结肠切除术，术后病理（201339034）示回盲部浸润型粘液腺癌，侵犯浆膜外，手术标本回肠切端、结肠切端均未见癌浸润，送检淋巴结未见癌转移，术后给予对症、营养支持等治疗，术后恢复良好,伤口愈合II/甲，术后于2014.01.02，行化疗治疗：FOLFOX，方案：替加氟3.4持续泵入/CF0.3D1-2+奥沙利铂200MGD1，辅以保肝、制酸、止吐、提高免疫力，化疗过程顺利，无明显化疗不良反应，今为再次化疗入院，门诊拟回盲部腺癌术后化疗收入院。下次出院以来精神、睡眠、饮食可，无腹痛、腹胀、发热，大小便正常，体重较前无明显变化。",
    "entities": [
        {
            "label_type": "疾病和诊断",
            "overlap": 0,
            "start_pos": 14,
            "end_pos": 19
        },
        {
            "end_pos": 46,
            "label_type": "手术",
            "overlap": 0,
            "start_pos": 36
        },
        {
            "label_type": "疾病和诊断",
            "overlap": 0,
            "start_pos": 63,
            "end_pos": 73
        },
        {
            "end_pos": 86,
            "label_type": "解剖部位",
            "overlap": 0,
            "start_pos": 84
        },
        {
            "end_pos": 91,
            "label_type": "解剖部位",
            "overlap": 0,
            "start_pos": 89
        },
        {
            "end_pos": 175,
            "label_type": "药物",
            "overlap": 0,
            "start_pos": 172
        },
        {
            "end_pos": 185,
            "label_type": "药物",
            "overlap": 0,
            "start_pos": 183
        },
        {
            "end_pos": 197,
            "label_type": "药物",
            "overlap": 0,
            "start_pos": 193
        },
        {
            "end_pos": 209,
            "label_type": "解剖部位",
            "overlap": 0,
            "start_pos": 208
        },
        {
            "label_type": "疾病和诊断",
            "overlap": 0,
            "start_pos": 251,
            "end_pos": 258
        },
        {
            "end_pos": 282,
            "label_type": "解剖部位",
            "overlap": 0,
            "start_pos": 281
        },
        {
            "end_pos": 285,
            "label_type": "解剖部位",
            "overlap": 0,
            "start_pos": 284
        }
    ]
}