{
    "originalText": "，患者因患“乙状结肠癌”于2014-02-25于我院在全麻上予行乙状结肠癌根治术；术后病理(201402452），示：（乙状结肠）腺癌（中、低度分化），隆起型，面积3.5*2CM，侵达浆膜脂肪组织，双端切线及另送“近端切线”、“远端切线”未查见癌。一站（13个）、中间组（3个）、中央组（5个）淋巴结未查见癌。，免疫组化染色示癌组织：ERCC1少数（+）、TS（-）。，病理分期为：PT3N0M0 IIA期 DUKESB。依情行术后辅助化疗指证存在，排除化疗禁忌后，先后给予6个周期辅助化疗，，具体化疗方案为：奥沙利铂150MG D1，亚叶酸钙0.3G+替加氟1.0G D2-D6，同时给予升白细胞、保肝、护胃、止吐、免疫增强治疗。自下次出院后，患者一般情况保持良好，无乏力感，无发热，无恶心、呕吐，无胸闷、心慌，无头晕、头痛，无反酸、嗳气，无明显进食不适，未现明显腹痛、腹胀；大小便情况良好。现患者为行复查来我院就诊，门诊以“乙状结肠癌术后”收入院。目前患者精神及情绪状态可，食欲、饮食好，夜间睡眠可，大小便正常，近期无明显体重变化。",
    "entities": [
        {
            "label_type": "疾病和诊断",
            "overlap": 0,
            "start_pos": 6,
            "end_pos": 11
        },
        {
            "end_pos": 40,
            "label_type": "手术",
            "overlap": 0,
            "start_pos": 32
        },
        {
            "label_type": "疾病和诊断",
            "overlap": 0,
            "start_pos": 59,
            "end_pos": 75
        },
        {
            "label_type": "解剖部位",
            "overlap": 0,
            "start_pos": 124,
            "end_pos": 150
        },
        {
            "end_pos": 259,
            "label_type": "药物",
            "overlap": 0,
            "start_pos": 255
        },
        {
            "end_pos": 272,
            "label_type": "药物",
            "overlap": 0,
            "start_pos": 268
        },
        {
            "end_pos": 280,
            "label_type": "药物",
            "overlap": 0,
            "start_pos": 277
        },
        {
            "end_pos": 302,
            "label_type": "解剖部位",
            "overlap": 0,
            "start_pos": 301
        },
        {
            "end_pos": 305,
            "label_type": "解剖部位",
            "overlap": 0,
            "start_pos": 304
        },
        {
            "end_pos": 352,
            "label_type": "解剖部位",
            "overlap": 0,
            "start_pos": 351
        },
        {
            "end_pos": 359,
            "label_type": "解剖部位",
            "overlap": 0,
            "start_pos": 358
        },
        {
            "end_pos": 362,
            "label_type": "解剖部位",
            "overlap": 0,
            "start_pos": 361
        },
        {
            "end_pos": 384,
            "label_type": "解剖部位",
            "overlap": 0,
            "start_pos": 383
        },
        {
            "end_pos": 387,
            "label_type": "解剖部位",
            "overlap": 0,
            "start_pos": 386
        },
        {
            "label_type": "疾病和诊断",
            "overlap": 0,
            "start_pos": 414,
            "end_pos": 421
        }
    ]
}