{
    "originalText": "缘于3月前因残胃癌在我院于2014年01月02日在全麻上行根治性残胃癌切除术手术顺利。术后病理示（残胃）胃近贲门处溃疡型管状腺癌II-III级，部分为粘液腺癌，侵及浆膜层，侵犯神经，脉管内见癌栓，未见侵犯食管胃交界区。手术标本下切端、吻合肠管双切端及另送（下切端）均未见癌浸润，找到贲门**/8个，小弯侧淋巴结0/6个，大弯侧淋巴结0/2个，见癌转移。术后恢复良好，顺利出院。出院后于术后2周出现“腹痛伴肛门停止排气、排便”再次就诊我院，考虑“粘连性小肠梗阻”予禁食、胃肠减压、灌肠、抑制消化液分泌、营养支持等积极保守治疗后，患者腹痛一度好转后再次呈持续性腹痛伴阵发性加剧，遂于2014.1.25全麻上行“剖腹探查+小肠粘连松解术”，术顺，术后恢复良好，出院后无腹痛、腹胀、恶心、呕吐等不适，2014.02.17、2014.3.3、2014.4.1于我院行“奥沙利铂100MGD1IVGTT+亚叶酸钙200MGD1-2IVGTT+替加氟3.0GCIV”方案术后3周期化疗，化疗过程顺利，无特殊不适，此次为化疗再次入院。患者出院后饮食、夜休可，无腹痛、腹胀、发热，体重较前无明显变化。",
    "entities": [
        {
            "label_type": "疾病和诊断",
            "overlap": 0,
            "start_pos": 6,
            "end_pos": 9
        },
        {
            "end_pos": 38,
            "label_type": "手术",
            "overlap": 0,
            "start_pos": 29
        },
        {
            "label_type": "疾病和诊断",
            "overlap": 0,
            "start_pos": 48,
            "end_pos": 71
        },
        {
            "label_type": "疾病和诊断",
            "overlap": 0,
            "start_pos": 75,
            "end_pos": 79
        },
        {
            "label_type": "解剖部位",
            "overlap": 0,
            "start_pos": 102,
            "end_pos": 104
        },
        {
            "label_type": "解剖部位",
            "overlap": 0,
            "start_pos": 104,
            "end_pos": 105
        },
        {
            "label_type": "解剖部位",
            "overlap": 0,
            "start_pos": 119,
            "end_pos": 120
        },
        {
            "end_pos": 143,
            "label_type": "解剖部位",
            "overlap": 0,
            "start_pos": 141
        },
        {
            "end_pos": 155,
            "label_type": "解剖部位",
            "overlap": 0,
            "start_pos": 149
        },
        {
            "end_pos": 166,
            "label_type": "解剖部位",
            "overlap": 0,
            "start_pos": 160
        },
        {
            "end_pos": 200,
            "label_type": "解剖部位",
            "overlap": 0,
            "start_pos": 199
        },
        {
            "end_pos": 204,
            "label_type": "解剖部位",
            "overlap": 0,
            "start_pos": 202
        },
        {
            "label_type": "疾病和诊断",
            "overlap": 0,
            "start_pos": 222,
            "end_pos": 229
        },
        {
            "label_type": "解剖部位",
            "overlap": 0,
            "start_pos": 234,
            "end_pos": 235
        },
        {
            "label_type": "解剖部位",
            "overlap": 0,
            "start_pos": 235,
            "end_pos": 236
        },
        {
            "end_pos": 241,
            "label_type": "解剖部位",
            "overlap": 0,
            "start_pos": 240
        },
        {
            "end_pos": 266,
            "label_type": "解剖部位",
            "overlap": 0,
            "start_pos": 265
        },
        {
            "end_pos": 279,
            "label_type": "解剖部位",
            "overlap": 0,
            "start_pos": 278
        },
        {
            "label_type": "手术",
            "overlap": 0,
            "start_pos": 303,
            "end_pos": 315
        },
        {
            "end_pos": 332,
            "label_type": "解剖部位",
            "overlap": 0,
            "start_pos": 331
        },
        {
            "end_pos": 335,
            "label_type": "解剖部位",
            "overlap": 0,
            "start_pos": 334
        },
        {
            "end_pos": 383,
            "label_type": "药物",
            "overlap": 0,
            "start_pos": 379
        },
        {
            "end_pos": 400,
            "label_type": "药物",
            "overlap": 0,
            "start_pos": 396
        },
        {
            "end_pos": 418,
            "label_type": "药物",
            "overlap": 0,
            "start_pos": 415
        },
        {
            "end_pos": 473,
            "label_type": "解剖部位",
            "overlap": 0,
            "start_pos": 472
        },
        {
            "end_pos": 476,
            "label_type": "解剖部位",
            "overlap": 0,
            "start_pos": 475
        }
    ]
}