{
    "originalText": "，患者12天前因“子宫内膜复杂性增生”在我院行全子宫切除术+两侧输卵管切除术+盆腔粘连松解术。，术中探查: 部分大网膜粘连于左前腹壁，分离粘连后见肝脏表面光滑，大网膜及肠管表面未见明显异常。盆腹腔内少量血性积液。子宫前位，约2个月妊娠大小，表面光滑，局部质硬，呈腺肌病样改变，子宫后壁上段与部分肠系膜粘连，右侧卵巢粘连于子宫右后壁，左侧卵巢萎缩，粘连于子宫左后壁和侧腹膜。两侧输卵管外观正常。，术中腹腔冲洗液送快速病理检查结果提示：（腹腔冲洗液）离心涂片查见大量间皮细胞及少量淋巴细胞、中性粒细胞。子宫内膜呈孕激素类药物治疗后改变，冰冻切片局部查见少许复杂性增生的内膜。未累及子宫颈外口切线。手术顺利，，术后常规病理回示：子宫内膜复杂性增生，部分腺体呈高级别下皮内瘤变，部分区域为高分化子宫内膜样腺癌，位于粘膜内，未累及子宫颈颈管内口，未累及底部切除面及外口残端切线。慢性子宫颈炎。（两侧）输卵管组织。，免疫组化染色示：ER（+）、PR（+）、P53少量（+）。建议进一步治疗。患者现无腹痛及阴道流血，无其他不适。今日患者为行进一步治疗来院就诊，门诊以“子宫内膜病变术后”收入院。   患者自发病以来，一般情况可，精神、睡眠良好，饮食一般，大小便无异常，体重无明显改变。",
    "entities": [
        {
            "label_type": "疾病和诊断",
            "overlap": 0,
            "start_pos": 9,
            "end_pos": 18
        },
        {
            "label_type": "手术",
            "overlap": 0,
            "start_pos": 23,
            "end_pos": 46
        },
        {
            "label_type": "解剖部位",
            "overlap": 0,
            "start_pos": 62,
            "end_pos": 65
        },
        {
            "end_pos": 75,
            "label_type": "解剖部位",
            "overlap": 0,
            "start_pos": 73
        },
        {
            "end_pos": 86,
            "label_type": "解剖部位",
            "overlap": 0,
            "start_pos": 84
        },
        {
            "end_pos": 98,
            "label_type": "解剖部位",
            "overlap": 0,
            "start_pos": 95
        },
        {
            "end_pos": 108,
            "label_type": "解剖部位",
            "overlap": 0,
            "start_pos": 106
        },
        {
            "label_type": "解剖部位",
            "overlap": 0,
            "start_pos": 138,
            "end_pos": 140
        },
        {
            "label_type": "解剖部位",
            "overlap": 0,
            "start_pos": 147,
            "end_pos": 148
        },
        {
            "end_pos": 157,
            "label_type": "解剖部位",
            "overlap": 0,
            "start_pos": 153
        },
        {
            "label_type": "解剖部位",
            "overlap": 0,
            "start_pos": 160,
            "end_pos": 162
        },
        {
            "end_pos": 170,
            "label_type": "解剖部位",
            "overlap": 0,
            "start_pos": 166
        },
        {
            "label_type": "解剖部位",
            "overlap": 0,
            "start_pos": 176,
            "end_pos": 178
        },
        {
            "label_type": "解剖部位",
            "overlap": 0,
            "start_pos": 183,
            "end_pos": 184
        },
        {
            "end_pos": 191,
            "label_type": "解剖部位",
            "overlap": 0,
            "start_pos": 186
        },
        {
            "end_pos": 201,
            "label_type": "解剖部位",
            "overlap": 0,
            "start_pos": 199
        },
        {
            "end_pos": 219,
            "label_type": "解剖部位",
            "overlap": 0,
            "start_pos": 217
        },
        {
            "end_pos": 253,
            "label_type": "解剖部位",
            "overlap": 0,
            "start_pos": 249
        },
        {
            "end_pos": 293,
            "label_type": "解剖部位",
            "overlap": 0,
            "start_pos": 288
        },
        {
            "label_type": "疾病和诊断",
            "overlap": 0,
            "start_pos": 311,
            "end_pos": 350
        },
        {
            "end_pos": 367,
            "label_type": "解剖部位",
            "overlap": 0,
            "start_pos": 360
        },
        {
            "label_type": "疾病和诊断",
            "overlap": 0,
            "start_pos": 384,
            "end_pos": 390
        },
        {
            "end_pos": 398,
            "label_type": "解剖部位",
            "overlap": 0,
            "start_pos": 391
        },
        {
            "end_pos": 444,
            "label_type": "解剖部位",
            "overlap": 0,
            "start_pos": 443
        },
        {
            "end_pos": 448,
            "label_type": "解剖部位",
            "overlap": 0,
            "start_pos": 446
        },
        {
            "label_type": "疾病和诊断",
            "overlap": 0,
            "start_pos": 477,
            "end_pos": 485
        }
    ]
}