{
    "originalText": "，缘于入院前1月于我院诊为胃角癌，2015年09月07日在全麻上行腹腔镜辅助上根治性远端胃大部切除术（毕II式，D2），术后予预防性抗感染、制酸、补液支持等治疗。术后病理（201532192），：(远端胃大部分)，:胃角溃疡型管状腺癌II级，侵及浆膜层，手术标本双切端及另送(下切端)均未见癌浸润。找到小弯淋巴结2/21个、大弯淋巴结0/2个、幽门下淋巴结0/2个、幽门上淋巴结1/11个，及另送(胃右A根部）淋巴结0/3个、(第8P）淋巴结1/6个，见癌转移。术后恢复良好,伤口愈合II/甲。此次为化疗再次就诊我院，门诊拟胃角癌术后收入院。下次出院以来精神、睡眠、饮食可，无腹痛、腹胀、发热，大小便正常，体重较前无明显变化。",
    "entities": [
        {
            "label_type": "疾病和诊断",
            "overlap": 0,
            "start_pos": 13,
            "end_pos": 16
        },
        {
            "label_type": "手术",
            "overlap": 0,
            "start_pos": 33,
            "end_pos": 59
        },
        {
            "label_type": "解剖部位",
            "overlap": 0,
            "start_pos": 101,
            "end_pos": 102
        },
        {
            "label_type": "疾病和诊断",
            "overlap": 0,
            "start_pos": 108,
            "end_pos": 120
        },
        {
            "end_pos": 156,
            "label_type": "解剖部位",
            "overlap": 0,
            "start_pos": 151
        },
        {
            "end_pos": 167,
            "label_type": "解剖部位",
            "overlap": 0,
            "start_pos": 162
        },
        {
            "end_pos": 178,
            "label_type": "解剖部位",
            "overlap": 0,
            "start_pos": 172
        },
        {
            "end_pos": 189,
            "label_type": "解剖部位",
            "overlap": 0,
            "start_pos": 183
        },
        {
            "label_type": "解剖部位",
            "overlap": 0,
            "start_pos": 198,
            "end_pos": 208
        },
        {
            "label_type": "解剖部位",
            "overlap": 0,
            "start_pos": 213,
            "end_pos": 221
        },
        {
            "label_type": "疾病和诊断",
            "overlap": 0,
            "start_pos": 262,
            "end_pos": 267
        },
        {
            "end_pos": 289,
            "label_type": "解剖部位",
            "overlap": 0,
            "start_pos": 288
        },
        {
            "end_pos": 292,
            "label_type": "解剖部位",
            "overlap": 0,
            "start_pos": 291
        }
    ]
}