{
    "originalText": "，患者5个半月前(2014-12-23)因“直肠癌”，在我院全麻上上行直肠高位前切除术。术中探查H0P0，病灶大小约3*2.5*1.0CM，位于直肠下段，左前壁，浆膜为脂肪遮盖。余腹膜内未见异常。，术后病理：，进展期直肠癌：隆起型　中分化管状腺癌　断端无癌。淋巴结见转移癌（1/15枚）DUKES分期C期（，病理号：178036），术后3周（4个半月前）因胆囊炎、胆囊结石，在我院普外科行急诊胆囊切除术。恢复顺利，2015-5-4于我科行希罗达、艾恒化疗一次，现为再次行化疗而入我科，患者病来食欲佳，睡眠良好，大便不成形，小便正常，近半年自觉体重上降。",
    "entities": [
        {
            "label_type": "疾病和诊断",
            "overlap": 0,
            "start_pos": 22,
            "end_pos": 25
        },
        {
            "end_pos": 43,
            "label_type": "手术",
            "overlap": 0,
            "start_pos": 35
        },
        {
            "label_type": "解剖部位",
            "overlap": 0,
            "start_pos": 72,
            "end_pos": 76
        },
        {
            "label_type": "解剖部位",
            "overlap": 0,
            "start_pos": 90,
            "end_pos": 91
        },
        {
            "label_type": "疾病和诊断",
            "overlap": 0,
            "start_pos": 108,
            "end_pos": 123
        },
        {
            "label_type": "疾病和诊断",
            "overlap": 0,
            "start_pos": 178,
            "end_pos": 186
        },
        {
            "label_type": "手术",
            "overlap": 0,
            "start_pos": 196,
            "end_pos": 201
        },
        {
            "end_pos": 222,
            "label_type": "药物",
            "overlap": 0,
            "start_pos": 219
        },
        {
            "end_pos": 225,
            "label_type": "药物",
            "overlap": 0,
            "start_pos": 223
        }
    ]
}