{
    "originalText": "，罹患残胃癌于2013-9-6在我院予行全麻上全胃切除术（空肠J字代胃）；，术中探查见：腹腔内严重粘连，腹腔内无腹水，肝脏无法探查，盆底腹膜无异常；肿瘤位于残胃后壁，溃疡性肿块，约10 X 8CM。肿瘤侵出浆膜层。患者术后积极予相关对症支持治疗并恢复顺利良好。相关手术病理(2013 11248），示：残胃低分化腺癌，体积7.5*7*3.2CM，蕈伞型，侵达浆膜。双端切线及另送“胃远端切线”未查见癌。贲门周围（10个）淋巴结未查见癌。，免疫组化染色示癌组织：ERCC1（+）、β-TUBULIN-III（+）、TS（-）、RRM1（-）、TOPOII（阳性数60%）、CERBB-2（-）。合患者病情及肿瘤病理与分期继续予行术后化疗相关辅助治疗指征存在；依情先后予2013-9、2013-10予行术后辅助化疗2周期，，具体用药为：奥沙利铂200MG D1+亚叶酸钙0.3G D2-6 +替加氟1000MG D2-6 静滴，同时辅以镇吐、升血、免疫调节等对症支持治疗（化疗期间患者总体耐受性良好；复查血像示外周血白细胞减少，予瑞白升血处理）。自下次出院（2013-10-23）以来，患者一般情况保持良好；无发热，无恶心、呕吐，无明显反酸、嗳气，无明显进食不适，未现明显腹痛、腹胀。现患者为行规律性复查并完善相关后续辅助治疗而再至我科就诊，遂依情以“胃恶性肿瘤术后”收入院。目前患者精神及情绪状态良好，食欲、饮食好，夜间睡眠后；近期无明显体重变化。",
    "entities": [
        {
            "label_type": "疾病和诊断",
            "overlap": 0,
            "start_pos": 3,
            "end_pos": 6
        },
        {
            "label_type": "手术",
            "overlap": 0,
            "start_pos": 23,
            "end_pos": 36
        },
        {
            "end_pos": 46,
            "label_type": "解剖部位",
            "overlap": 0,
            "start_pos": 44
        },
        {
            "end_pos": 54,
            "label_type": "解剖部位",
            "overlap": 0,
            "start_pos": 52
        },
        {
            "end_pos": 57,
            "label_type": "解剖部位",
            "overlap": 0,
            "start_pos": 56
        },
        {
            "end_pos": 61,
            "label_type": "解剖部位",
            "overlap": 0,
            "start_pos": 59
        },
        {
            "end_pos": 68,
            "label_type": "解剖部位",
            "overlap": 0,
            "start_pos": 66
        },
        {
            "label_type": "解剖部位",
            "overlap": 0,
            "start_pos": 68,
            "end_pos": 69
        },
        {
            "label_type": "解剖部位",
            "overlap": 0,
            "start_pos": 79,
            "end_pos": 80
        },
        {
            "label_type": "疾病和诊断",
            "overlap": 0,
            "start_pos": 151,
            "end_pos": 158
        },
        {
            "label_type": "解剖部位",
            "overlap": 0,
            "start_pos": 190,
            "end_pos": 191
        },
        {
            "label_type": "解剖部位",
            "overlap": 0,
            "start_pos": 201,
            "end_pos": 213
        },
        {
            "end_pos": 370,
            "label_type": "药物",
            "overlap": 0,
            "start_pos": 366
        },
        {
            "end_pos": 383,
            "label_type": "药物",
            "overlap": 0,
            "start_pos": 379
        },
        {
            "end_pos": 397,
            "label_type": "药物",
            "overlap": 0,
            "start_pos": 394
        },
        {
            "label_type": "实验室检验",
            "overlap": 0,
            "start_pos": 453,
            "end_pos": 459
        },
        {
            "end_pos": 465,
            "label_type": "药物",
            "overlap": 0,
            "start_pos": 463
        },
        {
            "end_pos": 535,
            "label_type": "解剖部位",
            "overlap": 0,
            "start_pos": 534
        },
        {
            "end_pos": 538,
            "label_type": "解剖部位",
            "overlap": 0,
            "start_pos": 537
        },
        {
            "label_type": "疾病和诊断",
            "overlap": 0,
            "start_pos": 574,
            "end_pos": 581
        }
    ]
}