{
    "originalText": "，患者于2016-11-04在全麻上行\\\"胃癌根治术(全胃）\\\"，，术后病理回报:“（胃大体）镜检为中至低分化腺癌，LAUREN，分型：肠型，癌组织侵犯至胃壁浆膜上层，并累及食管壁外膜层；未见明确脉管内癌栓，可见神经束侵犯；网膜组织未见癌。淋巴结41枚，2枚见癌。（远、近切缘）未见癌”。术后预防感染、抑制分泌、静脉营养等对症支持处理，恢复好，2016-12-05已予行一程术后辅助化疗，以现为行上一程化疗收住我科，起病以来，患者精神尚可，食欲欠佳，大小便正常，体重上降3KG。",
    "entities": [
        {
            "label_type": "手术",
            "overlap": 0,
            "start_pos": 21,
            "end_pos": 30
        },
        {
            "label_type": "解剖部位",
            "overlap": 0,
            "start_pos": 43,
            "end_pos": 44
        },
        {
            "label_type": "疾病和诊断",
            "overlap": 0,
            "start_pos": 50,
            "end_pos": 64
        },
        {
            "label_type": "解剖部位",
            "overlap": 0,
            "start_pos": 77,
            "end_pos": 78
        },
        {
            "label_type": "解剖部位",
            "overlap": 0,
            "start_pos": 87,
            "end_pos": 89
        }
    ]
}