{
    "originalText": "缘于入院前1余年前于我院诊为胃癌，于2012-08-07在全麻上行根治术全胃切除术。术后病理（201223223）示全胃：食管胃交界溃疡型管状腺癌，II-III级，侵出浆膜层，侵犯脉管和神经。手术标本下切端见癌浸润，手术标本上切端和另送（下切端）未见癌浸润。镜上找到贲门周淋巴结3/8个、小弯淋巴结3/4个、大弯淋巴结0/1个、幽门下淋巴结0/4个和幽门上淋巴结0/1个见癌转移。术后给予对症、营养支持等治疗，恢复良好,伤口愈合II/甲，并顺利出院，2012.09.24行“伊立替康280MG+替吉奥60MGBID×14D”方案化疗1周期，2012.10.23按“伊立替康280MG+替吉奥40MGBID×14D”方案化疗1周期，2012.11.20按“伊立替康240MG+替吉奥80MGBID×7D”化疗1次,2012.12.22按““安素泰210MG+艾奕40MGBID×14D”化疗1次，2013.1.18予“安素泰240MG+替吉奥40MGBID×14D”方案化疗1次，2013.02.23按T“安素泰240MG”方案化疗1周期。2014.08.28予“表柔比星70MGIVGTTD1+替吉奥40MGBID×10D”方案化疗1次。今为再次化疗就诊我院，门诊拟胃癌术后化疗后收入院。下次出院以来精神、睡眠、饮食可，无腹痛、腹胀、发热，大小便正常，体重较前无明显变化。",
    "entities": [
        {
            "label_type": "疾病和诊断",
            "overlap": 0,
            "start_pos": 14,
            "end_pos": 16
        },
        {
            "end_pos": 41,
            "label_type": "手术",
            "overlap": 0,
            "start_pos": 33
        },
        {
            "end_pos": 60,
            "label_type": "解剖部位",
            "overlap": 0,
            "start_pos": 59
        },
        {
            "label_type": "疾病和诊断",
            "overlap": 0,
            "start_pos": 61,
            "end_pos": 81
        },
        {
            "end_pos": 139,
            "label_type": "解剖部位",
            "overlap": 0,
            "start_pos": 133
        },
        {
            "end_pos": 149,
            "label_type": "解剖部位",
            "overlap": 0,
            "start_pos": 144
        },
        {
            "end_pos": 159,
            "label_type": "解剖部位",
            "overlap": 0,
            "start_pos": 154
        },
        {
            "end_pos": 170,
            "label_type": "解剖部位",
            "overlap": 0,
            "start_pos": 164
        },
        {
            "end_pos": 181,
            "label_type": "解剖部位",
            "overlap": 0,
            "start_pos": 175
        },
        {
            "end_pos": 241,
            "label_type": "药物",
            "overlap": 0,
            "start_pos": 237
        },
        {
            "end_pos": 250,
            "label_type": "药物",
            "overlap": 0,
            "start_pos": 247
        },
        {
            "end_pos": 286,
            "label_type": "药物",
            "overlap": 0,
            "start_pos": 282
        },
        {
            "end_pos": 295,
            "label_type": "药物",
            "overlap": 0,
            "start_pos": 292
        },
        {
            "end_pos": 331,
            "label_type": "药物",
            "overlap": 0,
            "start_pos": 327
        },
        {
            "end_pos": 340,
            "label_type": "药物",
            "overlap": 0,
            "start_pos": 337
        },
        {
            "end_pos": 372,
            "label_type": "药物",
            "overlap": 0,
            "start_pos": 369
        },
        {
            "end_pos": 380,
            "label_type": "药物",
            "overlap": 0,
            "start_pos": 378
        },
        {
            "end_pos": 411,
            "label_type": "药物",
            "overlap": 0,
            "start_pos": 408
        },
        {
            "end_pos": 420,
            "label_type": "药物",
            "overlap": 0,
            "start_pos": 417
        },
        {
            "end_pos": 455,
            "label_type": "药物",
            "overlap": 0,
            "start_pos": 452
        },
        {
            "end_pos": 485,
            "label_type": "药物",
            "overlap": 0,
            "start_pos": 481
        },
        {
            "end_pos": 500,
            "label_type": "药物",
            "overlap": 0,
            "start_pos": 497
        },
        {
            "label_type": "疾病和诊断",
            "overlap": 0,
            "start_pos": 533,
            "end_pos": 537
        },
        {
            "end_pos": 562,
            "label_type": "解剖部位",
            "overlap": 0,
            "start_pos": 561
        },
        {
            "end_pos": 565,
            "label_type": "解剖部位",
            "overlap": 0,
            "start_pos": 564
        }
    ]
}