{
    "originalText": "，缘于入院前1月于我院诊为直肠癌，于2014-03-03在全麻上行腹腔镜上直肠癌根治术DIXON，，术中见：腹腔网膜及盆底光滑无结节，无腹水，肝表面光滑，胃及空肠未见明显病变。直肠腹膜返折距离肛门约10CM可触及一肿物，大小约3CM*2CM，质硬，未侵犯浆膜层，肠系膜上动脉根部可触及多枚肿大，与腹壁明显粘连，予分离，见肠管周围数个肿大淋巴结，大者直径约1CM，决定行“腹腔镜直肠癌根治切除术”。。术后病理(201405649)示1.大肠溃疡型管状腺癌II级，侵犯浅肌层。周围肠管粘膜及粘膜上层淋巴组织增生活跃。手术标本双切端及另送（下切端）、（上切端）均未见癌浸润。找到肠周淋巴结1/18个，及另送（肠系膜上血管旁）淋巴结0/7个见癌转移。，免疫组化结果：CK7（-），CK20（+），VILLIN（+++），CEA（+++），CDX-2（+++），CGA（-），CD56（-），SY（-），KI67（60%+）。2.大肠管状腺瘤，伴低级别下皮内瘤变。，术后给予对症、营养支持等治疗，恢复良好,伤口愈合II/甲。于2014.3.25、2014.4.9、2014.4.24、2014.5.14予“奥沙利铂150MGIVGTTD1+替加氟3.6GCIVD1+亚叶酸钙300MGIVGTTD1-2”方案行4次化疗，此次为术后第5次化疗再次就诊我院，门诊拟直肠癌术后收入院。下次出院以来精神、睡眠、饮食可，无腹痛、腹胀、发热，大小便正常，体重较前无明显变化。",
    "entities": [
        {
            "label_type": "疾病和诊断",
            "overlap": 0,
            "start_pos": 13,
            "end_pos": 16
        },
        {
            "label_type": "手术",
            "overlap": 0,
            "start_pos": 33,
            "end_pos": 48
        },
        {
            "label_type": "解剖部位",
            "overlap": 0,
            "start_pos": 54,
            "end_pos": 55
        },
        {
            "end_pos": 61,
            "label_type": "解剖部位",
            "overlap": 0,
            "start_pos": 59
        },
        {
            "end_pos": 69,
            "label_type": "解剖部位",
            "overlap": 0,
            "start_pos": 68
        },
        {
            "end_pos": 72,
            "label_type": "解剖部位",
            "overlap": 0,
            "start_pos": 71
        },
        {
            "end_pos": 78,
            "label_type": "解剖部位",
            "overlap": 0,
            "start_pos": 77
        },
        {
            "end_pos": 81,
            "label_type": "解剖部位",
            "overlap": 0,
            "start_pos": 79
        },
        {
            "end_pos": 90,
            "label_type": "解剖部位",
            "overlap": 0,
            "start_pos": 88
        },
        {
            "label_type": "解剖部位",
            "overlap": 0,
            "start_pos": 90,
            "end_pos": 91
        },
        {
            "end_pos": 98,
            "label_type": "解剖部位",
            "overlap": 0,
            "start_pos": 96
        },
        {
            "label_type": "解剖部位",
            "overlap": 0,
            "start_pos": 131,
            "end_pos": 132
        },
        {
            "label_type": "解剖部位",
            "overlap": 0,
            "start_pos": 148,
            "end_pos": 149
        },
        {
            "label_type": "解剖部位",
            "overlap": 0,
            "start_pos": 160,
            "end_pos": 161
        },
        {
            "end_pos": 171,
            "label_type": "解剖部位",
            "overlap": 0,
            "start_pos": 168
        },
        {
            "end_pos": 196,
            "label_type": "手术",
            "overlap": 0,
            "start_pos": 185
        },
        {
            "label_type": "疾病和诊断",
            "overlap": 0,
            "start_pos": 217,
            "end_pos": 229
        },
        {
            "label_type": "解剖部位",
            "overlap": 0,
            "start_pos": 238,
            "end_pos": 239
        },
        {
            "end_pos": 291,
            "label_type": "解剖部位",
            "overlap": 0,
            "start_pos": 286
        },
        {
            "label_type": "解剖部位",
            "overlap": 0,
            "start_pos": 300,
            "end_pos": 312
        },
        {
            "label_type": "疾病和诊断",
            "overlap": 0,
            "start_pos": 410,
            "end_pos": 416
        },
        {
            "end_pos": 502,
            "label_type": "药物",
            "overlap": 0,
            "start_pos": 498
        },
        {
            "end_pos": 518,
            "label_type": "药物",
            "overlap": 0,
            "start_pos": 515
        },
        {
            "end_pos": 532,
            "label_type": "药物",
            "overlap": 0,
            "start_pos": 528
        },
        {
            "label_type": "疾病和诊断",
            "overlap": 0,
            "start_pos": 575,
            "end_pos": 580
        },
        {
            "end_pos": 602,
            "label_type": "解剖部位",
            "overlap": 0,
            "start_pos": 601
        },
        {
            "end_pos": 605,
            "label_type": "解剖部位",
            "overlap": 0,
            "start_pos": 604
        }
    ]
}