{
    "originalText": "，患者20余天月前行姑息性乙状结肠部分切除术，术后病理（201413928），：乙状结肠粘液腺癌，体积10*8*2.5CM，浸润溃疡型，侵达浆膜并侵穿纤维膜达脂肪组织。双端切线及另送“近切线”、“远切线”未查见癌。肠壁一站（7个）、中间组（6个）淋巴结未查见癌。，免疫组化染色示癌组织：TS大部分（+）、SYN（-）。患者于1天前开始出现腹胀、呕吐胃内容物，未排气、排便。急来我院门诊就诊，为行进一步诊治门诊依情以“结肠术后”收入院。患者自发病以来，无反复发热、畏寒，未现尿频、尿急、尿痛及排尿困难。目前精神差，不能进饮食。否认近期明显体重改变。",
    "entities": [
        {
            "end_pos": 22,
            "label_type": "手术",
            "overlap": 0,
            "start_pos": 10
        },
        {
            "label_type": "疾病和诊断",
            "overlap": 0,
            "start_pos": 40,
            "end_pos": 48
        },
        {
            "label_type": "解剖部位",
            "overlap": 0,
            "start_pos": 107,
            "end_pos": 126
        },
        {
            "end_pos": 170,
            "label_type": "解剖部位",
            "overlap": 0,
            "start_pos": 169
        },
        {
            "end_pos": 175,
            "label_type": "解剖部位",
            "overlap": 0,
            "start_pos": 174
        },
        {
            "label_type": "疾病和诊断",
            "overlap": 0,
            "start_pos": 208,
            "end_pos": 212
        }
    ]
}