{
    "originalText": "，缘于入院前5月余于我院诊断为“贲门癌”，于2015-12-21在全麻上行腹腔镜上根治性全胃切除术+胆囊切除术。术后病理示1、（全胃），：食管胃交界溃疡型管状腺癌II-III级，侵出浆膜层，侵犯神经组织。手术标本下切端见癌浸润。手术标本上切端及另送（下切端）均未见癌浸润。找到贲门左淋巴结4/9个，贲门右淋巴结0/1个，小弯淋巴结1/1个，大弯淋巴结0/0个，幽门下淋巴结0/3个，幽门上淋巴结0/1个，及另送（第7组）淋巴结1/1个，（第8组）淋巴结0/1个，（第11组）淋巴结2/3个，（第12组）淋巴结0/6个，见癌转移。，免疫组化：KI67（80%肿瘤细胞阳性），CK7（++），CK20（-），VILLIN（+++），CEA（+++），CD56（-），CGA（-），SYN（-），HER-2（-）。2、（第9组淋巴结），：送检脂肪及脉管组织。3、（胆囊），：胆囊组织。术后恢复可，于2016.01.21、2016.02.14、2016.03.08、2016.04.01、2016.04.28予“伊立替康240MGIVGTTD1+替吉奥40MGPOBIDD1-14”方案化疗，辅以止吐、增强免疫、营养支持等治疗，化疗过程顺利，无化疗副反应。今为行第6周期化疗，求诊于我院门诊，门诊拟“贲门腺癌（PT4AN3M0，IIIC期）术后化疗”收入院。自下次出院以来精神、睡眠、饮食可，大小便正常，体重较前无明显变化。",
    "entities": [
        {
            "label_type": "疾病和诊断",
            "overlap": 0,
            "start_pos": 16,
            "end_pos": 19
        },
        {
            "label_type": "手术",
            "overlap": 0,
            "start_pos": 37,
            "end_pos": 55
        },
        {
            "end_pos": 66,
            "label_type": "解剖部位",
            "overlap": 0,
            "start_pos": 65
        },
        {
            "label_type": "疾病和诊断",
            "overlap": 0,
            "start_pos": 69,
            "end_pos": 88
        },
        {
            "end_pos": 144,
            "label_type": "解剖部位",
            "overlap": 0,
            "start_pos": 138
        },
        {
            "end_pos": 155,
            "label_type": "解剖部位",
            "overlap": 0,
            "start_pos": 149
        },
        {
            "end_pos": 165,
            "label_type": "解剖部位",
            "overlap": 0,
            "start_pos": 160
        },
        {
            "end_pos": 175,
            "label_type": "解剖部位",
            "overlap": 0,
            "start_pos": 170
        },
        {
            "end_pos": 186,
            "label_type": "解剖部位",
            "overlap": 0,
            "start_pos": 180
        },
        {
            "end_pos": 197,
            "label_type": "解剖部位",
            "overlap": 0,
            "start_pos": 191
        },
        {
            "label_type": "解剖部位",
            "overlap": 0,
            "start_pos": 205,
            "end_pos": 213
        },
        {
            "label_type": "解剖部位",
            "overlap": 0,
            "start_pos": 218,
            "end_pos": 226
        },
        {
            "label_type": "解剖部位",
            "overlap": 0,
            "start_pos": 231,
            "end_pos": 240
        },
        {
            "label_type": "解剖部位",
            "overlap": 0,
            "start_pos": 245,
            "end_pos": 254
        },
        {
            "label_type": "解剖部位",
            "overlap": 0,
            "start_pos": 356,
            "end_pos": 364
        },
        {
            "end_pos": 381,
            "label_type": "解剖部位",
            "overlap": 0,
            "start_pos": 379
        },
        {
            "end_pos": 386,
            "label_type": "解剖部位",
            "overlap": 0,
            "start_pos": 384
        },
        {
            "end_pos": 456,
            "label_type": "药物",
            "overlap": 0,
            "start_pos": 452
        },
        {
            "end_pos": 472,
            "label_type": "药物",
            "overlap": 0,
            "start_pos": 469
        },
        {
            "label_type": "疾病和诊断",
            "overlap": 0,
            "start_pos": 546,
            "end_pos": 550
        }
    ]
}