{
    "originalText": "，缘于入院前20余日于我院诊为乙状结肠癌，于2015-10-21在全麻上行乙状结肠癌根治术，，术中见：腹腔内无明显腹水，腹腔、盆腔、大网膜无明显转移结节，肝脏质地大小正常，未触及肿物，胆囊未触及结石。肿瘤位于乙状结肠上段，约6×5㎝，未形成肠梗阻，近端肠管无扩张，周围可见少许肿大淋巴结。诊断“乙状结肠癌”，遂决定行“乙状结肠癌根治术。术后病理示.(乙状结肠)，：肠溃疡型管状腺癌II级，侵犯肠壁全层及肠周脂肪组织，侵犯神经组织，未见肯定脉管侵犯，手术标本下、上切端及另送（下切端）（上切端）均未见癌浸润；找到肠周淋巴结9个，未见癌转移。2.该病例检测到KRAS基因12号密码子GLY12ASP突变。3.该病例未检测到BRAF基因V600E突变。，术后给予对症、营养支持等治疗，恢复良好,伤口愈合II/甲。2015-11-21行第1周期化疗，具体方案为“沙利铂140MGD1IVGTT+氟尿嘧啶700MGD1IVGTT+氟尿嘧啶4200MGD1-D2微量泵泵人+亚叶酸650MGD1-D2IVGTT”，此次为术后第2次化疗再次就诊我院，门诊拟乙状结肠癌术后化疗收入院。下次出院以来精神、睡眠、饮食可，无腹痛、腹胀、发热，大小便正常，体重较前无明显变化。",
    "entities": [
        {
            "label_type": "疾病和诊断",
            "overlap": 0,
            "start_pos": 15,
            "end_pos": 20
        },
        {
            "end_pos": 45,
            "label_type": "手术",
            "overlap": 0,
            "start_pos": 37
        },
        {
            "end_pos": 53,
            "label_type": "解剖部位",
            "overlap": 0,
            "start_pos": 51
        },
        {
            "end_pos": 58,
            "label_type": "解剖部位",
            "overlap": 0,
            "start_pos": 57
        },
        {
            "end_pos": 62,
            "label_type": "解剖部位",
            "overlap": 0,
            "start_pos": 60
        },
        {
            "end_pos": 65,
            "label_type": "解剖部位",
            "overlap": 0,
            "start_pos": 63
        },
        {
            "end_pos": 79,
            "label_type": "解剖部位",
            "overlap": 0,
            "start_pos": 77
        },
        {
            "end_pos": 94,
            "label_type": "解剖部位",
            "overlap": 0,
            "start_pos": 92
        },
        {
            "end_pos": 110,
            "label_type": "解剖部位",
            "overlap": 0,
            "start_pos": 104
        },
        {
            "end_pos": 121,
            "label_type": "解剖部位",
            "overlap": 0,
            "start_pos": 120
        },
        {
            "end_pos": 128,
            "label_type": "解剖部位",
            "overlap": 0,
            "start_pos": 126
        },
        {
            "end_pos": 143,
            "label_type": "解剖部位",
            "overlap": 0,
            "start_pos": 140
        },
        {
            "label_type": "疾病和诊断",
            "overlap": 0,
            "start_pos": 147,
            "end_pos": 152
        },
        {
            "end_pos": 167,
            "label_type": "手术",
            "overlap": 0,
            "start_pos": 159
        },
        {
            "end_pos": 179,
            "label_type": "解剖部位",
            "overlap": 0,
            "start_pos": 175
        },
        {
            "label_type": "疾病和诊断",
            "overlap": 0,
            "start_pos": 182,
            "end_pos": 193
        },
        {
            "end_pos": 198,
            "label_type": "解剖部位",
            "overlap": 0,
            "start_pos": 196
        },
        {
            "label_type": "解剖部位",
            "overlap": 0,
            "start_pos": 201,
            "end_pos": 202
        },
        {
            "end_pos": 260,
            "label_type": "解剖部位",
            "overlap": 0,
            "start_pos": 255
        },
        {
            "end_pos": 380,
            "label_type": "药物",
            "overlap": 0,
            "start_pos": 377
        },
        {
            "end_pos": 397,
            "label_type": "药物",
            "overlap": 0,
            "start_pos": 393
        },
        {
            "end_pos": 414,
            "label_type": "药物",
            "overlap": 0,
            "start_pos": 410
        },
        {
            "end_pos": 434,
            "label_type": "药物",
            "overlap": 0,
            "start_pos": 431
        },
        {
            "label_type": "疾病和诊断",
            "overlap": 0,
            "start_pos": 471,
            "end_pos": 478
        },
        {
            "end_pos": 502,
            "label_type": "解剖部位",
            "overlap": 0,
            "start_pos": 501
        },
        {
            "end_pos": 505,
            "label_type": "解剖部位",
            "overlap": 0,
            "start_pos": 504
        }
    ]
}