{
    "originalText": "，患者1月前因“腹部不适伴黑便1月余”入院，，腰骶部平扫示：腰1压缩性骨折，，腰椎退行性变：腰2/3、3/4、4/5椎间盘突出并腰4/5水平双侧隐窝狭窄，骶1-3水平椎管局限性膨大，不除外骶管囊肿。，腹部CT示：胆囊结石，胃腔扩张、幽门部周围壁厚。，行胃镜示：胃癌伴幽门梗阻；，病理示：（胃窦、幽门）腺癌。 ，幽门螺旋杆菌染色示：阳性（1+）。于2016-04-12全麻上行根治性胃大部切除+毕I式吻合术。，术后病理示：（201607470）胃窦腺癌（中低度分化），浸润溃疡型，体积4*4*2CM，侵达浆膜脂肪组织，部分侵穿浆膜。双端切线及另送“远端”切线未查见癌。呈六组（2/9个）淋巴结癌转移。三组（2个）、四组（3个）、另送“1、3、7组”（6个）淋巴结未查见癌。，免疫组化染色示癌组织：CERBB-2（-）、SYN（-）、β-TUBULIN-III部分（+）、TS部分弱（+）、RRM1部分（+）、TOPOII部分（+）。患者为求进一步诊治，来我院就诊，门诊以“胃癌术后”收入院。   发病以来，食欲差，睡眠可，大小便正常，体重较前无明显变化。",
    "entities": [
        {
            "end_pos": 10,
            "label_type": "解剖部位",
            "overlap": 0,
            "start_pos": 8
        },
        {
            "label_type": "影像检查",
            "overlap": 0,
            "start_pos": 23,
            "end_pos": 28
        },
        {
            "label_type": "疾病和诊断",
            "overlap": 0,
            "start_pos": 30,
            "end_pos": 37
        },
        {
            "label_type": "疾病和诊断",
            "overlap": 0,
            "start_pos": 39,
            "end_pos": 45
        },
        {
            "label_type": "疾病和诊断",
            "overlap": 0,
            "start_pos": 46,
            "end_pos": 63
        },
        {
            "label_type": "疾病和诊断",
            "overlap": 0,
            "start_pos": 64,
            "end_pos": 76
        },
        {
            "label_type": "疾病和诊断",
            "overlap": 0,
            "start_pos": 77,
            "end_pos": 90
        },
        {
            "label_type": "疾病和诊断",
            "overlap": 0,
            "start_pos": 91,
            "end_pos": 98
        },
        {
            "label_type": "影像检查",
            "overlap": 0,
            "start_pos": 100,
            "end_pos": 104
        },
        {
            "label_type": "疾病和诊断",
            "overlap": 0,
            "start_pos": 106,
            "end_pos": 110
        },
        {
            "end_pos": 112,
            "label_type": "解剖部位",
            "overlap": 0,
            "start_pos": 111
        },
        {
            "end_pos": 118,
            "label_type": "解剖部位",
            "overlap": 0,
            "start_pos": 116
        },
        {
            "label_type": "疾病和诊断",
            "overlap": 0,
            "start_pos": 130,
            "end_pos": 137
        },
        {
            "label_type": "疾病和诊断",
            "overlap": 0,
            "start_pos": 143,
            "end_pos": 152
        },
        {
            "label_type": "实验室检验",
            "overlap": 0,
            "start_pos": 155,
            "end_pos": 163
        },
        {
            "label_type": "手术",
            "overlap": 0,
            "start_pos": 187,
            "end_pos": 202
        },
        {
            "label_type": "疾病和诊断",
            "overlap": 0,
            "start_pos": 221,
            "end_pos": 232
        },
        {
            "label_type": "解剖部位",
            "overlap": 0,
            "start_pos": 284,
            "end_pos": 295
        },
        {
            "label_type": "解剖部位",
            "overlap": 0,
            "start_pos": 299,
            "end_pos": 330
        },
        {
            "label_type": "疾病和诊断",
            "overlap": 0,
            "start_pos": 435,
            "end_pos": 439
        }
    ]
}