{
    "originalText": "患者6周前因“血便伴大便习惯改变1月余”,确诊为“1、乙状结肠腺癌并肝转移2、两肺结节 转移瘤？”后，完善检查，无手术禁忌症，于2013-12-27全麻上行姑息性“乙状结肠切除”，术顺，术后恢复可，术后病理结果回示：1（乙状结肠） 镜检为结肠中至低分化管状腺癌，癌组织浸润至肠壁浆膜层外脂肪结缔组织，可见神经束侵犯及脉管内癌栓。2（近切缘）未见癌。3（远切缘）未见癌。4（中央组淋巴结）4枚，未见癌。5（中间组淋巴结）2枚，未见癌，另见2枚肿瘤种植结节。6（肠周淋巴结）6枚，1/6见腺癌转移。术后预防感染、对症、支持治疗，术后诊断1.乙状结肠腺癌并肝转移 PT4AN1M1 IV期;2.两肺结节 转移瘤？3.子宫肌瘤4.慢性胆囊炎 5.左肾囊肿。现术后第6周，今为进一步治疗遂入我科。患者现无发热、乏力、咳嗽、气促、身目黄染等，精神睡眠可，胃纳一般，大小便可，体重无明显上降。",
    "entities": [
        {
            "label_type": "疾病和诊断",
            "overlap": 0,
            "start_pos": 27,
            "end_pos": 37
        },
        {
            "label_type": "疾病和诊断",
            "overlap": 0,
            "start_pos": 39,
            "end_pos": 47
        },
        {
            "end_pos": 88,
            "label_type": "手术",
            "overlap": 0,
            "start_pos": 78
        },
        {
            "end_pos": 114,
            "label_type": "解剖部位",
            "overlap": 0,
            "start_pos": 110
        },
        {
            "label_type": "疾病和诊断",
            "overlap": 0,
            "start_pos": 119,
            "end_pos": 130
        },
        {
            "label_type": "解剖部位",
            "overlap": 0,
            "start_pos": 137,
            "end_pos": 138
        },
        {
            "end_pos": 192,
            "label_type": "解剖部位",
            "overlap": 0,
            "start_pos": 186
        },
        {
            "end_pos": 208,
            "label_type": "解剖部位",
            "overlap": 0,
            "start_pos": 202
        },
        {
            "end_pos": 234,
            "label_type": "解剖部位",
            "overlap": 0,
            "start_pos": 229
        },
        {
            "label_type": "疾病和诊断",
            "overlap": 0,
            "start_pos": 242,
            "end_pos": 244
        },
        {
            "label_type": "疾病和诊断",
            "overlap": 0,
            "start_pos": 268,
            "end_pos": 278
        },
        {
            "label_type": "疾病和诊断",
            "overlap": 0,
            "start_pos": 294,
            "end_pos": 302
        },
        {
            "label_type": "疾病和诊断",
            "overlap": 0,
            "start_pos": 305,
            "end_pos": 309
        },
        {
            "label_type": "疾病和诊断",
            "overlap": 0,
            "start_pos": 311,
            "end_pos": 316
        },
        {
            "label_type": "疾病和诊断",
            "overlap": 0,
            "start_pos": 319,
            "end_pos": 323
        },
        {
            "end_pos": 372,
            "label_type": "解剖部位",
            "overlap": 0,
            "start_pos": 371
        }
    ]
}