{
    "originalText": "入院前5+月，患者因胃癌于2014.5.21全麻上行腹腔镜胃癌根治术中转开腹全胃切除空肠食管ROUX-ENY吻合术+横结肠部分切除术。术后抗感染补液及营养支持治疗。术后病检：（1404047）&LT;胃&GT;低分化腺癌，部分为印戒细胞癌，侵及全层，双侧切缘未见癌累及，大弯淋巴结未见癌转移(0/3),小弯淋巴结见癌转移(10/15),&LT;7、8、9组&GT;淋巴结见癌转移(8/9)，大网膜组织未见癌累及，经科内讨论于6月2日行奥沙利铂+氟尿嘧啶化疗及对症治疗。2014年07月03日患者行术后第二次化疗，2014年08月18日患者行术后第三次化疗，2014年09月25日患者行术后四次化疗，患者化疗副反应较轻，化疗后精神、食欲、睡眠尚可，未有发热，未明显见脱发，无咳嗽、咳痰，今日患者为拟行第5次化疗，到我院门诊就诊，门诊以“胃癌术后第5次化疗”收入我科住院治疗。",
    "entities": [
        {
            "label_type": "疾病和诊断",
            "overlap": 0,
            "start_pos": 10,
            "end_pos": 12
        },
        {
            "label_type": "手术",
            "overlap": 0,
            "start_pos": 26,
            "end_pos": 66
        },
        {
            "label_type": "疾病和诊断",
            "overlap": 0,
            "start_pos": 105,
            "end_pos": 119
        },
        {
            "end_pos": 140,
            "label_type": "解剖部位",
            "overlap": 0,
            "start_pos": 135
        },
        {
            "end_pos": 156,
            "label_type": "解剖部位",
            "overlap": 0,
            "start_pos": 151
        },
        {
            "label_type": "解剖部位",
            "overlap": 0,
            "start_pos": 172,
            "end_pos": 185
        },
        {
            "end_pos": 221,
            "label_type": "药物",
            "overlap": 0,
            "start_pos": 217
        },
        {
            "end_pos": 226,
            "label_type": "药物",
            "overlap": 0,
            "start_pos": 222
        },
        {
            "label_type": "疾病和诊断",
            "overlap": 0,
            "start_pos": 367,
            "end_pos": 371
        }
    ]
}