{
    "originalText": "，缘于3个月前于我院查腹部CT示：1、横结肠近脾区肠壁增厚，伴邻近脂肪间隙内数个淋巴结，考虑新生物可能，建议进一步肠镜检查。2、肝内多发占位性病变，考虑多发转移瘤。，行肠镜示：结肠癌，病理回报为（降结肠）大肠管状腺癌II级。于2013年11月21日在全麻上行“腹腔镜辅助上姑息性右半结肠切除术”，手术顺利。术后给予对症、抗感染治疗，恢复良好,伤口愈合II/甲。术后病理示“（右半结肠）大肠隆起型管状腺癌II级，侵出浆膜层，浆膜面见癌结节形成，脉管内见癌栓，手术标本双切端均未见癌浸润。找到肠周淋巴结4/18个见癌转移。，免疫组化结果：CK20（++），CK7（-），VILLIN（+++），CEA（+++），CDX-2（+++），CGA（-），SY（-），CD56（-），KI67（40%+）。”根据术后病理，肿瘤分期为PT4BN2AM1IV期。据其肿瘤分期有化疗指征，于2013-12-06以“伊立替康280MGIVGTTD1+替吉奥60MGPOBIDD1-14”方案化疗，化疗过程顺利，无明显化疗副作用。此次为化疗再次入院。自出院后饮食、夜休可，无腹痛、腹胀、发热，体重较前无明显变化。",
    "entities": [
        {
            "label_type": "影像检查",
            "overlap": 0,
            "start_pos": 11,
            "end_pos": 15
        },
        {
            "end_pos": 27,
            "label_type": "解剖部位",
            "overlap": 0,
            "start_pos": 19
        },
        {
            "end_pos": 65,
            "label_type": "解剖部位",
            "overlap": 0,
            "start_pos": 64
        },
        {
            "label_type": "疾病和诊断",
            "overlap": 0,
            "start_pos": 88,
            "end_pos": 91
        },
        {
            "label_type": "疾病和诊断",
            "overlap": 0,
            "start_pos": 97,
            "end_pos": 111
        },
        {
            "end_pos": 146,
            "label_type": "手术",
            "overlap": 0,
            "start_pos": 130
        },
        {
            "label_type": "疾病和诊断",
            "overlap": 0,
            "start_pos": 186,
            "end_pos": 204
        },
        {
            "end_pos": 249,
            "label_type": "解剖部位",
            "overlap": 0,
            "start_pos": 244
        },
        {
            "end_pos": 402,
            "label_type": "药物",
            "overlap": 0,
            "start_pos": 398
        },
        {
            "end_pos": 418,
            "label_type": "药物",
            "overlap": 0,
            "start_pos": 415
        },
        {
            "end_pos": 477,
            "label_type": "解剖部位",
            "overlap": 0,
            "start_pos": 476
        },
        {
            "end_pos": 480,
            "label_type": "解剖部位",
            "overlap": 0,
            "start_pos": 479
        }
    ]
}