{
    "originalText": "胃癌术后2年，外院检查提示左上腹包块，肾积水外院2014-4-17胃镜提示胃底体粘膜水肿，僵硬（BORRMANNIV）。活检病理为低分化腺癌，部分印戒。2014.4.30行胃癌根治术，术中不详，术后病理：胃小弯弥漫浸润性低分化腺癌，部分为印戒，3X3CM，侵润胃壁全层，切缘、大网膜无癌累及，小弯侧大弯侧淋巴结10枚无癌转移。HER-2( 0) 。现术后恢复可，可进少量半流食，进食后无明显不适，体重较术前上降约5KG近期检查发现左上腹肿块，左肾积水。",
    "entities": [
        {
            "label_type": "疾病和诊断",
            "overlap": 0,
            "start_pos": 0,
            "end_pos": 4
        },
        {
            "end_pos": 16,
            "label_type": "解剖部位",
            "overlap": 0,
            "start_pos": 13
        },
        {
            "label_type": "疾病和诊断",
            "overlap": 0,
            "start_pos": 19,
            "end_pos": 22
        },
        {
            "label_type": "解剖部位",
            "overlap": 0,
            "start_pos": 37,
            "end_pos": 39
        },
        {
            "label_type": "疾病和诊断",
            "overlap": 0,
            "start_pos": 65,
            "end_pos": 70
        },
        {
            "end_pos": 91,
            "label_type": "手术",
            "overlap": 0,
            "start_pos": 86
        },
        {
            "label_type": "疾病和诊断",
            "overlap": 0,
            "start_pos": 102,
            "end_pos": 115
        },
        {
            "label_type": "解剖部位",
            "overlap": 0,
            "start_pos": 130,
            "end_pos": 131
        },
        {
            "label_type": "解剖部位",
            "overlap": 0,
            "start_pos": 146,
            "end_pos": 155
        },
        {
            "end_pos": 218,
            "label_type": "解剖部位",
            "overlap": 0,
            "start_pos": 215
        },
        {
            "label_type": "疾病和诊断",
            "overlap": 0,
            "start_pos": 221,
            "end_pos": 225
        }
    ]
}