{
    "originalText": "，患者于4年余前在我科行剖腹探查+乙状结肠肿瘤切除＋近端造口、远端封闭+结肠减压，3年余前行乙状结肠造口还纳术，已于2012年8月完成FOLFRI化疗方案五次，2014年3月入院复查发现卵巢转移，遂行经腹全子宫+两附件切除术+阑尾切除术+大网膜切除+左侧淋巴结清扫术+盆腔粘连松解，术中冰冻病理结果示左卵巢腺癌；手术顺利，术后患者恢复可，半年前*****行CT检查后发现发现网膜及系膜多发肿瘤转移，遂行规范XELOX化疗4次。1月前，患者因“乙状结肠癌术后3年余，肛门停止排气排便7天”入院。，入院后全腹部增强CT提示：结肠CA伴卵巢转移术后改变，小肠梗阻，考虑末端回肠粘连狭窄所致可能。遂于2015-12-03在全麻上行剖腹探查+肠粘连松解+左半结肠切除术，手术顺利，，术中冰冻切片提示：（左半结肠）腺癌，双切端未见癌累及。，术后病理诊断：左半结肠中分化管状腺癌，浸及肠壁全层，脉管内见癌栓。双切端未见癌累及。肠壁下淋巴结未见癌转移（0/10）。患者入院前无发热、寒战，无恶心、呕吐，无反酸、嗳气，今为行第5次化疗前来我院，门诊拟“乙状结肠癌、卵巢转移”收入我科。\\U0004   患者自起病以来，精神可，胃纳可，大便如常，小便如常，体重未见明显上降。",
    "entities": [
        {
            "label_type": "手术",
            "overlap": 0,
            "start_pos": 12,
            "end_pos": 40
        },
        {
            "end_pos": 55,
            "label_type": "手术",
            "overlap": 0,
            "start_pos": 46
        },
        {
            "label_type": "疾病和诊断",
            "overlap": 0,
            "start_pos": 93,
            "end_pos": 97
        },
        {
            "label_type": "手术",
            "overlap": 0,
            "start_pos": 100,
            "end_pos": 140
        },
        {
            "label_type": "疾病和诊断",
            "overlap": 0,
            "start_pos": 150,
            "end_pos": 155
        },
        {
            "label_type": "影像检查",
            "overlap": 0,
            "start_pos": 178,
            "end_pos": 180
        },
        {
            "label_type": "疾病和诊断",
            "overlap": 0,
            "start_pos": 187,
            "end_pos": 198
        },
        {
            "label_type": "疾病和诊断",
            "overlap": 0,
            "start_pos": 221,
            "end_pos": 228
        },
        {
            "end_pos": 234,
            "label_type": "解剖部位",
            "overlap": 0,
            "start_pos": 232
        },
        {
            "label_type": "影像检查",
            "overlap": 0,
            "start_pos": 250,
            "end_pos": 257
        },
        {
            "label_type": "疾病和诊断",
            "overlap": 0,
            "start_pos": 260,
            "end_pos": 271
        },
        {
            "label_type": "疾病和诊断",
            "overlap": 0,
            "start_pos": 274,
            "end_pos": 278
        },
        {
            "end_pos": 285,
            "label_type": "解剖部位",
            "overlap": 0,
            "start_pos": 281
        },
        {
            "label_type": "手术",
            "overlap": 0,
            "start_pos": 311,
            "end_pos": 329
        },
        {
            "label_type": "疾病和诊断",
            "overlap": 0,
            "start_pos": 345,
            "end_pos": 353
        },
        {
            "label_type": "疾病和诊断",
            "overlap": 0,
            "start_pos": 371,
            "end_pos": 382
        },
        {
            "label_type": "解剖部位",
            "overlap": 0,
            "start_pos": 385,
            "end_pos": 386
        },
        {
            "label_type": "解剖部位",
            "overlap": 0,
            "start_pos": 406,
            "end_pos": 412
        },
        {
            "label_type": "疾病和诊断",
            "overlap": 0,
            "start_pos": 467,
            "end_pos": 477
        },
        {
            "end_pos": 505,
            "label_type": "解剖部位",
            "overlap": 0,
            "start_pos": 504
        }
    ]
}