{
    "originalText": "，缘于入院前1月于我院诊为回盲部癌，于2015-06-23在全麻上行腹腔镜上左半结肠切除术，，术中见：腹腔内无明显出血，无明显腹水，于回盲部见肿瘤，大小约6×5×4CM，累及回肠末端约3.0CM，侵出浆膜层，与周围组织无明显粘连，未形成梗阻，近端肠管无扩张，周围及肠系膜根部未见明显肿大淋巴结。术后病理（201523144）示(左半结肠)，：肠浸润性管状腺癌II级，侵犯回盲瓣及回肠，侵及浆膜层，见神经侵犯，手术标本双切端及另送（下切端）（上切端）均未见癌浸润，找到阑尾根部淋巴结3个，回肠周淋巴结7个，结肠周围淋巴结26个，另送(回结肠动脉根部）淋巴结4个，(结肠中动脉根部）淋巴结4个，均未见癌转移；慢性阑尾炎。该病例未检测到KRAS基因12、13号密码子热点突变。该病例未检测到BRAF基因V600E突变。，术后给予对症、营养支持等治疗，恢复良好,伤口愈合II/甲。此次为行第1次化疗再次就诊我院，门诊拟回盲部癌术后收入院。下次出院以来精神、睡眠、饮食可，无腹痛、腹胀、发热，大小便正常，体重较前无明显变化。",
    "entities": [
        {
            "label_type": "疾病和诊断",
            "overlap": 0,
            "start_pos": 13,
            "end_pos": 17
        },
        {
            "end_pos": 45,
            "label_type": "手术",
            "overlap": 0,
            "start_pos": 34
        },
        {
            "end_pos": 53,
            "label_type": "解剖部位",
            "overlap": 0,
            "start_pos": 51
        },
        {
            "end_pos": 70,
            "label_type": "解剖部位",
            "overlap": 0,
            "start_pos": 67
        },
        {
            "end_pos": 91,
            "label_type": "解剖部位",
            "overlap": 0,
            "start_pos": 87
        },
        {
            "end_pos": 125,
            "label_type": "解剖部位",
            "overlap": 0,
            "start_pos": 123
        },
        {
            "end_pos": 137,
            "label_type": "解剖部位",
            "overlap": 0,
            "start_pos": 132
        },
        {
            "end_pos": 146,
            "label_type": "解剖部位",
            "overlap": 0,
            "start_pos": 143
        },
        {
            "end_pos": 168,
            "label_type": "解剖部位",
            "overlap": 0,
            "start_pos": 164
        },
        {
            "label_type": "疾病和诊断",
            "overlap": 0,
            "start_pos": 171,
            "end_pos": 182
        },
        {
            "end_pos": 188,
            "label_type": "解剖部位",
            "overlap": 0,
            "start_pos": 185
        },
        {
            "end_pos": 191,
            "label_type": "解剖部位",
            "overlap": 0,
            "start_pos": 189
        },
        {
            "end_pos": 240,
            "label_type": "解剖部位",
            "overlap": 0,
            "start_pos": 233
        },
        {
            "end_pos": 249,
            "label_type": "解剖部位",
            "overlap": 0,
            "start_pos": 243
        },
        {
            "end_pos": 259,
            "label_type": "解剖部位",
            "overlap": 0,
            "start_pos": 252
        },
        {
            "end_pos": 277,
            "label_type": "解剖部位",
            "overlap": 0,
            "start_pos": 265
        },
        {
            "end_pos": 292,
            "label_type": "解剖部位",
            "overlap": 0,
            "start_pos": 280
        },
        {
            "label_type": "疾病和诊断",
            "overlap": 0,
            "start_pos": 302,
            "end_pos": 307
        },
        {
            "label_type": "疾病和诊断",
            "overlap": 0,
            "start_pos": 405,
            "end_pos": 411
        },
        {
            "end_pos": 433,
            "label_type": "解剖部位",
            "overlap": 0,
            "start_pos": 432
        },
        {
            "end_pos": 436,
            "label_type": "解剖部位",
            "overlap": 0,
            "start_pos": 435
        }
    ]
}