{
    "originalText": "，患者4月前因“胃癌”于2017-05-04在我院于全麻上行胃癌癌根治术（远端胃大部切除+毕I式吻合术），手术过程顺利，术后给予抗感染及营养支持治疗，患者恢复好，切口愈合良好，病愈出院。，术后病理示：（201710017）胃窦前壁腺癌（低分化）粘液性印戒，面积5*4.5CM，厚1.2CM，侵达浆膜。双端切线未查见癌。三组（5个）、四组（4个）、七组（1个）、“1、3、7组”（12个）淋巴结，未查见癌。，免疫组化染色示：CERB-2（-）、SYN少量（+）、β-TUBULIN-III部分（+）、RRM1（-）、TOPO II少量（+），于我院行化疗，，化疗方案为：奥沙利铂200MG D1+亚叶酸钙0.3D2-6 +氟尿嘧啶750MG D2-6 静滴，同时予以升白细胞、止吐、抑酸、保肝、免疫增强治疗。   院外期间患者一般情况好，无恶心，无腹痛腹胀胀不适，现患者为行复查及化疗再次来院就诊，门诊以“胃癌术后”收入院。   近期患者一般情况良好，神志清，精神良好，饮食、睡眠良好，大便次数多，小便正常，近期体重无明显变化。",
    "entities": [
        {
            "label_type": "疾病和诊断",
            "overlap": 0,
            "start_pos": 8,
            "end_pos": 10
        },
        {
            "label_type": "手术",
            "overlap": 0,
            "start_pos": 30,
            "end_pos": 52
        },
        {
            "label_type": "疾病和诊断",
            "overlap": 0,
            "start_pos": 111,
            "end_pos": 127
        },
        {
            "label_type": "解剖部位",
            "overlap": 0,
            "start_pos": 159,
            "end_pos": 196
        },
        {
            "end_pos": 288,
            "label_type": "药物",
            "overlap": 0,
            "start_pos": 284
        },
        {
            "end_pos": 301,
            "label_type": "药物",
            "overlap": 0,
            "start_pos": 297
        },
        {
            "end_pos": 314,
            "label_type": "药物",
            "overlap": 0,
            "start_pos": 310
        },
        {
            "end_pos": 345,
            "label_type": "解剖部位",
            "overlap": 0,
            "start_pos": 344
        },
        {
            "end_pos": 374,
            "label_type": "解剖部位",
            "overlap": 0,
            "start_pos": 373
        },
        {
            "end_pos": 376,
            "label_type": "解剖部位",
            "overlap": 0,
            "start_pos": 375
        },
        {
            "label_type": "疾病和诊断",
            "overlap": 0,
            "start_pos": 402,
            "end_pos": 406
        }
    ]
}