{
    "originalText": "，缘于入院前2个月因诊断为“胃癌”，于2014年12月09日在我院全麻上行“根治性远端胃大部切除术，ROUX-Y吻合，D2，R0”，术顺，术后予以制酸、保肝、增强免疫力、抗肿瘤、抗感染、抑制消化液分泌及对症支持治疗。术后病理（201443329），：(远端胃)，：胃角溃疡型粘液腺癌，部分为印戒细胞癌，侵出浆膜外，手术标本下、上切端均未见癌浸润，找到小弯淋巴结2/14个，大弯淋巴结0/7个，幽门上淋巴结2/15个，见癌转移。（201443369），：找到(第7组)淋巴结0/1个、(第8组)淋巴结2/2个、(第9组)淋巴结0/1个，见癌转移。2015.01.09按“奥沙利铂150MGD1多柔比星脂质体（里葆多）40MGD2希罗达1000MGD1-14”行第1周期术后辅助化疗，辅以护胃，保肝，止呕吐等对症处理。1天前无明显诱因出现发热，无寒战，无肢体抽搐，遂来我院就诊，门诊拟“胃角溃疡型粘液腺癌（PT4AN2M0IIIB期）术后化疗，发热待查”收住入院。自发病以来，患者精神、饮食、睡眠尚可，大小便正常，体重未见明显变化。",
    "entities": [
        {
            "label_type": "疾病和诊断",
            "overlap": 0,
            "start_pos": 14,
            "end_pos": 16
        },
        {
            "end_pos": 49,
            "label_type": "手术",
            "overlap": 0,
            "start_pos": 38
        },
        {
            "end_pos": 58,
            "label_type": "手术",
            "overlap": 0,
            "start_pos": 50
        },
        {
            "end_pos": 78,
            "label_type": "解剖部位",
            "overlap": 0,
            "start_pos": 77
        },
        {
            "end_pos": 129,
            "label_type": "解剖部位",
            "overlap": 0,
            "start_pos": 126
        },
        {
            "label_type": "疾病和诊断",
            "overlap": 0,
            "start_pos": 132,
            "end_pos": 150
        },
        {
            "end_pos": 180,
            "label_type": "解剖部位",
            "overlap": 0,
            "start_pos": 175
        },
        {
            "end_pos": 191,
            "label_type": "解剖部位",
            "overlap": 0,
            "start_pos": 186
        },
        {
            "end_pos": 202,
            "label_type": "解剖部位",
            "overlap": 0,
            "start_pos": 196
        },
        {
            "label_type": "解剖部位",
            "overlap": 0,
            "start_pos": 228,
            "end_pos": 236
        },
        {
            "label_type": "解剖部位",
            "overlap": 0,
            "start_pos": 241,
            "end_pos": 249
        },
        {
            "label_type": "解剖部位",
            "overlap": 0,
            "start_pos": 254,
            "end_pos": 262
        },
        {
            "end_pos": 288,
            "label_type": "药物",
            "overlap": 0,
            "start_pos": 284
        },
        {
            "end_pos": 302,
            "label_type": "药物",
            "overlap": 0,
            "start_pos": 295
        },
        {
            "end_pos": 306,
            "label_type": "药物",
            "overlap": 0,
            "start_pos": 303
        },
        {
            "end_pos": 316,
            "label_type": "药物",
            "overlap": 0,
            "start_pos": 313
        },
        {
            "end_pos": 344,
            "label_type": "解剖部位",
            "overlap": 0,
            "start_pos": 343
        },
        {
            "end_pos": 347,
            "label_type": "解剖部位",
            "overlap": 0,
            "start_pos": 346
        },
        {
            "label_type": "疾病和诊断",
            "overlap": 0,
            "start_pos": 391,
            "end_pos": 417
        },
        {
            "label_type": "疾病和诊断",
            "overlap": 0,
            "start_pos": 420,
            "end_pos": 424
        }
    ]
}