{
    "originalText": "，患者3月余前无明显诱因出现下腹部疼隐痛，程度轻微，可自行忍受，予抑酸等处理后疼痛可缓解，腹痛无向腰背部放射，无腹胀、腹泻，无恶心、呕吐，无便血、黑便。遂就诊于我院，，查胃镜示：胃窦幽门前见一溃疡型肿物，胃窦腔变形，狭窄。，活检提示：（胃窦幽门前溃疡型肿物活检）镜检为中至低分化腺癌，LAUREN，分型：考虑混合型。入院后完善相关检查，未见明显手术禁忌，有手术适应症，于2017-04-07在我院行“腹腔镜胃癌根治术”，术程顺利，术后恢复良好。，病理检查：（胃大体）镜检为胃中至低分化腺癌，LAUREN，分型：混合型，癌组织浸润至胃壁浆膜层，可见脉管内癌栓及神经束侵犯；网膜组织未见癌。（近切缘）（远切缘），镜上：粘膜慢性炎，局灶腺体伴轻度不典型增生及肠下皮化生。（淋巴结）6/52见腺癌转移；，免疫组化：VEGF（局灶弱+），HER-2（0），CK（+）。，原位杂交：EBERS（-）。术后分期为T4N2M0 IIIB期，术后恢复可，双便正常，体重上降20+斤。术后于2017-05-04行XELOX方案化疗1程，现按主诊教授意见收入我科。",
    "entities": [
        {
            "label_type": "解剖部位",
            "overlap": 0,
            "start_pos": 14,
            "end_pos": 16
        },
        {
            "end_pos": 46,
            "label_type": "解剖部位",
            "overlap": 0,
            "start_pos": 45
        },
        {
            "label_type": "解剖部位",
            "overlap": 0,
            "start_pos": 49,
            "end_pos": 50
        },
        {
            "label_type": "解剖部位",
            "overlap": 0,
            "start_pos": 50,
            "end_pos": 51
        },
        {
            "end_pos": 57,
            "label_type": "解剖部位",
            "overlap": 0,
            "start_pos": 56
        },
        {
            "end_pos": 60,
            "label_type": "解剖部位",
            "overlap": 0,
            "start_pos": 59
        },
        {
            "label_type": "解剖部位",
            "overlap": 0,
            "start_pos": 89,
            "end_pos": 91
        },
        {
            "label_type": "解剖部位",
            "overlap": 0,
            "start_pos": 91,
            "end_pos": 93
        },
        {
            "label_type": "解剖部位",
            "overlap": 0,
            "start_pos": 102,
            "end_pos": 104
        },
        {
            "label_type": "解剖部位",
            "overlap": 0,
            "start_pos": 118,
            "end_pos": 120
        },
        {
            "label_type": "解剖部位",
            "overlap": 0,
            "start_pos": 120,
            "end_pos": 122
        },
        {
            "label_type": "疾病和诊断",
            "overlap": 0,
            "start_pos": 134,
            "end_pos": 141
        },
        {
            "end_pos": 208,
            "label_type": "手术",
            "overlap": 0,
            "start_pos": 200
        },
        {
            "end_pos": 230,
            "label_type": "解剖部位",
            "overlap": 0,
            "start_pos": 229
        },
        {
            "label_type": "疾病和诊断",
            "overlap": 0,
            "start_pos": 236,
            "end_pos": 251
        },
        {
            "label_type": "解剖部位",
            "overlap": 0,
            "start_pos": 265,
            "end_pos": 266
        },
        {
            "end_pos": 327,
            "label_type": "解剖部位",
            "overlap": 0,
            "start_pos": 326
        },
        {
            "label_type": "疾病和诊断",
            "overlap": 0,
            "start_pos": 342,
            "end_pos": 344
        }
    ]
}