{
    "originalText": "，患者因“乙状结肠癌”于2012-11-30在我院于全麻上行乙状结肠癌根治术，手术过程顺利，术后给予抗感染及营养支持治疗，患者恢复好，切口愈合良好。，术后病理示：（13304.2012）(乙状结肠）腺癌（中度分化，部分为粘液腺癌图像），符合绒毛状管状腺瘤癌变，面积为4*3.5CM，侵穿浆膜，双侧切线及另送“近端”、“远端”切线未查见癌。一站淋巴结（9个）、中间组淋巴结（7个）未查见癌。查无化疗禁忌后，分别于2012-12-20、2013-1-21、2013-2-16行3次化疗治疗，，化疗方案为：奥沙利铂150MG D1，亚叶酸钙0.3G+替加氟1.0G D2-D6，同时给与升白细胞、护肝、止吐、免疫增强治疗，患者副反应轻。   院外期间患者一般情况好，无恶心，无腹痛腹胀胀不适，现患者为行复查及化疗再次来院就诊，门诊以“乙状结肠癌术后”收入院。   近期患者精神可，饮食可，大便次数多，小便正常，近期体重无明显变化。",
    "entities": [
        {
            "label_type": "疾病和诊断",
            "overlap": 0,
            "start_pos": 5,
            "end_pos": 10
        },
        {
            "end_pos": 38,
            "label_type": "手术",
            "overlap": 0,
            "start_pos": 30
        },
        {
            "label_type": "疾病和诊断",
            "overlap": 0,
            "start_pos": 93,
            "end_pos": 129
        },
        {
            "label_type": "解剖部位",
            "overlap": 0,
            "start_pos": 169,
            "end_pos": 174
        },
        {
            "label_type": "解剖部位",
            "overlap": 0,
            "start_pos": 179,
            "end_pos": 185
        },
        {
            "end_pos": 254,
            "label_type": "药物",
            "overlap": 0,
            "start_pos": 250
        },
        {
            "end_pos": 267,
            "label_type": "药物",
            "overlap": 0,
            "start_pos": 263
        },
        {
            "end_pos": 275,
            "label_type": "药物",
            "overlap": 0,
            "start_pos": 272
        },
        {
            "end_pos": 297,
            "label_type": "解剖部位",
            "overlap": 0,
            "start_pos": 296
        },
        {
            "end_pos": 336,
            "label_type": "解剖部位",
            "overlap": 0,
            "start_pos": 335
        },
        {
            "end_pos": 338,
            "label_type": "解剖部位",
            "overlap": 0,
            "start_pos": 337
        },
        {
            "label_type": "疾病和诊断",
            "overlap": 0,
            "start_pos": 364,
            "end_pos": 371
        }
    ]
}