{
    "originalText": "患者于2015.10.28在我院因“绝经2年后阴道不规则流血2月”行经腹广泛性子宫+两附件切除术+盆腔淋巴结清扫术，手术顺利，术后病理示：（38711.15）（宫颈）中低分化鳞状细胞癌，肿瘤切面积4.8×2.6CM，侵及宫颈全层及宫颈内口；阴道壁、右左宫旁组织未查见癌；右闭孔淋巴结4枚（0/4）、左闭孔淋巴结5枚（0/5）均未查见转移癌；右髂血管淋巴结9枚，其中8枚查见转移癌（8/9），左髂血管淋巴结7枚，其中1枚查见转移癌（1/7）；萎缩性子宫内膜，两侧输卵管大致正常，两侧卵巢白体。于2015.11.13行紫杉醇+顺铂化疗1周期，化疗过程中出现紫杉醇过敏，后于2015.12.09改为力朴素270MG+顺铂120MG化疗1周期，未诉明显不适。后为行进一步治疗转入我科，排除放化疗禁忌后，给予局部放疗计划，计划量DT=4500CGY/25F，同时顺铂40MG D1-3+力扑素270MG D1化疗1周期，过程顺利，无明显不适。后为行进一步诊治，就诊我院。排除化疗禁忌后于2016.2.16给予力扑素270MG D1+顺铂40MG D1-3化疗1周期，过程顺利，无明显不适。现为行上周期化疗再次收入我科。患者自下次出院以来，饮食睡眠可，大小便正常，体重无明显改变。",
    "entities": [
        {
            "end_pos": 25,
            "label_type": "解剖部位",
            "overlap": 0,
            "start_pos": 23
        },
        {
            "label_type": "手术",
            "overlap": 0,
            "start_pos": 34,
            "end_pos": 57
        },
        {
            "label_type": "疾病和诊断",
            "overlap": 0,
            "start_pos": 79,
            "end_pos": 92
        },
        {
            "end_pos": 112,
            "label_type": "解剖部位",
            "overlap": 0,
            "start_pos": 110
        },
        {
            "label_type": "解剖部位",
            "overlap": 0,
            "start_pos": 115,
            "end_pos": 117
        },
        {
            "end_pos": 123,
            "label_type": "解剖部位",
            "overlap": 0,
            "start_pos": 120
        },
        {
            "end_pos": 141,
            "label_type": "解剖部位",
            "overlap": 0,
            "start_pos": 135
        },
        {
            "end_pos": 155,
            "label_type": "解剖部位",
            "overlap": 0,
            "start_pos": 149
        },
        {
            "end_pos": 177,
            "label_type": "解剖部位",
            "overlap": 0,
            "start_pos": 170
        },
        {
            "end_pos": 202,
            "label_type": "解剖部位",
            "overlap": 0,
            "start_pos": 195
        },
        {
            "label_type": "解剖部位",
            "overlap": 0,
            "start_pos": 223,
            "end_pos": 225
        },
        {
            "label_type": "解剖部位",
            "overlap": 0,
            "start_pos": 228,
            "end_pos": 233
        },
        {
            "label_type": "解剖部位",
            "overlap": 0,
            "start_pos": 238,
            "end_pos": 244
        },
        {
            "end_pos": 260,
            "label_type": "药物",
            "overlap": 0,
            "start_pos": 257
        },
        {
            "end_pos": 263,
            "label_type": "药物",
            "overlap": 0,
            "start_pos": 261
        },
        {
            "end_pos": 279,
            "label_type": "药物",
            "overlap": 0,
            "start_pos": 276
        },
        {
            "end_pos": 299,
            "label_type": "药物",
            "overlap": 0,
            "start_pos": 296
        },
        {
            "end_pos": 307,
            "label_type": "药物",
            "overlap": 0,
            "start_pos": 305
        },
        {
            "end_pos": 378,
            "label_type": "药物",
            "overlap": 0,
            "start_pos": 376
        },
        {
            "end_pos": 391,
            "label_type": "药物",
            "overlap": 0,
            "start_pos": 388
        },
        {
            "end_pos": 452,
            "label_type": "药物",
            "overlap": 0,
            "start_pos": 449
        },
        {
            "end_pos": 463,
            "label_type": "药物",
            "overlap": 0,
            "start_pos": 461
        }
    ]
}