{
    "originalText": "，2017年02月17日在全麻上行腹腔镜探查，根治性全胃切除术。，术后病理：（全胃和大网膜），切除： - 溃疡型低分化腺癌，LAUREN，分型：混合型； - 位于粘膜层； - 未见脉管癌栓； - （食管断端）、（十二指肠残端）未见癌； - 大网膜未见癌； - 淋巴结未见癌转移（第1组0/3、第2组0/2、第3组0/0、第4D组0/1、第4SA组0/0、第5组0/2、第7组0/3、第8A组0/1、第8P组0/2、第9组0/2、第11D组0/3、第12A组0/0、第6组0/3、第11P组0/4、第4SB组0/0）； - ，肿瘤病理分期：PT1AN0。，免疫组化结果显示:CD56(－),CGA(－),CK(+),KI-67(+40%),SYN(－)。术后恢复可。，术后基线：胸CT（-),腹盆，CT：盆腔少量积液，较前增多。2017-3-15 C125 76.84。",
    "entities": [
        {
            "label_type": "解剖部位",
            "overlap": 0,
            "start_pos": 17,
            "end_pos": 31
        },
        {
            "end_pos": 41,
            "label_type": "解剖部位",
            "overlap": 0,
            "start_pos": 40
        },
        {
            "label_type": "疾病和诊断",
            "overlap": 0,
            "start_pos": 53,
            "end_pos": 61
        },
        {
            "label_type": "解剖部位",
            "overlap": 0,
            "start_pos": 99,
            "end_pos": 101
        },
        {
            "end_pos": 110,
            "label_type": "解剖部位",
            "overlap": 0,
            "start_pos": 106
        },
        {
            "label_type": "影像检查",
            "overlap": 0,
            "start_pos": 338,
            "end_pos": 341
        },
        {
            "label_type": "影像检查",
            "overlap": 0,
            "start_pos": 345,
            "end_pos": 350
        },
        {
            "end_pos": 353,
            "label_type": "解剖部位",
            "overlap": 0,
            "start_pos": 351
        }
    ]
}