{
    "originalText": "，缘于入院前44天因“盲肠癌”于2016.05.30在全麻上行“腹腔镜上左半结肠根治性切除术”，，术中见：腹腔内无明显出血，无明显腹水，肿瘤位于盲肠，肿瘤侵犯左外侧腹壁，未形成梗阻，近端肠管无扩张，周围可见数个肿大淋巴结。术后病理（201618360），示：(左半结肠)，：结肠溃疡型管状腺癌II级，伴坏死，侵出外膜层；回肠末端淋巴组织增生。手术标本回肠切端、结肠切端及另送（近切端）、（远切端）均未见癌浸润。找到回肠周淋巴结1/5个、结肠周淋巴结3/10个，及另送(回结肠动脉根部)淋巴结2/2，见癌转移。，免疫组化：13号KI67（60%+），CK8（+++），CEA（+++），P53（-）；22号KI67（生发中心80%+，滤泡间区2%+），CD3（T细胞+++），CD20（B细胞+++），BCL-2（+++）。术后给予对症、营养支持等治疗，恢复良好,伤口愈合II/甲。并于2016.06.23予“奥沙利铂150MGIVGTTD1+卡培他滨片1000MGPOBIDD1-14”方案化疗1周期，辅以制酸、保肝、止吐等预处理，化疗过程顺利，无明显不适。此次为化疗再次就诊我院，门诊拟“盲肠癌术后化疗”收入院。下次出院以来精神、睡眠、饮食可，无腹痛、腹胀、发热，大小便正常，体重较前无明显变化。",
    "entities": [
        {
            "label_type": "疾病和诊断",
            "overlap": 0,
            "start_pos": 11,
            "end_pos": 14
        },
        {
            "end_pos": 46,
            "label_type": "手术",
            "overlap": 0,
            "start_pos": 32
        },
        {
            "end_pos": 55,
            "label_type": "解剖部位",
            "overlap": 0,
            "start_pos": 53
        },
        {
            "end_pos": 66,
            "label_type": "解剖部位",
            "overlap": 0,
            "start_pos": 65
        },
        {
            "end_pos": 74,
            "label_type": "解剖部位",
            "overlap": 0,
            "start_pos": 72
        },
        {
            "label_type": "解剖部位",
            "overlap": 0,
            "start_pos": 82,
            "end_pos": 83
        },
        {
            "label_type": "解剖部位",
            "overlap": 0,
            "start_pos": 93,
            "end_pos": 94
        },
        {
            "end_pos": 134,
            "label_type": "解剖部位",
            "overlap": 0,
            "start_pos": 130
        },
        {
            "label_type": "疾病和诊断",
            "overlap": 0,
            "start_pos": 137,
            "end_pos": 149
        },
        {
            "label_type": "解剖部位",
            "overlap": 0,
            "start_pos": 160,
            "end_pos": 162
        },
        {
            "end_pos": 177,
            "label_type": "解剖部位",
            "overlap": 0,
            "start_pos": 175
        },
        {
            "end_pos": 182,
            "label_type": "解剖部位",
            "overlap": 0,
            "start_pos": 180
        },
        {
            "end_pos": 213,
            "label_type": "解剖部位",
            "overlap": 0,
            "start_pos": 207
        },
        {
            "end_pos": 224,
            "label_type": "解剖部位",
            "overlap": 0,
            "start_pos": 218
        },
        {
            "end_pos": 245,
            "label_type": "解剖部位",
            "overlap": 0,
            "start_pos": 233
        },
        {
            "end_pos": 408,
            "label_type": "药物",
            "overlap": 0,
            "start_pos": 404
        },
        {
            "end_pos": 425,
            "label_type": "药物",
            "overlap": 0,
            "start_pos": 421
        },
        {
            "end_pos": 458,
            "label_type": "解剖部位",
            "overlap": 0,
            "start_pos": 457
        },
        {
            "label_type": "疾病和诊断",
            "overlap": 0,
            "start_pos": 495,
            "end_pos": 500
        },
        {
            "end_pos": 525,
            "label_type": "解剖部位",
            "overlap": 0,
            "start_pos": 524
        },
        {
            "end_pos": 528,
            "label_type": "解剖部位",
            "overlap": 0,
            "start_pos": 527
        }
    ]
}