{
    "originalText": "，患者于入院前4个月因“反复血便6个月”住我院查腹部，CT:1、乙状结肠管壁不规则增厚，符合乙状结肠CA（浸润型）改变，侵犯浆膜层，伴周围少许淋巴结。2、阑尾切除术后改变。遂于2013.11.14全麻上“腹腔镜上乙状结肠癌根治术”，术顺，术后予预防感染、营养支持、补液等治疗。，术后病理：(乙状结肠)，:肠溃疡型管状腺癌II级，侵及深肌层，侵犯神经组织，手术标本下、上切端及另送(下切端)、(上切端)均未见癌浸润，找到肠周淋巴结17个，及另送(直肠下动脉旁染色淋巴结1)淋巴结1个，(直肠下动脉旁染色淋巴结2)淋巴结1个，(肠系膜上动脉)淋巴结2个均未见癌浸润。术后恢复可，进食半流质饮食无腹痛、腹胀等不适，创口愈合良好，于2013.12.23、2014.01.12、2014.02.05、2014.02.27予以“奥沙利铂200MGIVGTTD1+希罗达1500MGPOBIDD1-14”方案化疗，化疗期间辅以预防性制酸、止吐等治疗，化疗期间未见明显不适。今为第5次化疗就诊我院，门诊拟“结肠癌术后”收住入院，自患病以来患者精神、睡眠、饮食一般，大小便正常，体重无明显改变。",
    "entities": [
        {
            "label_type": "影像检查",
            "overlap": 0,
            "start_pos": 24,
            "end_pos": 29
        },
        {
            "label_type": "解剖部位",
            "overlap": 0,
            "start_pos": 32,
            "end_pos": 36
        },
        {
            "label_type": "疾病和诊断",
            "overlap": 0,
            "start_pos": 46,
            "end_pos": 57
        },
        {
            "label_type": "手术",
            "overlap": 0,
            "start_pos": 77,
            "end_pos": 82
        },
        {
            "end_pos": 114,
            "label_type": "手术",
            "overlap": 0,
            "start_pos": 102
        },
        {
            "end_pos": 149,
            "label_type": "解剖部位",
            "overlap": 0,
            "start_pos": 145
        },
        {
            "label_type": "疾病和诊断",
            "overlap": 0,
            "start_pos": 152,
            "end_pos": 163
        },
        {
            "end_pos": 214,
            "label_type": "解剖部位",
            "overlap": 0,
            "start_pos": 209
        },
        {
            "label_type": "解剖部位",
            "overlap": 0,
            "start_pos": 222,
            "end_pos": 234
        },
        {
            "label_type": "解剖部位",
            "overlap": 0,
            "start_pos": 242,
            "end_pos": 254
        },
        {
            "end_pos": 272,
            "label_type": "解剖部位",
            "overlap": 0,
            "start_pos": 261
        },
        {
            "end_pos": 296,
            "label_type": "解剖部位",
            "overlap": 0,
            "start_pos": 295
        },
        {
            "end_pos": 299,
            "label_type": "解剖部位",
            "overlap": 0,
            "start_pos": 298
        },
        {
            "end_pos": 362,
            "label_type": "药物",
            "overlap": 0,
            "start_pos": 358
        },
        {
            "end_pos": 378,
            "label_type": "药物",
            "overlap": 0,
            "start_pos": 375
        },
        {
            "label_type": "疾病和诊断",
            "overlap": 0,
            "start_pos": 445,
            "end_pos": 450
        }
    ]
}