{
    "originalText": "，缘于入院前4个月因“乙转结肠癌”于2014年01月09日行“腹腔镜上乙状结肠癌根治术”。术后病理（201400845），：1、（乙状结肠），：大肠溃疡型乳头状-管状腺癌II级，侵及浆膜，手术标本双切端及另送（下切端）、（上切端）均未见癌浸润。找到肿物周淋巴结9个，肠周淋巴结8个，均未见癌转移。2、（肠系膜上动脉根部）送检脉管、纤维及脂肪组织。，术后给予对症、抗感染治疗，恢复良好,伤口愈合II/甲。于2014.02.04、2014.02.24、2014.03.17、2014.04.10、2014.4.30予“奥沙利铂(艾恒)200MG静滴D1+卡培他滨片(希罗达)1500MG口服BIDD1-14”方案化疗5周期，化疗过程顺利，辅以制酸、止吐等处理。此次为化疗再次入院。患者出院后饮食、夜休可，无腹痛、腹胀、发热，体重较前无明显变化。",
    "entities": [
        {
            "end_pos": 43,
            "label_type": "手术",
            "overlap": 0,
            "start_pos": 31
        },
        {
            "end_pos": 69,
            "label_type": "解剖部位",
            "overlap": 0,
            "start_pos": 65
        },
        {
            "label_type": "疾病和诊断",
            "overlap": 0,
            "start_pos": 72,
            "end_pos": 88
        },
        {
            "label_type": "解剖部位",
            "overlap": 0,
            "start_pos": 124,
            "end_pos": 130
        },
        {
            "end_pos": 138,
            "label_type": "解剖部位",
            "overlap": 0,
            "start_pos": 133
        },
        {
            "label_type": "解剖部位",
            "overlap": 0,
            "start_pos": 151,
            "end_pos": 152
        },
        {
            "end_pos": 261,
            "label_type": "药物",
            "overlap": 0,
            "start_pos": 257
        },
        {
            "end_pos": 264,
            "label_type": "药物",
            "overlap": 0,
            "start_pos": 262
        },
        {
            "end_pos": 279,
            "label_type": "药物",
            "overlap": 0,
            "start_pos": 275
        },
        {
            "end_pos": 284,
            "label_type": "药物",
            "overlap": 0,
            "start_pos": 281
        },
        {
            "end_pos": 352,
            "label_type": "解剖部位",
            "overlap": 0,
            "start_pos": 351
        },
        {
            "end_pos": 355,
            "label_type": "解剖部位",
            "overlap": 0,
            "start_pos": 354
        }
    ]
}