{
    "originalText": "，患者因“，盆腔包块：卵巢癌？”于2013-12-30我可行肿瘤细胞减灭术（全子宫切除+两附件切除+盆腔淋巴结切除+腹主动脉淋巴结切除+大网膜切除+肠粘连松解术），术程顺利，术后恢复良好。，术后病理提示：两侧卵巢见低分化腺癌浸润，形态较符合高级别浆液性腺癌，子宫体后壁外膜层及肌层见腺癌浸润，宫颈管后壁外膜层见腺癌浸润，大网膜纤维组织中见低分化腺癌浸润，两侧输卵管、宫颈及盆腔淋巴结均未见癌。结合术后病理诊断为“卵巢低分化腺癌IIIC期”，今为术后辅助化疗收入院，患者近1月以来精神可，大小便无异常，体重无明显减轻。",
    "entities": [
        {
            "end_pos": 8,
            "label_type": "解剖部位",
            "overlap": 0,
            "start_pos": 6
        },
        {
            "label_type": "疾病和诊断",
            "overlap": 0,
            "start_pos": 11,
            "end_pos": 14
        },
        {
            "label_type": "手术",
            "overlap": 0,
            "start_pos": 38,
            "end_pos": 80
        },
        {
            "label_type": "解剖部位",
            "overlap": 0,
            "start_pos": 102,
            "end_pos": 106
        },
        {
            "label_type": "疾病和诊断",
            "overlap": 0,
            "start_pos": 107,
            "end_pos": 112
        },
        {
            "label_type": "疾病和诊断",
            "overlap": 0,
            "start_pos": 120,
            "end_pos": 128
        },
        {
            "label_type": "解剖部位",
            "overlap": 0,
            "start_pos": 129,
            "end_pos": 132
        },
        {
            "label_type": "疾病和诊断",
            "overlap": 0,
            "start_pos": 141,
            "end_pos": 143
        },
        {
            "label_type": "解剖部位",
            "overlap": 0,
            "start_pos": 146,
            "end_pos": 149
        },
        {
            "label_type": "疾病和诊断",
            "overlap": 0,
            "start_pos": 155,
            "end_pos": 157
        },
        {
            "label_type": "疾病和诊断",
            "overlap": 0,
            "start_pos": 167,
            "end_pos": 174
        },
        {
            "label_type": "解剖部位",
            "overlap": 0,
            "start_pos": 177,
            "end_pos": 182
        },
        {
            "label_type": "解剖部位",
            "overlap": 0,
            "start_pos": 183,
            "end_pos": 185
        },
        {
            "label_type": "解剖部位",
            "overlap": 0,
            "start_pos": 186,
            "end_pos": 191
        },
        {
            "label_type": "疾病和诊断",
            "overlap": 0,
            "start_pos": 206,
            "end_pos": 218
        }
    ]
}