{
    "originalText": "，入院前8天（2013.12.06）因“宫颈鳞癌IB1期”就诊我院全麻上行行腹腔粘连松解术+部分大网膜切除术+广泛全子宫+两侧卵巢移位术+盆腔淋巴结清扫术，术前查，CA125：18.42U/ML，术后病理回报（201338627），：1、（全子宫），：宫颈浸润型鳞状细胞癌II级，侵及肌层（浸润深度＜1/2宫颈全层），脉管内见癌栓，手术标本阴道切端及两侧宫旁组织均未见癌浸润。宫体肌间平滑肌瘤，宫内膜呈增生状态。2、找到（右髂总）淋巴结0/6个，（右盆腔）淋巴结2/40个，（右侧腹股沟）淋巴结0/2个，（左髂总）淋巴结0/9个，（左盆腔）淋巴结1/16个见癌转移。3、（大网膜），：送检网膜组织未见癌细胞种植转移。，免疫组化：KI67（40%+），CK5/6（+++），CK(H)（+++），P63（++++），CEA（++），CK18（-），术后予补液、营养支持等治疗，恢复良好，伤口愈合II/甲。今为行第1次化疗，再次就诊我院，门诊拟“宫颈鳞癌（IB1期，II级）术后”收入院。下次出院以来，精神、睡眠、饮食好，无腹痛、腹胀、发热，大小便正常，体重较前无明显变化。",
    "entities": [
        {
            "label_type": "疾病和诊断",
            "overlap": 0,
            "start_pos": 20,
            "end_pos": 28
        },
        {
            "label_type": "手术",
            "overlap": 0,
            "start_pos": 38,
            "end_pos": 77
        },
        {
            "label_type": "实验室检验",
            "overlap": 0,
            "start_pos": 82,
            "end_pos": 87
        },
        {
            "end_pos": 123,
            "label_type": "解剖部位",
            "overlap": 0,
            "start_pos": 121
        },
        {
            "label_type": "疾病和诊断",
            "overlap": 0,
            "start_pos": 126,
            "end_pos": 139
        },
        {
            "end_pos": 172,
            "label_type": "解剖部位",
            "overlap": 0,
            "start_pos": 170
        },
        {
            "label_type": "解剖部位",
            "overlap": 0,
            "start_pos": 175,
            "end_pos": 179
        },
        {
            "label_type": "疾病和诊断",
            "overlap": 0,
            "start_pos": 188,
            "end_pos": 196
        },
        {
            "end_pos": 200,
            "label_type": "解剖部位",
            "overlap": 0,
            "start_pos": 197
        },
        {
            "end_pos": 218,
            "label_type": "解剖部位",
            "overlap": 0,
            "start_pos": 210
        },
        {
            "end_pos": 231,
            "label_type": "解剖部位",
            "overlap": 0,
            "start_pos": 223
        },
        {
            "end_pos": 247,
            "label_type": "解剖部位",
            "overlap": 0,
            "start_pos": 237
        },
        {
            "end_pos": 260,
            "label_type": "解剖部位",
            "overlap": 0,
            "start_pos": 252
        },
        {
            "end_pos": 273,
            "label_type": "解剖部位",
            "overlap": 0,
            "start_pos": 265
        },
        {
            "label_type": "疾病和诊断",
            "overlap": 0,
            "start_pos": 421,
            "end_pos": 437
        },
        {
            "end_pos": 461,
            "label_type": "解剖部位",
            "overlap": 0,
            "start_pos": 460
        },
        {
            "end_pos": 464,
            "label_type": "解剖部位",
            "overlap": 0,
            "start_pos": 463
        }
    ]
}