{
    "originalText": "，患者于3月余前因胰腺肿物于我科行胰十二指肠切除、联合胰腺体颈部切除、胃造瘘、空肠造瘘术”，，术后病理示:胰腺导管内乳头状粘连性肿瘤伴下皮重度不典型增生.术后予保肝、制酸、输白蛋白、对症等治疗。术后恢复可，予带T管、胃、空肠造瘘管、左腹腔引流管出院。2月余前T管管周出现明显渗液，呈浓稠状，，入院查下腹部CT示:腹腔积液.予行B超引导上腹腔穿刺置管引流后予抗感染、补液、保肝等处理后腹腔管、胃空肠造瘘管、T管均拔除后出院，现患者无腹痛、腹胀，无畏寒、发热，无眼黄、尿黄、皮肤黄等不适，今为进一步复查，来我院，门诊以胰十二指肠切除术后收入院。患者自发病以来饮食少，大小便无异常，体重无明显增减。",
    "entities": [
        {
            "end_pos": 11,
            "label_type": "解剖部位",
            "overlap": 0,
            "start_pos": 9
        },
        {
            "label_type": "手术",
            "overlap": 0,
            "start_pos": 17,
            "end_pos": 44
        },
        {
            "label_type": "解剖部位",
            "overlap": 0,
            "start_pos": 53,
            "end_pos": 55
        },
        {
            "label_type": "疾病和诊断",
            "overlap": 0,
            "start_pos": 58,
            "end_pos": 76
        },
        {
            "end_pos": 82,
            "label_type": "解剖部位",
            "overlap": 0,
            "start_pos": 81
        },
        {
            "end_pos": 109,
            "label_type": "解剖部位",
            "overlap": 0,
            "start_pos": 108
        },
        {
            "end_pos": 112,
            "label_type": "解剖部位",
            "overlap": 0,
            "start_pos": 110
        },
        {
            "end_pos": 119,
            "label_type": "解剖部位",
            "overlap": 0,
            "start_pos": 116
        },
        {
            "label_type": "影像检查",
            "overlap": 0,
            "start_pos": 150,
            "end_pos": 154
        },
        {
            "label_type": "疾病和诊断",
            "overlap": 0,
            "start_pos": 156,
            "end_pos": 160
        },
        {
            "end_pos": 176,
            "label_type": "手术",
            "overlap": 0,
            "start_pos": 163
        },
        {
            "end_pos": 187,
            "label_type": "解剖部位",
            "overlap": 0,
            "start_pos": 186
        },
        {
            "end_pos": 193,
            "label_type": "解剖部位",
            "overlap": 0,
            "start_pos": 191
        },
        {
            "end_pos": 198,
            "label_type": "解剖部位",
            "overlap": 0,
            "start_pos": 195
        },
        {
            "end_pos": 216,
            "label_type": "解剖部位",
            "overlap": 0,
            "start_pos": 215
        },
        {
            "end_pos": 219,
            "label_type": "解剖部位",
            "overlap": 0,
            "start_pos": 218
        },
        {
            "end_pos": 230,
            "label_type": "解剖部位",
            "overlap": 0,
            "start_pos": 229
        },
        {
            "end_pos": 237,
            "label_type": "解剖部位",
            "overlap": 0,
            "start_pos": 235
        },
        {
            "label_type": "疾病和诊断",
            "overlap": 0,
            "start_pos": 257,
            "end_pos": 266
        }
    ]
}