{
    "originalText": "，缘于入院前1年余因“食管中段癌（PT2N0M0）II期”就诊我院2013.08.12在全麻上行食管中段癌切除+食管-胃底弓下吻合术，，术中探查：胸腔无粘连，无淡黄色积液；肿物位于主动脉弓后，局部增厚约2.5CM，未累及外膜，食管旁多发淋巴结肿大。，术后病理示：（201324854）(食管)，：食管溃疡型鳞状细胞癌II级，侵及深肌层（1/2肌层），手术标本下上切端均未见癌浸润，找到食管周淋巴结3个及另送(中段食管旁）淋巴结11个，(胃右动脉旁）淋巴结14个，均未见癌转移，(贲门旁淋巴结）为血管、脂肪、纤维结缔组织及横纹肌组织。，免疫组化结果：KI67（50%），P53（+++），P170（-），GSTπ（+++），EGFR（+++）。现为术后复查再次就诊我院。下次出院至今患者无胸闷、憋气；无胸背痛；无腹痛、腹胀；无呕血、黑便；偶有返酸。饮食睡眠较好。大小便正常。体重无明显变化。",
    "entities": [
        {
            "label_type": "疾病和诊断",
            "overlap": 0,
            "start_pos": 11,
            "end_pos": 16
        },
        {
            "label_type": "手术",
            "overlap": 0,
            "start_pos": 48,
            "end_pos": 66
        },
        {
            "end_pos": 75,
            "label_type": "解剖部位",
            "overlap": 0,
            "start_pos": 73
        },
        {
            "end_pos": 94,
            "label_type": "解剖部位",
            "overlap": 0,
            "start_pos": 90
        },
        {
            "label_type": "解剖部位",
            "overlap": 0,
            "start_pos": 113,
            "end_pos": 121
        },
        {
            "end_pos": 145,
            "label_type": "解剖部位",
            "overlap": 0,
            "start_pos": 143
        },
        {
            "label_type": "疾病和诊断",
            "overlap": 0,
            "start_pos": 148,
            "end_pos": 161
        },
        {
            "end_pos": 198,
            "label_type": "解剖部位",
            "overlap": 0,
            "start_pos": 192
        },
        {
            "end_pos": 213,
            "label_type": "解剖部位",
            "overlap": 0,
            "start_pos": 203
        },
        {
            "end_pos": 227,
            "label_type": "解剖部位",
            "overlap": 0,
            "start_pos": 217
        },
        {
            "end_pos": 245,
            "label_type": "解剖部位",
            "overlap": 0,
            "start_pos": 239
        },
        {
            "end_pos": 344,
            "label_type": "解剖部位",
            "overlap": 0,
            "start_pos": 343
        },
        {
            "end_pos": 352,
            "label_type": "解剖部位",
            "overlap": 0,
            "start_pos": 350
        },
        {
            "end_pos": 356,
            "label_type": "解剖部位",
            "overlap": 0,
            "start_pos": 355
        },
        {
            "end_pos": 359,
            "label_type": "解剖部位",
            "overlap": 0,
            "start_pos": 358
        }
    ]
}