{
    "originalText": "患者因\\\"子宫肌瘤\\\"于2013年9月10日行全子宫切除术+右侧附件切除术，术后外院病理结果示子宫内膜样腺癌（中-低分化），浸润深肌层，累及宫颈管，诊断为子宫内膜癌。术后恢复可。2013-10-30、2013-11-22行TP方案化疗（多帕菲、伯尔定）2程。2013-12-12行“力朴素+伯尔定”化疗1程。现按主诊教授意见入院行上一程化疗。患者近期精神、睡眠、胃纳可，大小便无异常，体重未见明显减轻。",
    "entities": [
        {
            "label_type": "疾病和诊断",
            "overlap": 0,
            "start_pos": 5,
            "end_pos": 9
        },
        {
            "label_type": "手术",
            "overlap": 0,
            "start_pos": 23,
            "end_pos": 37
        },
        {
            "label_type": "疾病和诊断",
            "overlap": 0,
            "start_pos": 47,
            "end_pos": 61
        },
        {
            "end_pos": 73,
            "label_type": "解剖部位",
            "overlap": 0,
            "start_pos": 70
        },
        {
            "label_type": "疾病和诊断",
            "overlap": 0,
            "start_pos": 77,
            "end_pos": 82
        },
        {
            "end_pos": 121,
            "label_type": "药物",
            "overlap": 0,
            "start_pos": 118
        },
        {
            "end_pos": 125,
            "label_type": "药物",
            "overlap": 0,
            "start_pos": 122
        },
        {
            "end_pos": 144,
            "label_type": "药物",
            "overlap": 0,
            "start_pos": 141
        },
        {
            "end_pos": 148,
            "label_type": "药物",
            "overlap": 0,
            "start_pos": 145
        },
        {
            "end_pos": 182,
            "label_type": "解剖部位",
            "overlap": 0,
            "start_pos": 181
        }
    ]
}