{
    "originalText": "，患者约于6个月前因“乙状结肠癌”于2017-01-23在全麻上行“乙状结肠根治术”，手术过程顺利，术后患者恢复好，切口愈合好，按期拆线。术后病理( 201701617)，：乙状结肠粘液腺癌，浸润溃疡型，体积6.5*4*1.3CM，局部侵穿浆膜。双端切线及另送“近切线”、“远切线”未查见癌。呈一站（3/8个）、中间组（1/8个）淋巴结癌转移。，免疫组化染色示癌组织：SYN（-）、BRAF（-）、MLH1（+）、MSH2（+）、MSH6（+）、PMS2（+）。患者术后出现发热，尿培养+药敏(20170204)，: 铜绿假单胞菌，给予抗炎、退热等药物治疗后，症状逐渐缓解后出院。患者出院后规律至我院复查，给予6周期化疗，，方案为：奥沙利铂200MG D1，亚叶酸钙0.3G+氟尿嘧啶0.75G D2-D6，同时给与升白细胞、护肝、止吐、免疫增强治疗，患者副反应轻。   院外期间，患者无发热，无腹痛腹胀不适，大便通畅。现患者为行复查化疗来我科就诊，以“乙状结肠癌术后”收入院。   病人自下次出院以来，神志清，精神可，饮食可，大、小便正常，体重未见明显变化。",
    "entities": [
        {
            "label_type": "疾病和诊断",
            "overlap": 0,
            "start_pos": 11,
            "end_pos": 16
        },
        {
            "end_pos": 41,
            "label_type": "手术",
            "overlap": 0,
            "start_pos": 34
        },
        {
            "label_type": "疾病和诊断",
            "overlap": 0,
            "start_pos": 87,
            "end_pos": 95
        },
        {
            "label_type": "解剖部位",
            "overlap": 0,
            "start_pos": 147,
            "end_pos": 168
        },
        {
            "label_type": "实验室检验",
            "overlap": 0,
            "start_pos": 240,
            "end_pos": 243
        },
        {
            "label_type": "实验室检验",
            "overlap": 0,
            "start_pos": 244,
            "end_pos": 246
        },
        {
            "end_pos": 320,
            "label_type": "药物",
            "overlap": 0,
            "start_pos": 316
        },
        {
            "end_pos": 333,
            "label_type": "药物",
            "overlap": 0,
            "start_pos": 329
        },
        {
            "end_pos": 342,
            "label_type": "药物",
            "overlap": 0,
            "start_pos": 338
        },
        {
            "end_pos": 365,
            "label_type": "解剖部位",
            "overlap": 0,
            "start_pos": 364
        },
        {
            "end_pos": 399,
            "label_type": "解剖部位",
            "overlap": 0,
            "start_pos": 398
        },
        {
            "end_pos": 401,
            "label_type": "解剖部位",
            "overlap": 0,
            "start_pos": 400
        },
        {
            "label_type": "疾病和诊断",
            "overlap": 0,
            "start_pos": 427,
            "end_pos": 434
        }
    ]
}