{
    "originalText": "，患者因患“胃癌”于2017-07-10日在全麻上行全胃切除术+空肠J字代胃术，手术顺利，术后给予抗炎、抑酸、营养支持及对症支持治疗，术后病理示术后病理（201715979），示：胃体腺癌（低分化），浸润溃疡型，体积2.5*1*1.3CM，侵达浆膜。双端切线及另送“食管切线”未查见癌。一组（7个）、三组（2个）、四组（4个）、五组（1个）及六组（2个）淋巴结未查见癌。，免疫组化染色示：CERBB-2（-）、SYN（-）、β-TUBULIN-III少数（+）、RRM1（-）、TOPOII部分（+）。术后给予化疗1疗程，，方案：奥沙利铂200MG D1+亚叶酸钙0.3G D2-6 +替加氟1000MG D2-6 静滴，现患者为行复查化疗来我院就诊，门诊以“胃癌术后”收入院。自下次出院后，患者一般情况保持良好， 无乏力感，无发热，无恶心、呕吐，无反酸、嗳气，无明显进食不适，未现明显 腹痛、腹胀；大小便情况良好。目前患者精神及情绪状态可，食欲、饮食好，夜间睡眠可，大小便正常，近期无明显体重变化。",
    "entities": [
        {
            "label_type": "疾病和诊断",
            "overlap": 0,
            "start_pos": 6,
            "end_pos": 8
        },
        {
            "label_type": "手术",
            "overlap": 0,
            "start_pos": 26,
            "end_pos": 39
        },
        {
            "label_type": "疾病和诊断",
            "overlap": 0,
            "start_pos": 90,
            "end_pos": 99
        },
        {
            "end_pos": 135,
            "label_type": "解剖部位",
            "overlap": 0,
            "start_pos": 133
        },
        {
            "label_type": "解剖部位",
            "overlap": 0,
            "start_pos": 142,
            "end_pos": 180
        },
        {
            "end_pos": 269,
            "label_type": "药物",
            "overlap": 0,
            "start_pos": 265
        },
        {
            "end_pos": 282,
            "label_type": "药物",
            "overlap": 0,
            "start_pos": 278
        },
        {
            "end_pos": 296,
            "label_type": "药物",
            "overlap": 0,
            "start_pos": 293
        },
        {
            "label_type": "疾病和诊断",
            "overlap": 0,
            "start_pos": 330,
            "end_pos": 334
        },
        {
            "end_pos": 395,
            "label_type": "解剖部位",
            "overlap": 0,
            "start_pos": 394
        },
        {
            "end_pos": 398,
            "label_type": "解剖部位",
            "overlap": 0,
            "start_pos": 397
        }
    ]
}