{
    "originalText": "患者1年余前（2014-9-30）因“胃癌”于我院行胃癌根治术（毕I），术后给予消炎营养支持治疗，患者出现肠梗阻症状，于2014-10-15在全麻上行肠粘连松解术+空肠造瘘术，术后给予消炎、营养支持治疗，病情好转后出院。术中常规病理示：（胃）中分化腺癌，溃疡型，肿物切面积4.5*1CM，侵达浆膜脂肪组织，双端切缘及吻合器切缘未查见癌。小弯侧淋巴结22枚，其中2枚（2/22）查见转移；大弯侧淋巴结12枚，其中4枚（4/12）查见转移。另送网膜组织内未查见癌。后患者再次入院行奥沙利铂+CF+替加氟方案化疗8个周期，耐受良好。后患者反复腹痛，给予对症后症状均可缓解。现患者为进一步诊疗，再次来我院，门诊以“胃癌术后肠粘连”收入院。自发病以来，患者神志清，精神可，睡眠尚可，昨日排便一次，小便无明显异常，体重较下次入院无明显改变。",
    "entities": [
        {
            "label_type": "疾病和诊断",
            "overlap": 0,
            "start_pos": 19,
            "end_pos": 21
        },
        {
            "end_pos": 35,
            "label_type": "手术",
            "overlap": 0,
            "start_pos": 26
        },
        {
            "label_type": "疾病和诊断",
            "overlap": 0,
            "start_pos": 53,
            "end_pos": 56
        },
        {
            "label_type": "手术",
            "overlap": 0,
            "start_pos": 75,
            "end_pos": 87
        },
        {
            "label_type": "疾病和诊断",
            "overlap": 0,
            "start_pos": 118,
            "end_pos": 126
        },
        {
            "end_pos": 174,
            "label_type": "解剖部位",
            "overlap": 0,
            "start_pos": 168
        },
        {
            "end_pos": 199,
            "label_type": "解剖部位",
            "overlap": 0,
            "start_pos": 193
        },
        {
            "end_pos": 242,
            "label_type": "药物",
            "overlap": 0,
            "start_pos": 238
        },
        {
            "end_pos": 245,
            "label_type": "药物",
            "overlap": 0,
            "start_pos": 243
        },
        {
            "end_pos": 249,
            "label_type": "药物",
            "overlap": 0,
            "start_pos": 246
        },
        {
            "end_pos": 269,
            "label_type": "解剖部位",
            "overlap": 0,
            "start_pos": 268
        },
        {
            "label_type": "疾病和诊断",
            "overlap": 0,
            "start_pos": 303,
            "end_pos": 307
        },
        {
            "label_type": "疾病和诊断",
            "overlap": 0,
            "start_pos": 307,
            "end_pos": 310
        }
    ]
}