{
    "originalText": "，缘于入院3月余前我院诊断为贲门癌，于2015.11.06在气管插管全麻上行“腹腔镜辅助上根治性全胃切除术”，，术中见：腹腔内无腹水，腹腔内未见明显转移结节，肿瘤位于贲门，大小约5.0×5.0CM，呈浸润溃疡型，侵及浆膜层，周围有肿大淋巴结.术中诊断“贲门癌”。，术后病理示：食管胃交界处溃疡型中－低分化腺癌,侵犯浆膜层，侵犯脉管及神经组织，间质见多量淋巴细胞浸润。手术标本下切端粘膜上层可见脉管癌栓，标本上切端均未见癌浸润。找到贲门周淋巴结9/20个，小弯淋巴结0/29个，大弯淋巴结0/8个，幽门下淋巴结0/3个，幽门上淋巴结0/4个，网膜淋巴结0/1个及另送（胃右动脉根部）淋巴结1/9个见癌转移。（胃右动脉根部）淋巴结见多发下皮样结节，呈肉芽肿性炎改变。术后给予对症、营养支持等处理，恢复良好，切口愈合为II/甲。术后于2015.12.5、2015.12.27、2016.01.23予以“伊立替康240MGIVGTTD1+替吉奥60MGPOBIDD1-D14”方案化疗，辅以保胃、保肝、增强免疫、营养补液治疗。今为术后4次化疗，再次入院，门诊拟“贲门癌术后化疗”收入住院，自下次出院以来饮食、夜休可，无腹痛、腹胀、发热，体重较前无明显变化。",
    "entities": [
        {
            "label_type": "疾病和诊断",
            "overlap": 0,
            "start_pos": 14,
            "end_pos": 17
        },
        {
            "end_pos": 32,
            "label_type": "解剖部位",
            "overlap": 0,
            "start_pos": 30
        },
        {
            "end_pos": 53,
            "label_type": "手术",
            "overlap": 0,
            "start_pos": 39
        },
        {
            "end_pos": 62,
            "label_type": "解剖部位",
            "overlap": 0,
            "start_pos": 60
        },
        {
            "end_pos": 65,
            "label_type": "解剖部位",
            "overlap": 0,
            "start_pos": 64
        },
        {
            "end_pos": 69,
            "label_type": "解剖部位",
            "overlap": 0,
            "start_pos": 67
        },
        {
            "end_pos": 85,
            "label_type": "解剖部位",
            "overlap": 0,
            "start_pos": 83
        },
        {
            "label_type": "疾病和诊断",
            "overlap": 0,
            "start_pos": 126,
            "end_pos": 129
        },
        {
            "label_type": "疾病和诊断",
            "overlap": 0,
            "start_pos": 138,
            "end_pos": 154
        },
        {
            "end_pos": 221,
            "label_type": "解剖部位",
            "overlap": 0,
            "start_pos": 215
        },
        {
            "end_pos": 232,
            "label_type": "解剖部位",
            "overlap": 0,
            "start_pos": 227
        },
        {
            "end_pos": 243,
            "label_type": "解剖部位",
            "overlap": 0,
            "start_pos": 238
        },
        {
            "end_pos": 254,
            "label_type": "解剖部位",
            "overlap": 0,
            "start_pos": 248
        },
        {
            "end_pos": 265,
            "label_type": "解剖部位",
            "overlap": 0,
            "start_pos": 259
        },
        {
            "end_pos": 275,
            "label_type": "解剖部位",
            "overlap": 0,
            "start_pos": 270
        },
        {
            "end_pos": 293,
            "label_type": "解剖部位",
            "overlap": 0,
            "start_pos": 282
        },
        {
            "end_pos": 313,
            "label_type": "解剖部位",
            "overlap": 0,
            "start_pos": 302
        },
        {
            "end_pos": 402,
            "label_type": "药物",
            "overlap": 0,
            "start_pos": 398
        },
        {
            "end_pos": 418,
            "label_type": "药物",
            "overlap": 0,
            "start_pos": 415
        },
        {
            "end_pos": 443,
            "label_type": "解剖部位",
            "overlap": 0,
            "start_pos": 442
        },
        {
            "end_pos": 446,
            "label_type": "解剖部位",
            "overlap": 0,
            "start_pos": 445
        },
        {
            "label_type": "疾病和诊断",
            "overlap": 0,
            "start_pos": 477,
            "end_pos": 482
        },
        {
            "end_pos": 506,
            "label_type": "解剖部位",
            "overlap": 0,
            "start_pos": 505
        },
        {
            "end_pos": 509,
            "label_type": "解剖部位",
            "overlap": 0,
            "start_pos": 508
        }
    ]
}