{
    "originalText": "，患者因“直肠癌”于2015-06-16在我院在全麻上行根治性DIXON手术，手术过程顺利，术后患者恢复好，切口愈合好，按期拆线。，术后病理：（直肠）腺癌（中度分化），隆起型，体积8.5*7*1.5CM，侵达深肌层，底部切除面 未查见癌。 双端切线及另送“近切线”、“远切线”未查见癌。 一站（5个）、中央组（11个）、中间组（1个）淋巴结未查见癌。 ，免疫组化染色示：TS少量（+）、SYN（-）。后患者出现发热及左下腹痛，行CT检查示胆总管结石并以下水平胆系扩张，请肝胆外科会诊后给予抗生素及保肝治疗，患者症状明显好转。   院外期间患者一般情况好，无恶心，无腹痛腹胀不适，2015年9月21日门诊行结肠镜检查发现结肠多发息肉，并行内镜上结肠息肉电切术，术后恢复好，现患者为行复查再次来院就诊，为行进一步治疗，门诊以“直肠癌术后、结肠多发息肉”收入院。   近期患者精神可，饮食可，大便次数多，小便正常，近期体重无明显变化。",
    "entities": [
        {
            "label_type": "疾病和诊断",
            "overlap": 0,
            "start_pos": 5,
            "end_pos": 8
        },
        {
            "end_pos": 38,
            "label_type": "手术",
            "overlap": 0,
            "start_pos": 28
        },
        {
            "label_type": "疾病和诊断",
            "overlap": 0,
            "start_pos": 71,
            "end_pos": 83
        },
        {
            "label_type": "解剖部位",
            "overlap": 0,
            "start_pos": 143,
            "end_pos": 170
        },
        {
            "end_pos": 211,
            "label_type": "解剖部位",
            "overlap": 0,
            "start_pos": 208
        },
        {
            "label_type": "影像检查",
            "overlap": 0,
            "start_pos": 214,
            "end_pos": 216
        },
        {
            "label_type": "疾病和诊断",
            "overlap": 0,
            "start_pos": 219,
            "end_pos": 224
        },
        {
            "end_pos": 250,
            "label_type": "解剖部位",
            "overlap": 0,
            "start_pos": 249
        },
        {
            "end_pos": 283,
            "label_type": "解剖部位",
            "overlap": 0,
            "start_pos": 282
        },
        {
            "end_pos": 285,
            "label_type": "解剖部位",
            "overlap": 0,
            "start_pos": 284
        },
        {
            "end_pos": 311,
            "label_type": "解剖部位",
            "overlap": 0,
            "start_pos": 309
        },
        {
            "end_pos": 328,
            "label_type": "手术",
            "overlap": 0,
            "start_pos": 318
        },
        {
            "label_type": "疾病和诊断",
            "overlap": 0,
            "start_pos": 361,
            "end_pos": 366
        },
        {
            "label_type": "疾病和诊断",
            "overlap": 0,
            "start_pos": 367,
            "end_pos": 373
        }
    ]
}