{
    "originalText": "，缘于入院前25天因胃体癌于2015年11月24日在我院全麻上行“腹腔镜辅助上根治性全胃切除术”，，术中探查见：腹腔内无明显腹水，盆腔、腹壁、大网膜无转移结节，肝脏质地大小正常，胆囊无肿大。胃体病灶不能探及，周围无明显肿大淋巴结，手术顺利，术后予抗感染、营养支持、免疫等治疗，术后恢复良好，术后病理（201541588），：（全胃)，:胃窦小弯侧溃疡型管状腺癌II级，侵犯肌层。手术标本下、上切端及另送（下切端）均未见癌浸润。找到贲门周淋巴结0/7个，幽门上淋巴结0/13个，及另送(第1组）淋巴结0/1个、（第7组）淋巴结1/7个、（第8组）淋巴结2/9个、（第9组）淋巴结0/2个，见癌转移。另送（第11组淋巴结）、（第12组淋巴结）镜上为纤维、血管、脂肪组织。小弯侧、幽门下、大弯侧脂肪组织未找见淋巴结；，免疫组化：肿瘤细胞示KI67（20％阳性），P53（-），P170（++），GSTπ（-），EGFR（-），5-FU（+），HER-2（+），CK(L)（++）。此次为术后第1周期化疗再次入院。患者出院后饮食、夜休可，无腹痛、腹胀、发热，体重较前无明显变化。",
    "entities": [
        {
            "label_type": "疾病和诊断",
            "overlap": 0,
            "start_pos": 10,
            "end_pos": 13
        },
        {
            "end_pos": 47,
            "label_type": "手术",
            "overlap": 0,
            "start_pos": 33
        },
        {
            "end_pos": 58,
            "label_type": "解剖部位",
            "overlap": 0,
            "start_pos": 56
        },
        {
            "end_pos": 63,
            "label_type": "解剖部位",
            "overlap": 0,
            "start_pos": 62
        },
        {
            "end_pos": 67,
            "label_type": "解剖部位",
            "overlap": 0,
            "start_pos": 65
        },
        {
            "label_type": "解剖部位",
            "overlap": 0,
            "start_pos": 68,
            "end_pos": 69
        },
        {
            "end_pos": 82,
            "label_type": "解剖部位",
            "overlap": 0,
            "start_pos": 80
        },
        {
            "end_pos": 91,
            "label_type": "解剖部位",
            "overlap": 0,
            "start_pos": 89
        },
        {
            "end_pos": 97,
            "label_type": "解剖部位",
            "overlap": 0,
            "start_pos": 95
        },
        {
            "end_pos": 165,
            "label_type": "解剖部位",
            "overlap": 0,
            "start_pos": 164
        },
        {
            "label_type": "疾病和诊断",
            "overlap": 0,
            "start_pos": 168,
            "end_pos": 183
        },
        {
            "end_pos": 221,
            "label_type": "解剖部位",
            "overlap": 0,
            "start_pos": 215
        },
        {
            "end_pos": 232,
            "label_type": "解剖部位",
            "overlap": 0,
            "start_pos": 226
        },
        {
            "label_type": "解剖部位",
            "overlap": 0,
            "start_pos": 241,
            "end_pos": 249
        },
        {
            "label_type": "解剖部位",
            "overlap": 0,
            "start_pos": 255,
            "end_pos": 262
        },
        {
            "label_type": "解剖部位",
            "overlap": 0,
            "start_pos": 267,
            "end_pos": 275
        },
        {
            "label_type": "解剖部位",
            "overlap": 0,
            "start_pos": 280,
            "end_pos": 288
        },
        {
            "label_type": "解剖部位",
            "overlap": 0,
            "start_pos": 300,
            "end_pos": 319
        },
        {
            "label_type": "解剖部位",
            "overlap": 0,
            "start_pos": 333,
            "end_pos": 335
        },
        {
            "end_pos": 339,
            "label_type": "解剖部位",
            "overlap": 0,
            "start_pos": 337
        },
        {
            "label_type": "解剖部位",
            "overlap": 0,
            "start_pos": 341,
            "end_pos": 343
        },
        {
            "end_pos": 414,
            "label_type": "药物",
            "overlap": 0,
            "start_pos": 410
        },
        {
            "end_pos": 467,
            "label_type": "解剖部位",
            "overlap": 0,
            "start_pos": 466
        },
        {
            "end_pos": 470,
            "label_type": "解剖部位",
            "overlap": 0,
            "start_pos": 469
        }
    ]
}