{
    "originalText": "，缘于入院前2月余于我院诊为“直肠癌”，于2015-10-12在全麻上行腹腔镜上直肠根治术（DIXON手术）中转开腹+膀胱病损修补术，，术中见：腹腔内无明显出血，肿瘤位于直乙交界处，与膀胱分界不清，形成肠梗阻，近端稍扩张，周围见数个明显肿大淋巴结。，术后病理：（201541031）（直肠），：肠外生型管状腺癌II级，侵犯肠壁全层及肠周脂肪组织，间质见多量急慢性炎症细胞及组织细胞浸润。手术标本双切端及另送(下切端)、(上切端)均未见癌浸润。找到肠周淋巴结68个未见癌转移。于2015.12.18予“奥沙利铂(艾恒)200MG静滴D1+卡培他滨片(希罗达)1500MG口服BIDD1-14方案”化疗，辅予止吐、保胃、护肝等相关治疗。化疗过程顺利，无化疗副反应。此次为第2次化疗，再次就诊我院，门诊拟“直肠癌术后化疗”收入我科。自下次出院后饮食、夜休可，无腹痛、腹胀、发热，体重较前无明显变化。",
    "entities": [
        {
            "label_type": "疾病和诊断",
            "overlap": 0,
            "start_pos": 15,
            "end_pos": 18
        },
        {
            "label_type": "手术",
            "overlap": 0,
            "start_pos": 36,
            "end_pos": 66
        },
        {
            "end_pos": 74,
            "label_type": "解剖部位",
            "overlap": 0,
            "start_pos": 72
        },
        {
            "end_pos": 90,
            "label_type": "解剖部位",
            "overlap": 0,
            "start_pos": 85
        },
        {
            "end_pos": 94,
            "label_type": "解剖部位",
            "overlap": 0,
            "start_pos": 92
        },
        {
            "label_type": "疾病和诊断",
            "overlap": 0,
            "start_pos": 101,
            "end_pos": 104
        },
        {
            "end_pos": 144,
            "label_type": "解剖部位",
            "overlap": 0,
            "start_pos": 142
        },
        {
            "label_type": "疾病和诊断",
            "overlap": 0,
            "start_pos": 147,
            "end_pos": 158
        },
        {
            "label_type": "解剖部位",
            "overlap": 0,
            "start_pos": 161,
            "end_pos": 162
        },
        {
            "label_type": "解剖部位",
            "overlap": 0,
            "start_pos": 166,
            "end_pos": 167
        },
        {
            "end_pos": 228,
            "label_type": "解剖部位",
            "overlap": 0,
            "start_pos": 223
        },
        {
            "end_pos": 254,
            "label_type": "药物",
            "overlap": 0,
            "start_pos": 250
        },
        {
            "end_pos": 257,
            "label_type": "药物",
            "overlap": 0,
            "start_pos": 255
        },
        {
            "label_type": "药物",
            "overlap": 0,
            "start_pos": 268,
            "end_pos": 272
        },
        {
            "end_pos": 277,
            "label_type": "药物",
            "overlap": 0,
            "start_pos": 274
        },
        {
            "end_pos": 307,
            "label_type": "解剖部位",
            "overlap": 0,
            "start_pos": 306
        },
        {
            "end_pos": 310,
            "label_type": "解剖部位",
            "overlap": 0,
            "start_pos": 309
        },
        {
            "label_type": "疾病和诊断",
            "overlap": 0,
            "start_pos": 350,
            "end_pos": 355
        },
        {
            "end_pos": 378,
            "label_type": "解剖部位",
            "overlap": 0,
            "start_pos": 377
        },
        {
            "end_pos": 381,
            "label_type": "解剖部位",
            "overlap": 0,
            "start_pos": 380
        }
    ]
}