{
    "originalText": "患者8个月前因“进行性吞咽困难1个月”就诊于我院，完善术前准备后，于2013-10-08行“胸段段食管食管切除+食管-胃左胸顶吻合术+左侧第5肋骨固定术”，术顺，术后恢复良好后出院。术后病理示：胸段食管多中心鳞状下皮癌，其一为溃疡性鳞状细胞癌I-II级，侵犯神经，侵出外膜，其二为浸润型鳞状细胞癌I-II级，侵犯神经及齿状线。找到贲门淋巴结1/7，左喉返神经旁淋巴结1/3，见癌转移。于2013.12.01、2013.12.26按“洛铂50MGD1+多帕菲120MGIVGTT”方案化疗2个周期，并于2014.01.19、2014.02.13按“洛铂50MGD1+安素泰180MGD2IVGTT”方案化疗第3、4周期，辅以制酸、保胃、保肝、止吐等治疗，化疗过程顺利，现为化疗4周期后复查就诊我院，门诊拟“食管癌术后化疗后”收住入院。下次出院至今无胸闷、憋气、胸背痛，无腹痛、腹胀，无呕血、黑便。精神、睡眠、饮食较好，大小便正常，体重无明显变化。",
    "entities": [
        {
            "label_type": "手术",
            "overlap": 0,
            "start_pos": 46,
            "end_pos": 76
        },
        {
            "label_type": "疾病和诊断",
            "overlap": 0,
            "start_pos": 97,
            "end_pos": 109
        },
        {
            "label_type": "疾病和诊断",
            "overlap": 0,
            "start_pos": 113,
            "end_pos": 126
        },
        {
            "label_type": "疾病和诊断",
            "overlap": 0,
            "start_pos": 140,
            "end_pos": 153
        },
        {
            "end_pos": 170,
            "label_type": "解剖部位",
            "overlap": 0,
            "start_pos": 165
        },
        {
            "label_type": "解剖部位",
            "overlap": 0,
            "start_pos": 174,
            "end_pos": 183
        },
        {
            "end_pos": 218,
            "label_type": "药物",
            "overlap": 0,
            "start_pos": 216
        },
        {
            "end_pos": 228,
            "label_type": "药物",
            "overlap": 0,
            "start_pos": 225
        },
        {
            "end_pos": 275,
            "label_type": "药物",
            "overlap": 0,
            "start_pos": 273
        },
        {
            "end_pos": 285,
            "label_type": "药物",
            "overlap": 0,
            "start_pos": 282
        },
        {
            "end_pos": 316,
            "label_type": "解剖部位",
            "overlap": 0,
            "start_pos": 315
        },
        {
            "end_pos": 319,
            "label_type": "解剖部位",
            "overlap": 0,
            "start_pos": 318
        },
        {
            "label_type": "疾病和诊断",
            "overlap": 0,
            "start_pos": 352,
            "end_pos": 357
        },
        {
            "end_pos": 374,
            "label_type": "解剖部位",
            "overlap": 0,
            "start_pos": 373
        },
        {
            "label_type": "解剖部位",
            "overlap": 0,
            "start_pos": 379,
            "end_pos": 380
        },
        {
            "label_type": "解剖部位",
            "overlap": 0,
            "start_pos": 380,
            "end_pos": 381
        },
        {
            "end_pos": 385,
            "label_type": "解剖部位",
            "overlap": 0,
            "start_pos": 384
        },
        {
            "end_pos": 388,
            "label_type": "解剖部位",
            "overlap": 0,
            "start_pos": 387
        }
    ]
}