{
    "originalText": "患者2008.2.1因“大便性状改变，发现结肠肿块10天”入我院全科，2.5行乙状结肠癌根治术（应用吻合器），术中探查：腹腔及其他脏器未及异常，乙状结肠近直肠处可及4×4CM肿块，术中病理“溃疡性腺癌，分化II－III级，侵及全层，切缘未见癌累及，肠旁淋巴结19枚，均未及癌转移”。分别1.28（乐沙定，君瑞清），2.23（乐沙定，替加氟）行介入化疗。今为再次行介入化疗入院。病程中，患者精神可，胃纳差，睡眠可，双便正常。",
    "entities": [
        {
            "end_pos": 23,
            "label_type": "解剖部位",
            "overlap": 0,
            "start_pos": 21
        },
        {
            "end_pos": 47,
            "label_type": "手术",
            "overlap": 0,
            "start_pos": 39
        },
        {
            "end_pos": 62,
            "label_type": "解剖部位",
            "overlap": 0,
            "start_pos": 60
        },
        {
            "end_pos": 76,
            "label_type": "解剖部位",
            "overlap": 0,
            "start_pos": 72
        },
        {
            "end_pos": 79,
            "label_type": "解剖部位",
            "overlap": 0,
            "start_pos": 77
        },
        {
            "label_type": "疾病和诊断",
            "overlap": 0,
            "start_pos": 95,
            "end_pos": 100
        },
        {
            "end_pos": 129,
            "label_type": "解剖部位",
            "overlap": 0,
            "start_pos": 124
        },
        {
            "end_pos": 151,
            "label_type": "药物",
            "overlap": 0,
            "start_pos": 148
        },
        {
            "end_pos": 155,
            "label_type": "药物",
            "overlap": 0,
            "start_pos": 152
        },
        {
            "end_pos": 165,
            "label_type": "药物",
            "overlap": 0,
            "start_pos": 162
        },
        {
            "end_pos": 169,
            "label_type": "药物",
            "overlap": 0,
            "start_pos": 166
        },
        {
            "end_pos": 199,
            "label_type": "解剖部位",
            "overlap": 0,
            "start_pos": 198
        }
    ]
}