{
    "originalText": "，缘于入院前1月于我院诊断为结肠肝曲癌，于2014-10-20在全麻上行腹腔镜上扩大根治性左半结肠切除术，，术中见：腹腔内无明显出血，无明显粘连，无明显腹水，肝脏无明显转移结节，肿瘤位于结肠肝曲，大小约5*3CM，侵出浆膜层，未明显侵及十二指肠，周围可及多发肿大淋巴结。术后病理（病理号201435395）示（左半结肠），：大肠隆起型管状腺癌II级，侵及浆膜，侵犯神经，手术标本双切端及另送（近切端）、（远切端）均未见癌浸润。找到回肠周淋巴结1个，结肠周淋巴结50个，另送（回结肠动脉根部）淋巴结5个，（结肠中动脉根部）淋巴结5个均未见癌转移。另见阑尾组织，术后给予对症、营养支持等治疗，恢复良好，伤口愈合II/甲，出院后无发热、畏冷，无咳嗽、咳痰，无胸闷、心悸，无腹痛、腹胀、腹泻等不适，今为行术后第1次化疗就诊我院，门诊拟结肠肝曲癌术后收入院。下次出院以来，精神、睡眠、饮食可，大小便正常，体重较前无明显变化。",
    "entities": [
        {
            "label_type": "疾病和诊断",
            "overlap": 0,
            "start_pos": 14,
            "end_pos": 19
        },
        {
            "end_pos": 52,
            "label_type": "手术",
            "overlap": 0,
            "start_pos": 36
        },
        {
            "end_pos": 60,
            "label_type": "解剖部位",
            "overlap": 0,
            "start_pos": 58
        },
        {
            "end_pos": 77,
            "label_type": "解剖部位",
            "overlap": 0,
            "start_pos": 76
        },
        {
            "end_pos": 81,
            "label_type": "解剖部位",
            "overlap": 0,
            "start_pos": 79
        },
        {
            "end_pos": 97,
            "label_type": "解剖部位",
            "overlap": 0,
            "start_pos": 93
        },
        {
            "end_pos": 122,
            "label_type": "解剖部位",
            "overlap": 0,
            "start_pos": 118
        },
        {
            "end_pos": 159,
            "label_type": "解剖部位",
            "overlap": 0,
            "start_pos": 155
        },
        {
            "label_type": "疾病和诊断",
            "overlap": 0,
            "start_pos": 162,
            "end_pos": 174
        },
        {
            "end_pos": 221,
            "label_type": "解剖部位",
            "overlap": 0,
            "start_pos": 215
        },
        {
            "end_pos": 230,
            "label_type": "解剖部位",
            "overlap": 0,
            "start_pos": 224
        },
        {
            "end_pos": 248,
            "label_type": "解剖部位",
            "overlap": 0,
            "start_pos": 236
        },
        {
            "end_pos": 263,
            "label_type": "解剖部位",
            "overlap": 0,
            "start_pos": 251
        },
        {
            "end_pos": 276,
            "label_type": "解剖部位",
            "overlap": 0,
            "start_pos": 274
        },
        {
            "end_pos": 327,
            "label_type": "解剖部位",
            "overlap": 0,
            "start_pos": 326
        },
        {
            "end_pos": 330,
            "label_type": "解剖部位",
            "overlap": 0,
            "start_pos": 329
        },
        {
            "end_pos": 334,
            "label_type": "解剖部位",
            "overlap": 0,
            "start_pos": 333
        },
        {
            "end_pos": 337,
            "label_type": "解剖部位",
            "overlap": 0,
            "start_pos": 336
        },
        {
            "end_pos": 340,
            "label_type": "解剖部位",
            "overlap": 0,
            "start_pos": 339
        },
        {
            "label_type": "疾病和诊断",
            "overlap": 0,
            "start_pos": 363,
            "end_pos": 370
        }
    ]
}