{
    "originalText": "，患者2月前于我院在全麻上行手术，探查腹腔内无腹水，腹膜无转移，肝脏未触及转移结节，肿瘤位于结肠肝曲，约5×4×4CM，已侵出浆膜，侵犯十二指肠和胰头，并造成肿瘤与盲肠之间闭袢性梗阻，梗阻肠腔明显扩张，肠腔内大量稀薄粪便，结肠系膜未见明显肿大淋巴结，探查后决定行姑息性左半结肠切除术。手术过程顺利。，术后病理结果示：（左半结肠）腺癌（中度分化），结合免疫组化考虑来自结肠，部分细胞伴神经内分泌分化。浸润溃疡型，体积4.5*3.5*1.2CM，侵穿浆膜及纤维膜。，术后病理结果示：（左半结肠）腺癌（中度分化），结合免疫组化考虑来自结肠，部分细胞伴神经内分泌分化。浸润溃疡型，体积4.5*3.5*1.2CM，侵穿浆膜及纤维膜。 双端切线及底部切除面未查见癌。 肠壁一站(8个)、二站(4个)、三站(3个)、中间组(5个)淋巴结未查见癌。 ，免疫组化染色示：CK7(-)、CK20(+)、VILLIN(+)、CDX-2(+)、TS部分(+)、 SYN（少数细胞阳性）。现患者为行进一步诊治，门诊以“结肠癌术后”收入我科。患者术后精神、饮食可，小便正常，大便排便费力，体重无明显变化。",
    "entities": [
        {
            "end_pos": 21,
            "label_type": "解剖部位",
            "overlap": 0,
            "start_pos": 19
        },
        {
            "end_pos": 24,
            "label_type": "解剖部位",
            "overlap": 0,
            "start_pos": 23
        },
        {
            "label_type": "解剖部位",
            "overlap": 0,
            "start_pos": 26,
            "end_pos": 27
        },
        {
            "end_pos": 34,
            "label_type": "解剖部位",
            "overlap": 0,
            "start_pos": 32
        },
        {
            "end_pos": 50,
            "label_type": "解剖部位",
            "overlap": 0,
            "start_pos": 46
        },
        {
            "end_pos": 72,
            "label_type": "解剖部位",
            "overlap": 0,
            "start_pos": 68
        },
        {
            "end_pos": 75,
            "label_type": "解剖部位",
            "overlap": 0,
            "start_pos": 73
        },
        {
            "end_pos": 84,
            "label_type": "解剖部位",
            "overlap": 0,
            "start_pos": 82
        },
        {
            "label_type": "解剖部位",
            "overlap": 0,
            "start_pos": 94,
            "end_pos": 95
        },
        {
            "label_type": "解剖部位",
            "overlap": 0,
            "start_pos": 101,
            "end_pos": 102
        },
        {
            "label_type": "解剖部位",
            "overlap": 0,
            "start_pos": 111,
            "end_pos": 113
        },
        {
            "end_pos": 141,
            "label_type": "手术",
            "overlap": 0,
            "start_pos": 131
        },
        {
            "label_type": "疾病和诊断",
            "overlap": 0,
            "start_pos": 158,
            "end_pos": 166
        },
        {
            "end_pos": 185,
            "label_type": "解剖部位",
            "overlap": 0,
            "start_pos": 183
        },
        {
            "label_type": "疾病和诊断",
            "overlap": 0,
            "start_pos": 239,
            "end_pos": 247
        },
        {
            "end_pos": 266,
            "label_type": "解剖部位",
            "overlap": 0,
            "start_pos": 264
        },
        {
            "label_type": "解剖部位",
            "overlap": 0,
            "start_pos": 327,
            "end_pos": 361
        },
        {
            "label_type": "疾病和诊断",
            "overlap": 0,
            "start_pos": 446,
            "end_pos": 451
        }
    ]
}