{
    "originalText": "，患者于2015年11月26日因“宫颈癌IAI”在全麻上行腹腔镜上广泛子宫+两附件切除术+盆腔淋巴结清扫术。，术中见：子宫表面光滑，正常大小，两侧输卵管、卵巢均未见明显异常。两侧骶、主韧带无明显增厚。两侧盆腔未见明显肿大淋巴结。窥器扩开宫颈口，宫颈后唇可见活检创面，阴道壁粘膜光滑，无异常，术毕安返病房。，术后常规病理回示：（942790.15）（子宫）低分化鳞状细胞癌，4处癌灶，，切面积分别是：0.8*0.3CM、0.4*0.2CM、0.3*0.2CM、0.2*0.1CM，侵及宫颈管深度小于1/3，并查见鳞状下皮高级别下皮内瘤变累及腺体。右、左宫宫旁组织及阴道断端未查见癌。萎缩的子宫内膜。（两侧）输卵管组织。（两侧卵巢）白体。另送检右盆腔淋巴结4枚，均未查见转移癌（0/4)，另送检“左盆腔淋巴结”为脂肪结缔组织，未查见癌。。今为术后第1次化疗就诊我院，门诊以“宫颈癌术后化疗”收入院，患者自发病以来，饮食睡眠可，体重无明显变化。",
    "entities": [
        {
            "label_type": "疾病和诊断",
            "overlap": 0,
            "start_pos": 17,
            "end_pos": 23
        },
        {
            "label_type": "手术",
            "overlap": 0,
            "start_pos": 29,
            "end_pos": 53
        },
        {
            "end_pos": 61,
            "label_type": "解剖部位",
            "overlap": 0,
            "start_pos": 59
        },
        {
            "label_type": "解剖部位",
            "overlap": 0,
            "start_pos": 71,
            "end_pos": 80
        },
        {
            "label_type": "解剖部位",
            "overlap": 0,
            "start_pos": 87,
            "end_pos": 94
        },
        {
            "label_type": "解剖部位",
            "overlap": 0,
            "start_pos": 100,
            "end_pos": 104
        },
        {
            "end_pos": 113,
            "label_type": "解剖部位",
            "overlap": 0,
            "start_pos": 110
        },
        {
            "end_pos": 121,
            "label_type": "解剖部位",
            "overlap": 0,
            "start_pos": 118
        },
        {
            "end_pos": 126,
            "label_type": "解剖部位",
            "overlap": 0,
            "start_pos": 122
        },
        {
            "label_type": "解剖部位",
            "overlap": 0,
            "start_pos": 133,
            "end_pos": 135
        },
        {
            "label_type": "疾病和诊断",
            "overlap": 0,
            "start_pos": 173,
            "end_pos": 185
        },
        {
            "end_pos": 244,
            "label_type": "解剖部位",
            "overlap": 0,
            "start_pos": 241
        },
        {
            "label_type": "疾病和诊断",
            "overlap": 0,
            "start_pos": 256,
            "end_pos": 267
        },
        {
            "label_type": "解剖部位",
            "overlap": 0,
            "start_pos": 272,
            "end_pos": 276
        },
        {
            "end_pos": 283,
            "label_type": "解剖部位",
            "overlap": 0,
            "start_pos": 281
        },
        {
            "label_type": "解剖部位",
            "overlap": 0,
            "start_pos": 293,
            "end_pos": 295
        },
        {
            "label_type": "解剖部位",
            "overlap": 0,
            "start_pos": 298,
            "end_pos": 305
        },
        {
            "label_type": "解剖部位",
            "overlap": 0,
            "start_pos": 308,
            "end_pos": 316
        },
        {
            "end_pos": 326,
            "label_type": "解剖部位",
            "overlap": 0,
            "start_pos": 320
        },
        {
            "label_type": "解剖部位",
            "overlap": 0,
            "start_pos": 346,
            "end_pos": 352
        },
        {
            "label_type": "疾病和诊断",
            "overlap": 0,
            "start_pos": 385,
            "end_pos": 390
        }
    ]
}