{
    "originalText": "2年前，患者因“反复腹胀1年”入我院，考虑“胃底贲门恶性肿瘤可能”，2014-09-19在我院于全麻上行“剖腹探查、根治性全胃切除术、食管-空肠ROUX-EN-Y吻合术”，手术顺利，术后病理诊断示“（胃）中分化腺癌，侵及肠壁全层至浆膜外，双切端未见癌累及，胃大、小弯淋巴结未见癌转移（分别为0/5、0/9），网膜未见癌累及”。术后积极予以抗感染、营养支持、对症和支持治疗，患者好转出院。术后已行6次全身静脉化疗（FOLFOX方案）。现嘱医嘱，为例行术后复查收入我科。\\U0004   患者起病以来，精神尚可，胃纳可，睡眠可，大小便正常，体重未见明显改变。",
    "entities": [
        {
            "end_pos": 11,
            "label_type": "解剖部位",
            "overlap": 0,
            "start_pos": 10
        },
        {
            "label_type": "疾病和诊断",
            "overlap": 0,
            "start_pos": 22,
            "end_pos": 30
        },
        {
            "label_type": "手术",
            "overlap": 0,
            "start_pos": 53,
            "end_pos": 84
        },
        {
            "label_type": "疾病和诊断",
            "overlap": 0,
            "start_pos": 99,
            "end_pos": 107
        },
        {
            "label_type": "解剖部位",
            "overlap": 0,
            "start_pos": 110,
            "end_pos": 111
        },
        {
            "end_pos": 136,
            "label_type": "解剖部位",
            "overlap": 0,
            "start_pos": 128
        },
        {
            "end_pos": 255,
            "label_type": "解剖部位",
            "overlap": 0,
            "start_pos": 254
        }
    ]
}