{
    "originalText": "，2009年12月底出现黑便，，于当地行胃镜检查并行病理检查示: 胃体中下部溃疡， 病理示中分化腺癌， 无腹胀、泛酸、嗳气、恶心、呕吐、 无头晕、 心悸、乏力等症， 2010年1月13日于我院胃胰科行胃癌根治术， 2010年1月18日，我院病理：切缘未见癌， 胃体可见3X2X1CM3溃疡型肿物， 镜上为中分化腺癌侵及胃壁全层至浆膜层，网膜未见癌， 肝总动脉旁（0/1)、 胃大弯（0/1)淋巴结未见癌， 贲门左(3/3)、 胃小弯(8/9)、幽门上（2/2)淋巴结可见腺癌转移，，免疫组化：CEA(+)、 P53(+)、 PR(-)、 ER-B(+)、 ER(+++)、 共计，LN: 13/16转移， 术后于2010年2月-2010年8月行术后化疗6程， 具体用药为艾素100MG 静点+ 希罗达1500MG BID PO，2014年6月初出现右侧下上肢活动受限， 7月份症状逐渐加重， 7月10日就诊于*****， ，行MRI检查提示：胃癌术后多发脑转移， 行甘露醇及地塞米松、 洛赛克治疗后效果不佳。遂于我院就诊，2014-8-5行奥沙利铂150MG D1+ 替吉奥 50MG BID D1-14化疗一程，2014-08-18开始行三维适形全脑放疗，剂量30GY/10F。2014-09-19始行替吉奥 50MG BID D1-14单药化疗一程。本次为行上一程化疗收入我科， 我科以“胃癌术后脑转移 RTXNXM1 IV期”收入， 入科以来， 精神饮食尚可， 无恶心、 呕吐,二便正常，体重无明显减低。",
    "entities": [
        {
            "label_type": "疾病和诊断",
            "overlap": 0,
            "start_pos": 33,
            "end_pos": 40
        },
        {
            "label_type": "疾病和诊断",
            "overlap": 0,
            "start_pos": 45,
            "end_pos": 50
        },
        {
            "end_pos": 54,
            "label_type": "解剖部位",
            "overlap": 0,
            "start_pos": 53
        },
        {
            "end_pos": 71,
            "label_type": "解剖部位",
            "overlap": 0,
            "start_pos": 70
        },
        {
            "end_pos": 75,
            "label_type": "解剖部位",
            "overlap": 0,
            "start_pos": 74
        },
        {
            "label_type": "解剖部位",
            "overlap": 0,
            "start_pos": 96,
            "end_pos": 97
        },
        {
            "label_type": "解剖部位",
            "overlap": 0,
            "start_pos": 97,
            "end_pos": 98
        },
        {
            "end_pos": 105,
            "label_type": "手术",
            "overlap": 0,
            "start_pos": 100
        },
        {
            "end_pos": 132,
            "label_type": "解剖部位",
            "overlap": 0,
            "start_pos": 129
        },
        {
            "label_type": "疾病和诊断",
            "overlap": 0,
            "start_pos": 152,
            "end_pos": 157
        },
        {
            "label_type": "解剖部位",
            "overlap": 0,
            "start_pos": 159,
            "end_pos": 160
        },
        {
            "label_type": "解剖部位",
            "overlap": 0,
            "start_pos": 174,
            "end_pos": 198
        },
        {
            "label_type": "解剖部位",
            "overlap": 0,
            "start_pos": 203,
            "end_pos": 233
        },
        {
            "label_type": "疾病和诊断",
            "overlap": 0,
            "start_pos": 235,
            "end_pos": 237
        },
        {
            "end_pos": 337,
            "label_type": "药物",
            "overlap": 0,
            "start_pos": 335
        },
        {
            "end_pos": 350,
            "label_type": "药物",
            "overlap": 0,
            "start_pos": 347
        },
        {
            "end_pos": 379,
            "label_type": "解剖部位",
            "overlap": 0,
            "start_pos": 374
        },
        {
            "label_type": "疾病和诊断",
            "overlap": 0,
            "start_pos": 421,
            "end_pos": 430
        },
        {
            "end_pos": 436,
            "label_type": "药物",
            "overlap": 0,
            "start_pos": 433
        },
        {
            "end_pos": 441,
            "label_type": "药物",
            "overlap": 0,
            "start_pos": 437
        },
        {
            "end_pos": 446,
            "label_type": "药物",
            "overlap": 0,
            "start_pos": 443
        },
        {
            "end_pos": 474,
            "label_type": "药物",
            "overlap": 0,
            "start_pos": 470
        },
        {
            "end_pos": 487,
            "label_type": "药物",
            "overlap": 0,
            "start_pos": 484
        },
        {
            "end_pos": 526,
            "label_type": "解剖部位",
            "overlap": 0,
            "start_pos": 525
        },
        {
            "end_pos": 555,
            "label_type": "药物",
            "overlap": 0,
            "start_pos": 552
        },
        {
            "label_type": "疾病和诊断",
            "overlap": 0,
            "start_pos": 596,
            "end_pos": 615
        }
    ]
}