{
    "originalText": "患者2016年8月因“发现上腹包块4个月”就诊我院，考虑卵巢恶性肿瘤，于2016-09-13于全麻上行肿瘤细胞减灭术（I型全子宫切除+两侧附件切除+大网膜切除+盆腔及腹主动脉旁淋巴结清扫+肠修补术），术中冰冻提示为高级别浆液性癌，手术为满意减灭术。因患者术前贫血，术中输注红细胞400ML及新鲜冰冻血浆400ML，无明显输血反应，手术过程顺利，术后予心电监护、吸氧、抗炎、补液等对症支持治疗。并于2016-09-20行TC方案（进口紫杉醇210MG D1，伯尔定550MG D1）化疗第一程、2016-10-12行TC方案（紫杉醇210MG D1+卡铂700MG D1）化疗第二程、2016-11-07行TC方案（紫杉醇210MG D1+卡铂700MG D1）化疗第三程，现为行上一程化疗入院。患者近期精神、睡眠稍差，食欲欠佳，二便如常，体重近期无明显改变。既往化疗及肿瘤标志物情况：。",
    "entities": [
        {
            "end_pos": 15,
            "label_type": "解剖部位",
            "overlap": 0,
            "start_pos": 13
        },
        {
            "label_type": "疾病和诊断",
            "overlap": 0,
            "start_pos": 28,
            "end_pos": 34
        },
        {
            "label_type": "手术",
            "overlap": 0,
            "start_pos": 51,
            "end_pos": 99
        },
        {
            "label_type": "疾病和诊断",
            "overlap": 0,
            "start_pos": 107,
            "end_pos": 114
        },
        {
            "end_pos": 219,
            "label_type": "药物",
            "overlap": 0,
            "start_pos": 216
        },
        {
            "end_pos": 231,
            "label_type": "药物",
            "overlap": 0,
            "start_pos": 228
        },
        {
            "end_pos": 265,
            "label_type": "药物",
            "overlap": 0,
            "start_pos": 262
        },
        {
            "end_pos": 276,
            "label_type": "药物",
            "overlap": 0,
            "start_pos": 274
        },
        {
            "end_pos": 310,
            "label_type": "药物",
            "overlap": 0,
            "start_pos": 307
        },
        {
            "end_pos": 321,
            "label_type": "药物",
            "overlap": 0,
            "start_pos": 319
        }
    ]
}