{
    "originalText": "，根治性全胃切除术后2月余复查。，术后病理：胃体小弯侧溃疡型低分化腺癌（LAUREN，分型：弥漫型），大小5×3.5CM；侵至浆膜层，见神经侵犯，免疫组化CD34(+),D2-40(+)示脉管癌栓；食道残端及十二指肠残端均未见癌；淋巴结见癌转移【共44枚，21，枚转移：第1组0/5、第2组0/0、第3组8/13、第4SA组0/2、第4SB组0/0、第4D组5/7、第5组1/1、第6组5/5、（第7、9组）0/6、第8组1/1、第11P组0/1、12A组0/2、 14V1/1】；，肿瘤病理学分期：PT4N3B。，免疫组化结果显示:CD34(+),CD44(+),CMET(+),D2-40(+),EGFR(+),HER2(－),KI-67(+25～50%),P170(+),P27(+25～50%),P53(+25～50%),TOPOII(+＜25%)。术后化疗1周期SOX（2013-8-8，乐沙定200MG D1，爱斯万 60MG BID1-14，Q3WKS），骨髓毒性II度，升白治疗，胃肠道反应0度，外周神经毒性I度。",
    "entities": [
        {
            "label_type": "疾病和诊断",
            "overlap": 0,
            "start_pos": 1,
            "end_pos": 10
        },
        {
            "label_type": "疾病和诊断",
            "overlap": 0,
            "start_pos": 22,
            "end_pos": 50
        },
        {
            "end_pos": 101,
            "label_type": "解剖部位",
            "overlap": 0,
            "start_pos": 99
        },
        {
            "end_pos": 108,
            "label_type": "解剖部位",
            "overlap": 0,
            "start_pos": 104
        },
        {
            "label_type": "解剖部位",
            "overlap": 0,
            "start_pos": 115,
            "end_pos": 240
        },
        {
            "end_pos": 402,
            "label_type": "药物",
            "overlap": 0,
            "start_pos": 399
        },
        {
            "end_pos": 414,
            "label_type": "药物",
            "overlap": 0,
            "start_pos": 411
        },
        {
            "label_type": "解剖部位",
            "overlap": 0,
            "start_pos": 448,
            "end_pos": 449
        },
        {
            "label_type": "解剖部位",
            "overlap": 0,
            "start_pos": 449,
            "end_pos": 450
        }
    ]
}