{
    "originalText": "，缘于入院前4月余于我院诊为结肠肝曲管状腺癌，于2014-10-20在全麻上行腹腔镜上扩大根治性左半结肠癌切除，，术中见：腹腔内无明显出血，无明显粘连，无明显腹水，肝脏无明显转移结节，肿瘤位于结肠肝曲，大小约5*5CM，侵出浆膜层，未明显侵及十二指肠，周围可及多发肿大淋巴结。术后病理（病理号201435397、201433427），：（左半结肠），：大肠溃疡型管状腺癌II-III级，部分为粘液腺癌，侵出浆膜，侵犯神经，脉管内见癌栓，手术标本回肠切端、结肠切端及另送（近切端）、（远切端）均未见癌浸润。找到回肠周淋巴结0/5个，结肠周淋巴结7/27个，及另送（结肠中动脉根部）淋巴结3/11个，（回结肠动脉根部）淋巴结0/6个，见癌转移。另见阑尾组织。该病例未检测到KRAS基因12、13号密码子热点突变、BRAF基因V600E突变。，术后给予对症、营养支持等治疗，恢复良好,伤口愈合II/甲。于2014-11-29、2014-12-20、2015-01-10、2015-02-03予“奥沙利铂150MG静滴D1+希罗达1000MG口服D2-15”行第1、2、3、4次化疗方案，化疗过程顺利，无明显化疗副作用。此次为拟行第5次化疗方案再次就诊我院，门诊拟结肠肝曲管状腺癌术后化疗收入院。下次出院以来精神、睡眠、饮食可，无腹痛、腹胀、发热，大小便正常，体重较前无明显变化。",
    "entities": [
        {
            "label_type": "疾病和诊断",
            "overlap": 0,
            "start_pos": 14,
            "end_pos": 22
        },
        {
            "end_pos": 55,
            "label_type": "手术",
            "overlap": 0,
            "start_pos": 39
        },
        {
            "end_pos": 63,
            "label_type": "解剖部位",
            "overlap": 0,
            "start_pos": 61
        },
        {
            "end_pos": 80,
            "label_type": "解剖部位",
            "overlap": 0,
            "start_pos": 79
        },
        {
            "end_pos": 84,
            "label_type": "解剖部位",
            "overlap": 0,
            "start_pos": 82
        },
        {
            "end_pos": 100,
            "label_type": "解剖部位",
            "overlap": 0,
            "start_pos": 96
        },
        {
            "end_pos": 125,
            "label_type": "解剖部位",
            "overlap": 0,
            "start_pos": 121
        },
        {
            "end_pos": 173,
            "label_type": "解剖部位",
            "overlap": 0,
            "start_pos": 169
        },
        {
            "label_type": "疾病和诊断",
            "overlap": 0,
            "start_pos": 176,
            "end_pos": 192
        },
        {
            "label_type": "疾病和诊断",
            "overlap": 0,
            "start_pos": 196,
            "end_pos": 200
        },
        {
            "end_pos": 224,
            "label_type": "解剖部位",
            "overlap": 0,
            "start_pos": 222
        },
        {
            "end_pos": 229,
            "label_type": "解剖部位",
            "overlap": 0,
            "start_pos": 227
        },
        {
            "end_pos": 260,
            "label_type": "解剖部位",
            "overlap": 0,
            "start_pos": 254
        },
        {
            "end_pos": 271,
            "label_type": "解剖部位",
            "overlap": 0,
            "start_pos": 265
        },
        {
            "end_pos": 292,
            "label_type": "解剖部位",
            "overlap": 0,
            "start_pos": 280
        },
        {
            "end_pos": 310,
            "label_type": "解剖部位",
            "overlap": 0,
            "start_pos": 298
        },
        {
            "end_pos": 324,
            "label_type": "解剖部位",
            "overlap": 0,
            "start_pos": 322
        },
        {
            "end_pos": 448,
            "label_type": "药物",
            "overlap": 0,
            "start_pos": 444
        },
        {
            "end_pos": 461,
            "label_type": "药物",
            "overlap": 0,
            "start_pos": 458
        },
        {
            "label_type": "疾病和诊断",
            "overlap": 0,
            "start_pos": 528,
            "end_pos": 538
        },
        {
            "end_pos": 562,
            "label_type": "解剖部位",
            "overlap": 0,
            "start_pos": 561
        },
        {
            "end_pos": 565,
            "label_type": "解剖部位",
            "overlap": 0,
            "start_pos": 564
        }
    ]
}