{
    "originalText": "缘于1年前因左肝原发性肝癌于我院行左半肝切除术+胆囊切除术,术顺,术后病理(201237164)示:左半肝肝脏原发性巨块型中分化肝癌,侵及肝被膜,脉管内见癌栓,周边组织呈空泡性及脂肪性变.术后恢复可。无腹胀、腹痛。无恶心、呕吐，无发热、寒战及黄疸。无畏冷、寒战、发热。现患者返院复查，门诊拟“肝癌术后”收住入院，自发病以来，患者食欲尚可，精神可，体重无明显上降，大、小便正常。",
    "entities": [
        {
            "label_type": "疾病和诊断",
            "overlap": 0,
            "start_pos": 6,
            "end_pos": 13
        },
        {
            "label_type": "手术",
            "overlap": 0,
            "start_pos": 17,
            "end_pos": 29
        },
        {
            "label_type": "疾病和诊断",
            "overlap": 0,
            "start_pos": 50,
            "end_pos": 66
        },
        {
            "label_type": "解剖部位",
            "overlap": 0,
            "start_pos": 69,
            "end_pos": 70
        },
        {
            "end_pos": 102,
            "label_type": "解剖部位",
            "overlap": 0,
            "start_pos": 101
        },
        {
            "end_pos": 105,
            "label_type": "解剖部位",
            "overlap": 0,
            "start_pos": 104
        },
        {
            "label_type": "疾病和诊断",
            "overlap": 0,
            "start_pos": 146,
            "end_pos": 150
        }
    ]
}