{
    "originalText": "缘于入院前4月余于我院诊为直肠癌，于2014-07-07在全麻上行腹腔镜上直肠癌根治术。术后病理示（直肠）：大肠隆起型管状-绒毛状腺癌II级，侵及外膜，侵犯神经，脉管内见癌栓，手术标本双切端及另送（下切端）、（上切端）均未见癌浸润。找到肠周淋巴结5/16个见癌转移。未检测到BRAF基因V600E突变。检测到KRAS基因12号密码子GLY12ASP和13号密码子GLY13ASP突变。，术后给予对症、营养支持等治疗，恢复良好,伤口愈合II/甲。术后于我院以乐沙定200MGD1+希罗达1500MGD1-D14方案行4周期化疗,化疗过程顺利，化疗期间复查CT，效果良好。此次为化疗再次就诊我院，门诊拟直肠管状-绒毛状腺癌术后收入院。下次出院以来精神、睡眠、饮食可，无腹痛、腹胀、发热，大小便正常，体重较前无明显变化。",
    "entities": [
        {
            "label_type": "疾病和诊断",
            "overlap": 0,
            "start_pos": 13,
            "end_pos": 16
        },
        {
            "end_pos": 43,
            "label_type": "手术",
            "overlap": 0,
            "start_pos": 33
        },
        {
            "end_pos": 52,
            "label_type": "解剖部位",
            "overlap": 0,
            "start_pos": 50
        },
        {
            "label_type": "疾病和诊断",
            "overlap": 0,
            "start_pos": 54,
            "end_pos": 70
        },
        {
            "end_pos": 123,
            "label_type": "解剖部位",
            "overlap": 0,
            "start_pos": 118
        },
        {
            "end_pos": 231,
            "label_type": "药物",
            "overlap": 0,
            "start_pos": 228
        },
        {
            "end_pos": 242,
            "label_type": "药物",
            "overlap": 0,
            "start_pos": 239
        },
        {
            "label_type": "影像检查",
            "overlap": 0,
            "start_pos": 276,
            "end_pos": 278
        },
        {
            "label_type": "疾病和诊断",
            "overlap": 0,
            "start_pos": 299,
            "end_pos": 311
        },
        {
            "end_pos": 333,
            "label_type": "解剖部位",
            "overlap": 0,
            "start_pos": 332
        },
        {
            "end_pos": 336,
            "label_type": "解剖部位",
            "overlap": 0,
            "start_pos": 335
        }
    ]
}