{
    "originalText": "，外院肠镜示：乙状结肠距肛门20CM可见环周样结节状粘膜不规则隆起。，病理：乙状结肠高分化腺癌。2017-8-22行乙状结肠癌手术，（直肠下段），切除：- 中分化腺癌，伴钙化，最大径4.5CM；- 可见脉管癌栓及神经侵犯；- 癌组织侵达浆膜上，浆膜上另见癌结节；- （近端）及（远端）切缘未见癌；- 淋巴结可见癌转移（肠周1/13，直肠下动脉旁0/1），未侵犯淋巴结被膜外；- ，肿瘤病理分期：PT3N1A。，免疫组化结果显示:BRAF(－),CMET(2+),EGFR(3+),HER2(1+),KI-67(70%),MLH1(+),MSH2(+),MSH6(+),PMS2(+)。",
    "entities": [
        {
            "end_pos": 11,
            "label_type": "解剖部位",
            "overlap": 0,
            "start_pos": 7
        },
        {
            "end_pos": 14,
            "label_type": "解剖部位",
            "overlap": 0,
            "start_pos": 12
        },
        {
            "label_type": "疾病和诊断",
            "overlap": 0,
            "start_pos": 38,
            "end_pos": 47
        },
        {
            "end_pos": 65,
            "label_type": "手术",
            "overlap": 0,
            "start_pos": 58
        },
        {
            "end_pos": 71,
            "label_type": "解剖部位",
            "overlap": 0,
            "start_pos": 67
        },
        {
            "label_type": "疾病和诊断",
            "overlap": 0,
            "start_pos": 78,
            "end_pos": 83
        },
        {
            "label_type": "解剖部位",
            "overlap": 0,
            "start_pos": 150,
            "end_pos": 176
        }
    ]
}