{
    "originalText": "，缘于入院前3月余于我院诊断为“直肠癌”，于2014-10-09行“腹腔镜上直肠癌根治术”，术顺，术后病理示（直肠），：肠溃疡型管状腺癌II级，癌组织侵犯脉管及神经组织，侵及外膜层。手术标本双切端、环周切缘及另送（下切端）、（上切端）均未见癌浸润。找到肠周淋巴结2/9个见癌转移。另送(肠系膜上动脉根部淋巴结)镜上为脂肪、脉管、神经及纤维结缔组织。，免疫组化染色结果：KI67（50%阳性），P53（+++），P170（+++），GSTπ（+），EGFR（++），5-FU（+），MLH1（+++），MSH-6（+++），MGMT（-）。于2014.11.19、2014.12.24予按奥沙利铂(乐沙定)200MGIVGTTD1+希罗达1000MGPOBIDD1-D14方案化疗，辅以保肝、止吐、制酸等对症处理，化疗过程顺利，此次为行第3次化疗，门诊拟“直肠癌术后化疗”收入我科。自入院以来，精神、睡眠、饮食良好，体力情况良好，大小便正常，体重无明显变化。",
    "entities": [
        {
            "label_type": "疾病和诊断",
            "overlap": 0,
            "start_pos": 16,
            "end_pos": 19
        },
        {
            "end_pos": 44,
            "label_type": "手术",
            "overlap": 0,
            "start_pos": 34
        },
        {
            "end_pos": 57,
            "label_type": "解剖部位",
            "overlap": 0,
            "start_pos": 55
        },
        {
            "label_type": "疾病和诊断",
            "overlap": 0,
            "start_pos": 60,
            "end_pos": 71
        },
        {
            "end_pos": 131,
            "label_type": "解剖部位",
            "overlap": 0,
            "start_pos": 126
        },
        {
            "end_pos": 154,
            "label_type": "解剖部位",
            "overlap": 0,
            "start_pos": 143
        },
        {
            "end_pos": 236,
            "label_type": "药物",
            "overlap": 0,
            "start_pos": 232
        },
        {
            "end_pos": 297,
            "label_type": "药物",
            "overlap": 0,
            "start_pos": 293
        },
        {
            "end_pos": 301,
            "label_type": "药物",
            "overlap": 0,
            "start_pos": 298
        },
        {
            "end_pos": 318,
            "label_type": "药物",
            "overlap": 0,
            "start_pos": 315
        },
        {
            "end_pos": 344,
            "label_type": "解剖部位",
            "overlap": 0,
            "start_pos": 343
        },
        {
            "label_type": "疾病和诊断",
            "overlap": 0,
            "start_pos": 377,
            "end_pos": 382
        }
    ]
}