{
    "originalText": "，患者2016.1.28因左下腹疼痛4天入我院普外科。当时无恶心、呕吐，无反酸、嗳气，无呕血，腹部CT示结肠肝曲占位，考虑结肠癌并腹腔淋巴结转移，腹部B超示左侧腹部包块，考虑占位性病变，肠系膜及腹膜后淋巴结肿大。入院后给予完善各项检查，于2016-1-30在全麻上行腹腔镜扩大根治性左半结肠切除术，，术后病理：（结肠）中分化腺癌，部分为粘液腺癌（后者约占60%），溃疡型，肿瘤切面积9*2.5CM，侵透浆膜，回肠切缘、结肠切缘、阑尾及网膜组织未查见癌，肠周淋巴结36枚，其中1枚查见转移癌。患者术后恢复可，入我科后复查CT未见肿瘤复发及转移征象，2016-2-18起给予MFOLFOX6方案化疗5周期，，具体为：奥沙利铂130MG D1+右亚叶酸钙300MG D1+氟尿嘧啶0.625G D1，3.75G 输液泵维持46小时，耐受可。今为行上一周期化疗再次入院。患者自下次出院以来，神志清，精神可，大小便正常，体重无明显变化。",
    "entities": [
        {
            "end_pos": 16,
            "label_type": "解剖部位",
            "overlap": 0,
            "start_pos": 13
        },
        {
            "label_type": "影像检查",
            "overlap": 0,
            "start_pos": 47,
            "end_pos": 51
        },
        {
            "end_pos": 56,
            "label_type": "解剖部位",
            "overlap": 0,
            "start_pos": 52
        },
        {
            "label_type": "疾病和诊断",
            "overlap": 0,
            "start_pos": 61,
            "end_pos": 72
        },
        {
            "end_pos": 82,
            "label_type": "解剖部位",
            "overlap": 0,
            "start_pos": 78
        },
        {
            "label_type": "解剖部位",
            "overlap": 0,
            "start_pos": 92,
            "end_pos": 103
        },
        {
            "end_pos": 148,
            "label_type": "手术",
            "overlap": 0,
            "start_pos": 133
        },
        {
            "label_type": "疾病和诊断",
            "overlap": 0,
            "start_pos": 155,
            "end_pos": 164
        },
        {
            "label_type": "疾病和诊断",
            "overlap": 0,
            "start_pos": 168,
            "end_pos": 172
        },
        {
            "end_pos": 206,
            "label_type": "解剖部位",
            "overlap": 0,
            "start_pos": 204
        },
        {
            "end_pos": 211,
            "label_type": "解剖部位",
            "overlap": 0,
            "start_pos": 209
        },
        {
            "end_pos": 216,
            "label_type": "解剖部位",
            "overlap": 0,
            "start_pos": 214
        },
        {
            "end_pos": 231,
            "label_type": "解剖部位",
            "overlap": 0,
            "start_pos": 226
        },
        {
            "label_type": "影像检查",
            "overlap": 0,
            "start_pos": 259,
            "end_pos": 261
        },
        {
            "end_pos": 310,
            "label_type": "药物",
            "overlap": 0,
            "start_pos": 306
        },
        {
            "end_pos": 324,
            "label_type": "药物",
            "overlap": 0,
            "start_pos": 319
        },
        {
            "end_pos": 337,
            "label_type": "药物",
            "overlap": 0,
            "start_pos": 333
        }
    ]
}