{
    "originalText": "，患者于2014-6外院检查发现AFP升高。2014-6-22，六院行CT检查：肝左叶巨大占位，肝癌可能大。2014-7-1来我院就诊，，行MRI检查示：肝左叶巨块型MT，大小约8.4X11.5CM。7/，15查AFP: 6428.0NG/ML；7/18行特殊肝段切除术（V、VI、VIII段）+胆囊切除术。，术后病理：（肝左叶）肝细胞肝癌，III级，伴出血、坏死，脉管内见癌栓。肝切缘未见癌组织累及。周围肝组织汇管区淋巴细胞浸润伴纤维组织增生（G1S2），部分区肝细胞大细胞变。（胆囊）慢性炎。检出胆囊旁淋巴结1枚，慢性炎。免疫组化(2014-N8731)2，号蜡块:AFP(++),HEPA(++),CK7(-),CK19(-),CD34(血窦丰富),KI67(50%阳性),GS(++),HSP70(++),GPC3(-),OPN(-)。术后手术区积液，予以置管引流。7/，25出院前查AFP: 1362.0NG/ML；出院后，随访腹部，CT：肝MT术后改变，术区积液、积气，随访；肝脏囊肿，8/，18随访AFP：113NG/ML。现为进一步介入治疗收入院。患者发病以来，胃纳可、夜寐可、二便正常、体重无明显减轻。",
    "entities": [
        {
            "label_type": "实验室检验",
            "overlap": 0,
            "start_pos": 16,
            "end_pos": 19
        },
        {
            "label_type": "影像检查",
            "overlap": 0,
            "start_pos": 35,
            "end_pos": 37
        },
        {
            "end_pos": 43,
            "label_type": "解剖部位",
            "overlap": 0,
            "start_pos": 40
        },
        {
            "label_type": "疾病和诊断",
            "overlap": 0,
            "start_pos": 48,
            "end_pos": 50
        },
        {
            "label_type": "影像检查",
            "overlap": 0,
            "start_pos": 70,
            "end_pos": 73
        },
        {
            "label_type": "疾病和诊断",
            "overlap": 0,
            "start_pos": 77,
            "end_pos": 85
        },
        {
            "label_type": "手术",
            "overlap": 0,
            "start_pos": 128,
            "end_pos": 153
        },
        {
            "end_pos": 164,
            "label_type": "解剖部位",
            "overlap": 0,
            "start_pos": 161
        },
        {
            "label_type": "疾病和诊断",
            "overlap": 0,
            "start_pos": 165,
            "end_pos": 175
        },
        {
            "end_pos": 191,
            "label_type": "解剖部位",
            "overlap": 0,
            "start_pos": 190
        },
        {
            "end_pos": 204,
            "label_type": "解剖部位",
            "overlap": 0,
            "start_pos": 203
        },
        {
            "end_pos": 233,
            "label_type": "解剖部位",
            "overlap": 0,
            "start_pos": 232
        },
        {
            "label_type": "疾病和诊断",
            "overlap": 0,
            "start_pos": 240,
            "end_pos": 247
        },
        {
            "end_pos": 256,
            "label_type": "解剖部位",
            "overlap": 0,
            "start_pos": 250
        },
        {
            "label_type": "实验室检验",
            "overlap": 0,
            "start_pos": 396,
            "end_pos": 399
        },
        {
            "label_type": "影像检查",
            "overlap": 0,
            "start_pos": 419,
            "end_pos": 424
        },
        {
            "label_type": "疾病和诊断",
            "overlap": 0,
            "start_pos": 425,
            "end_pos": 430
        },
        {
            "label_type": "疾病和诊断",
            "overlap": 0,
            "start_pos": 444,
            "end_pos": 448
        },
        {
            "label_type": "实验室检验",
            "overlap": 0,
            "start_pos": 456,
            "end_pos": 459
        },
        {
            "end_pos": 490,
            "label_type": "解剖部位",
            "overlap": 0,
            "start_pos": 489
        }
    ]
}