{
    "originalText": "，患者因低位直肠癌于2014-08-27在全麻上行直肠癌根治术（DIXON）。，术中探查见：腹腔内无腹水，腹膜无转移，肝脏未触及转移结节，肿瘤位于腹膜返折处，手术顺利，术后给予抑酸、抗感染、营养支持等治疗。术后病理（201413291），：（直肠）腺癌(中度分化),浸润溃疡型,体积7.5*4.5*2CM,部分侵穿纤维膜达脂肪组织，距底部切除面甚近，局部侵达浆膜，浆膜面未查见癌。 双端切线及另送“近切线”、“远切线”未查见癌。 呈一站（6/10个）淋巴结癌转移。 中央组（7个）淋巴结未查见癌。 ，癌组织免疫组化染色示：TS（-）、SYN（-）。术后给予3周期化疗，，方案为：奥沙利铂200MG D1，亚叶酸钙0.3G+替加氟1.0G D2-D6，同时给与升白细胞、护肝、止吐、免疫增强治疗，过程顺利，自下次出院以来，患者一般情况保持良好；无发热，无恶心、呕吐，无反酸、嗳气，无明显进食不适；未现明显腹痛、腹胀。现患者为行复查并辅助化疗而再来我院就诊，门诊以“直肠癌术后”收入院。   患者精神好，食欲、饮食好，睡眠可；肛门排气排便存在。无体重变化。",
    "entities": [
        {
            "label_type": "疾病和诊断",
            "overlap": 0,
            "start_pos": 6,
            "end_pos": 9
        },
        {
            "label_type": "手术",
            "overlap": 0,
            "start_pos": 25,
            "end_pos": 38
        },
        {
            "end_pos": 48,
            "label_type": "解剖部位",
            "overlap": 0,
            "start_pos": 46
        },
        {
            "end_pos": 51,
            "label_type": "解剖部位",
            "overlap": 0,
            "start_pos": 50
        },
        {
            "label_type": "解剖部位",
            "overlap": 0,
            "start_pos": 53,
            "end_pos": 54
        },
        {
            "end_pos": 61,
            "label_type": "解剖部位",
            "overlap": 0,
            "start_pos": 59
        },
        {
            "label_type": "解剖部位",
            "overlap": 0,
            "start_pos": 73,
            "end_pos": 74
        },
        {
            "label_type": "疾病和诊断",
            "overlap": 0,
            "start_pos": 120,
            "end_pos": 138
        },
        {
            "label_type": "解剖部位",
            "overlap": 0,
            "start_pos": 216,
            "end_pos": 229
        },
        {
            "label_type": "解剖部位",
            "overlap": 0,
            "start_pos": 233,
            "end_pos": 243
        },
        {
            "end_pos": 293,
            "label_type": "药物",
            "overlap": 0,
            "start_pos": 289
        },
        {
            "end_pos": 306,
            "label_type": "药物",
            "overlap": 0,
            "start_pos": 302
        },
        {
            "end_pos": 314,
            "label_type": "药物",
            "overlap": 0,
            "start_pos": 311
        },
        {
            "end_pos": 336,
            "label_type": "解剖部位",
            "overlap": 0,
            "start_pos": 335
        },
        {
            "end_pos": 402,
            "label_type": "解剖部位",
            "overlap": 0,
            "start_pos": 401
        },
        {
            "end_pos": 405,
            "label_type": "解剖部位",
            "overlap": 0,
            "start_pos": 404
        },
        {
            "label_type": "疾病和诊断",
            "overlap": 0,
            "start_pos": 431,
            "end_pos": 436
        }
    ]
}