{
    "originalText": "患者于2016-01-08因“结肠癌”于我院行左半结肠切除+淋巴结清扫术，术后病理示：（01083.16）结合986.16（结肠）中分化腺癌，隆起型，肿瘤切面积8*5.5CM，侵达浆膜，下、上切线均未查见癌，肠周查见淋巴结17枚，其中2枚查见癌（2/17）。（膀胱）结缔组织急慢性炎，其内查见少许异型下皮，考虑为腺癌累及。术后给予抗炎、补液、营养及对症治疗，术后恢复可。现患者无恶心、呕吐，无腹痛、腹胀，大便通畅，为行化疗治疗，今日就诊于我院，门诊以“结肠癌术后化疗”收住入院。患者自发病以来，神志清，精神可，食欲、睡眠可，小便正常，体重变化不明显。高血压病史30余年，未规律服药，现血压正常。患乙型病毒性肝炎20年。尿频、排尿困难1年余，未行治疗。",
    "entities": [
        {
            "label_type": "疾病和诊断",
            "overlap": 0,
            "start_pos": 15,
            "end_pos": 18
        },
        {
            "label_type": "手术",
            "overlap": 0,
            "start_pos": 23,
            "end_pos": 36
        },
        {
            "label_type": "疾病和诊断",
            "overlap": 0,
            "start_pos": 61,
            "end_pos": 70
        },
        {
            "label_type": "解剖部位",
            "overlap": 0,
            "start_pos": 104,
            "end_pos": 111
        },
        {
            "end_pos": 132,
            "label_type": "解剖部位",
            "overlap": 0,
            "start_pos": 130
        },
        {
            "label_type": "疾病和诊断",
            "overlap": 0,
            "start_pos": 156,
            "end_pos": 158
        },
        {
            "end_pos": 197,
            "label_type": "解剖部位",
            "overlap": 0,
            "start_pos": 196
        },
        {
            "end_pos": 200,
            "label_type": "解剖部位",
            "overlap": 0,
            "start_pos": 199
        },
        {
            "label_type": "疾病和诊断",
            "overlap": 0,
            "start_pos": 226,
            "end_pos": 231
        },
        {
            "label_type": "疾病和诊断",
            "overlap": 0,
            "start_pos": 275,
            "end_pos": 278
        },
        {
            "label_type": "疾病和诊断",
            "overlap": 0,
            "start_pos": 298,
            "end_pos": 305
        }
    ]
}