{
    "originalText": "患者1月前因\\\"间断下腹痛1年，发现结肠占位2天\\\"于我院行左半结肠切除术，手术顺利，病理回报为（左半结肠）结肠隆起型高中分化腺癌，部分为粘液腺癌，大小10×5×4CM，癌侵及浆膜上纤维脂肪组织，距环周切缘约3MM，未见脉管癌栓，淋巴结未见癌转移（肠周0/13，结肠中血管旁0/2），（近端）及（远端）切缘未见特殊。免疫组化结果显示 CD44(+)，CMET(+)，COX2(+)，EGFR()，HER2(1+)，KI-67(+20%)，MLH1(+50～75%)，MMP7(弱+)，MSH2(+25～50%)，MSH6()，P170()，P27(+25～50%)，P53(+50～75%)，TOPOII(+＜10%)。现患者为求进一步治疗，以“结肠癌术后”收入院。患者自发病以来，精神饮食可，睡眠可，二便正常，体重无明显减轻。",
    "entities": [
        {
            "end_pos": 13,
            "label_type": "解剖部位",
            "overlap": 0,
            "start_pos": 10
        },
        {
            "end_pos": 20,
            "label_type": "解剖部位",
            "overlap": 0,
            "start_pos": 18
        },
        {
            "end_pos": 37,
            "label_type": "手术",
            "overlap": 0,
            "start_pos": 30
        },
        {
            "label_type": "疾病和诊断",
            "overlap": 0,
            "start_pos": 48,
            "end_pos": 65
        },
        {
            "label_type": "疾病和诊断",
            "overlap": 0,
            "start_pos": 69,
            "end_pos": 73
        },
        {
            "label_type": "解剖部位",
            "overlap": 0,
            "start_pos": 115,
            "end_pos": 141
        },
        {
            "label_type": "疾病和诊断",
            "overlap": 0,
            "start_pos": 323,
            "end_pos": 328
        }
    ]
}