{
    "originalText": "，患者2014年上半年无明显诱因出现大便带鲜血，量少，伴大便次数增加至8-10次/天，稀烂，偶有里急后重，2014年11他也前出现间歇性脐周隐痛，大便后可缓解。无恶心、发热等不适。到外院对症处理，便血症状无明显缓解。2015-1-9，外院肠镜检查提示:距肛门17-19CM乙状结肠肿物，肠镜能通过。活检病理提示高分化腺癌。后至我院就诊，完善检查后于2015年1月22日全麻上行腹腔镜上DIXON术，术程顺利，，术后病理结果回报：（乙状结肠大体）镜检为肠中分化腺癌，浸润至肠壁浆膜上层，未见明确脉管内癌栓及神经束侵犯。（中央淋巴结）1枚，未见癌。（中间淋巴结）2枚，未见癌。（肠旁淋巴结）6枚，未见癌。（系膜根部淋巴结）1枚，未见癌。，分期为：PT3N0M0 IIA期。，免疫组化：MLH1（+），MSH2（+），MSH6（+），PMS2（+）。于2015-03-23开始至今行希罗达7程口服化疗顺利,化疗后未出现明显副反应。现患者为进一步诊治入院遵主诊教授意见行本周期化疗。目前患者一般情况可，无发热、咳嗽、身目黄染，无骶部痛等，精神可，纳眠可，小便无异常，手术至今体重约上降15KG。",
    "entities": [
        {
            "end_pos": 70,
            "label_type": "解剖部位",
            "overlap": 0,
            "start_pos": 68
        },
        {
            "label_type": "疾病和诊断",
            "overlap": 0,
            "start_pos": 155,
            "end_pos": 160
        },
        {
            "end_pos": 198,
            "label_type": "手术",
            "overlap": 0,
            "start_pos": 188
        },
        {
            "end_pos": 219,
            "label_type": "解剖部位",
            "overlap": 0,
            "start_pos": 215
        },
        {
            "label_type": "疾病和诊断",
            "overlap": 0,
            "start_pos": 225,
            "end_pos": 231
        },
        {
            "label_type": "解剖部位",
            "overlap": 0,
            "start_pos": 235,
            "end_pos": 236
        },
        {
            "label_type": "解剖部位",
            "overlap": 0,
            "start_pos": 259,
            "end_pos": 264
        },
        {
            "label_type": "解剖部位",
            "overlap": 0,
            "start_pos": 273,
            "end_pos": 278
        },
        {
            "end_pos": 292,
            "label_type": "解剖部位",
            "overlap": 0,
            "start_pos": 287
        },
        {
            "end_pos": 308,
            "label_type": "解剖部位",
            "overlap": 0,
            "start_pos": 301
        },
        {
            "end_pos": 391,
            "label_type": "药物",
            "overlap": 0,
            "start_pos": 388
        },
        {
            "end_pos": 462,
            "label_type": "解剖部位",
            "overlap": 0,
            "start_pos": 460
        }
    ]
}