{
    "originalText": "患者因胃MT于2010年1月14日在我科行腹腔镜根治性全胃切除术，术后病理示：(全胃)平坦型低分化腺癌,侵及全层及周围脂肪组织,呈弥漫浸润性生长,侵及神经束,部分脉管可见癌栓,双切缘未见肿瘤累及. 检出小弯淋巴结13枚,其中9枚见癌转移; 检出大弯淋巴结3枚,均可见癌转移; 检出幽门下淋巴结2枚,均未见癌转移; 检出幽门上淋巴结13枚,均见癌转移; 另送14组淋巴结2枚,均可见癌转移; 另送切缘未见癌累及。患者术少量多餐，偶有腹泻，无发热、恶心、呕吐等。已行2次化疗，现为化疗收住入院。",
    "entities": [
        {
            "label_type": "疾病和诊断",
            "overlap": 0,
            "start_pos": 3,
            "end_pos": 6
        },
        {
            "end_pos": 32,
            "label_type": "手术",
            "overlap": 0,
            "start_pos": 21
        },
        {
            "label_type": "疾病和诊断",
            "overlap": 0,
            "start_pos": 39,
            "end_pos": 51
        },
        {
            "end_pos": 106,
            "label_type": "解剖部位",
            "overlap": 0,
            "start_pos": 101
        },
        {
            "end_pos": 127,
            "label_type": "解剖部位",
            "overlap": 0,
            "start_pos": 122
        },
        {
            "end_pos": 146,
            "label_type": "解剖部位",
            "overlap": 0,
            "start_pos": 140
        },
        {
            "end_pos": 165,
            "label_type": "解剖部位",
            "overlap": 0,
            "start_pos": 159
        },
        {
            "end_pos": 216,
            "label_type": "解剖部位",
            "overlap": 0,
            "start_pos": 215
        }
    ]
}