{
    "originalText": "，患者近1月前（2016-02-23）前因“胃癌”于我院行胃癌姑息性切除术（远端胃大部切除+毕I式吻合），，术中探查见：肿瘤位于胃窦小弯侧，大小约5*4*3CM,侵透浆膜并侵及胰腺，胃周可见多组肿大淋巴结，其中7、8、9组淋巴结融合成团，并与胰腺浸润。，术后常规病理示：（胃）低分化腺癌，局灶伴印戒细胞癌分化，弥漫浸润型，肿瘤切面积5.5*0.8CM，侵及胃壁深肌层。双端切缘、吻合器切缘及网膜组织未查见癌。大弯侧淋巴结11枚，其中3枚（3/11）查见转移；第7、8组淋巴结9枚，其中1枚（1/9）查见转移；小弯侧淋巴结8枚，均未查见转移（0/8）。，免疫组化：CK（+）、HER-2（2+）、SYN（-）、E-CAD（+）。术后给予消炎、营养支持治疗，病情好转后出院。现患者无恶心、呕吐，无腹痛、腹胀，半流质饮食，二便正常。现为求进一步治疗，门诊以“胃癌术后”收入院。自下次出院来，神志清，精神可，饮食可，体重较前无明显改变。",
    "entities": [
        {
            "label_type": "疾病和诊断",
            "overlap": 0,
            "start_pos": 22,
            "end_pos": 24
        },
        {
            "label_type": "手术",
            "overlap": 0,
            "start_pos": 29,
            "end_pos": 52
        },
        {
            "label_type": "解剖部位",
            "overlap": 0,
            "start_pos": 64,
            "end_pos": 68
        },
        {
            "end_pos": 90,
            "label_type": "解剖部位",
            "overlap": 0,
            "start_pos": 88
        },
        {
            "end_pos": 92,
            "label_type": "解剖部位",
            "overlap": 0,
            "start_pos": 91
        },
        {
            "label_type": "解剖部位",
            "overlap": 0,
            "start_pos": 105,
            "end_pos": 114
        },
        {
            "end_pos": 123,
            "label_type": "解剖部位",
            "overlap": 0,
            "start_pos": 121
        },
        {
            "label_type": "疾病和诊断",
            "overlap": 0,
            "start_pos": 135,
            "end_pos": 143
        },
        {
            "label_type": "疾病和诊断",
            "overlap": 0,
            "start_pos": 147,
            "end_pos": 152
        },
        {
            "end_pos": 183,
            "label_type": "解剖部位",
            "overlap": 0,
            "start_pos": 178
        },
        {
            "end_pos": 210,
            "label_type": "解剖部位",
            "overlap": 0,
            "start_pos": 204
        },
        {
            "label_type": "解剖部位",
            "overlap": 0,
            "start_pos": 229,
            "end_pos": 237
        },
        {
            "end_pos": 260,
            "label_type": "解剖部位",
            "overlap": 0,
            "start_pos": 254
        },
        {
            "end_pos": 347,
            "label_type": "解剖部位",
            "overlap": 0,
            "start_pos": 346
        },
        {
            "end_pos": 350,
            "label_type": "解剖部位",
            "overlap": 0,
            "start_pos": 349
        },
        {
            "label_type": "疾病和诊断",
            "overlap": 0,
            "start_pos": 376,
            "end_pos": 380
        }
    ]
}