{
    "originalText": "，缘于入院前1月余于我院诊为直肠癌，于2016.01.12在全麻上行腹腔镜上直肠癌根治术DIXON，，术中见：上腹部粘连，腹腔内无明显出血，无明显腹水，盆腔、腹壁、大网膜、肝脏未见明显转移结节，腹腔位于直肠下段，大小约3*2.5CM，可疑侵及浆膜层。术后病理（201601067），：(直肠)，：肠隆起型绒毛状-管状腺癌II级，局灶性浸润深肌层（&GT;1/2肌层），并见淋巴管内癌栓。手术标本双切端及另送（下切端）、(上切端)均未见癌浸润。找到肠周淋巴结9个（经本组下级医师复核淋巴结），另送(肠系膜上动脉根部）淋巴结1个，均未见癌转移。，免疫组化染色结果：KI67（60%阳性），P53（+++），P170（+++），5-FU（++），MLH1（+++），MSH2（+++），PMS2（+++），MSH-6（+++）。DNA错配修复的MMR蛋白（PMS2、MSH6、MLH1和MSH2）免疫组化染色提示本例肿瘤微卫星稳定（MSS）。术后给予对症、营养支持等治疗，恢复良好,伤口愈合II/甲出院。于2016.01.30行“奥沙利铂(乐沙定)150MGIVGTTD1+卡培他滨片(希罗达)1000MGPOBIDD1-14”方案化疗，辅以保胃、保肝、止吐等治疗，未见明显化疗副反应。今为行第2次化疗再次就诊我院，门诊拟“直肠癌术后化疗”收住入院。自下次出院以来，。",
    "entities": [
        {
            "label_type": "疾病和诊断",
            "overlap": 0,
            "start_pos": 14,
            "end_pos": 17
        },
        {
            "label_type": "手术",
            "overlap": 0,
            "start_pos": 34,
            "end_pos": 49
        },
        {
            "end_pos": 58,
            "label_type": "解剖部位",
            "overlap": 0,
            "start_pos": 55
        },
        {
            "end_pos": 63,
            "label_type": "解剖部位",
            "overlap": 0,
            "start_pos": 61
        },
        {
            "end_pos": 74,
            "label_type": "解剖部位",
            "overlap": 0,
            "start_pos": 73
        },
        {
            "end_pos": 78,
            "label_type": "解剖部位",
            "overlap": 0,
            "start_pos": 76
        },
        {
            "label_type": "解剖部位",
            "overlap": 0,
            "start_pos": 79,
            "end_pos": 80
        },
        {
            "end_pos": 88,
            "label_type": "解剖部位",
            "overlap": 0,
            "start_pos": 86
        },
        {
            "end_pos": 99,
            "label_type": "解剖部位",
            "overlap": 0,
            "start_pos": 97
        },
        {
            "label_type": "解剖部位",
            "overlap": 0,
            "start_pos": 101,
            "end_pos": 105
        },
        {
            "end_pos": 145,
            "label_type": "解剖部位",
            "overlap": 0,
            "start_pos": 143
        },
        {
            "label_type": "疾病和诊断",
            "overlap": 0,
            "start_pos": 148,
            "end_pos": 163
        },
        {
            "end_pos": 228,
            "label_type": "解剖部位",
            "overlap": 0,
            "start_pos": 223
        },
        {
            "end_pos": 260,
            "label_type": "解剖部位",
            "overlap": 0,
            "start_pos": 247
        },
        {
            "end_pos": 315,
            "label_type": "药物",
            "overlap": 0,
            "start_pos": 311
        },
        {
            "end_pos": 466,
            "label_type": "药物",
            "overlap": 0,
            "start_pos": 462
        },
        {
            "end_pos": 470,
            "label_type": "药物",
            "overlap": 0,
            "start_pos": 467
        },
        {
            "end_pos": 489,
            "label_type": "药物",
            "overlap": 0,
            "start_pos": 484
        },
        {
            "end_pos": 493,
            "label_type": "药物",
            "overlap": 0,
            "start_pos": 490
        },
        {
            "end_pos": 520,
            "label_type": "解剖部位",
            "overlap": 0,
            "start_pos": 519
        },
        {
            "end_pos": 523,
            "label_type": "解剖部位",
            "overlap": 0,
            "start_pos": 522
        },
        {
            "label_type": "疾病和诊断",
            "overlap": 0,
            "start_pos": 559,
            "end_pos": 564
        }
    ]
}