{
    "originalText": "，缘于4月前因反复进食阻塞3个月就诊于我院，完善术前准备后，于20160106行胸腹腔镜联合全胸段食管切除+食管-胃底右颈部吻合+右甲状腺结节切除术。手术顺利，术后恢复良好后出院，，术后病理示：（食管及胃底）食管多中心性蕈伞型鳞状细胞癌II级，侵及外膜层，侵犯神经及脉管组织，手术标本下、上切端及另送(最下切端)均未见癌浸润。找到食管周淋巴结0/2个，胃周淋巴结0/5个，及另送(右喉返喉返神经旁)淋巴结0/16个，（左喉返喉返神经神经旁）淋巴结0/5个，(颈部右喉返喉返神经旁)淋巴结1/1个，(隆突上)淋巴结0/2个，(上段食管旁)淋巴结0/5个，（贲门旁）淋巴结0/4个见癌转移。，免疫组化：肿瘤细胞示KI67（60%阳性），CK(H)（+），P63（+），P53（个别细胞阳性），P170（++），GSTπ（-），EGFR（++）。排除化疗禁忌症后于2016-02-03，2016-02-28，2016-03-22以“顺铂40MGD1-3，紫杉醇210MGD2”方案行3周期次化疗，辅以保肝，护胃，提高免疫力等处理，未见明显化疗副反应。现为求第4次化疗，就诊我科，拟“食管癌术后”入我科。下次出院至今无胸闷、憋气；无胸背痛；无腹痛、腹胀；无呕血、黑便；偶有返酸。饮食睡眠较好。大小便正常。体重无明显变化。",
    "entities": [
        {
            "label_type": "手术",
            "overlap": 0,
            "start_pos": 40,
            "end_pos": 74
        },
        {
            "label_type": "疾病和诊断",
            "overlap": 0,
            "start_pos": 97,
            "end_pos": 121
        },
        {
            "end_pos": 171,
            "label_type": "解剖部位",
            "overlap": 0,
            "start_pos": 165
        },
        {
            "end_pos": 181,
            "label_type": "解剖部位",
            "overlap": 0,
            "start_pos": 176
        },
        {
            "end_pos": 202,
            "label_type": "解剖部位",
            "overlap": 0,
            "start_pos": 189
        },
        {
            "end_pos": 223,
            "label_type": "解剖部位",
            "overlap": 0,
            "start_pos": 208
        },
        {
            "end_pos": 243,
            "label_type": "解剖部位",
            "overlap": 0,
            "start_pos": 228
        },
        {
            "end_pos": 256,
            "label_type": "解剖部位",
            "overlap": 0,
            "start_pos": 248
        },
        {
            "end_pos": 271,
            "label_type": "解剖部位",
            "overlap": 0,
            "start_pos": 261
        },
        {
            "end_pos": 284,
            "label_type": "解剖部位",
            "overlap": 0,
            "start_pos": 276
        },
        {
            "end_pos": 415,
            "label_type": "药物",
            "overlap": 0,
            "start_pos": 413
        },
        {
            "end_pos": 427,
            "label_type": "药物",
            "overlap": 0,
            "start_pos": 424
        },
        {
            "end_pos": 449,
            "label_type": "解剖部位",
            "overlap": 0,
            "start_pos": 448
        },
        {
            "end_pos": 452,
            "label_type": "解剖部位",
            "overlap": 0,
            "start_pos": 451
        },
        {
            "label_type": "疾病和诊断",
            "overlap": 0,
            "start_pos": 488,
            "end_pos": 493
        },
        {
            "end_pos": 506,
            "label_type": "解剖部位",
            "overlap": 0,
            "start_pos": 505
        },
        {
            "end_pos": 514,
            "label_type": "解剖部位",
            "overlap": 0,
            "start_pos": 512
        },
        {
            "end_pos": 518,
            "label_type": "解剖部位",
            "overlap": 0,
            "start_pos": 517
        },
        {
            "end_pos": 521,
            "label_type": "解剖部位",
            "overlap": 0,
            "start_pos": 520
        }
    ]
}