{
    "originalText": "患者于2014年05月因“子宫内膜癌”于******健院行“腹腔镜上广泛切除术+两附件切除术+盆腔LN及腹主动脉旁淋巴结清扫术”术后病理为“子宫内膜样腺鳞癌II级伴鳞状生化”。2014年5月至7月行TC方案化疗3程。2015年11月复查CT提示“盆腔以及两侧髂血管旁多发肿大淋巴结，考虑M”。2015年12月PET/CT示“两髂及两闭孔多个淋巴结代谢活跃，考虑M”。遂至我院就诊，当时因患者拒绝化疗未及时治疗。现患者诉阴道口瘙痒严重，里急后重感，于2016-03-07给予TC（进口）方案化疗1程。今再次来我院就诊。患者发病以来,精神一般,饮食睡眠不佳,大小便不正常：里急后重感，体重有减轻。",
    "entities": [
        {
            "label_type": "疾病和诊断",
            "overlap": 0,
            "start_pos": 13,
            "end_pos": 18
        },
        {
            "label_type": "手术",
            "overlap": 0,
            "start_pos": 30,
            "end_pos": 63
        },
        {
            "label_type": "疾病和诊断",
            "overlap": 0,
            "start_pos": 70,
            "end_pos": 86
        },
        {
            "label_type": "影像检查",
            "overlap": 0,
            "start_pos": 118,
            "end_pos": 120
        },
        {
            "end_pos": 125,
            "label_type": "解剖部位",
            "overlap": 0,
            "start_pos": 123
        },
        {
            "label_type": "解剖部位",
            "overlap": 0,
            "start_pos": 127,
            "end_pos": 130
        },
        {
            "label_type": "影像检查",
            "overlap": 0,
            "start_pos": 154,
            "end_pos": 160
        },
        {
            "end_pos": 164,
            "label_type": "解剖部位",
            "overlap": 0,
            "start_pos": 162
        },
        {
            "end_pos": 168,
            "label_type": "解剖部位",
            "overlap": 0,
            "start_pos": 165
        },
        {
            "end_pos": 212,
            "label_type": "解剖部位",
            "overlap": 0,
            "start_pos": 209
        }
    ]
}