{
    "originalText": "，患者约于7年前因“结肠癌”于2009-09-08日在全麻上行左半结肠切除术。手术过程顺利，术后给予抗感染及营养支持治疗，患者恢复好。，术后病理：（7282.2009）结肠腺癌（中低度分化），浸润溃疡型，面积4*3CM，侵达浆膜脂肪组织。累及阑尾浆膜面。双端切线未查见癌。呈一站（1/22）个淋巴结癌转移。术后给予患者化疗6周期，，方案为：奥沙利铂200MG D1（1-3期）奥沙利铂150MG D1（4-6期），亚叶酸钙0.3G+替加氟1.0G D2-D6。现患者腹胀，食欲差，就诊于我院门诊。    患者院外就诊期间，神志清，精神可，大、小便正常，体重未见明显变化。门诊以“左半结肠切除术后7年余”收入我院。",
    "entities": [
        {
            "label_type": "疾病和诊断",
            "overlap": 0,
            "start_pos": 10,
            "end_pos": 13
        },
        {
            "end_pos": 38,
            "label_type": "手术",
            "overlap": 0,
            "start_pos": 31
        },
        {
            "label_type": "疾病和诊断",
            "overlap": 0,
            "start_pos": 84,
            "end_pos": 95
        },
        {
            "label_type": "解剖部位",
            "overlap": 0,
            "start_pos": 121,
            "end_pos": 123
        },
        {
            "label_type": "解剖部位",
            "overlap": 0,
            "start_pos": 137,
            "end_pos": 149
        },
        {
            "end_pos": 174,
            "label_type": "药物",
            "overlap": 0,
            "start_pos": 170
        },
        {
            "end_pos": 192,
            "label_type": "药物",
            "overlap": 0,
            "start_pos": 188
        },
        {
            "end_pos": 211,
            "label_type": "药物",
            "overlap": 0,
            "start_pos": 207
        },
        {
            "end_pos": 219,
            "label_type": "药物",
            "overlap": 0,
            "start_pos": 216
        },
        {
            "end_pos": 234,
            "label_type": "解剖部位",
            "overlap": 0,
            "start_pos": 233
        },
        {
            "label_type": "疾病和诊断",
            "overlap": 0,
            "start_pos": 289,
            "end_pos": 297
        }
    ]
}