{
    "originalText": "，缘于4月前因“下腹部闷痛不适”腹部CT提示肝占位，进一步于我院行“腹腔镜上右肝肿物切除术+胆囊切除术”。，术后病理报告示：1.（右肝脏肿物），：肝脏原发性中分化肝细胞-胆管细胞混合型癌，伴坏死，侵及肝被膜及周边肝组织。癌周肝脏组织，肝细胞水肿变性，汇管区小胆管增生，伴中量慢性炎症细胞浸润。2（胆囊），：慢性胆囊炎。，免疫组化：CK7(-),CK20（+++），VILLIN(+++)，CDX-2(-),CK19(+++),CA19-9(-),GLYPICAN-3（+），CEA（-），KI67(70%),TTF-1(-),NSE(-),SY(-),PAS(灶性区域少量阳性)，AB染色（-）。术后患者无不适。无畏寒、寒战、发热，无恶心、呕吐、纳差，无皮肤黄、眼黄、尿黄。无腹痛、腹胀、腹泻，无返酸，嗳气。定期我院门诊随访，评估病情稳定。今为复查来我院，门诊拟“肝癌术后”收入院。自发病以来，食欲正常，睡眠、精神可，体重无明显上降，大、小便正常。",
    "entities": [
        {
            "end_pos": 11,
            "label_type": "解剖部位",
            "overlap": 0,
            "start_pos": 8
        },
        {
            "label_type": "疾病和诊断",
            "overlap": 0,
            "start_pos": 16,
            "end_pos": 20
        },
        {
            "end_pos": 23,
            "label_type": "解剖部位",
            "overlap": 0,
            "start_pos": 22
        },
        {
            "label_type": "手术",
            "overlap": 0,
            "start_pos": 34,
            "end_pos": 51
        },
        {
            "end_pos": 68,
            "label_type": "解剖部位",
            "overlap": 0,
            "start_pos": 65
        },
        {
            "label_type": "疾病和诊断",
            "overlap": 0,
            "start_pos": 73,
            "end_pos": 93
        },
        {
            "label_type": "解剖部位",
            "overlap": 0,
            "start_pos": 100,
            "end_pos": 101
        },
        {
            "end_pos": 107,
            "label_type": "解剖部位",
            "overlap": 0,
            "start_pos": 106
        },
        {
            "end_pos": 114,
            "label_type": "解剖部位",
            "overlap": 0,
            "start_pos": 112
        },
        {
            "end_pos": 118,
            "label_type": "解剖部位",
            "overlap": 0,
            "start_pos": 117
        },
        {
            "label_type": "解剖部位",
            "overlap": 0,
            "start_pos": 125,
            "end_pos": 131
        },
        {
            "end_pos": 150,
            "label_type": "解剖部位",
            "overlap": 0,
            "start_pos": 148
        },
        {
            "label_type": "疾病和诊断",
            "overlap": 0,
            "start_pos": 153,
            "end_pos": 158
        },
        {
            "end_pos": 339,
            "label_type": "解剖部位",
            "overlap": 0,
            "start_pos": 338
        },
        {
            "end_pos": 342,
            "label_type": "解剖部位",
            "overlap": 0,
            "start_pos": 341
        },
        {
            "end_pos": 345,
            "label_type": "解剖部位",
            "overlap": 0,
            "start_pos": 344
        },
        {
            "label_type": "疾病和诊断",
            "overlap": 0,
            "start_pos": 382,
            "end_pos": 386
        }
    ]
}