{
    "originalText": "患者于2011.8.3在全麻上行剖腹探查+肠减压+根治性左半结肠切除术，术后恢复可，病理类型为结肠溃疡型中分化管状腺癌，浸及肠壁全层，脉管内见癌栓。双切端及阑尾均未见癌累及。肠壁下淋巴结未见癌转移（0/12），另送（系膜）组织未见癌转移，分期(T4N0M0) 。术后已行6次FOLFOX方案全身化疗，化疗期间患者无恶心、呕吐、腹泻等不适，化疗过程顺利，本次为术后复查入院。\\U0004   患者本次发病以来，食欲正常， 神志清醒，精神尚可，睡眠尚可，大便正常，小便正常，体重无明显变化。",
    "entities": [
        {
            "label_type": "手术",
            "overlap": 0,
            "start_pos": 16,
            "end_pos": 35
        },
        {
            "label_type": "疾病和诊断",
            "overlap": 0,
            "start_pos": 47,
            "end_pos": 59
        },
        {
            "end_pos": 80,
            "label_type": "解剖部位",
            "overlap": 0,
            "start_pos": 78
        },
        {
            "end_pos": 93,
            "label_type": "解剖部位",
            "overlap": 0,
            "start_pos": 87
        },
        {
            "end_pos": 164,
            "label_type": "解剖部位",
            "overlap": 0,
            "start_pos": 163
        }
    ]
}