{
    "originalText": "，入院前3个月余于我院诊为胃癌，于2015年04月06日在全麻上行“腔镜上根治性全胃切除术+食管空肠ROUX-Y吻合术（D2）+脾切除术”。术后病理（201512223），：(全胃)，：食管胃交界溃疡型管状腺癌II-III级，侵及浆膜层，累及神经。手术标本下、上切端及另送(下切端)均未见癌浸润。找到贲门周淋巴结1/3个，小弯淋巴结1/11个，大弯淋巴结1/1个，幽门上0/5个，另送(第7组）淋巴结0/1个，(第8组）淋巴结0/1个，(第9组）淋巴结1/4个，(第10组）淋巴结1/3个，(第11组）淋巴结1/2个，(第15组）淋巴结0/1个，见癌转移。幽门下淋巴结及另送(第12组淋巴结)未查见淋巴结。另送脾脏组织，未见癌浸润。术后给予对症、抗感染治疗，恢复良好,伤口愈合II/甲。于2015.05.04、2015.06.23、2015.06.13行“奥沙利铂200MGIVGTTD1+替吉奥60MGPOBIDD1-14”方案化疗3次，辅予保胃、制酸、止吐、补液等，无明显药物毒性反应。今为术后第4次辅助化疗,门诊以“胃贲门管状腺癌（PT4AN2M0IIIB期）术后”收入院。自出院后饮食、夜休可，无腹痛、腹胀、发热，体重较前无明显变化。",
    "entities": [
        {
            "label_type": "疾病和诊断",
            "overlap": 0,
            "start_pos": 13,
            "end_pos": 15
        },
        {
            "label_type": "手术",
            "overlap": 0,
            "start_pos": 34,
            "end_pos": 68
        },
        {
            "end_pos": 90,
            "label_type": "解剖部位",
            "overlap": 0,
            "start_pos": 89
        },
        {
            "label_type": "疾病和诊断",
            "overlap": 0,
            "start_pos": 93,
            "end_pos": 112
        },
        {
            "end_pos": 156,
            "label_type": "解剖部位",
            "overlap": 0,
            "start_pos": 150
        },
        {
            "end_pos": 166,
            "label_type": "解剖部位",
            "overlap": 0,
            "start_pos": 161
        },
        {
            "end_pos": 177,
            "label_type": "解剖部位",
            "overlap": 0,
            "start_pos": 172
        },
        {
            "end_pos": 184,
            "label_type": "解剖部位",
            "overlap": 0,
            "start_pos": 182
        },
        {
            "label_type": "解剖部位",
            "overlap": 0,
            "start_pos": 192,
            "end_pos": 200
        },
        {
            "label_type": "解剖部位",
            "overlap": 0,
            "start_pos": 205,
            "end_pos": 213
        },
        {
            "label_type": "解剖部位",
            "overlap": 0,
            "start_pos": 218,
            "end_pos": 226
        },
        {
            "label_type": "解剖部位",
            "overlap": 0,
            "start_pos": 231,
            "end_pos": 240
        },
        {
            "label_type": "解剖部位",
            "overlap": 0,
            "start_pos": 245,
            "end_pos": 254
        },
        {
            "label_type": "解剖部位",
            "overlap": 0,
            "start_pos": 259,
            "end_pos": 268
        },
        {
            "end_pos": 284,
            "label_type": "解剖部位",
            "overlap": 0,
            "start_pos": 278
        },
        {
            "end_pos": 307,
            "label_type": "解剖部位",
            "overlap": 0,
            "start_pos": 305
        },
        {
            "end_pos": 382,
            "label_type": "药物",
            "overlap": 0,
            "start_pos": 378
        },
        {
            "end_pos": 398,
            "label_type": "药物",
            "overlap": 0,
            "start_pos": 395
        },
        {
            "end_pos": 424,
            "label_type": "解剖部位",
            "overlap": 0,
            "start_pos": 423
        },
        {
            "label_type": "疾病和诊断",
            "overlap": 0,
            "start_pos": 461,
            "end_pos": 483
        },
        {
            "end_pos": 503,
            "label_type": "解剖部位",
            "overlap": 0,
            "start_pos": 502
        },
        {
            "end_pos": 506,
            "label_type": "解剖部位",
            "overlap": 0,
            "start_pos": 505
        }
    ]
}