{
    "originalText": "，缘于入院前2月余前于我院确诊为“直肠癌”，2015.07.11日行腹腔镜上直肠部分切除术,术后予以制酸,抗炎,护胃等对症处理,术后病理示(201525467)，:，：(直肠)，：肠隆起型管状腺癌II级，伴坏死，侵及外膜层，手术标本双切端及另送（下切端）、（上切端）均未见癌浸润。找到肠周淋巴结13个均未见癌转移。(MM20151216)，:该病例未检测到KRAS基因12、13号密码子热点突变。该病例未检测到BRAF基因V600E突变，术后于2015.07.29、2015.08.25予以“卡培他滨1500MGPOBIDD1-D14+奥沙利铂200MGD1IVGTT”方案化疗,期间辅以保胃,保肝止呕吐等对症处理。此次为行第3周期化疗再次就诊我院，门诊拟直肠癌术后收入院。下次出院以来精神、睡眠、饮食可，无腹痛、腹胀、发热，大小便正常，体重较前无明显变化。",
    "entities": [
        {
            "label_type": "疾病和诊断",
            "overlap": 0,
            "start_pos": 17,
            "end_pos": 20
        },
        {
            "end_pos": 45,
            "label_type": "手术",
            "overlap": 0,
            "start_pos": 34
        },
        {
            "end_pos": 58,
            "label_type": "解剖部位",
            "overlap": 0,
            "start_pos": 57
        },
        {
            "end_pos": 87,
            "label_type": "解剖部位",
            "overlap": 0,
            "start_pos": 85
        },
        {
            "label_type": "疾病和诊断",
            "overlap": 0,
            "start_pos": 90,
            "end_pos": 101
        },
        {
            "end_pos": 147,
            "label_type": "解剖部位",
            "overlap": 0,
            "start_pos": 142
        },
        {
            "end_pos": 250,
            "label_type": "药物",
            "overlap": 0,
            "start_pos": 246
        },
        {
            "end_pos": 272,
            "label_type": "药物",
            "overlap": 0,
            "start_pos": 268
        },
        {
            "end_pos": 296,
            "label_type": "解剖部位",
            "overlap": 0,
            "start_pos": 295
        },
        {
            "end_pos": 299,
            "label_type": "解剖部位",
            "overlap": 0,
            "start_pos": 298
        },
        {
            "label_type": "疾病和诊断",
            "overlap": 0,
            "start_pos": 328,
            "end_pos": 333
        },
        {
            "end_pos": 355,
            "label_type": "解剖部位",
            "overlap": 0,
            "start_pos": 354
        },
        {
            "end_pos": 358,
            "label_type": "解剖部位",
            "overlap": 0,
            "start_pos": 357
        }
    ]
}