{
    "originalText": "，其于1月前因结肠占位性病变于2013.06.13下午在全麻上行遂行结肠癌根治术+放射性粒子置入术，术中冰冻提示乙状结肠腺癌，侵及肠壁深肌层，双切缘阴性。手术顺利，，术后病检提示：乙状结肠溃疡型中分化管状乳头状腺癌，浸及肠壁全层，脉管、神经未见癌侵犯，双切端未见癌累及，淋巴结见癌转移（1/5），，肿瘤分期：T3NXM1 。术后予以预防感染、抗肿瘤等对症支持治疗，恢复良好，并于2013.06.24治愈出院。出院后食欲较好，体重增加约6KG，未诉特殊不适，今患者为行第1次全身静脉化疗入院。\\U0004   患者发病以来，神志 清晰，精神可，胃纳可，大便如常，小便如常，体重未见明显上降。",
    "entities": [
        {
            "end_pos": 9,
            "label_type": "解剖部位",
            "overlap": 0,
            "start_pos": 7
        },
        {
            "label_type": "手术",
            "overlap": 0,
            "start_pos": 34,
            "end_pos": 49
        },
        {
            "label_type": "疾病和诊断",
            "overlap": 0,
            "start_pos": 56,
            "end_pos": 62
        },
        {
            "label_type": "解剖部位",
            "overlap": 0,
            "start_pos": 65,
            "end_pos": 66
        },
        {
            "label_type": "疾病和诊断",
            "overlap": 0,
            "start_pos": 90,
            "end_pos": 107
        },
        {
            "label_type": "解剖部位",
            "overlap": 0,
            "start_pos": 110,
            "end_pos": 111
        },
        {
            "end_pos": 272,
            "label_type": "解剖部位",
            "overlap": 0,
            "start_pos": 271
        }
    ]
}