{
    "originalText": "，缘于5月余前因“直肠癌”就诊我院,于2016.06.29行“腔镜上直肠根治术（DIXON手术）”，探查腹腔内无明显出血，无明显腹水，无明显粘连，无明显腹腔肿瘤种植转移，肿瘤位于腹膜返折下7CM，侵出前壁浆膜层，未形成肠梗阻，近端无扩张，周围少许肿大淋巴结。术顺，术后予预防感染、制酸、补液、营养支持等治疗，，术后病理示：（直肠）大肠溃疡型管状腺癌II级，侵出外膜层，可见脉管内癌栓，未见明确神经侵犯。，病理：手术标本双切端及另送（下切端）、（上切端）均未见癌浸润，另送（上切端）灶性腺下皮呈低级别下皮内瘤变。找到肠周淋巴结1/24个，及另送（肠系膜上动脉根部）淋巴结0/1个，见癌转移。，免疫组化：KI67（60%+），P53（+++），CK7（-），CK20（+++），CEA（++）。术后恢复可，无恶心、呕吐、腹痛、腹胀、发热、畏寒等不适。术后于2016.07.26、2016.08.17、2016.09.12、2016.10.08、2016.10.30、2016.11.21予以“奥沙利铂150MGIVGTTD1+卡培他滨1500MGBIDD1-D14”方案化疗，为行上一周期化疗，就诊我院,门诊拟直肠癌术后化疗收治入院。下次出院以来精神、睡眠、饮食可，无腹痛、腹胀、发热，大小便正常，体重较前无明显变化。",
    "entities": [
        {
            "label_type": "疾病和诊断",
            "overlap": 0,
            "start_pos": 9,
            "end_pos": 12
        },
        {
            "label_type": "手术",
            "overlap": 0,
            "start_pos": 31,
            "end_pos": 47
        },
        {
            "end_pos": 54,
            "label_type": "解剖部位",
            "overlap": 0,
            "start_pos": 52
        },
        {
            "end_pos": 65,
            "label_type": "解剖部位",
            "overlap": 0,
            "start_pos": 64
        },
        {
            "end_pos": 78,
            "label_type": "解剖部位",
            "overlap": 0,
            "start_pos": 76
        },
        {
            "label_type": "解剖部位",
            "overlap": 0,
            "start_pos": 89,
            "end_pos": 90
        },
        {
            "label_type": "疾病和诊断",
            "overlap": 0,
            "start_pos": 109,
            "end_pos": 112
        },
        {
            "label_type": "疾病和诊断",
            "overlap": 0,
            "start_pos": 161,
            "end_pos": 177
        },
        {
            "end_pos": 262,
            "label_type": "解剖部位",
            "overlap": 0,
            "start_pos": 257
        },
        {
            "end_pos": 284,
            "label_type": "解剖部位",
            "overlap": 0,
            "start_pos": 271
        },
        {
            "end_pos": 359,
            "label_type": "解剖部位",
            "overlap": 0,
            "start_pos": 358
        },
        {
            "end_pos": 362,
            "label_type": "解剖部位",
            "overlap": 0,
            "start_pos": 361
        },
        {
            "end_pos": 448,
            "label_type": "药物",
            "overlap": 0,
            "start_pos": 444
        },
        {
            "end_pos": 465,
            "label_type": "药物",
            "overlap": 0,
            "start_pos": 461
        },
        {
            "label_type": "疾病和诊断",
            "overlap": 0,
            "start_pos": 503,
            "end_pos": 508
        },
        {
            "end_pos": 533,
            "label_type": "解剖部位",
            "overlap": 0,
            "start_pos": 532
        },
        {
            "end_pos": 536,
            "label_type": "解剖部位",
            "overlap": 0,
            "start_pos": 535
        }
    ]
}