{
    "originalText": "，患者因直肠癌于2014年12月05日行直肠前切除术，，术后病理：直肠（切除），：溃疡型中分化腺癌，肿物最大径6CM；侵及周围脂肪组织及浆膜上层；可见脉管癌栓； 淋巴结可见癌转移（19/24）； - 环周切缘、（近端）及（远端）均未见癌；另送肠管未见癌； ，肿瘤病理分期：PT3N2B。现为行术后辅助化疗入院，患者自发病以来精神睡眠食欲尚好，小便如常，大便如下述，体重无明显改变。",
    "entities": [
        {
            "label_type": "疾病和诊断",
            "overlap": 0,
            "start_pos": 4,
            "end_pos": 7
        },
        {
            "end_pos": 26,
            "label_type": "手术",
            "overlap": 0,
            "start_pos": 20
        },
        {
            "end_pos": 35,
            "label_type": "解剖部位",
            "overlap": 0,
            "start_pos": 33
        },
        {
            "label_type": "疾病和诊断",
            "overlap": 0,
            "start_pos": 41,
            "end_pos": 49
        },
        {
            "label_type": "解剖部位",
            "overlap": 0,
            "start_pos": 121,
            "end_pos": 122
        }
    ]
}