{
    "originalText": "患者1月余前于我院诊断为“乙状结肠肿物，恶性待排”完善术前检查，排除手术禁忌症后于2013-01-31行乙状结肠切除术，术后恢复可，有排气排便，术后病理示：乙状结肠中分化腺癌，浸润至肠壁粘膜上层，未见神经束侵犯，未见脉管内癌栓，中间淋巴结转移一枚（1/7），中央淋巴结（0/5），肠旁淋巴结（0/2），患者术后于2013年2月26日开始行XELOX方案化疗5程，过程顺利，现为进一步治疗入住本科。患者自下次出院以来，食欲、睡眠及精神良好，小便正常，体力无上降，体重无明显上降。",
    "entities": [
        {
            "label_type": "疾病和诊断",
            "overlap": 0,
            "start_pos": 13,
            "end_pos": 24
        },
        {
            "end_pos": 59,
            "label_type": "手术",
            "overlap": 0,
            "start_pos": 52
        },
        {
            "label_type": "疾病和诊断",
            "overlap": 0,
            "start_pos": 78,
            "end_pos": 87
        },
        {
            "label_type": "解剖部位",
            "overlap": 0,
            "start_pos": 91,
            "end_pos": 92
        },
        {
            "label_type": "解剖部位",
            "overlap": 0,
            "start_pos": 114,
            "end_pos": 119
        },
        {
            "label_type": "解剖部位",
            "overlap": 0,
            "start_pos": 129,
            "end_pos": 134
        },
        {
            "end_pos": 145,
            "label_type": "解剖部位",
            "overlap": 0,
            "start_pos": 140
        }
    ]
}