{
    "originalText": "，患者于2015年5月26日在我院行腹腔镜检查+卵巢肿瘤活检术。，术后病理学检查报告：(左卵巢)破碎卵巢组织见部分异型性腺体和分化较低的片巢状细胞，局灶伴鳞状下皮化生，符合恶性肿瘤，考虑为腺癌。于5月30日给予TP方案化疗（紫杉醇（特素）240MG静脉滴注，顺铂90MG腹腔灌注）。于７月３日在全麻上经腹行全子宫切除术+两侧附件切除术+大网膜部分切除术+阑尾切除术。，术后病检示：1、（左卵巢）中-低分化浆液性乳头状腺癌，同侧输卵管未见癌累及。右卵巢见癌转移，右输卵管、子宫未见癌转移。阑尾未见癌转移。大网膜见癌转移。2、子宫平滑肌瘤。于７月１３日行紫杉醇（泰素）240MG静脉滴注＋顺铂90MG灌腹，8月14日行紫杉醇（泰素）240MG+顺铂100MG静脉滴注化疗，9月19日、10月21日、11月19日、12月19日行紫杉醇（泰素）240MG+奥沙利铂200MG化疗。化疗过程中，患者有恶心、呕吐、脱发等症状，化疗结束后缓解。入院前20天，患者于我科门诊复查，门诊给予“华蟾素片”治疗，自诉用药后患者感腹痛、腹胀，尚能忍受，无腹泻、恶心、呕吐等。因腹痛持续，患者遂于今日来院。门诊以“第六次化疗后、卵巢浆液性乳头状腺癌IIIC期”收住入院。\\U0004   患者本次发病以来，食欲正常， 神志清醒，精神尚可，睡眠尚可，大便正常，小便正常，体重无明显变化。",
    "entities": [
        {
            "end_pos": 31,
            "label_type": "手术",
            "overlap": 0,
            "start_pos": 18
        },
        {
            "end_pos": 47,
            "label_type": "解剖部位",
            "overlap": 0,
            "start_pos": 44
        },
        {
            "end_pos": 52,
            "label_type": "解剖部位",
            "overlap": 0,
            "start_pos": 50
        },
        {
            "label_type": "疾病和诊断",
            "overlap": 0,
            "start_pos": 86,
            "end_pos": 90
        },
        {
            "label_type": "疾病和诊断",
            "overlap": 0,
            "start_pos": 94,
            "end_pos": 96
        },
        {
            "end_pos": 115,
            "label_type": "药物",
            "overlap": 0,
            "start_pos": 112
        },
        {
            "end_pos": 118,
            "label_type": "药物",
            "overlap": 0,
            "start_pos": 116
        },
        {
            "end_pos": 131,
            "label_type": "药物",
            "overlap": 0,
            "start_pos": 129
        },
        {
            "end_pos": 137,
            "label_type": "解剖部位",
            "overlap": 0,
            "start_pos": 135
        },
        {
            "label_type": "手术",
            "overlap": 0,
            "start_pos": 150,
            "end_pos": 182
        },
        {
            "label_type": "疾病和诊断",
            "overlap": 0,
            "start_pos": 192,
            "end_pos": 210
        },
        {
            "end_pos": 216,
            "label_type": "解剖部位",
            "overlap": 0,
            "start_pos": 213
        },
        {
            "end_pos": 225,
            "label_type": "解剖部位",
            "overlap": 0,
            "start_pos": 222
        },
        {
            "end_pos": 234,
            "label_type": "解剖部位",
            "overlap": 0,
            "start_pos": 230
        },
        {
            "end_pos": 237,
            "label_type": "解剖部位",
            "overlap": 0,
            "start_pos": 235
        },
        {
            "end_pos": 245,
            "label_type": "解剖部位",
            "overlap": 0,
            "start_pos": 243
        },
        {
            "label_type": "疾病和诊断",
            "overlap": 0,
            "start_pos": 261,
            "end_pos": 267
        },
        {
            "end_pos": 278,
            "label_type": "药物",
            "overlap": 0,
            "start_pos": 275
        },
        {
            "end_pos": 281,
            "label_type": "药物",
            "overlap": 0,
            "start_pos": 279
        },
        {
            "end_pos": 294,
            "label_type": "药物",
            "overlap": 0,
            "start_pos": 292
        },
        {
            "end_pos": 300,
            "label_type": "解剖部位",
            "overlap": 0,
            "start_pos": 299
        },
        {
            "end_pos": 310,
            "label_type": "药物",
            "overlap": 0,
            "start_pos": 307
        },
        {
            "end_pos": 313,
            "label_type": "药物",
            "overlap": 0,
            "start_pos": 311
        },
        {
            "end_pos": 322,
            "label_type": "药物",
            "overlap": 0,
            "start_pos": 320
        },
        {
            "end_pos": 364,
            "label_type": "药物",
            "overlap": 0,
            "start_pos": 361
        },
        {
            "end_pos": 367,
            "label_type": "药物",
            "overlap": 0,
            "start_pos": 365
        },
        {
            "end_pos": 378,
            "label_type": "药物",
            "overlap": 0,
            "start_pos": 374
        },
        {
            "end_pos": 441,
            "label_type": "药物",
            "overlap": 0,
            "start_pos": 437
        },
        {
            "end_pos": 454,
            "label_type": "解剖部位",
            "overlap": 0,
            "start_pos": 453
        },
        {
            "end_pos": 457,
            "label_type": "解剖部位",
            "overlap": 0,
            "start_pos": 456
        },
        {
            "end_pos": 466,
            "label_type": "解剖部位",
            "overlap": 0,
            "start_pos": 465
        },
        {
            "end_pos": 477,
            "label_type": "解剖部位",
            "overlap": 0,
            "start_pos": 476
        },
        {
            "label_type": "疾病和诊断",
            "overlap": 0,
            "start_pos": 501,
            "end_pos": 516
        }
    ]
}