{
    "originalText": "，患者2016年4月初无明显诱因出现腹部绞痛，伴恶心、呕吐，无呕血、黄疸等不适，在院外考虑“肠套叠”，遂转至**一院就诊，入院后行CT检查提示全身多发性淋巴结肿大，考虑淋巴瘤；左上腹回-回肠套叠，考虑小肠淋巴瘤；脾大，脾内多发结节，考虑淋巴瘤。完善相关检查后于2016-04-08在**一院行腹腔镜探查、左半结肠切除术，，术后病理回报：送检肠管见一息肉样肿物，病变符合套细胞淋巴瘤，，免疫组化：CYCLIND1、CD5、CD20、CD79A、BCL-2、SOX11均为（+），CD23、CD3、CD10、BCL-6均为（-），KI67(30%+)。术后恢复可。2016-04-20查PET/CT，提示：全身多发淋巴结肿大，最大者约1.4*1.0CM(右颈部V区)、4.6*3.2CM(左髂血管旁)、5.9*2.6CM(左侧腹股沟区，SUVMAX 4.2)；脾大，代谢不均匀增高，符合淋巴瘤；中轴骨、骨盆骨髓弥漫性代谢轻度增高，考虑反应性改变与淋巴瘤累及鉴别。现为进一步治疗，来我院就诊，门诊拟“套细胞淋巴瘤”收入我科。起病以来，患者未诉发热、偶有盗汗，术后近一月体重上降5KG。精神稍差，食欲、睡眠可，大小便正常。",
    "entities": [
        {
            "end_pos": 20,
            "label_type": "解剖部位",
            "overlap": 0,
            "start_pos": 18
        },
        {
            "label_type": "疾病和诊断",
            "overlap": 0,
            "start_pos": 46,
            "end_pos": 49
        },
        {
            "label_type": "影像检查",
            "overlap": 0,
            "start_pos": 65,
            "end_pos": 67
        },
        {
            "label_type": "疾病和诊断",
            "overlap": 0,
            "start_pos": 84,
            "end_pos": 87
        },
        {
            "label_type": "疾病和诊断",
            "overlap": 0,
            "start_pos": 88,
            "end_pos": 97
        },
        {
            "label_type": "疾病和诊断",
            "overlap": 0,
            "start_pos": 100,
            "end_pos": 105
        },
        {
            "end_pos": 107,
            "label_type": "解剖部位",
            "overlap": 0,
            "start_pos": 106
        },
        {
            "end_pos": 110,
            "label_type": "解剖部位",
            "overlap": 0,
            "start_pos": 109
        },
        {
            "label_type": "疾病和诊断",
            "overlap": 0,
            "start_pos": 118,
            "end_pos": 121
        },
        {
            "label_type": "手术",
            "overlap": 0,
            "start_pos": 146,
            "end_pos": 159
        },
        {
            "label_type": "解剖部位",
            "overlap": 0,
            "start_pos": 170,
            "end_pos": 171
        },
        {
            "label_type": "疾病和诊断",
            "overlap": 0,
            "start_pos": 184,
            "end_pos": 190
        },
        {
            "label_type": "影像检查",
            "overlap": 0,
            "start_pos": 291,
            "end_pos": 297
        },
        {
            "end_pos": 330,
            "label_type": "解剖部位",
            "overlap": 0,
            "start_pos": 325
        },
        {
            "end_pos": 346,
            "label_type": "解剖部位",
            "overlap": 0,
            "start_pos": 342
        },
        {
            "end_pos": 365,
            "label_type": "解剖部位",
            "overlap": 0,
            "start_pos": 359
        },
        {
            "end_pos": 379,
            "label_type": "解剖部位",
            "overlap": 0,
            "start_pos": 378
        },
        {
            "label_type": "疾病和诊断",
            "overlap": 0,
            "start_pos": 391,
            "end_pos": 394
        },
        {
            "end_pos": 398,
            "label_type": "解剖部位",
            "overlap": 0,
            "start_pos": 395
        },
        {
            "end_pos": 401,
            "label_type": "解剖部位",
            "overlap": 0,
            "start_pos": 399
        },
        {
            "label_type": "疾病和诊断",
            "overlap": 0,
            "start_pos": 421,
            "end_pos": 424
        },
        {
            "label_type": "疾病和诊断",
            "overlap": 0,
            "start_pos": 447,
            "end_pos": 453
        }
    ]
}