{
    "originalText": "，患者2015.11.27因“卵巢癌”于我院全麻上行经腹子宫+两侧附件切除+大网膜切除+部分肠壁转移病灶切除术。，术中探查见：盆腹腔可见淡黄色腹水，量约500ML，子宫前位，萎缩，前壁可见菜花样结节，右侧卵巢约3*2CM大小，表面不规则菜花状突起，质脆，左侧卵巢约2*2CM大小，形态似右侧卵巢，大网膜挛缩呈厚饼状，质硬，与肠管形成致密粘连，结肠、升结肠、横结肠、直肠前前壁肿物与肠管致密粘连，直肠前壁、结肠肝区及肝上极均可见不规则菜花样突起，腹盆壁、小肠表面可见大量结节样突起，质脆，易脱落。，术中切除右侧附件送快速病理回示：（右附件）图像符合高级别浆液性乳头状癌。，术后常规病理示：（两附件区）卵巢高级别浆液性乳头状癌，两侧输卵管查见癌，肿瘤自子宫浆膜面侵达宫壁肌层，送检（肠壁转移灶）和大网膜组织均查见癌；右、左宫宫旁组织未查见癌。（子宫）萎缩状态子宫内膜。慢性宫颈炎。，免疫组化：ER（80%+），PR（-），WT-1（+），P53（+）。术后恢复可，根据术后病理，于2015.12.06、2015.12.30、2016.01.21、2016.2.14、2016.3.10给予顺铂120MG+多帕菲120MG方案化疗5疗程，现患者欲行第6次化疗来院就诊，门诊以“卵巢癌术后化疗”收入院，患者者饮食睡眠正常，大小便无异常，体重无明显增减。",
    "entities": [
        {
            "label_type": "疾病和诊断",
            "overlap": 0,
            "start_pos": 15,
            "end_pos": 18
        },
        {
            "label_type": "手术",
            "overlap": 0,
            "start_pos": 26,
            "end_pos": 55
        },
        {
            "end_pos": 66,
            "label_type": "解剖部位",
            "overlap": 0,
            "start_pos": 63
        },
        {
            "end_pos": 72,
            "label_type": "解剖部位",
            "overlap": 0,
            "start_pos": 71
        },
        {
            "end_pos": 84,
            "label_type": "解剖部位",
            "overlap": 0,
            "start_pos": 82
        },
        {
            "end_pos": 104,
            "label_type": "解剖部位",
            "overlap": 0,
            "start_pos": 100
        },
        {
            "end_pos": 131,
            "label_type": "解剖部位",
            "overlap": 0,
            "start_pos": 127
        },
        {
            "end_pos": 147,
            "label_type": "解剖部位",
            "overlap": 0,
            "start_pos": 143
        },
        {
            "label_type": "解剖部位",
            "overlap": 0,
            "start_pos": 162,
            "end_pos": 163
        },
        {
            "end_pos": 173,
            "label_type": "解剖部位",
            "overlap": 0,
            "start_pos": 171
        },
        {
            "end_pos": 177,
            "label_type": "解剖部位",
            "overlap": 0,
            "start_pos": 174
        },
        {
            "end_pos": 181,
            "label_type": "解剖部位",
            "overlap": 0,
            "start_pos": 178
        },
        {
            "end_pos": 187,
            "label_type": "解剖部位",
            "overlap": 0,
            "start_pos": 182
        },
        {
            "label_type": "解剖部位",
            "overlap": 0,
            "start_pos": 190,
            "end_pos": 191
        },
        {
            "end_pos": 201,
            "label_type": "解剖部位",
            "overlap": 0,
            "start_pos": 197
        },
        {
            "end_pos": 206,
            "label_type": "解剖部位",
            "overlap": 0,
            "start_pos": 202
        },
        {
            "end_pos": 210,
            "label_type": "解剖部位",
            "overlap": 0,
            "start_pos": 207
        },
        {
            "end_pos": 225,
            "label_type": "解剖部位",
            "overlap": 0,
            "start_pos": 222
        },
        {
            "end_pos": 228,
            "label_type": "解剖部位",
            "overlap": 0,
            "start_pos": 226
        },
        {
            "end_pos": 256,
            "label_type": "解剖部位",
            "overlap": 0,
            "start_pos": 252
        },
        {
            "end_pos": 268,
            "label_type": "解剖部位",
            "overlap": 0,
            "start_pos": 265
        },
        {
            "label_type": "疾病和诊断",
            "overlap": 0,
            "start_pos": 273,
            "end_pos": 283
        },
        {
            "label_type": "疾病和诊断",
            "overlap": 0,
            "start_pos": 293,
            "end_pos": 311
        },
        {
            "end_pos": 317,
            "label_type": "解剖部位",
            "overlap": 0,
            "start_pos": 312
        },
        {
            "end_pos": 328,
            "label_type": "解剖部位",
            "overlap": 0,
            "start_pos": 324
        },
        {
            "end_pos": 335,
            "label_type": "解剖部位",
            "overlap": 0,
            "start_pos": 331
        },
        {
            "label_type": "解剖部位",
            "overlap": 0,
            "start_pos": 339,
            "end_pos": 340
        },
        {
            "end_pos": 364,
            "label_type": "解剖部位",
            "overlap": 0,
            "start_pos": 356
        },
        {
            "end_pos": 372,
            "label_type": "解剖部位",
            "overlap": 0,
            "start_pos": 370
        },
        {
            "end_pos": 381,
            "label_type": "解剖部位",
            "overlap": 0,
            "start_pos": 377
        },
        {
            "label_type": "疾病和诊断",
            "overlap": 0,
            "start_pos": 382,
            "end_pos": 387
        },
        {
            "end_pos": 494,
            "label_type": "药物",
            "overlap": 0,
            "start_pos": 492
        },
        {
            "end_pos": 503,
            "label_type": "药物",
            "overlap": 0,
            "start_pos": 500
        },
        {
            "label_type": "疾病和诊断",
            "overlap": 0,
            "start_pos": 535,
            "end_pos": 540
        }
    ]
}