{
    "originalText": "患者入院3-月前，因直肠癌于2015-11-17行腹腔镜上直肠癌根治术，术后病检：（直肠）印戒细胞癌，侵及肠周脂肪组织，两侧切缘未见癌累及，肠周围脂肪组织中淋巴结见癌转移（9/13）。术后恢复良好，好转后出院。院外未诉特殊不适，无畏寒、发热、腹痛、腹泻、腹胀、恶心、呕吐等不适。于2015-12-19遵医嘱行第一次化疗，方案为FOLFOX4（奥沙利铂+5-氟尿嘧啶），化疗期间无化疗副反应，复查血常规未见明显异常后出院。院外无特殊不适，无腹痛、腹胀、腹泻、恶心、呕吐等不适。今为行第二次化疗就诊我院，门诊以“直肠癌术后，拟行第二次化疗”收入我科住院治疗。。",
    "entities": [
        {
            "label_type": "疾病和诊断",
            "overlap": 0,
            "start_pos": 10,
            "end_pos": 13
        },
        {
            "end_pos": 35,
            "label_type": "手术",
            "overlap": 0,
            "start_pos": 25
        },
        {
            "label_type": "疾病和诊断",
            "overlap": 0,
            "start_pos": 41,
            "end_pos": 50
        },
        {
            "label_type": "解剖部位",
            "overlap": 0,
            "start_pos": 53,
            "end_pos": 54
        },
        {
            "end_pos": 71,
            "label_type": "解剖部位",
            "overlap": 0,
            "start_pos": 70
        },
        {
            "end_pos": 122,
            "label_type": "解剖部位",
            "overlap": 0,
            "start_pos": 121
        },
        {
            "end_pos": 125,
            "label_type": "解剖部位",
            "overlap": 0,
            "start_pos": 124
        },
        {
            "end_pos": 128,
            "label_type": "解剖部位",
            "overlap": 0,
            "start_pos": 127
        },
        {
            "end_pos": 175,
            "label_type": "药物",
            "overlap": 0,
            "start_pos": 171
        },
        {
            "end_pos": 182,
            "label_type": "药物",
            "overlap": 0,
            "start_pos": 178
        },
        {
            "end_pos": 220,
            "label_type": "解剖部位",
            "overlap": 0,
            "start_pos": 219
        },
        {
            "end_pos": 223,
            "label_type": "解剖部位",
            "overlap": 0,
            "start_pos": 222
        },
        {
            "end_pos": 226,
            "label_type": "解剖部位",
            "overlap": 0,
            "start_pos": 225
        },
        {
            "label_type": "疾病和诊断",
            "overlap": 0,
            "start_pos": 254,
            "end_pos": 259
        }
    ]
}